project,versionId,versionIndex,versionDate,AbstractnessMetric,ChangeHasOccurred,ComponentType,FanIn,FanOut,InstabilityMetric,IsNested,LinesOfCode,NumberOfChildren,PageRank,TotalAmountOfChanges,constructType,filePathReal,filePathRelative,name,simpleName,vertexId,vertexLabel
tika,697d7c047daf1f661a4ed067bbc8f9c58bb6faa2,1,2026-01-07T07:46:39.000,0.0,false,PACKAGE,0,4,1.0,false,0,1,8.684221256323139E-4,0,PACKAGE,.,.,org.apache.tika.async,async,0,container
tika,697d7c047daf1f661a4ed067bbc8f9c58bb6faa2,1,2026-01-07T07:46:39.000,0.0,false,PACKAGE,1,18,0.9615384615384616,false,490,7,9.214104896498397E-4,0,PACKAGE,.,.,org.apache.tika.async.cli,cli,6,container
tika,697d7c047daf1f661a4ed067bbc8f9c58bb6faa2,1,2026-01-07T07:46:39.000,0.0,false,PACKAGE,0,8,1.0,false,173,4,8.684221256323139E-4,0,PACKAGE,.,.,org.apache.tika.parser.audio,audio,15,container
tika,697d7c047daf1f661a4ed067bbc8f9c58bb6faa2,1,2026-01-07T07:46:39.000,0.0,false,PACKAGE,8,2,0.17647058823529413,false,272,3,0.001493652605168711,0,PACKAGE,.,.,org.apache.tika.client,client,16413,container
tika,697d7c047daf1f661a4ed067bbc8f9c58bb6faa2,1,2026-01-07T07:46:39.000,0.0,false,PACKAGE,1,1,0.3333333333333333,false,59,2,0.0010156162771962835,0,PACKAGE,.,.,org.apache.tika.parser.geo.topic.gazetteer,gazetteer,28703,container
tika,697d7c047daf1f661a4ed067bbc8f9c58bb6faa2,1,2026-01-07T07:46:39.000,0.0,false,PACKAGE,0,11,1.0,false,226,4,8.684221256323139E-4,0,PACKAGE,.,.,org.apache.tika.parser.microsoft.libpst,libpst,8231,container
tika,697d7c047daf1f661a4ed067bbc8f9c58bb6faa2,1,2026-01-07T07:46:39.000,0.0,false,PACKAGE,1,3,0.8571428571428571,false,148,1,9.42237999279731E-4,0,PACKAGE,.,.,org.apache.tika.parser.mp4.boxes,boxes,20525,container
tika,697d7c047daf1f661a4ed067bbc8f9c58bb6faa2,1,2026-01-07T07:46:39.000,0.0,false,PACKAGE,0,1,1.0,false,13,1,8.684221256323139E-4,0,PACKAGE,.,.,org.apache.tika.pipes.fetcher.fs.config,config,12343,container
tika,697d7c047daf1f661a4ed067bbc8f9c58bb6faa2,1,2026-01-07T07:46:39.000,0.10526315789473684,false,PACKAGE,1,14,0.972972972972973,false,1143,19,8.947849376492485E-4,0,PACKAGE,.,.,org.apache.tika.parser.pkg,pkg,16447,container
tika,697d7c047daf1f661a4ed067bbc8f9c58bb6faa2,1,2026-01-07T07:46:39.000,0.0,false,PACKAGE,1,10,0.875,false,194,4,9.140551572416574E-4,0,PACKAGE,.,.,org.apache.tika.pipes.iterator.fs,fs,28736,container
tika,697d7c047daf1f661a4ed067bbc8f9c58bb6faa2,1,2026-01-07T07:46:39.000,0.0,false,PACKAGE,0,8,1.0,false,156,2,8.684221256323139E-4,0,PACKAGE,.,.,org.apache.tika.parser.prt,prt,20547,container
tika,697d7c047daf1f661a4ed067bbc8f9c58bb6faa2,1,2026-01-07T07:46:39.000,0.0,false,PACKAGE,1,9,0.8571428571428571,false,491,4,9.889959380460587E-4,0,PACKAGE,.,.,org.apache.tika.parser.microsoft.ooxml.xps,xps,12367,container
tika,697d7c047daf1f661a4ed067bbc8f9c58bb6faa2,1,2026-01-07T07:46:39.000,0.0,false,PACKAGE,0,6,1.0,false,498,4,8.684221256323139E-4,0,PACKAGE,.,.,org.apache.tika.pipes.emitter.jdbc,jdbc,20593,container
tika,697d7c047daf1f661a4ed067bbc8f9c58bb6faa2,1,2026-01-07T07:46:39.000,0.0,false,PACKAGE,0,5,1.0,false,33,2,8.684221256323139E-4,0,PACKAGE,.,.,org.apache.tika.ossfuzz,ossfuzz,8327,container
tika,697d7c047daf1f661a4ed067bbc8f9c58bb6faa2,1,2026-01-07T07:46:39.000,0.1,false,PACKAGE,1,6,0.7777777777777778,false,889,20,8.957613380943202E-4,0,PACKAGE,.,.,org.apache.tika.language.translate.impl,impl,12440,container
tika,697d7c047daf1f661a4ed067bbc8f9c58bb6faa2,1,2026-01-07T07:46:39.000,0.0,false,PACKAGE,0,7,1.0,false,87,2,8.684221256323139E-4,0,PACKAGE,.,.,org.apache.tika.parser.netcdf,netcdf,161,container
tika,697d7c047daf1f661a4ed067bbc8f9c58bb6faa2,1,2026-01-07T07:46:39.000,0.0,false,PACKAGE,2,2,0.7777777777777778,false,139,4,0.0010690422369446738,0,PACKAGE,.,.,org.apache.tika.parser.digestutils,digestutils,8363,container
tika,697d7c047daf1f661a4ed067bbc8f9c58bb6faa2,1,2026-01-07T07:46:39.000,0.0,false,PACKAGE,0,9,1.0,false,305,5,8.684221256323139E-4,0,PACKAGE,.,.,org.apache.tika.pipes.fetcher.atlassianjwt,atlassianjwt,20672,container
tika,697d7c047daf1f661a4ed067bbc8f9c58bb6faa2,1,2026-01-07T07:46:39.000,0.0,false,PACKAGE,0,14,1.0,false,464,5,8.684221256323139E-4,0,PACKAGE,.,.,org.apache.tika.pipes.fetcher.http,http,20688,container
tika,697d7c047daf1f661a4ed067bbc8f9c58bb6faa2,1,2026-01-07T07:46:39.000,0.3125,false,PACKAGE,5,11,0.7777777777777778,false,2113,16,0.003907079097880041,0,PACKAGE,.,.,org.apache.tika.parser.txt,txt,20697,container
tika,697d7c047daf1f661a4ed067bbc8f9c58bb6faa2,1,2026-01-07T07:46:39.000,0.0,false,PACKAGE,6,10,0.5925925925925926,false,317,4,0.0011912347320589042,0,PACKAGE,.,.,org.apache.tika.pipes.core.fetcher,fetcher,219,container
tika,697d7c047daf1f661a4ed067bbc8f9c58bb6faa2,1,2026-01-07T07:46:39.000,0.16666666666666666,false,PACKAGE,1,5,0.9375,false,281,6,0.0012103220988467912,0,PACKAGE,.,.,org.apache.tika.parser.microsoft.onenote.fsshttpb.streamobj.chunking,chunking,4354,container
tika,697d7c047daf1f661a4ed067bbc8f9c58bb6faa2,1,2026-01-07T07:46:39.000,0.0,false,PACKAGE,3,3,0.5714285714285714,false,115,5,0.001813621264922742,0,PACKAGE,.,.,org.apache.tika.parser.microsoft.onenote.fsshttpb.streamobj.space,space,4362,container
tika,697d7c047daf1f661a4ed067bbc8f9c58bb6faa2,1,2026-01-07T07:46:39.000,0.05263157894736842,false,PACKAGE,7,6,0.3225806451612903,false,561,19,0.0032019562350957074,0,PACKAGE,.,.,org.apache.tika.parser.microsoft.onenote.fsshttpb.streamobj.basic,basic,4370,container
tika,697d7c047daf1f661a4ed067bbc8f9c58bb6faa2,1,2026-01-07T07:46:39.000,0.0,false,PACKAGE,0,9,1.0,false,187,4,8.684221256323139E-4,0,PACKAGE,.,.,org.apache.tika.pipes.fetcher.s3,s3,4379,container
tika,697d7c047daf1f661a4ed067bbc8f9c58bb6faa2,1,2026-01-07T07:46:39.000,0.0,false,PACKAGE,0,1,1.0,false,0,1,8.684221256323139E-4,0,PACKAGE,.,.,org.apache.tika.parser.geo,geo,8476,container
tika,697d7c047daf1f661a4ed067bbc8f9c58bb6faa2,1,2026-01-07T07:46:39.000,0.0,false,PACKAGE,1,10,0.9333333333333333,false,236,6,0.0017316959069516979,0,PACKAGE,.,.,org.apache.tika.parser.geo.topic,topic,8482,container
tika,697d7c047daf1f661a4ed067bbc8f9c58bb6faa2,1,2026-01-07T07:46:39.000,0.0,false,PACKAGE,1,22,0.9827586206896551,false,885,7,9.789081157935819E-4,0,PACKAGE,.,.,org.apache.tika.pipes.core.server,server,8491,container
tika,697d7c047daf1f661a4ed067bbc8f9c58bb6faa2,1,2026-01-07T07:46:39.000,0.0,false,PACKAGE,1,1,0.5,false,65,1,9.504397630183328E-4,0,PACKAGE,.,.,org.apache.tika.pipes.fetcher.s3.config,config,4473,container
tika,697d7c047daf1f661a4ed067bbc8f9c58bb6faa2,1,2026-01-07T07:46:39.000,0.0,false,PACKAGE,0,0,0.0,false,16,1,8.684221256323139E-4,0,PACKAGE,.,.,org.apache.tika.pipes.plugin.solr,solr,379,container
tika,697d7c047daf1f661a4ed067bbc8f9c58bb6faa2,1,2026-01-07T07:46:39.000,0.0,false,PACKAGE,0,7,1.0,false,38,2,8.684221256323139E-4,0,PACKAGE,.,.,org.apache.custom.parser,parser,29057,container
tika,697d7c047daf1f661a4ed067bbc8f9c58bb6faa2,1,2026-01-07T07:46:39.000,0.0,false,PACKAGE,7,0,1.0,false,0,2,0.008329841496296416,0,PACKAGE,.,.,org.apache.tika.language,language,4482,container
tika,697d7c047daf1f661a4ed067bbc8f9c58bb6faa2,1,2026-01-07T07:46:39.000,0.3333333333333333,false,PACKAGE,7,4,0.3333333333333333,false,41,4,0.009677133227850009,0,PACKAGE,.,.,org.apache.tika.language.translate,translate,4488,container
tika,697d7c047daf1f661a4ed067bbc8f9c58bb6faa2,1,2026-01-07T07:46:39.000,0.45,false,PACKAGE,45,10,0.2773109243697479,false,470,21,0.012583657552671131,0,PACKAGE,/data/tika/tika-core/src/main/java/org/apache/tika/extractor/package-info.java,tika-core/src/main/java/org/apache/tika/extractor/package-info.java,org.apache.tika.extractor,extractor,395,container
tika,697d7c047daf1f661a4ed067bbc8f9c58bb6faa2,1,2026-01-07T07:46:39.000,0.14285714285714285,false,PACKAGE,16,3,0.08108108108108109,false,117,7,0.004796904610632053,0,PACKAGE,.,.,org.apache.tika.language.detect,detect,4496,container
tika,697d7c047daf1f661a4ed067bbc8f9c58bb6faa2,1,2026-01-07T07:46:39.000,0.25,false,PACKAGE,2,7,0.8823529411764706,false,283,4,0.0032890560675564286,0,PACKAGE,.,.,org.apache.tika.parser.multiple,multiple,4505,container
tika,697d7c047daf1f661a4ed067bbc8f9c58bb6faa2,1,2026-01-07T07:46:39.000,0.0,false,PACKAGE,0,12,1.0,false,329,7,8.684221256323139E-4,0,PACKAGE,.,.,org.apache.tika.parser.strings,strings,16811,container
tika,697d7c047daf1f661a4ed067bbc8f9c58bb6faa2,1,2026-01-07T07:46:39.000,0.2222222222222222,false,PACKAGE,6,7,0.4230769230769231,false,142,10,0.005398037660408377,0,PACKAGE,.,.,org.apache.tika.renderer,renderer,12716,container
tika,697d7c047daf1f661a4ed067bbc8f9c58bb6faa2,1,2026-01-07T07:46:39.000,0.10810810810810811,false,PACKAGE,41,14,0.3017241379310345,false,1691,45,0.02181302919961942,0,PACKAGE,/data/tika/tika-core/src/main/java/org/apache/tika/detect/package-info.java,tika-core/src/main/java/org/apache/tika/detect/package-info.java,org.apache.tika.detect,detect,12804,container
tika,697d7c047daf1f661a4ed067bbc8f9c58bb6faa2,1,2026-01-07T07:46:39.000,0.0,false,PACKAGE,0,8,1.0,false,96,4,8.684221256323139E-4,0,PACKAGE,.,.,org.apache.tika.pipes.fetcher.gcs,gcs,4626,container
tika,697d7c047daf1f661a4ed067bbc8f9c58bb6faa2,1,2026-01-07T07:46:39.000,0.3333333333333333,false,PACKAGE,6,11,0.5909090909090909,false,142,9,0.00440463164677316,0,PACKAGE,.,.,org.apache.tika.parser.ner,ner,21030,container
tika,697d7c047daf1f661a4ed067bbc8f9c58bb6faa2,1,2026-01-07T07:46:39.000,0.0,false,PACKAGE,1,4,0.8,false,30,1,8.947849376492485E-4,0,PACKAGE,.,.,org.apache.tika.server.standard.writer,writer,16941,container
tika,697d7c047daf1f661a4ed067bbc8f9c58bb6faa2,1,2026-01-07T07:46:39.000,0.0,false,PACKAGE,1,1,0.5,false,21,1,9.606919676915852E-4,0,PACKAGE,.,.,org.apache.tika.pipes.fetcher.gcs.config,config,4692,container
tika,697d7c047daf1f661a4ed067bbc8f9c58bb6faa2,1,2026-01-07T07:46:39.000,0.0,false,PACKAGE,0,7,1.0,false,97,3,8.684221256323139E-4,0,PACKAGE,.,.,org.apache.tika.pipes.fetcher.googledrive,googledrive,4701,container
tika,697d7c047daf1f661a4ed067bbc8f9c58bb6faa2,1,2026-01-07T07:46:39.000,0.0,false,PACKAGE,0,6,1.0,false,75,2,8.684221256323139E-4,0,PACKAGE,.,.,org.apache.tika.parser.ner.nltk,nltk,21098,container
tika,697d7c047daf1f661a4ed067bbc8f9c58bb6faa2,1,2026-01-07T07:46:39.000,0.0,false,PACKAGE,0,1,1.0,false,77,1,8.684221256323139E-4,0,PACKAGE,.,.,org.apache.tika.parser.ner.corenlp,corenlp,21106,container
tika,697d7c047daf1f661a4ed067bbc8f9c58bb6faa2,1,2026-01-07T07:46:39.000,0.0,false,PACKAGE,0,9,1.0,false,66,2,8.684221256323139E-4,0,PACKAGE,.,.,org.apache.tika.parser.http,http,8819,container
tika,697d7c047daf1f661a4ed067bbc8f9c58bb6faa2,1,2026-01-07T07:46:39.000,0.0,false,PACKAGE,1,6,0.7777777777777778,false,76,2,0.001208780047279058,0,PACKAGE,.,.,org.apache.tika.parser.ner.regex,regex,21114,container
tika,697d7c047daf1f661a4ed067bbc8f9c58bb6faa2,1,2026-01-07T07:46:39.000,0.0,false,PACKAGE,0,9,1.0,false,146,3,8.684221256323139E-4,0,PACKAGE,.,.,org.apache.tika.parser.dif,dif,17022,container
tika,697d7c047daf1f661a4ed067bbc8f9c58bb6faa2,1,2026-01-07T07:46:39.000,0.2222222222222222,false,PACKAGE,1,8,0.8947368421052632,false,362,9,0.0010573859969215146,0,PACKAGE,.,.,org.apache.tika.xmp.convert,convert,4751,container
tika,697d7c047daf1f661a4ed067bbc8f9c58bb6faa2,1,2026-01-07T07:46:39.000,0.5,false,PACKAGE,0,6,1.0,false,150,2,8.684221256323139E-4,0,PACKAGE,.,.,org.apache.tika.embedder,embedder,21136,container
tika,697d7c047daf1f661a4ed067bbc8f9c58bb6faa2,1,2026-01-07T07:46:39.000,0.0,false,PACKAGE,0,3,1.0,false,576,8,8.684221256323139E-4,0,PACKAGE,.,.,org.apache.tika.eval.app.tools,tools,8861,container
tika,697d7c047daf1f661a4ed067bbc8f9c58bb6faa2,1,2026-01-07T07:46:39.000,0.0,false,PACKAGE,0,27,1.0,false,1534,47,8.684221256323139E-4,0,PACKAGE,.,.,org.apache.tika.example,example,17081,container
tika,697d7c047daf1f661a4ed067bbc8f9c58bb6faa2,1,2026-01-07T07:46:39.000,0.0,false,PACKAGE,1,9,0.8666666666666667,false,289,7,9.299353536718282E-4,0,PACKAGE,.,.,org.apache.tika.pipes.emitter.opensearch,opensearch,21241,container
tika,697d7c047daf1f661a4ed067bbc8f9c58bb6faa2,1,2026-01-07T07:46:39.000,0.0,false,PACKAGE,0,6,1.0,false,230,6,8.684221256323139E-4,0,PACKAGE,.,.,org.apache.tika.parser.ctakes,ctakes,25337,container
tika,697d7c047daf1f661a4ed067bbc8f9c58bb6faa2,1,2026-01-07T07:46:39.000,0.0,false,PACKAGE,1,8,0.9230769230769231,false,210,4,0.001016053872927148,0,PACKAGE,.,.,org.apache.tika.pipes.emitter.solr,solr,21249,container
tika,697d7c047daf1f661a4ed067bbc8f9c58bb6faa2,1,2026-01-07T07:46:39.000,0.10869565217391304,false,PACKAGE,11,21,0.6753246753246753,false,4133,55,0.0025102239320824882,0,PACKAGE,.,.,org.apache.tika.parser.microsoft,microsoft,25345,container
tika,697d7c047daf1f661a4ed067bbc8f9c58bb6faa2,1,2026-01-07T07:46:39.000,0.0,false,PACKAGE,0,10,1.0,false,54,2,8.684221256323139E-4,0,PACKAGE,.,.,org.apache.tika.parser.microsoft.activemime,activemime,8970,container
tika,697d7c047daf1f661a4ed067bbc8f9c58bb6faa2,1,2026-01-07T07:46:39.000,0.0,false,PACKAGE,0,5,1.0,false,114,3,8.684221256323139E-4,0,PACKAGE,.,.,org.apache.tika.pipes.emitter.kafka,kafka,21265,container
tika,697d7c047daf1f661a4ed067bbc8f9c58bb6faa2,1,2026-01-07T07:46:39.000,0.0,false,PACKAGE,0,8,1.0,false,144,4,8.684221256323139E-4,0,PACKAGE,.,.,org.apache.tika.pipes.emitter.azblob,azblob,21273,container
tika,697d7c047daf1f661a4ed067bbc8f9c58bb6faa2,1,2026-01-07T07:46:39.000,0.0,false,PACKAGE,1,8,0.9166666666666666,false,167,3,9.504397630183328E-4,0,PACKAGE,.,.,org.apache.tika.pipes.emitter.s3,s3,21281,container
tika,697d7c047daf1f661a4ed067bbc8f9c58bb6faa2,1,2026-01-07T07:46:39.000,0.0,false,PACKAGE,0,9,1.0,false,187,4,8.684221256323139E-4,0,PACKAGE,.,.,org.apache.tika.parser.mif,mif,25377,container
tika,697d7c047daf1f661a4ed067bbc8f9c58bb6faa2,1,2026-01-07T07:46:39.000,0.0,false,PACKAGE,1,12,0.975,false,1078,11,9.80769379101623E-4,0,PACKAGE,.,.,org.apache.tika.parser.odf,odf,25385,container
tika,697d7c047daf1f661a4ed067bbc8f9c58bb6faa2,1,2026-01-07T07:46:39.000,0.0,false,PACKAGE,1,1,0.3333333333333333,false,47,5,9.329758819943103E-4,0,PACKAGE,.,.,org.apache.tika.parser.pdf.xmpschemas,xmpschemas,21290,container
tika,697d7c047daf1f661a4ed067bbc8f9c58bb6faa2,1,2026-01-07T07:46:39.000,0.0,false,PACKAGE,0,8,1.0,false,126,2,8.684221256323139E-4,0,PACKAGE,.,.,org.apache.tika.parser.video,video,25421,container
tika,697d7c047daf1f661a4ed067bbc8f9c58bb6faa2,1,2026-01-07T07:46:39.000,0.0,false,PACKAGE,0,10,1.0,false,401,7,8.684221256323139E-4,0,PACKAGE,.,.,org.apache.tika.parser.dbf,dbf,25429,container
tika,697d7c047daf1f661a4ed067bbc8f9c58bb6faa2,1,2026-01-07T07:46:39.000,0.0,false,PACKAGE,0,3,1.0,false,111,1,8.684221256323139E-4,0,PACKAGE,.,.,org.apache.tika.woodstox,woodstox,4956,container
tika,697d7c047daf1f661a4ed067bbc8f9c58bb6faa2,1,2026-01-07T07:46:39.000,0.4,false,PACKAGE,3,8,0.85,false,443,5,0.017843392228262794,0,PACKAGE,.,.,org.apache.tika.metadata.writefilter,writefilter,21343,container
tika,697d7c047daf1f661a4ed067bbc8f9c58bb6faa2,1,2026-01-07T07:46:39.000,0.0,false,PACKAGE,0,5,1.0,false,71,2,8.684221256323139E-4,0,PACKAGE,.,.,org.apache.tika.extractor.microsoft,microsoft,880,container
tika,697d7c047daf1f661a4ed067bbc8f9c58bb6faa2,1,2026-01-07T07:46:39.000,0.16666666666666666,false,PACKAGE,1,3,0.8571428571428571,false,382,6,9.140551572416574E-4,0,PACKAGE,.,.,org.apache.tika.eval.app.reports,reports,4983,container
tika,697d7c047daf1f661a4ed067bbc8f9c58bb6faa2,1,2026-01-07T07:46:39.000,0.11764705882352941,false,PACKAGE,8,9,0.5833333333333334,false,702,17,0.005693098585610558,0,PACKAGE,.,.,org.apache.tika.detect.zip,zip,889,container
tika,697d7c047daf1f661a4ed067bbc8f9c58bb6faa2,1,2026-01-07T07:46:39.000,0.0,false,PACKAGE,3,2,0.625,false,580,4,0.0010893407044175033,0,PACKAGE,.,.,org.apache.tika.parser.mailcommons,mailcommons,25489,container
tika,697d7c047daf1f661a4ed067bbc8f9c58bb6faa2,1,2026-01-07T07:46:39.000,0.0,false,PACKAGE,0,0,1.0,false,0,0,8.684221256323139E-4,0,PACKAGE,.,.,com.google.protobuf,protobuf,9109,container
tika,697d7c047daf1f661a4ed067bbc8f9c58bb6faa2,1,2026-01-07T07:46:39.000,0.0,false,PACKAGE,0,9,1.0,false,282,2,8.684221256323139E-4,0,PACKAGE,.,.,org.apache.tika.parser.geoinfo,geoinfo,25497,container
tika,697d7c047daf1f661a4ed067bbc8f9c58bb6faa2,1,2026-01-07T07:46:39.000,0.0,false,PACKAGE,1,11,0.9523809523809523,false,378,2,9.214104896498397E-4,0,PACKAGE,.,.,org.apache.tika.gui,gui,9116,container
tika,697d7c047daf1f661a4ed067bbc8f9c58bb6faa2,1,2026-01-07T07:46:39.000,0.0,false,PACKAGE,0,10,1.0,false,367,4,8.684221256323139E-4,0,PACKAGE,.,.,org.apache.tika.parser.mp4,mp4,25513,container
tika,697d7c047daf1f661a4ed067bbc8f9c58bb6faa2,1,2026-01-07T07:46:39.000,0.0,false,PACKAGE,1,2,0.75,false,282,3,9.700261874662115E-4,0,PACKAGE,.,.,org.apache.tika.parser.microsoft.msg,msg,21440,container
tika,697d7c047daf1f661a4ed067bbc8f9c58bb6faa2,1,2026-01-07T07:46:39.000,0.75,false,PACKAGE,33,4,0.109375,false,69,8,0.005542727431376627,0,PACKAGE,.,.,org.apache.tika.pipes.api.emitter,emitter,9187,container
tika,697d7c047daf1f661a4ed067bbc8f9c58bb6faa2,1,2026-01-07T07:46:39.000,0.75,false,PACKAGE,21,2,0.08571428571428572,false,26,4,0.0031758948185027563,0,PACKAGE,.,.,org.apache.tika.pipes.api.pipesiterator,pipesiterator,9195,container
tika,697d7c047daf1f661a4ed067bbc8f9c58bb6faa2,1,2026-01-07T07:46:39.000,1.0,false,PACKAGE,6,3,0.29411764705882354,false,13,2,0.001549224913663363,0,PACKAGE,.,.,org.apache.tika.pipes.api.reporter,reporter,9203,container
tika,697d7c047daf1f661a4ed067bbc8f9c58bb6faa2,1,2026-01-07T07:46:39.000,0.0,false,PACKAGE,0,0,1.0,false,0,1,8.684221256323139E-4,0,PACKAGE,.,.,org.apache.ignite.cache,cache,9216,container
tika,697d7c047daf1f661a4ed067bbc8f9c58bb6faa2,1,2026-01-07T07:46:39.000,0.0,false,PACKAGE,0,0,1.0,false,0,0,8.684221256323139E-4,0,PACKAGE,.,.,org.apache.ignite.cache.query,query,9222,container
tika,697d7c047daf1f661a4ed067bbc8f9c58bb6faa2,1,2026-01-07T07:46:39.000,0.0,false,PACKAGE,0,0,0.0,false,16,1,8.684221256323139E-4,0,PACKAGE,.,.,org.apache.tika.pipes.plugin.fs,fs,29702,container
tika,697d7c047daf1f661a4ed067bbc8f9c58bb6faa2,1,2026-01-07T07:46:39.000,0.0,false,PACKAGE,1,10,0.9473684210526315,false,626,7,9.223999830353243E-4,0,PACKAGE,.,.,org.apache.tika.parser.csv,csv,9231,container
tika,697d7c047daf1f661a4ed067bbc8f9c58bb6faa2,1,2026-01-07T07:46:39.000,0.0,false,PACKAGE,0,0,0.0,false,16,1,8.684221256323139E-4,0,PACKAGE,.,.,org.apache.tika.pipes.plugin.microsoftgraph,microsoftgraph,25617,container
tika,697d7c047daf1f661a4ed067bbc8f9c58bb6faa2,1,2026-01-07T07:46:39.000,0.0,false,PACKAGE,0,10,1.0,false,183,3,8.684221256323139E-4,0,PACKAGE,.,.,org.apache.tika.detect.siegfried,siegfried,13413,container
tika,697d7c047daf1f661a4ed067bbc8f9c58bb6faa2,1,2026-01-07T07:46:39.000,0.0,false,PACKAGE,0,9,1.0,false,242,3,8.684221256323139E-4,0,PACKAGE,.,.,org.apache.tika.detect.magika,magika,13421,container
tika,697d7c047daf1f661a4ed067bbc8f9c58bb6faa2,1,2026-01-07T07:46:39.000,0.0,false,PACKAGE,0,11,1.0,false,189,3,8.684221256323139E-4,0,PACKAGE,.,.,org.apache.tika.parser.external2,external2,5232,container
tika,697d7c047daf1f661a4ed067bbc8f9c58bb6faa2,1,2026-01-07T07:46:39.000,0.0,false,PACKAGE,0,6,1.0,false,54,1,8.684221256323139E-4,0,PACKAGE,.,.,org.apache.tika.detect.ole,ole,13429,container
tika,697d7c047daf1f661a4ed067bbc8f9c58bb6faa2,1,2026-01-07T07:46:39.000,0.0,false,PACKAGE,2,10,0.8571428571428571,false,131,3,0.0010974547607897635,0,PACKAGE,.,.,org.apache.tika.detect.apple,apple,13437,container
tika,697d7c047daf1f661a4ed067bbc8f9c58bb6faa2,1,2026-01-07T07:46:39.000,0.0,false,PACKAGE,0,0,0.0,false,16,1,8.684221256323139E-4,0,PACKAGE,.,.,org.apache.tika.pipes.plugin.jdbc,jdbc,9348,container
tika,697d7c047daf1f661a4ed067bbc8f9c58bb6faa2,1,2026-01-07T07:46:39.000,0.0,false,PACKAGE,0,6,1.0,false,41,1,8.684221256323139E-4,0,PACKAGE,.,.,org.apache.tika.detect.gzip,gzip,13445,container
tika,697d7c047daf1f661a4ed067bbc8f9c58bb6faa2,1,2026-01-07T07:46:39.000,0.0,false,PACKAGE,2,6,0.75,false,82,1,0.0012441403285129056,0,PACKAGE,.,.,org.apache.tika.detect.ogg,ogg,13457,container
tika,697d7c047daf1f661a4ed067bbc8f9c58bb6faa2,1,2026-01-07T07:46:39.000,0.0,false,PACKAGE,0,11,1.0,false,111,4,8.684221256323139E-4,0,PACKAGE,.,.,org.apache.tika.pipes.fetcher.azblob,azblob,9364,container
tika,697d7c047daf1f661a4ed067bbc8f9c58bb6faa2,1,2026-01-07T07:46:39.000,0.0,false,PACKAGE,4,8,0.7142857142857143,false,239,3,0.003898882778798286,0,PACKAGE,.,.,org.apache.tika.detect.microsoft,microsoft,13465,container
tika,697d7c047daf1f661a4ed067bbc8f9c58bb6faa2,1,2026-01-07T07:46:39.000,0.0,false,PACKAGE,1,3,1.0,false,0,5,9.140551572416574E-4,0,PACKAGE,.,.,org.apache.tika.eval.core,core,1186,container
tika,697d7c047daf1f661a4ed067bbc8f9c58bb6faa2,1,2026-01-07T07:46:39.000,0.0,false,PACKAGE,2,5,0.7142857142857143,false,256,4,0.0015092387798432045,0,PACKAGE,.,.,org.apache.tika.langdetect.opennlp,opennlp,13474,container
tika,697d7c047daf1f661a4ed067bbc8f9c58bb6faa2,1,2026-01-07T07:46:39.000,0.0,false,PACKAGE,1,6,0.6363636363636364,false,132,4,9.140551572416574E-4,0,PACKAGE,.,.,org.apache.tika.eval.core.util,util,1192,container
tika,697d7c047daf1f661a4ed067bbc8f9c58bb6faa2,1,2026-01-07T07:46:39.000,0.0,false,PACKAGE,0,6,1.0,false,84,2,8.684221256323139E-4,0,PACKAGE,.,.,org.apache.tika.eval.core.metadata,metadata,1200,container
tika,697d7c047daf1f661a4ed067bbc8f9c58bb6faa2,1,2026-01-07T07:46:39.000,0.0,false,PACKAGE,1,10,0.9411764705882353,false,280,2,9.321400655037762E-4,0,PACKAGE,.,.,org.apache.tika.parser.gdal,gdal,21686,container
tika,697d7c047daf1f661a4ed067bbc8f9c58bb6faa2,1,2026-01-07T07:46:39.000,0.22727272727272727,false,PACKAGE,5,3,0.6,false,465,22,0.004071969090067707,0,PACKAGE,.,.,org.apache.tika.eval.core.textstats,textstats,1208,container
tika,697d7c047daf1f661a4ed067bbc8f9c58bb6faa2,1,2026-01-07T07:46:39.000,0.0,false,PACKAGE,6,1,0.04,false,781,17,0.0029575993496469824,0,PACKAGE,.,.,org.apache.tika.eval.core.tokens,tokens,1216,container
tika,697d7c047daf1f661a4ed067bbc8f9c58bb6faa2,1,2026-01-07T07:46:39.000,0.0,false,PACKAGE,0,5,1.0,false,19,1,8.684221256323139E-4,0,PACKAGE,.,.,org.apache.tika.langdetect.opennlp.metadatafilter,metadatafilter,13511,container
tika,697d7c047daf1f661a4ed067bbc8f9c58bb6faa2,1,2026-01-07T07:46:39.000,0.0,false,PACKAGE,4,4,0.4444444444444444,false,39,2,0.0023205134536682624,0,PACKAGE,.,.,org.apache.tika.eval.core.langid,langid,1224,container
tika,697d7c047daf1f661a4ed067bbc8f9c58bb6faa2,1,2026-01-07T07:46:39.000,0.0,false,PACKAGE,0,0,1.0,false,0,1,8.684221256323139E-4,0,PACKAGE,.,.,org.apache.tika.parser.scientific,scientific,13520,container
tika,697d7c047daf1f661a4ed067bbc8f9c58bb6faa2,1,2026-01-07T07:46:39.000,0.0,false,PACKAGE,3,15,0.9130434782608695,false,1001,7,0.0011244343223301015,0,PACKAGE,.,.,org.apache.tika.parser.ocr,ocr,1233,container
tika,697d7c047daf1f661a4ed067bbc8f9c58bb6faa2,1,2026-01-07T07:46:39.000,0.0,false,PACKAGE,0,1,1.0,false,114,1,8.684221256323139E-4,0,PACKAGE,.,.,org.apache.tika.parser.ner.grobid,grobid,5330,container
tika,697d7c047daf1f661a4ed067bbc8f9c58bb6faa2,1,2026-01-07T07:46:39.000,0.0,false,PACKAGE,0,5,1.0,false,41,1,8.684221256323139E-4,0,PACKAGE,.,.,org.apache.tika.parser.scientific.integration,integration,13526,container
tika,697d7c047daf1f661a4ed067bbc8f9c58bb6faa2,1,2026-01-07T07:46:39.000,0.0,false,PACKAGE,1,1,0.5,false,24,1,9.355274653117839E-4,0,PACKAGE,.,.,org.apache.tika.pipes.fetcher.azblob.config,config,9436,container
tika,697d7c047daf1f661a4ed067bbc8f9c58bb6faa2,1,2026-01-07T07:46:39.000,0.0,false,PACKAGE,0,9,1.0,false,173,5,8.684221256323139E-4,0,PACKAGE,.,.,org.apache.tika.parser.xliff,xliff,21730,container
tika,697d7c047daf1f661a4ed067bbc8f9c58bb6faa2,1,2026-01-07T07:46:39.000,0.07692307692307693,false,PACKAGE,3,23,0.6987951807228916,false,2805,41,0.0012502841587391312,0,PACKAGE,.,.,org.apache.tika.server.core,core,9445,container
tika,697d7c047daf1f661a4ed067bbc8f9c58bb6faa2,1,2026-01-07T07:46:39.000,0.0,false,PACKAGE,0,0,0.0,false,16,1,8.684221256323139E-4,0,PACKAGE,.,.,org.apache.tika.pipes.plugin.kafka,kafka,13542,container
tika,697d7c047daf1f661a4ed067bbc8f9c58bb6faa2,1,2026-01-07T07:46:39.000,0.0,false,PACKAGE,0,0,0.0,false,16,1,8.684221256323139E-4,0,PACKAGE,.,.,org.apache.tika.pipes.plugin.opensearch,opensearch,5356,container
tika,697d7c047daf1f661a4ed067bbc8f9c58bb6faa2,1,2026-01-07T07:46:39.000,0.0,false,PACKAGE,0,5,1.0,false,19,1,8.684221256323139E-4,0,PACKAGE,.,.,org.apache.tika.langdetect.optimaize.metadatafilter,metadatafilter,13558,container
tika,697d7c047daf1f661a4ed067bbc8f9c58bb6faa2,1,2026-01-07T07:46:39.000,0.0,false,PACKAGE,2,13,0.9090909090909091,false,2480,52,0.0014717212917082648,0,PACKAGE,.,.,org.apache.tika.parser.microsoft.onenote,onenote,5372,container
tika,697d7c047daf1f661a4ed067bbc8f9c58bb6faa2,1,2026-01-07T07:46:39.000,0.0,false,PACKAGE,1,1,0.5,false,34,1,0.0012187091988694607,0,PACKAGE,.,.,org.apache.tika.pipes.ignite.config,config,13582,container
tika,697d7c047daf1f661a4ed067bbc8f9c58bb6faa2,1,2026-01-07T07:46:39.000,0.0,false,PACKAGE,1,5,0.7058823529411765,false,212,5,9.889959380460587E-4,0,PACKAGE,.,.,org.apache.tika.parser.microsoft.ooxml.xwpf,xwpf,13622,container
tika,697d7c047daf1f661a4ed067bbc8f9c58bb6faa2,1,2026-01-07T07:46:39.000,0.0,false,PACKAGE,0,10,1.0,false,314,4,8.684221256323139E-4,0,PACKAGE,.,.,org.apache.tika.pipes.iterator.jdbc,jdbc,21825,container
tika,697d7c047daf1f661a4ed067bbc8f9c58bb6faa2,1,2026-01-07T07:46:39.000,0.08,false,PACKAGE,8,18,0.8636363636363636,false,3044,28,0.0025533334120574924,0,PACKAGE,.,.,org.apache.tika.parser.microsoft.ooxml,ooxml,25931,container
tika,697d7c047daf1f661a4ed067bbc8f9c58bb6faa2,1,2026-01-07T07:46:39.000,0.0,false,PACKAGE,0,7,1.0,false,84,2,8.684221256323139E-4,0,PACKAGE,.,.,org.apache.tika.parser.grib,grib,21895,container
tika,697d7c047daf1f661a4ed067bbc8f9c58bb6faa2,1,2026-01-07T07:46:39.000,0.06666666666666667,false,PACKAGE,1,21,0.9807692307692307,false,1855,19,0.0011274043967471124,0,PACKAGE,.,.,org.apache.tika.eval.app,app,13708,container
tika,697d7c047daf1f661a4ed067bbc8f9c58bb6faa2,1,2026-01-07T07:46:39.000,0.0,false,PACKAGE,0,11,1.0,false,210,3,8.684221256323139E-4,0,PACKAGE,.,.,org.apache.tika.pipes.iterator.solr,solr,17834,container
tika,697d7c047daf1f661a4ed067bbc8f9c58bb6faa2,1,2026-01-07T07:46:39.000,0.2,false,PACKAGE,0,11,1.0,false,377,5,8.684221256323139E-4,0,PACKAGE,.,.,org.apache.tika.parser.microsoft.xml,xml,17893,container
tika,697d7c047daf1f661a4ed067bbc8f9c58bb6faa2,1,2026-01-07T07:46:39.000,0.0,false,PACKAGE,1,0,0.0,false,114,2,9.321400655037762E-4,0,PACKAGE,.,.,org.apache.tika.parser.ocr.tess4j,tess4j,1519,container
tika,697d7c047daf1f661a4ed067bbc8f9c58bb6faa2,1,2026-01-07T07:46:39.000,0.0,false,PACKAGE,0,8,1.0,false,168,2,8.684221256323139E-4,0,PACKAGE,.,.,org.apache.tika.parser.sas,sas,1528,container
tika,697d7c047daf1f661a4ed067bbc8f9c58bb6faa2,1,2026-01-07T07:46:39.000,0.0,false,PACKAGE,0,0,1.0,false,0,1,8.684221256323139E-4,0,PACKAGE,.,.,io,io,22014,container
tika,697d7c047daf1f661a4ed067bbc8f9c58bb6faa2,1,2026-01-07T07:46:39.000,0.0,false,PACKAGE,0,10,1.0,false,179,4,8.684221256323139E-4,0,PACKAGE,.,.,org.apache.tika.pipes.iterator.kafka,kafka,30207,container
tika,697d7c047daf1f661a4ed067bbc8f9c58bb6faa2,1,2026-01-07T07:46:39.000,0.0,false,PACKAGE,0,5,1.0,false,9,1,8.684221256323139E-4,0,PACKAGE,.,.,org.apache.custom.detect,detect,30284,container
tika,697d7c047daf1f661a4ed067bbc8f9c58bb6faa2,1,2026-01-07T07:46:39.000,0.0,false,PACKAGE,0,9,1.0,false,199,3,8.684221256323139E-4,0,PACKAGE,.,.,org.apache.tika.parser.isatab,isatab,1613,container
tika,697d7c047daf1f661a4ed067bbc8f9c58bb6faa2,1,2026-01-07T07:46:39.000,0.0,false,PACKAGE,1,0,0.0,false,101,4,9.329758819943103E-4,0,PACKAGE,.,.,org.apache.tika.parser.pdf.updates,updates,18000,container
tika,697d7c047daf1f661a4ed067bbc8f9c58bb6faa2,1,2026-01-07T07:46:39.000,0.0,false,PACKAGE,0,8,1.0,false,89,2,8.684221256323139E-4,0,PACKAGE,.,.,org.apache.tika.parser.mat,mat,1698,container
tika,697d7c047daf1f661a4ed067bbc8f9c58bb6faa2,1,2026-01-07T07:46:39.000,0.9069767441860465,false,PACKAGE,179,4,0.004392386530014641,false,1644,45,0.06750784798184542,0,PACKAGE,/data/tika/tika-core/src/main/java/org/apache/tika/metadata/package-info.java,tika-core/src/main/java/org/apache/tika/metadata/package-info.java,org.apache.tika.metadata,metadata,22184,container
tika,697d7c047daf1f661a4ed067bbc8f9c58bb6faa2,1,2026-01-07T07:46:39.000,0.06666666666666667,false,PACKAGE,8,14,0.7428571428571429,false,884,16,0.006809621054948126,0,PACKAGE,.,.,org.apache.tika.parser.html,html,18095,container
tika,697d7c047daf1f661a4ed067bbc8f9c58bb6faa2,1,2026-01-07T07:46:39.000,0.0,false,PACKAGE,0,0,0.0,false,16,1,8.684221256323139E-4,0,PACKAGE,.,.,org.apache.tika.pipes.plugin.googledrive,googledrive,1750,container
tika,697d7c047daf1f661a4ed067bbc8f9c58bb6faa2,1,2026-01-07T07:46:39.000,0.0,false,PACKAGE,0,9,1.0,false,117,3,8.684221256323139E-4,0,PACKAGE,.,.,org.apache.tika.parser.tmx,tmx,1766,container
tika,697d7c047daf1f661a4ed067bbc8f9c58bb6faa2,1,2026-01-07T07:46:39.000,0.0,false,PACKAGE,0,1,1.0,false,0,1,8.684221256323139E-4,0,PACKAGE,.,.,org.apache.tika.parser.transcribe,transcribe,1823,container
tika,697d7c047daf1f661a4ed067bbc8f9c58bb6faa2,1,2026-01-07T07:46:39.000,0.0,false,PACKAGE,0,9,1.0,false,286,2,8.684221256323139E-4,0,PACKAGE,.,.,org.apache.tika.parser.transcribe.aws,aws,1829,container
tika,697d7c047daf1f661a4ed067bbc8f9c58bb6faa2,1,2026-01-07T07:46:39.000,0.0,false,PACKAGE,0,7,1.0,false,313,1,8.684221256323139E-4,0,PACKAGE,.,.,org.apache.tika.parser.iptc,iptc,1838,container
tika,697d7c047daf1f661a4ed067bbc8f9c58bb6faa2,1,2026-01-07T07:46:39.000,0.2,false,PACKAGE,1,7,0.6666666666666666,false,261,5,9.140551572416574E-4,0,PACKAGE,.,.,org.apache.tika.eval.app.io,io,14145,container
tika,697d7c047daf1f661a4ed067bbc8f9c58bb6faa2,1,2026-01-07T07:46:39.000,1.0,false,PACKAGE,9,5,0.17857142857142858,false,78,3,0.0015657227766738605,0,PACKAGE,.,.,org.apache.tika.pipes.pipesiterator,pipesiterator,1865,container
tika,697d7c047daf1f661a4ed067bbc8f9c58bb6faa2,1,2026-01-07T07:46:39.000,0.1111111111111111,false,PACKAGE,3,1,0.25,false,411,9,0.0012840298302627983,0,PACKAGE,.,.,org.apache.tika.eval.app.db,db,14157,container
tika,697d7c047daf1f661a4ed067bbc8f9c58bb6faa2,1,2026-01-07T07:46:39.000,0.0,false,PACKAGE,0,6,1.0,false,98,4,8.684221256323139E-4,0,PACKAGE,.,.,org.apache.tika.pipes.pipesiterator.json,json,1926,container
tika,697d7c047daf1f661a4ed067bbc8f9c58bb6faa2,1,2026-01-07T07:46:39.000,0.0,false,PACKAGE,0,9,1.0,false,88,2,8.684221256323139E-4,0,PACKAGE,.,.,org.apache.tika.parser.wacz,wacz,14215,container
tika,697d7c047daf1f661a4ed067bbc8f9c58bb6faa2,1,2026-01-07T07:46:39.000,0.0,false,PACKAGE,0,10,1.0,false,139,3,8.684221256323139E-4,0,PACKAGE,.,.,org.apache.tika.parser.indesign,indesign,1935,container
tika,697d7c047daf1f661a4ed067bbc8f9c58bb6faa2,1,2026-01-07T07:46:39.000,0.0,false,PACKAGE,1,7,0.8888888888888888,false,272,6,0.0012818623574609677,0,PACKAGE,.,.,org.apache.tika.parser.html.charsetdetector,charsetdetector,18331,container
tika,697d7c047daf1f661a4ed067bbc8f9c58bb6faa2,1,2026-01-07T07:46:39.000,0.0,false,PACKAGE,0,3,1.0,false,660,10,8.684221256323139E-4,0,PACKAGE,.,.,org.apache.tika.langdetect.tika,tika,14298,container
tika,697d7c047daf1f661a4ed067bbc8f9c58bb6faa2,1,2026-01-07T07:46:39.000,0.0,false,PACKAGE,0,11,1.0,false,172,4,8.684221256323139E-4,0,PACKAGE,.,.,org.apache.tika.pipes.iterator.azblob,azblob,2016,container
tika,697d7c047daf1f661a4ed067bbc8f9c58bb6faa2,1,2026-01-07T07:46:39.000,0.0,false,PACKAGE,0,12,1.0,false,415,4,8.684221256323139E-4,0,PACKAGE,.,.,org.apache.tika.parser.epub,epub,6115,container
tika,697d7c047daf1f661a4ed067bbc8f9c58bb6faa2,1,2026-01-07T07:46:39.000,0.05555555555555555,false,PACKAGE,3,29,0.6886792452830188,false,1657,18,0.0011945134636903905,0,PACKAGE,.,.,org.apache.tika.server.core.resource,resource,10215,container
tika,697d7c047daf1f661a4ed067bbc8f9c58bb6faa2,1,2026-01-07T07:46:39.000,0.0,false,PACKAGE,2,12,0.9523809523809523,false,760,8,0.002286054752010168,0,PACKAGE,.,.,org.apache.tika.parser.iwork,iwork,22506,container
tika,697d7c047daf1f661a4ed067bbc8f9c58bb6faa2,1,2026-01-07T07:46:39.000,0.0,false,PACKAGE,0,5,1.0,false,169,2,8.684221256323139E-4,0,PACKAGE,.,.,org.apache.tika.parser.digest,digest,10228,container
tika,697d7c047daf1f661a4ed067bbc8f9c58bb6faa2,1,2026-01-07T07:46:39.000,0.0,false,PACKAGE,0,8,1.0,false,117,4,8.684221256323139E-4,0,PACKAGE,.,.,org.apache.tika.pipes.emitter.gcs,gcs,10272,container
tika,697d7c047daf1f661a4ed067bbc8f9c58bb6faa2,1,2026-01-07T07:46:39.000,0.0,false,PACKAGE,1,1,0.5,false,78,1,9.504397630183328E-4,0,PACKAGE,.,.,org.apache.tika.pipes.fetcher.atlassianjwt.config,config,2116,container
tika,697d7c047daf1f661a4ed067bbc8f9c58bb6faa2,1,2026-01-07T07:46:39.000,0.0,false,PACKAGE,2,0,0.0,false,39,2,0.0014375168462820486,0,PACKAGE,.,.,org.apache.tika.parser.html.charsetdetector.charsets,charsets,18504,container
tika,697d7c047daf1f661a4ed067bbc8f9c58bb6faa2,1,2026-01-07T07:46:39.000,0.0,false,PACKAGE,5,10,0.7666666666666667,false,522,14,0.0038757710313126782,0,PACKAGE,.,.,org.apache.tika.parser.xml,xml,2133,container
tika,697d7c047daf1f661a4ed067bbc8f9c58bb6faa2,1,2026-01-07T07:46:39.000,0.0,false,PACKAGE,1,9,0.9375,false,500,4,0.003650342092533709,0,PACKAGE,.,.,org.apache.tika.parser.executable,executable,6241,container
tika,697d7c047daf1f661a4ed067bbc8f9c58bb6faa2,1,2026-01-07T07:46:39.000,0.0,false,PACKAGE,3,6,0.631578947368421,false,241,4,0.0010728183377153168,0,PACKAGE,.,.,org.apache.tika.parser.xmp,xmp,22638,container
tika,697d7c047daf1f661a4ed067bbc8f9c58bb6faa2,1,2026-01-07T07:46:39.000,0.0,false,PACKAGE,1,1,0.3333333333333333,false,146,3,9.211477496661833E-4,0,PACKAGE,.,.,org.apache.tika.pipes.fetcher.http.config,config,10353,container
tika,697d7c047daf1f661a4ed067bbc8f9c58bb6faa2,1,2026-01-07T07:46:39.000,0.0,false,PACKAGE,0,4,1.0,false,134,1,8.684221256323139E-4,0,PACKAGE,.,.,org.apache.tika.pipes.kafka.tests,tests,10397,container
tika,697d7c047daf1f661a4ed067bbc8f9c58bb6faa2,1,2026-01-07T07:46:39.000,0.3333333333333333,false,PACKAGE,6,6,0.47619047619047616,false,151,9,0.004190855576197083,0,PACKAGE,.,.,org.apache.tika.digest,digest,10424,container
tika,697d7c047daf1f661a4ed067bbc8f9c58bb6faa2,1,2026-01-07T07:46:39.000,0.09523809523809523,false,PACKAGE,1,12,0.9655172413793104,false,1468,21,9.321400655037762E-4,0,PACKAGE,.,.,org.apache.tika.parser.image,image,6339,container
tika,697d7c047daf1f661a4ed067bbc8f9c58bb6faa2,1,2026-01-07T07:46:39.000,0.0,false,PACKAGE,0,8,1.0,false,177,3,8.684221256323139E-4,0,PACKAGE,.,.,org.apache.tika.parser.font,font,18627,container
tika,697d7c047daf1f661a4ed067bbc8f9c58bb6faa2,1,2026-01-07T07:46:39.000,0.0,false,PACKAGE,0,10,1.0,false,207,4,8.684221256323139E-4,0,PACKAGE,.,.,org.apache.tika.pipes.iterator.csv,csv,22750,container
tika,697d7c047daf1f661a4ed067bbc8f9c58bb6faa2,1,2026-01-07T07:46:39.000,0.5,false,PACKAGE,2,0,0.0,false,13,2,0.01053781321325072,0,PACKAGE,.,.,org.apache.tika.concurrent,concurrent,14559,container
tika,697d7c047daf1f661a4ed067bbc8f9c58bb6faa2,1,2026-01-07T07:46:39.000,0.2222222222222222,false,PACKAGE,51,3,0.022900763358778626,false,498,9,0.010037963727465625,0,PACKAGE,.,.,org.apache.tika.plugins,plugins,14588,container
tika,697d7c047daf1f661a4ed067bbc8f9c58bb6faa2,1,2026-01-07T07:46:39.000,0.0,false,PACKAGE,1,7,0.7894736842105263,false,256,2,9.329758819943103E-4,0,PACKAGE,.,.,org.apache.tika.parser.pdf.image,image,18695,container
tika,697d7c047daf1f661a4ed067bbc8f9c58bb6faa2,1,2026-01-07T07:46:39.000,0.0,false,PACKAGE,5,11,0.6521739130434783,false,243,7,0.0011912989854193936,0,PACKAGE,.,.,org.apache.tika.pipes.core.serialization,serialization,10507,container
tika,697d7c047daf1f661a4ed067bbc8f9c58bb6faa2,1,2026-01-07T07:46:39.000,0.0,false,PACKAGE,2,0,1.0,false,0,1,0.00336332091692832,0,PACKAGE,.,.,org.apache.tika.zip,zip,18749,container
tika,697d7c047daf1f661a4ed067bbc8f9c58bb6faa2,1,2026-01-07T07:46:39.000,0.0,false,PACKAGE,2,1,0.3333333333333333,false,44,1,0.001050509166085573,0,PACKAGE,.,.,org.apache.tika.zip.utils,utils,18755,container
tika,697d7c047daf1f661a4ed067bbc8f9c58bb6faa2,1,2026-01-07T07:46:39.000,0.07142857142857142,false,PACKAGE,0,9,1.0,false,931,14,8.684221256323139E-4,0,PACKAGE,.,.,org.apache.tika.parser.wordperfect,wordperfect,18764,container
tika,697d7c047daf1f661a4ed067bbc8f9c58bb6faa2,1,2026-01-07T07:46:39.000,0.0,false,PACKAGE,1,1,0.5,false,35,1,9.738733737000526E-4,0,PACKAGE,.,.,org.apache.tika.pipes.fetcher.googledrive.config,config,2399,container
tika,697d7c047daf1f661a4ed067bbc8f9c58bb6faa2,1,2026-01-07T07:46:39.000,0.0,false,PACKAGE,2,9,0.8333333333333334,false,269,3,0.002286054752010168,0,PACKAGE,.,.,org.apache.tika.parser.iwork.iwana,iwana,14697,container
tika,697d7c047daf1f661a4ed067bbc8f9c58bb6faa2,1,2026-01-07T07:46:39.000,1.0,false,PACKAGE,5,3,0.5,false,111,19,0.0015983038679418333,0,PACKAGE,.,.,org.apache.tika.pipes,pipes,2416,container
tika,697d7c047daf1f661a4ed067bbc8f9c58bb6faa2,1,2026-01-07T07:46:39.000,0.0,false,PACKAGE,0,2,1.0,false,0,1,8.684221256323139E-4,0,PACKAGE,.,.,org.apache.tika.pipes.s3,s3,2439,container
tika,697d7c047daf1f661a4ed067bbc8f9c58bb6faa2,1,2026-01-07T07:46:39.000,0.0,false,PACKAGE,1,3,0.8333333333333334,false,32,1,8.947849376492485E-4,0,PACKAGE,.,.,org.apache.tika.server.standard.resource,resource,10636,container
tika,697d7c047daf1f661a4ed067bbc8f9c58bb6faa2,1,2026-01-07T07:46:39.000,0.0,false,PACKAGE,0,3,1.0,false,0,7,8.684221256323139E-4,0,PACKAGE,.,.,org.apache.tika.pipes.fetcher,fetcher,2447,container
tika,697d7c047daf1f661a4ed067bbc8f9c58bb6faa2,1,2026-01-07T07:46:39.000,0.0,false,PACKAGE,1,9,0.9411764705882353,false,453,5,8.957613380943202E-4,0,PACKAGE,.,.,org.apache.tika.pipes.fork,fork,2455,container
tika,697d7c047daf1f661a4ed067bbc8f9c58bb6faa2,1,2026-01-07T07:46:39.000,0.0,false,PACKAGE,0,4,1.0,false,0,1,8.684221256323139E-4,0,PACKAGE,.,.,org.apache.tika.pipes.opensearch,opensearch,2463,container
tika,697d7c047daf1f661a4ed067bbc8f9c58bb6faa2,1,2026-01-07T07:46:39.000,0.0,false,PACKAGE,0,8,1.0,false,71,2,8.684221256323139E-4,0,PACKAGE,.,.,org.apache.tika.parser.hdf,hdf,14753,container
tika,697d7c047daf1f661a4ed067bbc8f9c58bb6faa2,1,2026-01-07T07:46:39.000,0.0,false,PACKAGE,0,1,1.0,false,205,3,8.684221256323139E-4,0,PACKAGE,.,.,org.apache.tika.annotation,annotation,10661,container
tika,697d7c047daf1f661a4ed067bbc8f9c58bb6faa2,1,2026-01-07T07:46:39.000,0.0,false,PACKAGE,0,3,1.0,false,88,1,8.684221256323139E-4,0,PACKAGE,.,.,org.apache.tika.pipes.filesystem,filesystem,2471,container
tika,697d7c047daf1f661a4ed067bbc8f9c58bb6faa2,1,2026-01-07T07:46:39.000,0.0,false,PACKAGE,46,4,0.060240963855421686,false,108,7,0.010227370130077943,0,PACKAGE,.,.,org.apache.tika.pipes.api,api,2479,container
tika,697d7c047daf1f661a4ed067bbc8f9c58bb6faa2,1,2026-01-07T07:46:39.000,0.0,false,PACKAGE,0,0,0.0,false,16,14,8.684221256323139E-4,0,PACKAGE,.,.,org.apache.tika.pipes.plugin,plugin,2487,container
tika,697d7c047daf1f661a4ed067bbc8f9c58bb6faa2,1,2026-01-07T07:46:39.000,1.0,false,PACKAGE,2,4,0.7142857142857143,false,35,1,0.00102425563666575,0,PACKAGE,.,.,org.apache.tika.pipes.reporters,reporters,2495,container
tika,697d7c047daf1f661a4ed067bbc8f9c58bb6faa2,1,2026-01-07T07:46:39.000,0.1111111111111111,false,PACKAGE,16,20,0.6610169491525424,false,1502,27,0.002599670445517416,0,PACKAGE,.,.,org.apache.tika.pipes.core,core,2503,container
tika,697d7c047daf1f661a4ed067bbc8f9c58bb6faa2,1,2026-01-07T07:46:39.000,0.0,false,PACKAGE,0,9,1.0,false,77,3,8.684221256323139E-4,0,PACKAGE,.,.,org.apache.tika.parser.geopkg,geopkg,10699,container
tika,697d7c047daf1f661a4ed067bbc8f9c58bb6faa2,1,2026-01-07T07:46:39.000,0.0,false,PACKAGE,0,10,1.0,false,191,6,8.684221256323139E-4,0,PACKAGE,.,.,org.apache.tika.pipes.reporter.opensearch,opensearch,22992,container
tika,697d7c047daf1f661a4ed067bbc8f9c58bb6faa2,1,2026-01-07T07:46:39.000,0.0,false,PACKAGE,0,1,1.0,false,0,1,8.684221256323139E-4,0,PACKAGE,.,.,org.apache.tika.pipes.fetchers,fetchers,2515,container
tika,697d7c047daf1f661a4ed067bbc8f9c58bb6faa2,1,2026-01-07T07:46:39.000,0.0,false,PACKAGE,0,6,1.0,false,244,5,8.684221256323139E-4,0,PACKAGE,.,.,org.apache.tika.pipes.reporter.fs,fs,23000,container
tika,697d7c047daf1f661a4ed067bbc8f9c58bb6faa2,1,2026-01-07T07:46:39.000,0.0,false,PACKAGE,3,2,1.0,false,0,8,0.0021601999144621126,0,PACKAGE,.,.,org.apache.tika.pipes.emitter,emitter,2523,container
tika,697d7c047daf1f661a4ed067bbc8f9c58bb6faa2,1,2026-01-07T07:46:39.000,0.0,false,PACKAGE,1,4,0.8333333333333334,false,239,6,0.0016484098560978168,0,PACKAGE,.,.,org.apache.tika.pipes.ignite,ignite,2531,container
tika,697d7c047daf1f661a4ed067bbc8f9c58bb6faa2,1,2026-01-07T07:46:39.000,0.2,false,PACKAGE,0,5,1.0,false,202,5,8.684221256323139E-4,0,PACKAGE,.,.,org.apache.tika.pipes.solr.tests,tests,14820,container
tika,697d7c047daf1f661a4ed067bbc8f9c58bb6faa2,1,2026-01-07T07:46:39.000,0.0,false,PACKAGE,20,15,0.5168539325842697,false,1136,16,0.004170982184760098,0,PACKAGE,.,.,org.apache.tika.serialization,serialization,23013,container
tika,697d7c047daf1f661a4ed067bbc8f9c58bb6faa2,1,2026-01-07T07:46:39.000,0.0,false,PACKAGE,0,0,1.0,false,0,1,8.684221256323139E-4,0,PACKAGE,.,.,org.apache.tika.pipes.kafka,kafka,2539,container
tika,697d7c047daf1f661a4ed067bbc8f9c58bb6faa2,1,2026-01-07T07:46:39.000,0.0,false,PACKAGE,0,8,1.0,false,189,2,8.684221256323139E-4,0,PACKAGE,.,.,org.apache.tika.parser.envi,envi,14829,container
tika,697d7c047daf1f661a4ed067bbc8f9c58bb6faa2,1,2026-01-07T07:46:39.000,0.0,false,PACKAGE,0,1,1.0,false,0,3,8.684221256323139E-4,0,PACKAGE,.,.,org.apache.tika.pipes.reporter,reporter,2547,container
tika,697d7c047daf1f661a4ed067bbc8f9c58bb6faa2,1,2026-01-07T07:46:39.000,0.0,false,PACKAGE,0,1,1.0,false,0,1,8.684221256323139E-4,0,PACKAGE,.,.,org.apache.tika.pipes.solr,solr,2555,container
tika,697d7c047daf1f661a4ed067bbc8f9c58bb6faa2,1,2026-01-07T07:46:39.000,0.0,false,PACKAGE,1,1,1.0,false,0,9,0.001016053872927148,0,PACKAGE,.,.,org.apache.tika.pipes.iterator,iterator,2563,container
tika,697d7c047daf1f661a4ed067bbc8f9c58bb6faa2,1,2026-01-07T07:46:39.000,0.0,false,PACKAGE,0,15,1.0,false,715,4,8.684221256323139E-4,0,PACKAGE,.,.,org.apache.tika.pipes.grpc,grpc,2571,container
tika,697d7c047daf1f661a4ed067bbc8f9c58bb6faa2,1,2026-01-07T07:46:39.000,0.16666666666666666,false,PACKAGE,0,12,1.0,false,427,12,8.684221256323139E-4,0,PACKAGE,.,.,org.apache.tika.parser.microsoft.ooxml.xwpf.ml2006,ml2006,2580,container
tika,697d7c047daf1f661a4ed067bbc8f9c58bb6faa2,1,2026-01-07T07:46:39.000,0.14285714285714285,false,PACKAGE,2,8,0.8571428571428571,false,385,7,0.003288079667111357,0,PACKAGE,.,.,org.apache.tika.parser.ogg,ogg,14873,container
tika,697d7c047daf1f661a4ed067bbc8f9c58bb6faa2,1,2026-01-07T07:46:39.000,0.0,false,PACKAGE,174,0,0.0,false,63,12,0.07302036198224615,0,PACKAGE,/data/tika/tika-core/src/main/java/org/apache/tika/exception/package-info.java,tika-core/src/main/java/org/apache/tika/exception/package-info.java,org.apache.tika.exception,exception,10784,container
tika,697d7c047daf1f661a4ed067bbc8f9c58bb6faa2,1,2026-01-07T07:46:39.000,0.0,false,PACKAGE,1,1,0.3333333333333333,false,95,2,0.001208780047279058,0,PACKAGE,.,.,org.apache.tika.parser.ner.opennlp,opennlp,18986,container
tika,697d7c047daf1f661a4ed067bbc8f9c58bb6faa2,1,2026-01-07T07:46:39.000,0.16666666666666666,false,PACKAGE,1,9,0.88,false,212,6,9.329758819943103E-4,0,PACKAGE,.,.,org.apache.tika.renderer.pdf.pdfbox,pdfbox,6735,container
tika,697d7c047daf1f661a4ed067bbc8f9c58bb6faa2,1,2026-01-07T07:46:39.000,0.0,false,PACKAGE,1,1,1.0,false,0,2,0.0032617168550944224,0,PACKAGE,.,.,org.apache.tika.renderer.pdf,pdf,10854,container
tika,697d7c047daf1f661a4ed067bbc8f9c58bb6faa2,1,2026-01-07T07:46:39.000,0.0,false,PACKAGE,0,8,1.0,false,83,1,8.684221256323139E-4,0,PACKAGE,.,.,org.apache.tika.renderer.pdf.mutool,mutool,10860,container
tika,697d7c047daf1f661a4ed067bbc8f9c58bb6faa2,1,2026-01-07T07:46:39.000,0.2,false,PACKAGE,11,8,0.48148148148148145,false,275,5,0.005323540100227062,0,PACKAGE,/data/tika/tika-core/src/main/java/org/apache/tika/parser/external/package-info.java,tika-core/src/main/java/org/apache/tika/parser/external/package-info.java,org.apache.tika.parser.external,external,10873,container
tika,697d7c047daf1f661a4ed067bbc8f9c58bb6faa2,1,2026-01-07T07:46:39.000,0.0,false,PACKAGE,1,12,0.9523809523809523,false,306,3,0.003650342092533709,0,PACKAGE,.,.,org.apache.tika.parser.microsoft.pst,pst,27257,container
tika,697d7c047daf1f661a4ed067bbc8f9c58bb6faa2,1,2026-01-07T07:46:39.000,0.0,false,PACKAGE,3,7,0.8125,false,171,5,0.0019018443566961528,0,PACKAGE,.,.,org.apache.tika.pipes.fetcher.fs,fs,19077,container
tika,697d7c047daf1f661a4ed067bbc8f9c58bb6faa2,1,2026-01-07T07:46:39.000,0.0,false,PACKAGE,0,0,0.0,false,16,1,8.684221256323139E-4,0,PACKAGE,.,.,org.apache.tika.pipes.plugin.atlassianjwt,atlassianjwt,27298,container
tika,697d7c047daf1f661a4ed067bbc8f9c58bb6faa2,1,2026-01-07T07:46:39.000,0.2,false,PACKAGE,1,1,0.3333333333333333,false,89,5,9.738733737000526E-4,0,PACKAGE,.,.,org.apache.tika.pipes.fetchers.microsoftgraph.config,config,15035,container
tika,697d7c047daf1f661a4ed067bbc8f9c58bb6faa2,1,2026-01-07T07:46:39.000,0.0,false,PACKAGE,0,9,1.0,false,181,1,8.684221256323139E-4,0,PACKAGE,.,.,org.apache.tika.bundle,bundle,10949,container
tika,697d7c047daf1f661a4ed067bbc8f9c58bb6faa2,1,2026-01-07T07:46:39.000,0.0,false,PACKAGE,0,2,1.0,false,24,1,8.684221256323139E-4,0,PACKAGE,.,.,org.apache.tika.parser.ibooks,ibooks,10981,container
tika,697d7c047daf1f661a4ed067bbc8f9c58bb6faa2,1,2026-01-07T07:46:39.000,0.0,false,PACKAGE,1,9,0.9333333333333333,false,368,3,0.003459411044753688,0,PACKAGE,.,.,org.apache.tika.parser.mock,mock,15097,container
tika,697d7c047daf1f661a4ed067bbc8f9c58bb6faa2,1,2026-01-07T07:46:39.000,0.0,false,PACKAGE,0,9,1.0,false,345,4,8.684221256323139E-4,0,PACKAGE,.,.,org.apache.tika.pipes.reporter.jdbc,jdbc,11002,container
tika,697d7c047daf1f661a4ed067bbc8f9c58bb6faa2,1,2026-01-07T07:46:39.000,0.6,false,PACKAGE,31,5,0.1016949152542373,false,55,5,0.005323836942089877,0,PACKAGE,.,.,org.apache.tika.pipes.api.fetcher,fetcher,6912,container
tika,697d7c047daf1f661a4ed067bbc8f9c58bb6faa2,1,2026-01-07T07:46:39.000,0.14285714285714285,false,PACKAGE,3,6,0.5,false,193,7,0.0012318428882129625,0,PACKAGE,.,.,org.apache.tika.serialization.serdes,serdes,23302,container
tika,697d7c047daf1f661a4ed067bbc8f9c58bb6faa2,1,2026-01-07T07:46:39.000,0.0,false,PACKAGE,1,1,0.5,false,59,1,9.176327080639252E-4,0,PACKAGE,.,.,org.apache.tika.pipes.ignite.server,server,19215,container
tika,697d7c047daf1f661a4ed067bbc8f9c58bb6faa2,1,2026-01-07T07:46:39.000,0.0,false,PACKAGE,0,11,1.0,false,218,4,8.684221256323139E-4,0,PACKAGE,.,.,org.apache.tika.pipes.iterator.s3,s3,19228,container
tika,697d7c047daf1f661a4ed067bbc8f9c58bb6faa2,1,2026-01-07T07:46:39.000,0.06666666666666667,false,PACKAGE,115,9,0.052805280528052806,false,2772,30,0.04457645698099985,0,PACKAGE,/data/tika/tika-core/src/main/java/org/apache/tika/mime/package-info.java,tika-core/src/main/java/org/apache/tika/mime/package-info.java,org.apache.tika.mime,mime,15151,container
tika,697d7c047daf1f661a4ed067bbc8f9c58bb6faa2,1,2026-01-07T07:46:39.000,0.125,false,PACKAGE,3,3,0.13793103448275862,false,202,8,0.0011311328698476917,0,PACKAGE,.,.,org.apache.tika.server.core.writer,writer,6962,container
tika,697d7c047daf1f661a4ed067bbc8f9c58bb6faa2,1,2026-01-07T07:46:39.000,0.0,false,PACKAGE,1,16,0.96875,false,424,4,0.001016053872927148,0,PACKAGE,.,.,org.apache.tika.parser.mail,mail,2901,container
tika,697d7c047daf1f661a4ed067bbc8f9c58bb6faa2,1,2026-01-07T07:46:39.000,0.0,false,PACKAGE,1,1,0.4,false,66,1,9.889959380460587E-4,0,PACKAGE,.,.,org.apache.tika.parser.microsoft.ooxml.xslf,xslf,19342,container
tika,697d7c047daf1f661a4ed067bbc8f9c58bb6faa2,1,2026-01-07T07:46:39.000,0.07692307692307693,false,PACKAGE,52,13,0.3028169014084507,false,1807,26,0.025312427398270807,0,PACKAGE,.,.,org.apache.tika.config.loader,loader,27547,container
tika,697d7c047daf1f661a4ed067bbc8f9c58bb6faa2,1,2026-01-07T07:46:39.000,0.08771929824561403,false,PACKAGE,105,12,0.06962025316455696,false,2339,59,0.03657863333947358,0,PACKAGE,/data/tika/tika-core/src/main/java/org/apache/tika/sax/package-info.java,tika-core/src/main/java/org/apache/tika/sax/package-info.java,org.apache.tika.sax,sax,7070,container
tika,697d7c047daf1f661a4ed067bbc8f9c58bb6faa2,1,2026-01-07T07:46:39.000,0.0,false,PACKAGE,0,12,1.0,false,365,2,8.684221256323139E-4,0,PACKAGE,.,.,org.apache.tika.pipes.opensearch.tests,tests,19360,container
tika,697d7c047daf1f661a4ed067bbc8f9c58bb6faa2,1,2026-01-07T07:46:39.000,0.0,false,PACKAGE,0,0,1.0,false,0,1,8.684221256323139E-4,0,PACKAGE,.,.,io.grpc,grpc,19442,container
tika,697d7c047daf1f661a4ed067bbc8f9c58bb6faa2,1,2026-01-07T07:46:39.000,0.0,false,PACKAGE,0,0,1.0,false,0,0,8.684221256323139E-4,0,PACKAGE,.,.,io.grpc.stub,stub,19448,container
tika,697d7c047daf1f661a4ed067bbc8f9c58bb6faa2,1,2026-01-07T07:46:39.000,0.3333333333333333,false,PACKAGE,3,10,0.9047619047619048,false,285,8,0.0017602229998484706,0,PACKAGE,.,.,org.apache.tika.parser.microsoft.onenote.fsshttpb,fsshttpb,3072,container
tika,697d7c047daf1f661a4ed067bbc8f9c58bb6faa2,1,2026-01-07T07:46:39.000,0.0,false,PACKAGE,0,2,1.0,false,19,1,8.684221256323139E-4,0,PACKAGE,.,.,org.apache.tika.parser.internal,internal,19457,container
tika,697d7c047daf1f661a4ed067bbc8f9c58bb6faa2,1,2026-01-07T07:46:39.000,0.11764705882352941,false,PACKAGE,10,7,0.46875,false,488,17,0.0035230298521183256,0,PACKAGE,.,.,org.apache.tika.metadata.filter,filter,19477,container
tika,697d7c047daf1f661a4ed067bbc8f9c58bb6faa2,1,2026-01-07T07:46:39.000,0.0,false,PACKAGE,2,15,0.9,false,437,6,9.469447715910969E-4,0,PACKAGE,.,.,org.apache.tika.pipes.core.async,async,11326,container
tika,697d7c047daf1f661a4ed067bbc8f9c58bb6faa2,1,2026-01-07T07:46:39.000,0.0,false,PACKAGE,3,5,0.5454545454545454,false,50,2,0.0010498360462982137,0,PACKAGE,.,.,org.apache.tika.pipes.core.pipesiterator,pipesiterator,11334,container
tika,697d7c047daf1f661a4ed067bbc8f9c58bb6faa2,1,2026-01-07T07:46:39.000,0.2,false,PACKAGE,1,1,0.3333333333333333,false,101,5,9.211477496661833E-4,0,PACKAGE,.,.,org.apache.tika.pipes.fetcher.http.jwt,jwt,27721,container
tika,697d7c047daf1f661a4ed067bbc8f9c58bb6faa2,1,2026-01-07T07:46:39.000,0.0,false,PACKAGE,1,6,0.9,false,63,3,9.220823246621758E-4,0,PACKAGE,.,.,org.apache.tika.pipes.core.reporter,reporter,11346,container
tika,697d7c047daf1f661a4ed067bbc8f9c58bb6faa2,1,2026-01-07T07:46:39.000,0.25,false,PACKAGE,4,10,0.6521739130434783,false,166,4,0.0010111290307205912,0,PACKAGE,.,.,org.apache.tika.pipes.core.extractor,extractor,11354,container
tika,697d7c047daf1f661a4ed067bbc8f9c58bb6faa2,1,2026-01-07T07:46:39.000,0.2857142857142857,false,PACKAGE,6,2,0.36363636363636365,false,286,7,0.001635727495909001,0,PACKAGE,.,.,org.apache.tika.pipes.core.config,config,11362,container
tika,697d7c047daf1f661a4ed067bbc8f9c58bb6faa2,1,2026-01-07T07:46:39.000,0.0,false,PACKAGE,8,10,0.6206896551724138,false,365,5,0.0013911216151495853,0,PACKAGE,.,.,org.apache.tika.pipes.core.emitter,emitter,11370,container
tika,697d7c047daf1f661a4ed067bbc8f9c58bb6faa2,1,2026-01-07T07:46:39.000,0.0,false,PACKAGE,0,7,1.0,false,0,3,8.684221256323139E-4,0,PACKAGE,.,.,org.apache.tika.server,server,11400,container
tika,697d7c047daf1f661a4ed067bbc8f9c58bb6faa2,1,2026-01-07T07:46:39.000,0.0,false,PACKAGE,4,5,0.5,false,264,3,0.0012053041954288783,0,PACKAGE,.,.,org.apache.tika.langdetect.optimaize,optimaize,27787,container
tika,697d7c047daf1f661a4ed067bbc8f9c58bb6faa2,1,2026-01-07T07:46:39.000,0.0,false,PACKAGE,0,8,1.0,false,249,8,8.684221256323139E-4,0,PACKAGE,.,.,org.apache.tika.server.client,client,11406,container
tika,697d7c047daf1f661a4ed067bbc8f9c58bb6faa2,1,2026-01-07T07:46:39.000,0.0,false,PACKAGE,0,28,1.0,false,2247,17,8.684221256323139E-4,0,PACKAGE,.,.,org.apache.tika.server.standard,standard,11418,container
tika,697d7c047daf1f661a4ed067bbc8f9c58bb6faa2,1,2026-01-07T07:46:39.000,0.0,false,PACKAGE,1,10,0.875,false,242,4,9.504397630183328E-4,0,PACKAGE,.,.,org.apache.tika.parser.sqlite3,sqlite3,11427,container
tika,697d7c047daf1f661a4ed067bbc8f9c58bb6faa2,1,2026-01-07T07:46:39.000,0.125,false,PACKAGE,0,11,1.0,false,565,8,8.684221256323139E-4,0,PACKAGE,.,.,org.apache.tika.parser.dwg,dwg,15556,container
tika,697d7c047daf1f661a4ed067bbc8f9c58bb6faa2,1,2026-01-07T07:46:39.000,0.0,false,PACKAGE,1,12,0.9473684210526315,false,210,2,9.223999830353243E-4,0,PACKAGE,.,.,org.apache.tika.parser.mbox,mbox,11505,container
tika,697d7c047daf1f661a4ed067bbc8f9c58bb6faa2,1,2026-01-07T07:46:39.000,0.0,false,PACKAGE,0,0,1.0,false,0,1,8.684221256323139E-4,0,PACKAGE,.,.,org,org,27908,container
tika,697d7c047daf1f661a4ed067bbc8f9c58bb6faa2,1,2026-01-07T07:46:39.000,0.0,false,PACKAGE,0,10,1.0,false,442,5,8.684221256323139E-4,0,PACKAGE,.,.,org.apache.tika.parser.journal,journal,19721,container
tika,697d7c047daf1f661a4ed067bbc8f9c58bb6faa2,1,2026-01-07T07:46:39.000,0.0,false,PACKAGE,104,8,0.07281553398058252,false,1147,21,0.06482365387476388,0,PACKAGE,/data/tika/tika-core/src/main/java/org/apache/tika/utils/package-info.java,tika-core/src/main/java/org/apache/tika/utils/package-info.java,org.apache.tika.utils,utils,23822,container
tika,697d7c047daf1f661a4ed067bbc8f9c58bb6faa2,1,2026-01-07T07:46:39.000,0.0,false,PACKAGE,0,8,1.0,false,97,2,8.684221256323139E-4,0,PACKAGE,.,.,org.apache.tika.parser.feed,feed,11552,container
tika,697d7c047daf1f661a4ed067bbc8f9c58bb6faa2,1,2026-01-07T07:46:39.000,0.0,false,PACKAGE,5,22,0.9137931034482759,false,1324,7,0.0013714636349332302,0,PACKAGE,.,.,org.apache.tika.cli,cli,23842,container
tika,697d7c047daf1f661a4ed067bbc8f9c58bb6faa2,1,2026-01-07T07:46:39.000,0.10204081632653061,false,PACKAGE,6,8,0.7333333333333333,false,1752,52,0.0032174860550041318,0,PACKAGE,.,.,org.apache.tika.parser.microsoft.onenote.fsshttpb.streamobj,streamobj,3387,container
tika,697d7c047daf1f661a4ed067bbc8f9c58bb6faa2,1,2026-01-07T07:46:39.000,0.0,false,PACKAGE,0,2,1.0,false,61,2,8.684221256323139E-4,0,PACKAGE,/data/tika/tika-java7/src/main/java/org/apache/tika/filetypedetector/package-info.java,tika-java7/src/main/java/org/apache/tika/filetypedetector/package-info.java,org.apache.tika.filetypedetector,filetypedetector,23870,container
tika,697d7c047daf1f661a4ed067bbc8f9c58bb6faa2,1,2026-01-07T07:46:39.000,0.1111111111111111,false,PACKAGE,2,3,0.6666666666666666,false,92,9,0.0013599559178604512,0,PACKAGE,.,.,org.apache.tika.parser.microsoft.onenote.fsshttpb.property,property,3395,container
tika,697d7c047daf1f661a4ed067bbc8f9c58bb6faa2,1,2026-01-07T07:46:39.000,0.18421052631578946,false,PACKAGE,162,19,0.1111111111111111,false,2339,108,0.05349756690422072,0,PACKAGE,/data/tika/tika-core/src/main/java/org/apache/tika/parser/package-info.java,tika-core/src/main/java/org/apache/tika/parser/package-info.java,org.apache.tika.parser,parser,23878,container
tika,697d7c047daf1f661a4ed067bbc8f9c58bb6faa2,1,2026-01-07T07:46:39.000,0.14285714285714285,false,PACKAGE,3,0,0.0,false,279,7,0.0018645605597873926,0,PACKAGE,.,.,org.apache.tika.parser.microsoft.onenote.fsshttpb.unsigned,unsigned,3403,container
tika,697d7c047daf1f661a4ed067bbc8f9c58bb6faa2,1,2026-01-07T07:46:39.000,0.5,false,PACKAGE,2,7,0.7857142857142857,false,230,2,0.0010312271356643053,0,PACKAGE,.,.,org.apache.tika.parser.jdbc,jdbc,11597,container
tika,697d7c047daf1f661a4ed067bbc8f9c58bb6faa2,1,2026-01-07T07:46:39.000,0.0,false,PACKAGE,0,9,1.0,false,185,2,8.684221256323139E-4,0,PACKAGE,.,.,org.apache.tika.pipes.s3.tests,tests,15698,container
tika,697d7c047daf1f661a4ed067bbc8f9c58bb6faa2,1,2026-01-07T07:46:39.000,0.06666666666666667,false,PACKAGE,133,4,0.014018691588785047,false,1055,15,0.04660138438964118,0,PACKAGE,/data/tika/tika-core/src/main/java/org/apache/tika/io/package-info.java,tika-core/src/main/java/org/apache/tika/io/package-info.java,org.apache.tika.io,io,23890,container
tika,697d7c047daf1f661a4ed067bbc8f9c58bb6faa2,1,2026-01-07T07:46:39.000,0.0,false,PACKAGE,1,0,0.0,false,6,1,0.0012103220988467912,0,PACKAGE,.,.,org.apache.tika.parser.microsoft.onenote.fsshttpb.exception,exception,3411,container
tika,697d7c047daf1f661a4ed067bbc8f9c58bb6faa2,1,2026-01-07T07:46:39.000,0.0,false,PACKAGE,7,4,0.38095238095238093,false,452,10,0.003014883676365563,0,PACKAGE,.,.,org.apache.tika.parser.microsoft.onenote.fsshttpb.util,util,3419,container
tika,697d7c047daf1f661a4ed067bbc8f9c58bb6faa2,1,2026-01-07T07:46:39.000,0.0,false,PACKAGE,0,0,0.0,false,16,1,8.684221256323139E-4,0,PACKAGE,.,.,org.apache.tika.pipes.plugin.csv,csv,19821,container
tika,697d7c047daf1f661a4ed067bbc8f9c58bb6faa2,1,2026-01-07T07:46:39.000,0.0,false,PACKAGE,0,0,0.0,false,16,1,8.684221256323139E-4,0,PACKAGE,.,.,org.apache.tika.pipes.plugin.azblob,azblob,11630,container
tika,697d7c047daf1f661a4ed067bbc8f9c58bb6faa2,1,2026-01-07T07:46:39.000,0.18181818181818182,false,PACKAGE,133,19,0.1407942238267148,false,1076,23,0.06218432770141341,0,PACKAGE,/data/tika/tika-core/src/main/java/org/apache/tika/config/package-info.java,tika-core/src/main/java/org/apache/tika/config/package-info.java,org.apache.tika.config,config,23922,container
tika,697d7c047daf1f661a4ed067bbc8f9c58bb6faa2,1,2026-01-07T07:46:39.000,0.0,false,PACKAGE,0,8,1.0,false,241,5,8.684221256323139E-4,0,PACKAGE,.,.,org.apache.tika.pipes.emitter.fs,fs,15740,container
tika,697d7c047daf1f661a4ed067bbc8f9c58bb6faa2,1,2026-01-07T07:46:39.000,0.0,false,PACKAGE,0,2,1.0,false,121,2,8.684221256323139E-4,0,PACKAGE,.,.,org.apache.tika.langdetect.lingo24,lingo24,19837,container
tika,697d7c047daf1f661a4ed067bbc8f9c58bb6faa2,1,2026-01-07T07:46:39.000,0.0,false,PACKAGE,0,0,0.0,false,44,2,8.684221256323139E-4,0,PACKAGE,.,.,org.apache.tika.pipes.iterator.filelist,filelist,11646,container
tika,697d7c047daf1f661a4ed067bbc8f9c58bb6faa2,1,2026-01-07T07:46:39.000,1.0,false,PACKAGE,7,1,0.0,false,33,6,0.004429631801128182,0,PACKAGE,.,.,org.apache.tika.langdetect,langdetect,23934,container
tika,697d7c047daf1f661a4ed067bbc8f9c58bb6faa2,1,2026-01-07T07:46:39.000,0.0,false,PACKAGE,0,9,1.0,false,50,2,8.684221256323139E-4,0,PACKAGE,.,.,org.apache.tika.parser.dgn,dgn,23943,container
tika,697d7c047daf1f661a4ed067bbc8f9c58bb6faa2,1,2026-01-07T07:46:39.000,0.0,false,PACKAGE,0,0,0.0,false,16,1,8.684221256323139E-4,0,PACKAGE,.,.,org.apache.tika.pipes.plugin.s3,s3,11671,container
tika,697d7c047daf1f661a4ed067bbc8f9c58bb6faa2,1,2026-01-07T07:46:39.000,0.0,false,PACKAGE,0,0,1.0,false,0,1,8.684221256323139E-4,0,PACKAGE,.,.,com,com,11687,container
tika,697d7c047daf1f661a4ed067bbc8f9c58bb6faa2,1,2026-01-07T07:46:39.000,0.0,false,PACKAGE,0,0,1.0,false,0,1,8.684221256323139E-4,0,PACKAGE,.,.,com.google,google,11693,container
tika,697d7c047daf1f661a4ed067bbc8f9c58bb6faa2,1,2026-01-07T07:46:39.000,0.14285714285714285,false,PACKAGE,0,8,1.0,false,1068,14,8.684221256323139E-4,0,PACKAGE,.,.,org.apache.tika.parser.mp3,mp3,23992,container
tika,697d7c047daf1f661a4ed067bbc8f9c58bb6faa2,1,2026-01-07T07:46:39.000,0.0,false,PACKAGE,0,0,1.0,false,0,3,8.684221256323139E-4,0,PACKAGE,.,.,org.apache,apache,15822,container
tika,697d7c047daf1f661a4ed067bbc8f9c58bb6faa2,1,2026-01-07T07:46:39.000,0.0,false,PACKAGE,0,0,1.0,false,0,1,8.684221256323139E-4,0,PACKAGE,.,.,org.apache.ignite,ignite,15828,container
tika,697d7c047daf1f661a4ed067bbc8f9c58bb6faa2,1,2026-01-07T07:46:39.000,0.40425531914893614,false,PACKAGE,104,11,0.10714285714285714,false,8377,80,0.051068347855106506,0,PACKAGE,/data/tika/tika-core/src/main/java/org/apache/tika/package-info.java,tika-core/src/main/java/org/apache/tika/package-info.java,org.apache.tika,tika,15836,container
tika,697d7c047daf1f661a4ed067bbc8f9c58bb6faa2,1,2026-01-07T07:46:39.000,0.0,false,PACKAGE,0,11,1.0,false,256,5,8.684221256323139E-4,0,PACKAGE,.,.,org.apache.tika.parser.apple,apple,19937,container
tika,697d7c047daf1f661a4ed067bbc8f9c58bb6faa2,1,2026-01-07T07:46:39.000,0.0,false,PACKAGE,0,1,1.0,false,0,2,8.684221256323139E-4,0,PACKAGE,.,.,org.apache.custom,custom,15844,container
tika,697d7c047daf1f661a4ed067bbc8f9c58bb6faa2,1,2026-01-07T07:46:39.000,0.0,false,PACKAGE,0,10,1.0,false,145,4,8.684221256323139E-4,0,PACKAGE,.,.,org.apache.tika.pipes.iterator.gcs,gcs,15853,container
tika,697d7c047daf1f661a4ed067bbc8f9c58bb6faa2,1,2026-01-07T07:46:39.000,0.03125,false,PACKAGE,0,10,1.0,false,2441,32,8.684221256323139E-4,0,PACKAGE,.,.,org.apache.tika.parser.microsoft.chm,chm,11828,container
tika,697d7c047daf1f661a4ed067bbc8f9c58bb6faa2,1,2026-01-07T07:46:39.000,0.0,false,PACKAGE,0,9,1.0,false,193,2,8.684221256323139E-4,0,PACKAGE,.,.,org.apache.tika.parser.code,code,20039,container
tika,697d7c047daf1f661a4ed067bbc8f9c58bb6faa2,1,2026-01-07T07:46:39.000,0.0,false,PACKAGE,4,1,0.3333333333333333,false,137,1,0.0036186109028191783,0,PACKAGE,.,.,org.apache.tika.sax.boilerpipe,boilerpipe,7776,container
tika,697d7c047daf1f661a4ed067bbc8f9c58bb6faa2,1,2026-01-07T07:46:39.000,0.0,false,PACKAGE,3,1,0.25,false,216,13,0.003556221415813673,0,PACKAGE,/data/tika/tika-core/src/main/java/org/apache/tika/sax/xpath/package-info.java,tika-core/src/main/java/org/apache/tika/sax/xpath/package-info.java,org.apache.tika.sax.xpath,xpath,7784,container
tika,697d7c047daf1f661a4ed067bbc8f9c58bb6faa2,1,2026-01-07T07:46:39.000,0.0,false,PACKAGE,0,2,1.0,false,92,2,8.684221256323139E-4,0,PACKAGE,.,.,org.apache.tika.langdetect.mitll,mitll,7793,container
tika,697d7c047daf1f661a4ed067bbc8f9c58bb6faa2,1,2026-01-07T07:46:39.000,0.0,false,PACKAGE,2,5,0.8461538461538461,false,439,4,0.0011115522711779358,0,PACKAGE,.,.,org.apache.tika.xmp,xmp,20095,container
tika,697d7c047daf1f661a4ed067bbc8f9c58bb6faa2,1,2026-01-07T07:46:39.000,0.0,false,PACKAGE,6,17,0.9102564102564102,false,3315,21,0.001291075215202344,0,PACKAGE,.,.,org.apache.tika.parser.pdf,pdf,24208,container
tika,697d7c047daf1f661a4ed067bbc8f9c58bb6faa2,1,2026-01-07T07:46:39.000,0.0,false,PACKAGE,0,0,0.0,false,16,1,8.684221256323139E-4,0,PACKAGE,.,.,org.apache.tika.pipes.plugin.http,http,7836,container
tika,697d7c047daf1f661a4ed067bbc8f9c58bb6faa2,1,2026-01-07T07:46:39.000,0.0,false,PACKAGE,2,7,0.8,false,192,1,0.0023133451371054534,0,PACKAGE,.,.,org.apache.tika.detect.microsoft.ooxml,ooxml,7852,container
tika,697d7c047daf1f661a4ed067bbc8f9c58bb6faa2,1,2026-01-07T07:46:39.000,0.0,false,PACKAGE,0,10,1.0,false,132,2,8.684221256323139E-4,0,PACKAGE,.,.,org.apache.tika.parser.warc,warc,20157,container
tika,697d7c047daf1f661a4ed067bbc8f9c58bb6faa2,1,2026-01-07T07:46:39.000,0.0,false,PACKAGE,0,1,1.0,false,72,1,8.684221256323139E-4,0,PACKAGE,.,.,org.apache.tika.parser.ner.mitie,mitie,7885,container
tika,697d7c047daf1f661a4ed067bbc8f9c58bb6faa2,1,2026-01-07T07:46:39.000,0.0,false,PACKAGE,0,8,1.0,false,298,4,8.684221256323139E-4,0,PACKAGE,.,.,org.apache.tika.parser.hwp,hwp,7904,container
tika,697d7c047daf1f661a4ed067bbc8f9c58bb6faa2,1,2026-01-07T07:46:39.000,0.0,false,PACKAGE,0,8,1.0,false,180,3,8.684221256323139E-4,0,PACKAGE,.,.,org.apache.tika.parser.asm,asm,7988,container
tika,697d7c047daf1f661a4ed067bbc8f9c58bb6faa2,1,2026-01-07T07:46:39.000,0.0,false,PACKAGE,0,7,1.0,false,145,4,8.684221256323139E-4,0,PACKAGE,.,.,org.apache.tika.pipes.fetchers.microsoftgraph,microsoftgraph,16195,container
tika,697d7c047daf1f661a4ed067bbc8f9c58bb6faa2,1,2026-01-07T07:46:39.000,0.0,false,PACKAGE,2,12,0.9375,false,1170,7,0.0010823734409355207,0,PACKAGE,.,.,org.apache.tika.parser.microsoft.rtf,rtf,16204,container
tika,697d7c047daf1f661a4ed067bbc8f9c58bb6faa2,1,2026-01-07T07:46:39.000,0.0,false,PACKAGE,0,5,1.0,false,0,2,8.684221256323139E-4,0,PACKAGE,.,.,org.apache.tika.eval,eval,20331,container
tika,697d7c047daf1f661a4ed067bbc8f9c58bb6faa2,1,2026-01-07T07:46:39.000,0.0,false,PACKAGE,0,0,0.0,false,16,1,8.684221256323139E-4,0,PACKAGE,.,.,org.apache.tika.pipes.plugin.gcs,gcs,8051,container
tika,697d7c047daf1f661a4ed067bbc8f9c58bb6faa2,1,2026-01-07T07:46:39.000,0.0,false,PACKAGE,0,10,1.0,false,363,4,8.684221256323139E-4,0,PACKAGE,.,.,org.apache.tika.parser.crypto,crypto,20346,container
tika,697d7c047daf1f661a4ed067bbc8f9c58bb6faa2,1,2026-01-07T07:46:39.000,0.0,false,CONCRETE_CLASS,0,5,0.0,false,34,0,1.8787557434076361E-4,0,CONCRETE_CLASS,/data/tika/tika-parsers/tika-parsers-standard/tika-parsers-standard-modules/tika-parser-pdf-module/src/test/java/org/apache/tika/parser/pdf/PDFMarkedContent2XHTMLTest.java,tika-parsers/tika-parsers-standard/tika-parsers-standard-modules/tika-parser-pdf-module/src/test/java/org/apache/tika/parser/pdf/PDFMarkedContent2XHTMLTest.java,org.apache.tika.parser.pdf.PDFMarkedContent2XHTMLTest,PDFMarkedContent2XHTMLTest,24580,unit
tika,697d7c047daf1f661a4ed067bbc8f9c58bb6faa2,1,2026-01-07T07:46:39.000,0.0,false,CONCRETE_CLASS,2,5,0.0,false,13,0,2.270061276334287E-4,0,CONCRETE_CLASS,/data/tika/tika-pipes/tika-pipes-core/src/main/java/org/apache/tika/pipes/core/pipesiterator/PipesIteratorManager.java,tika-pipes/tika-pipes-core/src/main/java/org/apache/tika/pipes/core/pipesiterator/PipesIteratorManager.java,org.apache.tika.pipes.core.pipesiterator.PipesIteratorManager,PipesIteratorManager,8198,unit
tika,697d7c047daf1f661a4ed067bbc8f9c58bb6faa2,1,2026-01-07T07:46:39.000,0.0,false,CONCRETE_CLASS,1,0,0.0,false,40,0,2.0026380599659724E-4,0,CONCRETE_CLASS,/data/tika/tika-parsers/tika-parsers-ml/tika-parser-nlp-module/src/main/java/org/apache/tika/parser/geo/topic/NameEntityExtractor.java,tika-parsers/tika-parsers-ml/tika-parser-nlp-module/src/main/java/org/apache/tika/parser/geo/topic/NameEntityExtractor.java,org.apache.tika.parser.geo.topic.NameEntityExtractor,NameEntityExtractor,28679,unit
tika,697d7c047daf1f661a4ed067bbc8f9c58bb6faa2,1,2026-01-07T07:46:39.000,0.0,false,CONCRETE_CLASS,0,11,0.0,false,272,0,1.8787557434076361E-4,0,CONCRETE_CLASS,/data/tika/tika-pipes/tika-pipes-integration-tests/src/test/java/org/apache/tika/pipes/core/emitter/EmitterManagerTest.java,tika-pipes/tika-pipes-integration-tests/src/test/java/org/apache/tika/pipes/core/emitter/EmitterManagerTest.java,org.apache.tika.pipes.core.emitter.EmitterManagerTest,EmitterManagerTest,20490,unit
tika,697d7c047daf1f661a4ed067bbc8f9c58bb6faa2,1,2026-01-07T07:46:39.000,0.0,false,CONCRETE_CLASS,0,7,0.0,false,29,0,1.8787557434076361E-4,0,CONCRETE_CLASS,/data/tika/tika-parsers/tika-parsers-standard/tika-parsers-standard-modules/tika-parser-microsoft-module/src/test/java/org/apache/tika/parser/microsoft/chm/TestChmExtractor.java,tika-parsers/tika-parsers-standard/tika-parsers-standard-modules/tika-parser-microsoft-module/src/test/java/org/apache/tika/parser/microsoft/chm/TestChmExtractor.java,org.apache.tika.parser.microsoft.chm.TestChmExtractor,TestChmExtractor,12304,unit
tika,697d7c047daf1f661a4ed067bbc8f9c58bb6faa2,1,2026-01-07T07:46:39.000,0.0,false,CONCRETE_CLASS,0,2,0.0,false,38,0,1.8787557434076361E-4,0,CONCRETE_CLASS,/data/tika/tika-parsers/tika-parsers-standard/tika-parsers-standard-modules/tika-parser-audiovideo-module/src/test/java/org/apache/tika/parser/audio/AudioParserTest.java,tika-parsers/tika-parsers-standard/tika-parsers-standard-modules/tika-parser-audiovideo-module/src/test/java/org/apache/tika/parser/audio/AudioParserTest.java,org.apache.tika.parser.audio.AudioParserTest,AudioParserTest,21,unit
tika,697d7c047daf1f661a4ed067bbc8f9c58bb6faa2,1,2026-01-07T07:46:39.000,0.0,false,CONCRETE_CLASS,677,11,0.0,false,177,0,0.031362398921379424,0,CONCRETE_CLASS,/data/tika/tika-core/src/main/java/org/apache/tika/metadata/Metadata.java,tika-core/src/main/java/org/apache/tika/metadata/Metadata.java,org.apache.tika.metadata.Metadata,Metadata,27,unit
tika,697d7c047daf1f661a4ed067bbc8f9c58bb6faa2,1,2026-01-07T07:46:39.000,0.0,false,CONCRETE_CLASS,0,5,0.0,false,51,0,1.8787557434076361E-4,0,CONCRETE_CLASS,/data/tika/tika-parsers/tika-parsers-standard/tika-parsers-standard-modules/tika-parser-microsoft-module/src/test/java/org/apache/tika/parser/microsoft/chm/TestChmItspHeader.java,tika-parsers/tika-parsers-standard/tika-parsers-standard-modules/tika-parser-microsoft-module/src/test/java/org/apache/tika/parser/microsoft/chm/TestChmItspHeader.java,org.apache.tika.parser.microsoft.chm.TestChmItspHeader,TestChmItspHeader,12322,unit
tika,697d7c047daf1f661a4ed067bbc8f9c58bb6faa2,1,2026-01-07T07:46:39.000,0.0,false,CONCRETE_CLASS,39,15,0.0,false,104,0,0.00265218532843583,0,CONCRETE_CLASS,/data/tika/tika-core/src/main/java/org/apache/tika/Tika.java,tika-core/src/main/java/org/apache/tika/Tika.java,org.apache.tika.Tika,Tika,35,unit
tika,697d7c047daf1f661a4ed067bbc8f9c58bb6faa2,1,2026-01-07T07:46:39.000,0.0,false,CONCRETE_CLASS,1,2,0.0,false,14,0,3.4771010250670304E-4,0,CONCRETE_CLASS,/data/tika/tika-java7/src/main/java/org/apache/tika/filetypedetector/TikaFileTypeDetector.java,tika-java7/src/main/java/org/apache/tika/filetypedetector/TikaFileTypeDetector.java,org.apache.tika.filetypedetector.TikaFileTypeDetector,TikaFileTypeDetector,24611,unit
tika,697d7c047daf1f661a4ed067bbc8f9c58bb6faa2,1,2026-01-07T07:46:39.000,0.0,false,CONCRETE_CLASS,4,1,0.0,false,4,0,4.4784485349353375E-4,0,CONCRETE_CLASS,/data/tika/tika-pipes/tika-httpclient-commons/src/main/java/org/apache/tika/client/TikaClientException.java,tika-pipes/tika-httpclient-commons/src/main/java/org/apache/tika/client/TikaClientException.java,org.apache.tika.client.TikaClientException,TikaClientException,16424,unit
tika,697d7c047daf1f661a4ed067bbc8f9c58bb6faa2,1,2026-01-07T07:46:39.000,0.0,false,CONCRETE_CLASS,0,9,0.0,false,64,0,1.8787557434076361E-4,0,CONCRETE_CLASS,/data/tika/tika-parsers/tika-parsers-standard/tika-parsers-standard-modules/tika-parser-microsoft-module/src/test/java/org/apache/tika/parser/microsoft/libpst/TestLibPstParser.java,tika-parsers/tika-parsers-standard/tika-parsers-standard-modules/tika-parser-microsoft-module/src/test/java/org/apache/tika/parser/microsoft/libpst/TestLibPstParser.java,org.apache.tika.parser.microsoft.libpst.TestLibPstParser,TestLibPstParser,8237,unit
tika,697d7c047daf1f661a4ed067bbc8f9c58bb6faa2,1,2026-01-07T07:46:39.000,0.0,false,CONCRETE_CLASS,0,8,0.0,false,51,0,1.8787557434076361E-4,0,CONCRETE_CLASS,/data/tika/tika-parsers/tika-parsers-standard/tika-parsers-standard-modules/tika-parser-audiovideo-module/src/main/java/org/apache/tika/parser/audio/MidiParser.java,tika-parsers/tika-parsers-standard/tika-parsers-standard-modules/tika-parser-audiovideo-module/src/main/java/org/apache/tika/parser/audio/MidiParser.java,org.apache.tika.parser.audio.MidiParser,MidiParser,46,unit
tika,697d7c047daf1f661a4ed067bbc8f9c58bb6faa2,1,2026-01-07T07:46:39.000,0.0,false,CONCRETE_CLASS,0,1,0.0,false,47,0,1.8787557434076361E-4,0,CONCRETE_CLASS,/data/tika/tika-java7/src/test/java/org/apache/tika/filetypedetector/TikaFileTypeDetectorTest.java,tika-java7/src/test/java/org/apache/tika/filetypedetector/TikaFileTypeDetectorTest.java,org.apache.tika.filetypedetector.TikaFileTypeDetectorTest,TikaFileTypeDetectorTest,24622,unit
tika,697d7c047daf1f661a4ed067bbc8f9c58bb6faa2,1,2026-01-07T07:46:39.000,0.0,false,CONCRETE_CLASS,1,6,0.0,false,148,0,2.446982640845161E-4,0,CONCRETE_CLASS,/data/tika/tika-parsers/tika-parsers-standard/tika-parsers-standard-modules/tika-parser-audiovideo-module/src/main/java/org/apache/tika/parser/mp4/boxes/TikaUserDataBox.java,tika-parsers/tika-parsers-standard/tika-parsers-standard-modules/tika-parser-audiovideo-module/src/main/java/org/apache/tika/parser/mp4/boxes/TikaUserDataBox.java,org.apache.tika.parser.mp4.boxes.TikaUserDataBox,TikaUserDataBox,20531,unit
tika,697d7c047daf1f661a4ed067bbc8f9c58bb6faa2,1,2026-01-07T07:46:39.000,0.0,false,CONCRETE_CLASS,413,8,0.0,false,207,0,0.012747999542227885,0,CONCRETE_CLASS,/data/tika/tika-core/src/main/java/org/apache/tika/io/TikaInputStream.java,tika-core/src/main/java/org/apache/tika/io/TikaInputStream.java,org.apache.tika.io.TikaInputStream,TikaInputStream,52,unit
tika,697d7c047daf1f661a4ed067bbc8f9c58bb6faa2,1,2026-01-07T07:46:39.000,0.0,false,CONCRETE_CLASS,0,1,0.0,false,35,0,1.8787557434076361E-4,0,CONCRETE_CLASS,/data/tika/tika-pipes/tika-httpclient-commons/src/main/java/org/apache/tika/client/HttpClientUtil.java,tika-pipes/tika-httpclient-commons/src/main/java/org/apache/tika/client/HttpClientUtil.java,org.apache.tika.client.HttpClientUtil,HttpClientUtil,16436,unit
tika,697d7c047daf1f661a4ed067bbc8f9c58bb6faa2,1,2026-01-07T07:46:39.000,0.0,false,INTERFACE,5,1,0.0,false,5,0,2.7098266021586854E-4,0,INTERFACE,/data/tika/tika-core/src/main/java/org/apache/tika/metadata/PST.java,tika-core/src/main/java/org/apache/tika/metadata/PST.java,org.apache.tika.metadata.PST,PST,8245,unit
tika,697d7c047daf1f661a4ed067bbc8f9c58bb6faa2,1,2026-01-07T07:46:39.000,0.0,false,CONCRETE_CLASS,2,7,0.0,false,34,0,2.85899127713129E-4,0,CONCRETE_CLASS,/data/tika/tika-parsers/tika-parsers-standard/tika-parsers-standard-modules/tika-parser-microsoft-module/src/main/java/org/apache/tika/parser/microsoft/onenote/fsshttpb/streamobj/StreamObjectHeaderEnd16bit.java,tika-parsers/tika-parsers-standard/tika-parsers-standard-modules/tika-parser-microsoft-module/src/main/java/org/apache/tika/parser/microsoft/onenote/fsshttpb/streamobj/StreamObjectHeaderEnd16bit.java,org.apache.tika.parser.microsoft.onenote.fsshttpb.streamobj.StreamObjectHeaderEnd16bit,StreamObjectHeaderEnd16bit,4154,unit
tika,697d7c047daf1f661a4ed067bbc8f9c58bb6faa2,1,2026-01-07T07:46:39.000,0.0,false,CONCRETE_CLASS,410,0,0.0,false,3,0,0.0373958946773839,0,CONCRETE_CLASS,/data/tika/tika-core/src/main/java/org/apache/tika/exception/TikaException.java,tika-core/src/main/java/org/apache/tika/exception/TikaException.java,org.apache.tika.exception.TikaException,TikaException,60,unit
tika,697d7c047daf1f661a4ed067bbc8f9c58bb6faa2,1,2026-01-07T07:46:39.000,0.0,false,CONCRETE_CLASS,0,1,0.0,false,13,0,1.8787557434076361E-4,0,CONCRETE_CLASS,/data/tika/tika-pipes/tika-pipes-plugins/tika-pipes-file-system/src/test/java/org/apache/tika/pipes/fetcher/fs/config/FileSystemFetcherConfigTest.java,tika-pipes/tika-pipes-plugins/tika-pipes-file-system/src/test/java/org/apache/tika/pipes/fetcher/fs/config/FileSystemFetcherConfigTest.java,org.apache.tika.pipes.fetcher.fs.config.FileSystemFetcherConfigTest,FileSystemFetcherConfigTest,12349,unit
tika,697d7c047daf1f661a4ed067bbc8f9c58bb6faa2,1,2026-01-07T07:46:39.000,0.0,false,CONCRETE_CLASS,1,15,0.0,false,98,0,2.0563496635920132E-4,0,CONCRETE_CLASS,/data/tika/tika-parsers/tika-parsers-standard/tika-parsers-standard-modules/tika-parser-microsoft-module/src/main/java/org/apache/tika/parser/microsoft/libpst/LibPstParser.java,tika-parsers/tika-parsers-standard/tika-parsers-standard-modules/tika-parser-microsoft-module/src/main/java/org/apache/tika/parser/microsoft/libpst/LibPstParser.java,org.apache.tika.parser.microsoft.libpst.LibPstParser,LibPstParser,8256,unit
tika,697d7c047daf1f661a4ed067bbc8f9c58bb6faa2,1,2026-01-07T07:46:39.000,0.0,false,CONCRETE_CLASS,3,1,0.0,false,22,0,3.8605725022494816E-4,0,CONCRETE_CLASS,/data/tika/tika-pipes/tika-pipes-plugins/tika-pipes-file-system/src/main/java/org/apache/tika/pipes/fetcher/fs/FileSystemFetcherConfig.java,tika-pipes/tika-pipes-plugins/tika-pipes-file-system/src/main/java/org/apache/tika/pipes/fetcher/fs/FileSystemFetcherConfig.java,org.apache.tika.pipes.fetcher.fs.FileSystemFetcherConfig,FileSystemFetcherConfig,12355,unit
tika,697d7c047daf1f661a4ed067bbc8f9c58bb6faa2,1,2026-01-07T07:46:39.000,0.0,false,CONCRETE_CLASS,170,3,0.0,false,96,0,0.005372748595513496,0,CONCRETE_CLASS,/data/tika/tika-core/src/main/java/org/apache/tika/sax/XHTMLContentHandler.java,tika-core/src/main/java/org/apache/tika/sax/XHTMLContentHandler.java,org.apache.tika.sax.XHTMLContentHandler,XHTMLContentHandler,69,unit
tika,697d7c047daf1f661a4ed067bbc8f9c58bb6faa2,1,2026-01-07T07:46:39.000,0.0,false,CONCRETE_CLASS,0,10,0.0,false,137,0,1.8787557434076361E-4,0,CONCRETE_CLASS,/data/tika/tika-parsers/tika-parsers-standard/tika-parsers-standard-package/src/test/java/org/apache/tika/parser/pkg/CompositeZipContainerDetectorTest.java,tika-parsers/tika-parsers-standard/tika-parsers-standard-package/src/test/java/org/apache/tika/parser/pkg/CompositeZipContainerDetectorTest.java,org.apache.tika.parser.pkg.CompositeZipContainerDetectorTest,CompositeZipContainerDetectorTest,16453,unit
tika,697d7c047daf1f661a4ed067bbc8f9c58bb6faa2,1,2026-01-07T07:46:39.000,0.0,false,CONCRETE_CLASS,0,1,0.0,false,49,0,1.8787557434076361E-4,0,CONCRETE_CLASS,/data/tika/tika-pipes/tika-pipes-plugins/tika-pipes-file-system/src/test/java/org/apache/tika/pipes/iterator/fs/FileSystemPipesIteratorTest.java,tika-pipes/tika-pipes-plugins/tika-pipes-file-system/src/test/java/org/apache/tika/pipes/iterator/fs/FileSystemPipesIteratorTest.java,org.apache.tika.pipes.iterator.fs.FileSystemPipesIteratorTest,FileSystemPipesIteratorTest,28742,unit
tika,697d7c047daf1f661a4ed067bbc8f9c58bb6faa2,1,2026-01-07T07:46:39.000,0.0,false,INTERFACE,6,2,0.0,false,30,0,2.8388879502597863E-4,0,INTERFACE,/data/tika/tika-core/src/main/java/org/apache/tika/metadata/MAPI.java,tika-core/src/main/java/org/apache/tika/metadata/MAPI.java,org.apache.tika.metadata.MAPI,MAPI,8265,unit
tika,697d7c047daf1f661a4ed067bbc8f9c58bb6faa2,1,2026-01-07T07:46:39.000,0.0,false,CONCRETE_CLASS,1,10,0.0,false,101,0,2.1070907836446924E-4,0,CONCRETE_CLASS,/data/tika/tika-parsers/tika-parsers-standard/tika-parsers-standard-modules/tika-parser-cad-module/src/main/java/org/apache/tika/parser/prt/PRTParser.java,tika-parsers/tika-parsers-standard/tika-parsers-standard-modules/tika-parser-cad-module/src/main/java/org/apache/tika/parser/prt/PRTParser.java,org.apache.tika.parser.prt.PRTParser,PRTParser,20553,unit
tika,697d7c047daf1f661a4ed067bbc8f9c58bb6faa2,1,2026-01-07T07:46:39.000,0.0,false,CONCRETE_CLASS,2,2,0.0,false,27,0,3.6295044940921255E-4,0,CONCRETE_CLASS,/data/tika/tika-pipes/tika-pipes-plugins/tika-pipes-file-system/src/main/java/org/apache/tika/pipes/iterator/fs/FileSystemPipesIteratorConfig.java,tika-pipes/tika-pipes-plugins/tika-pipes-file-system/src/main/java/org/apache/tika/pipes/iterator/fs/FileSystemPipesIteratorConfig.java,org.apache.tika.pipes.iterator.fs.FileSystemPipesIteratorConfig,FileSystemPipesIteratorConfig,28748,unit
tika,697d7c047daf1f661a4ed067bbc8f9c58bb6faa2,1,2026-01-07T07:46:39.000,0.0,false,CONCRETE_CLASS,500,1,0.0,false,47,0,0.017846767782508214,0,CONCRETE_CLASS,/data/tika/tika-core/src/main/java/org/apache/tika/parser/ParseContext.java,tika-core/src/main/java/org/apache/tika/parser/ParseContext.java,org.apache.tika.parser.ParseContext,ParseContext,77,unit
tika,697d7c047daf1f661a4ed067bbc8f9c58bb6faa2,1,2026-01-07T07:46:39.000,0.0,false,INTERFACE,232,6,0.0,false,14,0,0.006000871641699153,0,INTERFACE,/data/tika/tika-core/src/main/java/org/apache/tika/parser/Parser.java,tika-core/src/main/java/org/apache/tika/parser/Parser.java,org.apache.tika.parser.Parser,Parser,85,unit
tika,697d7c047daf1f661a4ed067bbc8f9c58bb6faa2,1,2026-01-07T07:46:39.000,0.0,false,CONCRETE_CLASS,1,10,0.0,false,112,0,1.9494757890637393E-4,0,CONCRETE_CLASS,/data/tika/tika-parsers/tika-parsers-standard/tika-parsers-standard-modules/tika-parser-microsoft-module/src/main/java/org/apache/tika/parser/microsoft/ooxml/xps/XPSExtractorDecorator.java,tika-parsers/tika-parsers-standard/tika-parsers-standard-modules/tika-parser-microsoft-module/src/main/java/org/apache/tika/parser/microsoft/ooxml/xps/XPSExtractorDecorator.java,org.apache.tika.parser.microsoft.ooxml.xps.XPSExtractorDecorator,XPSExtractorDecorator,12373,unit
tika,697d7c047daf1f661a4ed067bbc8f9c58bb6faa2,1,2026-01-07T07:46:39.000,0.0,false,CONCRETE_CLASS,1,0,0.0,false,17,0,1.995386699233619E-4,0,CONCRETE_CLASS,/data/tika/tika-parsers/tika-parsers-standard/tika-parsers-standard-modules/tika-parser-microsoft-module/src/main/java/org/apache/tika/parser/microsoft/libpst/LibPstParserConfig.java,tika-parsers/tika-parsers-standard/tika-parsers-standard-modules/tika-parser-microsoft-module/src/main/java/org/apache/tika/parser/microsoft/libpst/LibPstParserConfig.java,org.apache.tika.parser.microsoft.libpst.LibPstParserConfig,LibPstParserConfig,8278,unit
tika,697d7c047daf1f661a4ed067bbc8f9c58bb6faa2,1,2026-01-07T07:46:39.000,0.0,false,CONCRETE_CLASS,0,5,0.0,false,31,0,1.8787557434076361E-4,0,CONCRETE_CLASS,/data/tika/tika-parsers/tika-parsers-standard/tika-parsers-standard-package/src/test/java/org/apache/tika/parser/pkg/TarParserTest.java,tika-parsers/tika-parsers-standard/tika-parsers-standard-package/src/test/java/org/apache/tika/parser/pkg/TarParserTest.java,org.apache.tika.parser.pkg.TarParserTest,TarParserTest,16474,unit
tika,697d7c047daf1f661a4ed067bbc8f9c58bb6faa2,1,2026-01-07T07:46:39.000,0.0,false,CONCRETE_CLASS,1,9,0.0,false,79,0,2.1070907836446924E-4,0,CONCRETE_CLASS,/data/tika/tika-parsers/tika-parsers-standard/tika-parsers-standard-package/src/test/java/org/apache/tika/parser/XMLTestBase.java,tika-parsers/tika-parsers-standard/tika-parsers-standard-package/src/test/java/org/apache/tika/parser/XMLTestBase.java,org.apache.tika.parser.XMLTestBase,XMLTestBase,24666,unit
tika,697d7c047daf1f661a4ed067bbc8f9c58bb6faa2,1,2026-01-07T07:46:39.000,0.0,false,CONCRETE_CLASS,1,4,0.0,false,262,0,2.0446082303254712E-4,0,CONCRETE_CLASS,/data/tika/tika-parsers/tika-parsers-standard/tika-parsers-standard-modules/tika-parser-microsoft-module/src/main/java/org/apache/tika/parser/microsoft/ooxml/xps/XPSPageContentHandler.java,tika-parsers/tika-parsers-standard/tika-parsers-standard-modules/tika-parser-microsoft-module/src/main/java/org/apache/tika/parser/microsoft/ooxml/xps/XPSPageContentHandler.java,org.apache.tika.parser.microsoft.ooxml.xps.XPSPageContentHandler,XPSPageContentHandler,12379,unit
tika,697d7c047daf1f661a4ed067bbc8f9c58bb6faa2,1,2026-01-07T07:46:39.000,0.0,false,ANNOTATION,178,0,0.0,false,10,0,0.0056424559960226404,0,ANNOTATION,/data/tika/tika-annotation-processor/src/main/java/org/apache/tika/config/TikaComponent.java,tika-annotation-processor/src/main/java/org/apache/tika/config/TikaComponent.java,org.apache.tika.config.TikaComponent,TikaComponent,93,unit
tika,697d7c047daf1f661a4ed067bbc8f9c58bb6faa2,1,2026-01-07T07:46:39.000,0.0,false,CONCRETE_CLASS,0,7,0.0,false,55,0,1.8787557434076361E-4,0,CONCRETE_CLASS,/data/tika/tika-parsers/tika-parsers-standard/tika-parsers-standard-modules/tika-parser-cad-module/src/test/java/org/apache/tika/parser/prt/PRTParserTest.java,tika-parsers/tika-parsers-standard/tika-parsers-standard-modules/tika-parser-cad-module/src/test/java/org/apache/tika/parser/prt/PRTParserTest.java,org.apache.tika.parser.prt.PRTParserTest,PRTParserTest,20574,unit
tika,697d7c047daf1f661a4ed067bbc8f9c58bb6faa2,1,2026-01-07T07:46:39.000,0.0,false,ABSTRACT_CLASS,10,8,0.0,false,58,0,4.674649118673955E-4,0,ABSTRACT_CLASS,/data/tika/tika-parsers/tika-parsers-standard/tika-parsers-standard-modules/tika-parser-pkg-module/src/test/java/org/apache/tika/parser/pkg/AbstractPkgTest.java,tika-parsers/tika-parsers-standard/tika-parsers-standard-modules/tika-parser-pkg-module/src/test/java/org/apache/tika/parser/pkg/AbstractPkgTest.java,org.apache.tika.parser.pkg.AbstractPkgTest,AbstractPkgTest,16484,unit
tika,697d7c047daf1f661a4ed067bbc8f9c58bb6faa2,1,2026-01-07T07:46:39.000,0.0,false,CONCRETE_CLASS,287,0,0.0,false,137,0,0.010925185442044513,0,CONCRETE_CLASS,/data/tika/tika-core/src/main/java/org/apache/tika/mime/MediaType.java,tika-core/src/main/java/org/apache/tika/mime/MediaType.java,org.apache.tika.mime.MediaType,MediaType,101,unit
tika,697d7c047daf1f661a4ed067bbc8f9c58bb6faa2,1,2026-01-07T07:46:39.000,0.0,false,ABSTRACT_CLASS,8,20,0.0,false,277,0,3.430827512463197E-4,0,ABSTRACT_CLASS,/data/tika/tika-parsers/tika-parsers-standard/tika-parsers-standard-modules/tika-parser-microsoft-module/src/main/java/org/apache/tika/parser/microsoft/ooxml/AbstractOOXMLExtractor.java,tika-parsers/tika-parsers-standard/tika-parsers-standard-modules/tika-parser-microsoft-module/src/main/java/org/apache/tika/parser/microsoft/ooxml/AbstractOOXMLExtractor.java,org.apache.tika.parser.microsoft.ooxml.AbstractOOXMLExtractor,AbstractOOXMLExtractor,12391,unit
tika,697d7c047daf1f661a4ed067bbc8f9c58bb6faa2,1,2026-01-07T07:46:39.000,0.0,false,CONCRETE_CLASS,1,7,0.0,false,47,0,1.995386699233619E-4,0,CONCRETE_CLASS,/data/tika/tika-parsers/tika-parsers-standard/tika-parsers-standard-modules/tika-parser-microsoft-module/src/main/java/org/apache/tika/parser/microsoft/libpst/EmailVisitor.java,tika-parsers/tika-parsers-standard/tika-parsers-standard-modules/tika-parser-microsoft-module/src/main/java/org/apache/tika/parser/microsoft/libpst/EmailVisitor.java,org.apache.tika.parser.microsoft.libpst.EmailVisitor,EmailVisitor,8296,unit
tika,697d7c047daf1f661a4ed067bbc8f9c58bb6faa2,1,2026-01-07T07:46:39.000,0.0,false,CONCRETE_CLASS,0,5,0.0,false,18,0,1.8787557434076361E-4,0,CONCRETE_CLASS,/data/tika/tika-parsers/tika-parsers-standard/tika-parsers-standard-modules/tika-parser-pkg-module/src/test/java/org/apache/tika/parser/pkg/ZlibParserTest.java,tika-parsers/tika-parsers-standard/tika-parsers-standard-modules/tika-parser-pkg-module/src/test/java/org/apache/tika/parser/pkg/ZlibParserTest.java,org.apache.tika.parser.pkg.ZlibParserTest,ZlibParserTest,16497,unit
tika,697d7c047daf1f661a4ed067bbc8f9c58bb6faa2,1,2026-01-07T07:46:39.000,0.0,false,CONCRETE_CLASS,0,2,0.0,false,14,0,1.8787557434076361E-4,0,CONCRETE_CLASS,/data/tika/tika-parsers/tika-parsers-standard/tika-parsers-standard-modules/tika-parser-audiovideo-module/src/test/java/org/apache/tika/parser/audio/MidiParserTest.java,tika-parsers/tika-parsers-standard/tika-parsers-standard-modules/tika-parser-audiovideo-module/src/test/java/org/apache/tika/parser/audio/MidiParserTest.java,org.apache.tika.parser.audio.MidiParserTest,MidiParserTest,114,unit
tika,697d7c047daf1f661a4ed067bbc8f9c58bb6faa2,1,2026-01-07T07:46:39.000,0.0,false,CONCRETE_CLASS,0,4,0.0,false,12,0,1.8787557434076361E-4,0,CONCRETE_CLASS,/data/tika/tika-pipes/tika-pipes-plugins/tika-pipes-file-system/src/main/java/org/apache/tika/pipes/iterator/fs/FileSystemPipesIteratorFactory.java,tika-pipes/tika-pipes-plugins/tika-pipes-file-system/src/main/java/org/apache/tika/pipes/iterator/fs/FileSystemPipesIteratorFactory.java,org.apache.tika.pipes.iterator.fs.FileSystemPipesIteratorFactory,FileSystemPipesIteratorFactory,28787,unit
tika,697d7c047daf1f661a4ed067bbc8f9c58bb6faa2,1,2026-01-07T07:46:39.000,0.0,false,CONCRETE_CLASS,1,1,0.0,false,40,0,2.1550529255785493E-4,0,CONCRETE_CLASS,/data/tika/tika-pipes/tika-pipes-plugins/tika-pipes-jdbc/src/main/java/org/apache/tika/pipes/emitter/jdbc/JDBCEmitterConfig.java,tika-pipes/tika-pipes-plugins/tika-pipes-jdbc/src/main/java/org/apache/tika/pipes/emitter/jdbc/JDBCEmitterConfig.java,org.apache.tika.pipes.emitter.jdbc.JDBCEmitterConfig,JDBCEmitterConfig,20599,unit
tika,697d7c047daf1f661a4ed067bbc8f9c58bb6faa2,1,2026-01-07T07:46:39.000,0.0,false,CONCRETE_CLASS,1,6,0.0,false,32,0,2.0505498463597056E-4,0,CONCRETE_CLASS,/data/tika/tika-parsers/tika-parsers-standard/tika-parsers-standard-modules/tika-parser-microsoft-module/src/main/java/org/apache/tika/parser/microsoft/onenote/fsshttpb/streamobj/DataHashObject.java,tika-parsers/tika-parsers-standard/tika-parsers-standard-modules/tika-parser-microsoft-module/src/main/java/org/apache/tika/parser/microsoft/onenote/fsshttpb/streamobj/DataHashObject.java,org.apache.tika.parser.microsoft.onenote.fsshttpb.streamobj.DataHashObject,DataHashObject,4217,unit
tika,697d7c047daf1f661a4ed067bbc8f9c58bb6faa2,1,2026-01-07T07:46:39.000,0.0,false,CONCRETE_CLASS,0,10,0.0,false,70,0,1.8787557434076361E-4,0,CONCRETE_CLASS,/data/tika/tika-parsers/tika-parsers-standard/tika-parsers-standard-modules/tika-parser-audiovideo-module/src/main/java/org/apache/tika/parser/audio/AudioParser.java,tika-parsers/tika-parsers-standard/tika-parsers-standard-modules/tika-parser-audiovideo-module/src/main/java/org/apache/tika/parser/audio/AudioParser.java,org.apache.tika.parser.audio.AudioParser,AudioParser,125,unit
tika,697d7c047daf1f661a4ed067bbc8f9c58bb6faa2,1,2026-01-07T07:46:39.000,0.0,false,CONCRETE_CLASS,0,4,0.0,false,90,0,1.8787557434076361E-4,0,CONCRETE_CLASS,/data/tika/tika-parsers/tika-parsers-standard/tika-parsers-standard-modules/tika-parser-microsoft-module/src/test/java/org/apache/tika/parser/microsoft/ooxml/xps/XPSParserTest.java,tika-parsers/tika-parsers-standard/tika-parsers-standard-modules/tika-parser-microsoft-module/src/test/java/org/apache/tika/parser/microsoft/ooxml/xps/XPSParserTest.java,org.apache.tika.parser.microsoft.ooxml.xps.XPSParserTest,XPSParserTest,12415,unit
tika,697d7c047daf1f661a4ed067bbc8f9c58bb6faa2,1,2026-01-07T07:46:39.000,0.0,false,CONCRETE_CLASS,0,6,0.0,false,21,0,1.8787557434076361E-4,0,CONCRETE_CLASS,/data/tika/tika-parsers/tika-parsers-standard/tika-parsers-standard-package/src/test/java/org/apache/tika/parser/pkg/UnrarParserTest.java,tika-parsers/tika-parsers-standard/tika-parsers-standard-package/src/test/java/org/apache/tika/parser/pkg/UnrarParserTest.java,org.apache.tika.parser.pkg.UnrarParserTest,UnrarParserTest,16513,unit
tika,697d7c047daf1f661a4ed067bbc8f9c58bb6faa2,1,2026-01-07T07:46:39.000,0.0,false,CONCRETE_CLASS,2,8,0.0,false,228,0,2.5980111201543636E-4,0,CONCRETE_CLASS,/data/tika/tika-pipes/tika-pipes-plugins/tika-pipes-jdbc/src/main/java/org/apache/tika/pipes/emitter/jdbc/JDBCEmitter.java,tika-pipes/tika-pipes-plugins/tika-pipes-jdbc/src/main/java/org/apache/tika/pipes/emitter/jdbc/JDBCEmitter.java,org.apache.tika.pipes.emitter.jdbc.JDBCEmitter,JDBCEmitter,20609,unit
tika,697d7c047daf1f661a4ed067bbc8f9c58bb6faa2,1,2026-01-07T07:46:39.000,0.0,false,INTERFACE,13,2,0.0,false,81,0,4.329071826555454E-4,0,INTERFACE,/data/tika/tika-core/src/main/java/org/apache/tika/metadata/XMPDM.java,tika-core/src/main/java/org/apache/tika/metadata/XMPDM.java,org.apache.tika.metadata.XMPDM,XMPDM,131,unit
tika,697d7c047daf1f661a4ed067bbc8f9c58bb6faa2,1,2026-01-07T07:46:39.000,0.0,false,CONCRETE_CLASS,2,11,0.0,false,61,0,2.518093856071394E-4,0,CONCRETE_CLASS,/data/tika/tika-pipes/tika-pipes-plugins/tika-pipes-microsoft-graph/src/main/java/org/apache/tika/pipes/fetchers/microsoftgraph/MicrosoftGraphFetcher.java,tika-pipes/tika-pipes-plugins/tika-pipes-microsoft-graph/src/main/java/org/apache/tika/pipes/fetchers/microsoftgraph/MicrosoftGraphFetcher.java,org.apache.tika.pipes.fetchers.microsoftgraph.MicrosoftGraphFetcher,MicrosoftGraphFetcher,28805,unit
tika,697d7c047daf1f661a4ed067bbc8f9c58bb6faa2,1,2026-01-07T07:46:39.000,0.0,false,CONCRETE_CLASS,0,2,0.0,false,7,0,1.8787557434076361E-4,0,CONCRETE_CLASS,/data/tika/tika-parsers/tika-parsers-standard/tika-parsers-standard-package/src/test/java/org/apache/tika/ossfuzz/OssFuzzReplicator.java,tika-parsers/tika-parsers-standard/tika-parsers-standard-package/src/test/java/org/apache/tika/ossfuzz/OssFuzzReplicator.java,org.apache.tika.ossfuzz.OssFuzzReplicator,OssFuzzReplicator,8333,unit
tika,697d7c047daf1f661a4ed067bbc8f9c58bb6faa2,1,2026-01-07T07:46:39.000,0.0,false,CONCRETE_CLASS,2,0,0.0,false,27,0,2.1111537774530056E-4,0,CONCRETE_CLASS,/data/tika/tika-parsers/tika-parsers-standard/tika-parsers-standard-modules/tika-parser-microsoft-module/src/main/java/org/apache/tika/parser/microsoft/ooxml/xps/XPSTextExtractor.java,tika-parsers/tika-parsers-standard/tika-parsers-standard-modules/tika-parser-microsoft-module/src/main/java/org/apache/tika/parser/microsoft/ooxml/xps/XPSTextExtractor.java,org.apache.tika.parser.microsoft.ooxml.xps.XPSTextExtractor,XPSTextExtractor,12430,unit
tika,697d7c047daf1f661a4ed067bbc8f9c58bb6faa2,1,2026-01-07T07:46:39.000,0.0,false,INTERFACE,311,7,0.0,false,96,0,0.019663674038333925,0,INTERFACE,/data/tika/tika-core/src/main/java/org/apache/tika/metadata/TikaCoreProperties.java,tika-core/src/main/java/org/apache/tika/metadata/TikaCoreProperties.java,org.apache.tika.metadata.TikaCoreProperties,TikaCoreProperties,143,unit
tika,697d7c047daf1f661a4ed067bbc8f9c58bb6faa2,1,2026-01-07T07:46:39.000,0.0,false,CONCRETE_CLASS,0,5,0.0,false,31,0,1.8787557434076361E-4,0,CONCRETE_CLASS,/data/tika/tika-parsers/tika-parsers-standard/tika-parsers-standard-modules/tika-parser-pkg-module/src/test/java/org/apache/tika/parser/pkg/ArParserTest.java,tika-parsers/tika-parsers-standard/tika-parsers-standard-modules/tika-parser-pkg-module/src/test/java/org/apache/tika/parser/pkg/ArParserTest.java,org.apache.tika.parser.pkg.ArParserTest,ArParserTest,16530,unit
tika,697d7c047daf1f661a4ed067bbc8f9c58bb6faa2,1,2026-01-07T07:46:39.000,0.0,false,CONCRETE_CLASS,1,8,0.0,false,26,0,2.677928384237333E-4,0,CONCRETE_CLASS,/data/tika/tika-parsers/tika-parsers-standard/tika-parsers-standard-package/src/test/java/org/apache/tika/ossfuzz/ParserFuzzer.java,tika-parsers/tika-parsers-standard/tika-parsers-standard-package/src/test/java/org/apache/tika/ossfuzz/ParserFuzzer.java,org.apache.tika.ossfuzz.ParserFuzzer,ParserFuzzer,8340,unit
tika,697d7c047daf1f661a4ed067bbc8f9c58bb6faa2,1,2026-01-07T07:46:39.000,0.0,false,CONCRETE_CLASS,0,5,0.0,false,13,0,1.8787557434076361E-4,0,CONCRETE_CLASS,/data/tika/tika-pipes/tika-pipes-plugins/tika-pipes-jdbc/src/main/java/org/apache/tika/pipes/emitter/jdbc/JDBCEmitterFactory.java,tika-pipes/tika-pipes-plugins/tika-pipes-jdbc/src/main/java/org/apache/tika/pipes/emitter/jdbc/JDBCEmitterFactory.java,org.apache.tika.pipes.emitter.jdbc.JDBCEmitterFactory,JDBCEmitterFactory,20628,unit
tika,697d7c047daf1f661a4ed067bbc8f9c58bb6faa2,1,2026-01-07T07:46:39.000,0.0,false,CONCRETE_CLASS,2,0,0.0,false,14,0,2.3978250443148548E-4,0,CONCRETE_CLASS,/data/tika/tika-core/src/main/java/org/apache/tika/parser/RegexCaptureParserConfig.java,tika-core/src/main/java/org/apache/tika/parser/RegexCaptureParserConfig.java,org.apache.tika.parser.RegexCaptureParserConfig,RegexCaptureParserConfig,24728,unit
tika,697d7c047daf1f661a4ed067bbc8f9c58bb6faa2,1,2026-01-07T07:46:39.000,0.0,false,CONCRETE_CLASS,0,5,0.0,false,13,0,1.8787557434076361E-4,0,CONCRETE_CLASS,/data/tika/tika-pipes/tika-pipes-plugins/tika-pipes-microsoft-graph/src/main/java/org/apache/tika/pipes/fetchers/microsoftgraph/MicrosoftGraphFetcherFactory.java,tika-pipes/tika-pipes-plugins/tika-pipes-microsoft-graph/src/main/java/org/apache/tika/pipes/fetchers/microsoftgraph/MicrosoftGraphFetcherFactory.java,org.apache.tika.pipes.fetchers.microsoftgraph.MicrosoftGraphFetcherFactory,MicrosoftGraphFetcherFactory,28829,unit
tika,697d7c047daf1f661a4ed067bbc8f9c58bb6faa2,1,2026-01-07T07:46:39.000,0.0,false,CONCRETE_CLASS,0,1,0.0,false,13,0,1.8787557434076361E-4,0,CONCRETE_CLASS,/data/tika/tika-translate/src/test/java/org/apache/tika/language/translate/impl/JoshuaNetworkTranslatorTest.java,tika-translate/src/test/java/org/apache/tika/language/translate/impl/JoshuaNetworkTranslatorTest.java,org.apache.tika.language.translate.impl.JoshuaNetworkTranslatorTest,JoshuaNetworkTranslatorTest,12446,unit
tika,697d7c047daf1f661a4ed067bbc8f9c58bb6faa2,1,2026-01-07T07:46:39.000,0.0,false,CONCRETE_CLASS,0,5,0.0,false,67,0,1.8787557434076361E-4,0,CONCRETE_CLASS,/data/tika/tika-parsers/tika-parsers-standard/tika-parsers-standard-package/src/test/java/org/apache/tika/parser/ParsingReaderTest.java,tika-parsers/tika-parsers-standard/tika-parsers-standard-package/src/test/java/org/apache/tika/parser/ParsingReaderTest.java,org.apache.tika.parser.ParsingReaderTest,ParsingReaderTest,24737,unit
tika,697d7c047daf1f661a4ed067bbc8f9c58bb6faa2,1,2026-01-07T07:46:39.000,0.0,false,CONCRETE_CLASS,0,6,0.0,false,36,0,1.8787557434076361E-4,0,CONCRETE_CLASS,/data/tika/tika-parsers/tika-parsers-standard/tika-parsers-standard-package/src/test/java/org/apache/tika/parser/pkg/CompressParserTest.java,tika-parsers/tika-parsers-standard/tika-parsers-standard-package/src/test/java/org/apache/tika/parser/pkg/CompressParserTest.java,org.apache.tika.parser.pkg.CompressParserTest,CompressParserTest,16546,unit
tika,697d7c047daf1f661a4ed067bbc8f9c58bb6faa2,1,2026-01-07T07:46:39.000,0.0,false,CONCRETE_CLASS,1,3,0.0,false,89,0,3.4771010250670304E-4,0,CONCRETE_CLASS,/data/tika/tika-translate/src/main/java/org/apache/tika/language/translate/impl/JoshuaNetworkTranslator.java,tika-translate/src/main/java/org/apache/tika/language/translate/impl/JoshuaNetworkTranslator.java,org.apache.tika.language.translate.impl.JoshuaNetworkTranslator,JoshuaNetworkTranslator,12452,unit
tika,697d7c047daf1f661a4ed067bbc8f9c58bb6faa2,1,2026-01-07T07:46:39.000,0.0,false,CONCRETE_CLASS,0,4,0.0,false,217,0,1.8787557434076361E-4,0,CONCRETE_CLASS,/data/tika/tika-pipes/tika-pipes-plugins/tika-pipes-jdbc/src/test/java/org/apache/tika/pipes/emitter/jdbc/JDBCEmitterTest.java,tika-pipes/tika-pipes-plugins/tika-pipes-jdbc/src/test/java/org/apache/tika/pipes/emitter/jdbc/JDBCEmitterTest.java,org.apache.tika.pipes.emitter.jdbc.JDBCEmitterTest,JDBCEmitterTest,20644,unit
tika,697d7c047daf1f661a4ed067bbc8f9c58bb6faa2,1,2026-01-07T07:46:39.000,0.0,false,CONCRETE_CLASS,1,10,0.0,false,56,0,2.1070907836446924E-4,0,CONCRETE_CLASS,/data/tika/tika-parsers/tika-parsers-extended/tika-parser-scientific-module/src/main/java/org/apache/tika/parser/netcdf/NetCDFParser.java,tika-parsers/tika-parsers-extended/tika-parser-scientific-module/src/main/java/org/apache/tika/parser/netcdf/NetCDFParser.java,org.apache.tika.parser.netcdf.NetCDFParser,NetCDFParser,167,unit
tika,697d7c047daf1f661a4ed067bbc8f9c58bb6faa2,1,2026-01-07T07:46:39.000,0.0,false,CONCRETE_CLASS,0,5,0.0,false,71,0,1.8787557434076361E-4,0,CONCRETE_CLASS,/data/tika/tika-pipes/tika-pipes-plugins/tika-pipes-microsoft-graph/src/test/java/org/apache/tika/pipes/fetchers/microsoftgraph/MicrosoftGraphFetcherTest.java,tika-pipes/tika-pipes-plugins/tika-pipes-microsoft-graph/src/test/java/org/apache/tika/pipes/fetchers/microsoftgraph/MicrosoftGraphFetcherTest.java,org.apache.tika.pipes.fetchers.microsoftgraph.MicrosoftGraphFetcherTest,MicrosoftGraphFetcherTest,28845,unit
tika,697d7c047daf1f661a4ed067bbc8f9c58bb6faa2,1,2026-01-07T07:46:39.000,0.0,false,CONCRETE_CLASS,1,3,0.0,false,53,0,3.4771010250670304E-4,0,CONCRETE_CLASS,/data/tika/tika-translate/src/main/java/org/apache/tika/language/translate/impl/Lingo24Translator.java,tika-translate/src/main/java/org/apache/tika/language/translate/impl/Lingo24Translator.java,org.apache.tika.language.translate.impl.Lingo24Translator,Lingo24Translator,12463,unit
tika,697d7c047daf1f661a4ed067bbc8f9c58bb6faa2,1,2026-01-07T07:46:39.000,0.0,false,CONCRETE_CLASS,3,5,0.0,false,52,0,2.508141472831764E-4,0,CONCRETE_CLASS,/data/tika/tika-parsers/tika-parsers-standard/tika-parsers-standard-modules/tika-parser-digest-commons/src/main/java/org/apache/tika/parser/digestutils/CommonsDigester.java,tika-parsers/tika-parsers-standard/tika-parsers-standard-modules/tika-parser-digest-commons/src/main/java/org/apache/tika/parser/digestutils/CommonsDigester.java,org.apache.tika.parser.digestutils.CommonsDigester,CommonsDigester,8369,unit
tika,697d7c047daf1f661a4ed067bbc8f9c58bb6faa2,1,2026-01-07T07:46:39.000,0.0,false,CONCRETE_CLASS,0,25,0.0,false,272,0,1.8787557434076361E-4,0,CONCRETE_CLASS,/data/tika/tika-parsers/tika-parsers-standard/tika-parsers-standard-package/src/test/java/org/apache/tika/parser/AutoDetectParserTest.java,tika-parsers/tika-parsers-standard/tika-parsers-standard-package/src/test/java/org/apache/tika/parser/AutoDetectParserTest.java,org.apache.tika.parser.AutoDetectParserTest,AutoDetectParserTest,24753,unit
tika,697d7c047daf1f661a4ed067bbc8f9c58bb6faa2,1,2026-01-07T07:46:39.000,0.0,false,CONCRETE_CLASS,0,14,0.0,false,49,0,1.8787557434076361E-4,0,CONCRETE_CLASS,/data/tika/tika-parsers/tika-parsers-standard/tika-parsers-standard-modules/tika-parser-pkg-module/src/main/java/org/apache/tika/parser/pkg/RarParser.java,tika-parsers/tika-parsers-standard/tika-parsers-standard-modules/tika-parser-pkg-module/src/main/java/org/apache/tika/parser/pkg/RarParser.java,org.apache.tika.parser.pkg.RarParser,RarParser,16563,unit
tika,697d7c047daf1f661a4ed067bbc8f9c58bb6faa2,1,2026-01-07T07:46:39.000,0.0,false,CONCRETE_CLASS,107,1,0.0,false,99,0,0.09159583006688321,0,CONCRETE_CLASS,/data/tika/tika-core/src/main/java/org/apache/tika/metadata/Property.java,tika-core/src/main/java/org/apache/tika/metadata/Property.java,org.apache.tika.metadata.Property,Property,181,unit
tika,697d7c047daf1f661a4ed067bbc8f9c58bb6faa2,1,2026-01-07T07:46:39.000,0.0,false,INTERFACE,4,0,0.0,false,2,0,3.3638371012000153E-4,0,INTERFACE,/data/tika/tika-core/src/main/java/org/apache/tika/digest/Encoder.java,tika-core/src/main/java/org/apache/tika/digest/Encoder.java,org.apache.tika.digest.Encoder,Encoder,8375,unit
tika,697d7c047daf1f661a4ed067bbc8f9c58bb6faa2,1,2026-01-07T07:46:39.000,0.0,false,ABSTRACT_CLASS,7,4,0.0,false,8,0,8.577397327857231E-4,0,ABSTRACT_CLASS,/data/tika/tika-translate/src/main/java/org/apache/tika/language/translate/impl/AbstractTranslator.java,tika-translate/src/main/java/org/apache/tika/language/translate/impl/AbstractTranslator.java,org.apache.tika.language.translate.impl.AbstractTranslator,AbstractTranslator,12471,unit
tika,697d7c047daf1f661a4ed067bbc8f9c58bb6faa2,1,2026-01-07T07:46:39.000,0.0,false,CONCRETE_CLASS,3,7,0.0,false,58,0,2.9992838939619295E-4,0,CONCRETE_CLASS,/data/tika/tika-core/src/main/java/org/apache/tika/digest/InputStreamDigester.java,tika-core/src/main/java/org/apache/tika/digest/InputStreamDigester.java,org.apache.tika.digest.InputStreamDigester,InputStreamDigester,8383,unit
tika,697d7c047daf1f661a4ed067bbc8f9c58bb6faa2,1,2026-01-07T07:46:39.000,0.0,false,CONCRETE_CLASS,0,7,0.0,false,31,0,1.8787557434076361E-4,0,CONCRETE_CLASS,/data/tika/tika-parsers/tika-parsers-extended/tika-parser-scientific-module/src/test/java/org/apache/tika/parser/netcdf/NetCDFParserTest.java,tika-parsers/tika-parsers-extended/tika-parser-scientific-module/src/test/java/org/apache/tika/parser/netcdf/NetCDFParserTest.java,org.apache.tika.parser.netcdf.NetCDFParserTest,NetCDFParserTest,195,unit
tika,697d7c047daf1f661a4ed067bbc8f9c58bb6faa2,1,2026-01-07T07:46:39.000,0.0,false,CONCRETE_CLASS,1,3,0.0,false,46,0,3.4771010250670304E-4,0,CONCRETE_CLASS,/data/tika/tika-translate/src/main/java/org/apache/tika/language/translate/impl/MosesTranslator.java,tika-translate/src/main/java/org/apache/tika/language/translate/impl/MosesTranslator.java,org.apache.tika.language.translate.impl.MosesTranslator,MosesTranslator,12484,unit
tika,697d7c047daf1f661a4ed067bbc8f9c58bb6faa2,1,2026-01-07T07:46:39.000,0.0,false,CONCRETE_CLASS,2,16,0.0,false,262,0,2.312592319858043E-4,0,CONCRETE_CLASS,/data/tika/tika-parsers/tika-parsers-standard/tika-parsers-standard-modules/tika-parser-pkg-module/src/main/java/org/apache/tika/parser/pkg/PackageParser.java,tika-parsers/tika-parsers-standard/tika-parsers-standard-modules/tika-parser-pkg-module/src/main/java/org/apache/tika/parser/pkg/PackageParser.java,org.apache.tika.parser.pkg.PackageParser,PackageParser,16582,unit
tika,697d7c047daf1f661a4ed067bbc8f9c58bb6faa2,1,2026-01-07T07:46:39.000,0.0,false,CONCRETE_CLASS,6,1,0.0,false,34,0,3.628669623386057E-4,0,CONCRETE_CLASS,/data/tika/tika-core/src/main/java/org/apache/tika/digest/DigestDef.java,tika-core/src/main/java/org/apache/tika/digest/DigestDef.java,org.apache.tika.digest.DigestDef,DigestDef,8391,unit
tika,697d7c047daf1f661a4ed067bbc8f9c58bb6faa2,1,2026-01-07T07:46:39.000,0.0,false,CONCRETE_CLASS,95,6,0.0,false,14,0,0.002529707542443409,0,CONCRETE_CLASS,/data/tika/tika-core/src/main/java/org/apache/tika/sax/BodyContentHandler.java,tika-core/src/main/java/org/apache/tika/sax/BodyContentHandler.java,org.apache.tika.sax.BodyContentHandler,BodyContentHandler,201,unit
tika,697d7c047daf1f661a4ed067bbc8f9c58bb6faa2,1,2026-01-07T07:46:39.000,0.0,false,ABSTRACT_CLASS,1,2,0.0,false,27,0,2.8648946711518124E-4,0,ABSTRACT_CLASS,/data/tika/tika-translate/src/main/java/org/apache/tika/language/translate/impl/ExternalTranslator.java,tika-translate/src/main/java/org/apache/tika/language/translate/impl/ExternalTranslator.java,org.apache.tika.language.translate.impl.ExternalTranslator,ExternalTranslator,12492,unit
tika,697d7c047daf1f661a4ed067bbc8f9c58bb6faa2,1,2026-01-07T07:46:39.000,0.0,false,CONCRETE_CLASS,2,4,0.0,false,9,0,2.6796148376300507E-4,0,CONCRETE_CLASS,/data/tika/tika-core/src/main/java/org/apache/tika/digest/CompositeDigester.java,tika-core/src/main/java/org/apache/tika/digest/CompositeDigester.java,org.apache.tika.digest.CompositeDigester,CompositeDigester,8399,unit
tika,697d7c047daf1f661a4ed067bbc8f9c58bb6faa2,1,2026-01-07T07:46:39.000,0.0,false,CONCRETE_CLASS,0,5,0.0,false,31,0,1.8787557434076361E-4,0,CONCRETE_CLASS,/data/tika/tika-parsers/tika-parsers-standard/tika-parsers-standard-package/src/test/java/org/apache/tika/parser/pkg/Bzip2ParserTest.java,tika-parsers/tika-parsers-standard/tika-parsers-standard-package/src/test/java/org/apache/tika/parser/pkg/Bzip2ParserTest.java,org.apache.tika.parser.pkg.Bzip2ParserTest,Bzip2ParserTest,16595,unit
tika,697d7c047daf1f661a4ed067bbc8f9c58bb6faa2,1,2026-01-07T07:46:39.000,0.0,false,CONCRETE_CLASS,0,8,0.0,false,109,0,1.8787557434076361E-4,0,CONCRETE_CLASS,/data/tika/tika-parsers/tika-parsers-standard/tika-parsers-standard-modules/tika-parser-audiovideo-module/src/main/java/org/apache/tika/parser/video/FLVParser.java,tika-parsers/tika-parsers-standard/tika-parsers-standard-modules/tika-parser-audiovideo-module/src/main/java/org/apache/tika/parser/video/FLVParser.java,org.apache.tika.parser.video.FLVParser,FLVParser,28884,unit
tika,697d7c047daf1f661a4ed067bbc8f9c58bb6faa2,1,2026-01-07T07:46:39.000,0.0,false,INTERFACE,13,3,0.0,false,6,0,8.354620231227467E-4,0,INTERFACE,/data/tika/tika-core/src/main/java/org/apache/tika/digest/Digester.java,tika-core/src/main/java/org/apache/tika/digest/Digester.java,org.apache.tika.digest.Digester,Digester,8407,unit
tika,697d7c047daf1f661a4ed067bbc8f9c58bb6faa2,1,2026-01-07T07:46:39.000,0.0,false,INTERFACE,11,2,0.0,false,8,0,0.0011723495343894206,0,INTERFACE,/data/tika/tika-core/src/main/java/org/apache/tika/language/translate/Translator.java,tika-core/src/main/java/org/apache/tika/language/translate/Translator.java,org.apache.tika.language.translate.Translator,Translator,12505,unit
tika,697d7c047daf1f661a4ed067bbc8f9c58bb6faa2,1,2026-01-07T07:46:39.000,0.0,false,CONCRETE_CLASS,1,5,0.0,false,40,0,2.145146623684202E-4,0,CONCRETE_CLASS,/data/tika/tika-parsers/tika-parsers-standard/tika-parsers-standard-modules/tika-parser-text-module/src/main/java/org/apache/tika/parser/txt/BOMDetector.java,tika-parsers/tika-parsers-standard/tika-parsers-standard-modules/tika-parser-text-module/src/main/java/org/apache/tika/parser/txt/BOMDetector.java,org.apache.tika.parser.txt.BOMDetector,BOMDetector,20703,unit
tika,697d7c047daf1f661a4ed067bbc8f9c58bb6faa2,1,2026-01-07T07:46:39.000,0.0,false,CONCRETE_CLASS,0,13,0.0,false,274,0,1.8787557434076361E-4,0,CONCRETE_CLASS,/data/tika/tika-parsers/tika-parsers-standard/tika-parsers-standard-package/src/test/java/org/apache/tika/parser/RecursiveParserWrapperTest.java,tika-parsers/tika-parsers-standard/tika-parsers-standard-package/src/test/java/org/apache/tika/parser/RecursiveParserWrapperTest.java,org.apache.tika.parser.RecursiveParserWrapperTest,RecursiveParserWrapperTest,24800,unit
tika,697d7c047daf1f661a4ed067bbc8f9c58bb6faa2,1,2026-01-07T07:46:39.000,0.0,false,CONCRETE_CLASS,0,1,0.0,false,3,0,1.8787557434076361E-4,0,CONCRETE_CLASS,/data/tika/tika-pipes/tika-pipes-core/src/main/java/org/apache/tika/pipes/core/fetcher/FetcherStringException.java,tika-pipes/tika-pipes-core/src/main/java/org/apache/tika/pipes/core/fetcher/FetcherStringException.java,org.apache.tika.pipes.core.fetcher.FetcherStringException,FetcherStringException,225,unit
tika,697d7c047daf1f661a4ed067bbc8f9c58bb6faa2,1,2026-01-07T07:46:39.000,0.0,false,CONCRETE_CLASS,8,5,0.0,false,96,0,6.747134714254107E-4,0,CONCRETE_CLASS,/data/tika/tika-langdetect/tika-langdetect-optimaize/src/main/java/org/apache/tika/langdetect/optimaize/OptimaizeLangDetector.java,tika-langdetect/tika-langdetect-optimaize/src/main/java/org/apache/tika/langdetect/optimaize/OptimaizeLangDetector.java,org.apache.tika.langdetect.optimaize.OptimaizeLangDetector,OptimaizeLangDetector,12514,unit
tika,697d7c047daf1f661a4ed067bbc8f9c58bb6faa2,1,2026-01-07T07:46:39.000,0.0,false,INTERFACE,1,1,0.0,false,3,0,1.972776054093483E-4,0,INTERFACE,/data/tika/tika-parsers/tika-parsers-standard/tika-parsers-standard-modules/tika-parser-pkg-module/src/main/java/org/apache/tika/parser/pkg/CompressorParserOptions.java,tika-parsers/tika-parsers-standard/tika-parsers-standard-modules/tika-parser-pkg-module/src/main/java/org/apache/tika/parser/pkg/CompressorParserOptions.java,org.apache.tika.parser.pkg.CompressorParserOptions,CompressorParserOptions,16611,unit
tika,697d7c047daf1f661a4ed067bbc8f9c58bb6faa2,1,2026-01-07T07:46:39.000,0.0,false,CONCRETE_CLASS,1,5,0.0,false,53,0,2.198424799739515E-4,0,CONCRETE_CLASS,/data/tika/tika-parsers/tika-parsers-standard/tika-parsers-standard-modules/tika-parser-digest-commons/src/main/java/org/apache/tika/parser/digestutils/BouncyCastleDigester.java,tika-parsers/tika-parsers-standard/tika-parsers-standard-modules/tika-parser-digest-commons/src/main/java/org/apache/tika/parser/digestutils/BouncyCastleDigester.java,org.apache.tika.parser.digestutils.BouncyCastleDigester,BouncyCastleDigester,8420,unit
tika,697d7c047daf1f661a4ed067bbc8f9c58bb6faa2,1,2026-01-07T07:46:39.000,0.0,false,CONCRETE_CLASS,0,2,0.0,false,17,0,1.8787557434076361E-4,0,CONCRETE_CLASS,/data/tika/tika-parsers/tika-parsers-standard/tika-parsers-standard-modules/tika-parser-audiovideo-module/src/test/java/org/apache/tika/parser/video/FLVParserTest.java,tika-parsers/tika-parsers-standard/tika-parsers-standard-modules/tika-parser-audiovideo-module/src/test/java/org/apache/tika/parser/video/FLVParserTest.java,org.apache.tika.parser.video.FLVParserTest,FLVParserTest,28903,unit
tika,697d7c047daf1f661a4ed067bbc8f9c58bb6faa2,1,2026-01-07T07:46:39.000,0.0,false,CONCRETE_CLASS,12,9,0.0,false,46,0,3.4014882617527595E-4,0,CONCRETE_CLASS,/data/tika/tika-pipes/tika-pipes-core/src/main/java/org/apache/tika/pipes/core/fetcher/FetcherManager.java,tika-pipes/tika-pipes-core/src/main/java/org/apache/tika/pipes/core/fetcher/FetcherManager.java,org.apache.tika.pipes.core.fetcher.FetcherManager,FetcherManager,237,unit
tika,697d7c047daf1f661a4ed067bbc8f9c58bb6faa2,1,2026-01-07T07:46:39.000,0.0,false,CONCRETE_CLASS,0,17,0.0,false,136,0,1.8787557434076361E-4,0,CONCRETE_CLASS,/data/tika/tika-parsers/tika-parsers-standard/tika-parsers-standard-modules/tika-parser-pkg-module/src/main/java/org/apache/tika/parser/pkg/CompressorParser.java,tika-parsers/tika-parsers-standard/tika-parsers-standard-modules/tika-parser-pkg-module/src/main/java/org/apache/tika/parser/pkg/CompressorParser.java,org.apache.tika.parser.pkg.CompressorParser,CompressorParser,16621,unit
tika,697d7c047daf1f661a4ed067bbc8f9c58bb6faa2,1,2026-01-07T07:46:39.000,0.0,false,CONCRETE_CLASS,10,2,0.0,false,62,0,0.0023602456117544474,0,CONCRETE_CLASS,/data/tika/tika-parsers/tika-parsers-standard/tika-parsers-standard-modules/tika-parser-text-module/src/main/java/org/apache/tika/parser/txt/CharsetMatch.java,tika-parsers/tika-parsers-standard/tika-parsers-standard-modules/tika-parser-text-module/src/main/java/org/apache/tika/parser/txt/CharsetMatch.java,org.apache.tika.parser.txt.CharsetMatch,CharsetMatch,20719,unit
tika,697d7c047daf1f661a4ed067bbc8f9c58bb6faa2,1,2026-01-07T07:46:39.000,0.0,false,CONCRETE_CLASS,32,2,0.0,false,95,0,0.0013821651531580078,0,CONCRETE_CLASS,/data/tika/tika-serialization/src/main/java/org/apache/tika/config/loader/TikaJsonConfig.java,tika-serialization/src/main/java/org/apache/tika/config/loader/TikaJsonConfig.java,org.apache.tika.config.loader.TikaJsonConfig,TikaJsonConfig,243,unit
tika,697d7c047daf1f661a4ed067bbc8f9c58bb6faa2,1,2026-01-07T07:46:39.000,0.0,false,CONCRETE_CLASS,0,5,0.0,false,17,0,1.8787557434076361E-4,0,CONCRETE_CLASS,/data/tika/tika-parsers/tika-parsers-standard/tika-parsers-standard-modules/tika-parser-digest-commons/src/main/java/org/apache/tika/parser/digestutils/BouncyCastleDigesterFactory.java,tika-parsers/tika-parsers-standard/tika-parsers-standard-modules/tika-parser-digest-commons/src/main/java/org/apache/tika/parser/digestutils/BouncyCastleDigesterFactory.java,org.apache.tika.parser.digestutils.BouncyCastleDigesterFactory,BouncyCastleDigesterFactory,8436,unit
tika,697d7c047daf1f661a4ed067bbc8f9c58bb6faa2,1,2026-01-07T07:46:39.000,0.0,false,CONCRETE_CLASS,10,7,0.0,false,162,0,0.00299763051758455,0,CONCRETE_CLASS,/data/tika/tika-parsers/tika-parsers-standard/tika-parsers-standard-modules/tika-parser-text-module/src/main/java/org/apache/tika/parser/txt/CharsetDetector.java,tika-parsers/tika-parsers-standard/tika-parsers-standard-modules/tika-parser-text-module/src/main/java/org/apache/tika/parser/txt/CharsetDetector.java,org.apache.tika.parser.txt.CharsetDetector,CharsetDetector,20725,unit
tika,697d7c047daf1f661a4ed067bbc8f9c58bb6faa2,1,2026-01-07T07:46:39.000,0.0,false,CONCRETE_CLASS,0,1,0.0,false,22,0,1.8787557434076361E-4,0,CONCRETE_CLASS,/data/tika/tika-translate/src/test/java/org/apache/tika/language/translate/impl/RTGTranslatorTest.java,tika-translate/src/test/java/org/apache/tika/language/translate/impl/RTGTranslatorTest.java,org.apache.tika.language.translate.impl.RTGTranslatorTest,RTGTranslatorTest,12536,unit
tika,697d7c047daf1f661a4ed067bbc8f9c58bb6faa2,1,2026-01-07T07:46:39.000,0.0,false,INTERFACE,5,1,0.0,false,2,0,3.455977494814309E-4,0,INTERFACE,/data/tika/tika-core/src/main/java/org/apache/tika/digest/DigesterFactory.java,tika-core/src/main/java/org/apache/tika/digest/DigesterFactory.java,org.apache.tika.digest.DigesterFactory,DigesterFactory,8442,unit
tika,697d7c047daf1f661a4ed067bbc8f9c58bb6faa2,1,2026-01-07T07:46:39.000,0.0,false,INTERFACE,10,2,0.0,false,2,0,4.9009874408677E-4,0,INTERFACE,/data/tika/tika-pipes/tika-pipes-api/src/main/java/org/apache/tika/pipes/api/fetcher/FetcherFactory.java,tika-pipes/tika-pipes-api/src/main/java/org/apache/tika/pipes/api/fetcher/FetcherFactory.java,org.apache.tika.pipes.api.fetcher.FetcherFactory,FetcherFactory,251,unit
tika,697d7c047daf1f661a4ed067bbc8f9c58bb6faa2,1,2026-01-07T07:46:39.000,0.0,false,ABSTRACT_CLASS,7,2,0.0,false,4,0,0.0023298796486415996,0,ABSTRACT_CLASS,/data/tika/tika-parsers/tika-parsers-standard/tika-parsers-standard-modules/tika-parser-text-module/src/main/java/org/apache/tika/parser/txt/CharsetRecognizer.java,tika-parsers/tika-parsers-standard/tika-parsers-standard-modules/tika-parser-text-module/src/main/java/org/apache/tika/parser/txt/CharsetRecognizer.java,org.apache.tika.parser.txt.CharsetRecognizer,CharsetRecognizer,20733,unit
tika,697d7c047daf1f661a4ed067bbc8f9c58bb6faa2,1,2026-01-07T07:46:39.000,0.0,false,CONCRETE_CLASS,1,3,0.0,false,57,0,3.4771010250670304E-4,0,CONCRETE_CLASS,/data/tika/tika-translate/src/main/java/org/apache/tika/language/translate/impl/RTGTranslator.java,tika-translate/src/main/java/org/apache/tika/language/translate/impl/RTGTranslator.java,org.apache.tika.language.translate.impl.RTGTranslator,RTGTranslator,12542,unit
tika,697d7c047daf1f661a4ed067bbc8f9c58bb6faa2,1,2026-01-07T07:46:39.000,0.0,false,ABSTRACT_CLASS,7,8,0.0,false,137,0,3.1664697548976304E-4,0,ABSTRACT_CLASS,/data/tika/tika-pipes/tika-pipes-core/src/main/java/org/apache/tika/pipes/core/AbstractComponentManager.java,tika-pipes/tika-pipes-core/src/main/java/org/apache/tika/pipes/core/AbstractComponentManager.java,org.apache.tika.pipes.core.AbstractComponentManager,AbstractComponentManager,259,unit
tika,697d7c047daf1f661a4ed067bbc8f9c58bb6faa2,1,2026-01-07T07:46:39.000,0.0,false,CONCRETE_CLASS,0,9,0.0,false,20,0,1.8787557434076361E-4,0,CONCRETE_CLASS,/data/tika/tika-core/src/main/java/org/apache/tika/parser/ParserPostProcessor.java,tika-core/src/main/java/org/apache/tika/parser/ParserPostProcessor.java,org.apache.tika.parser.ParserPostProcessor,ParserPostProcessor,24835,unit
tika,697d7c047daf1f661a4ed067bbc8f9c58bb6faa2,1,2026-01-07T07:46:39.000,0.0,false,CONCRETE_CLASS,1,0,0.0,false,29,0,3.3415695835919046E-4,0,CONCRETE_CLASS,/data/tika/tika-core/src/main/java/org/apache/tika/utils/StreamGobbler.java,tika-core/src/main/java/org/apache/tika/utils/StreamGobbler.java,org.apache.tika.utils.StreamGobbler,StreamGobbler,28932,unit
tika,697d7c047daf1f661a4ed067bbc8f9c58bb6faa2,1,2026-01-07T07:46:39.000,0.0,false,CONCRETE_CLASS,1,3,0.0,false,63,0,3.4771010250670304E-4,0,CONCRETE_CLASS,/data/tika/tika-translate/src/main/java/org/apache/tika/language/translate/impl/YandexTranslator.java,tika-translate/src/main/java/org/apache/tika/language/translate/impl/YandexTranslator.java,org.apache.tika.language.translate.impl.YandexTranslator,YandexTranslator,12553,unit
tika,697d7c047daf1f661a4ed067bbc8f9c58bb6faa2,1,2026-01-07T07:46:39.000,0.0,false,CONCRETE_CLASS,0,3,0.0,false,13,0,1.8787557434076361E-4,0,CONCRETE_CLASS,/data/tika/tika-parsers/tika-parsers-standard/tika-parsers-standard-package/src/test/java/org/apache/tika/parser/pkg/PackageParserTest.java,tika-parsers/tika-parsers-standard/tika-parsers-standard-package/src/test/java/org/apache/tika/parser/pkg/PackageParserTest.java,org.apache.tika.parser.pkg.PackageParserTest,PackageParserTest,16649,unit
tika,697d7c047daf1f661a4ed067bbc8f9c58bb6faa2,1,2026-01-07T07:46:39.000,0.0,false,ABSTRACT_CLASS,1,3,0.0,false,58,0,5.508228861336239E-4,0,ABSTRACT_CLASS,/data/tika/tika-parsers/tika-parsers-standard/tika-parsers-standard-modules/tika-parser-text-module/src/main/java/org/apache/tika/parser/txt/CharsetRecog_Unicode.java,tika-parsers/tika-parsers-standard/tika-parsers-standard-modules/tika-parser-text-module/src/main/java/org/apache/tika/parser/txt/CharsetRecog_Unicode.java,org.apache.tika.parser.txt.CharsetRecog_Unicode,CharsetRecog_Unicode,20745,unit
tika,697d7c047daf1f661a4ed067bbc8f9c58bb6faa2,1,2026-01-07T07:46:39.000,0.0,false,CONCRETE_CLASS,2,0,0.0,false,13,0,3.654694945251408E-4,0,CONCRETE_CLASS,/data/tika/tika-core/src/main/java/org/apache/tika/utils/RegexUtils.java,tika-core/src/main/java/org/apache/tika/utils/RegexUtils.java,org.apache.tika.utils.RegexUtils,RegexUtils,24841,unit
tika,697d7c047daf1f661a4ed067bbc8f9c58bb6faa2,1,2026-01-07T07:46:39.000,0.0,false,CONCRETE_CLASS,1,5,0.0,false,17,0,2.0385902715735755E-4,0,CONCRETE_CLASS,/data/tika/tika-parsers/tika-parsers-standard/tika-parsers-standard-modules/tika-parser-digest-commons/src/main/java/org/apache/tika/parser/digestutils/CommonsDigesterFactory.java,tika-parsers/tika-parsers-standard/tika-parsers-standard-modules/tika-parser-digest-commons/src/main/java/org/apache/tika/parser/digestutils/CommonsDigesterFactory.java,org.apache.tika.parser.digestutils.CommonsDigesterFactory,CommonsDigesterFactory,8459,unit
tika,697d7c047daf1f661a4ed067bbc8f9c58bb6faa2,1,2026-01-07T07:46:39.000,0.0,false,CONCRETE_CLASS,2,1,0.0,false,4,0,2.3456274841922672E-4,0,CONCRETE_CLASS,/data/tika/tika-pipes/tika-pipes-api/src/main/java/org/apache/tika/pipes/api/fetcher/FetcherNotFoundException.java,tika-pipes/tika-pipes-api/src/main/java/org/apache/tika/pipes/api/fetcher/FetcherNotFoundException.java,org.apache.tika.pipes.api.fetcher.FetcherNotFoundException,FetcherNotFoundException,267,unit
tika,697d7c047daf1f661a4ed067bbc8f9c58bb6faa2,1,2026-01-07T07:46:39.000,0.0,false,CONCRETE_CLASS,1,3,0.0,false,32,0,5.508228861336239E-4,0,CONCRETE_CLASS,/data/tika/tika-parsers/tika-parsers-standard/tika-parsers-standard-modules/tika-parser-text-module/src/main/java/org/apache/tika/parser/txt/CharsetRecog_UTF8.java,tika-parsers/tika-parsers-standard/tika-parsers-standard-modules/tika-parser-text-module/src/main/java/org/apache/tika/parser/txt/CharsetRecog_UTF8.java,org.apache.tika.parser.txt.CharsetRecog_UTF8,CharsetRecog_UTF8,20753,unit
tika,697d7c047daf1f661a4ed067bbc8f9c58bb6faa2,1,2026-01-07T07:46:39.000,0.0,false,CONCRETE_CLASS,173,1,0.0,false,3,0,0.012843448789259033,0,CONCRETE_CLASS,/data/tika/tika-core/src/main/java/org/apache/tika/exception/TikaConfigException.java,tika-core/src/main/java/org/apache/tika/exception/TikaConfigException.java,org.apache.tika.exception.TikaConfigException,TikaConfigException,275,unit
tika,697d7c047daf1f661a4ed067bbc8f9c58bb6faa2,1,2026-01-07T07:46:39.000,0.0,false,CONCRETE_CLASS,0,3,0.0,false,17,0,1.8787557434076361E-4,0,CONCRETE_CLASS,/data/tika/tika-core/src/test/java/org/apache/tika/utils/ConcurrentUtilsTest.java,tika-core/src/test/java/org/apache/tika/utils/ConcurrentUtilsTest.java,org.apache.tika.utils.ConcurrentUtilsTest,ConcurrentUtilsTest,28948,unit
tika,697d7c047daf1f661a4ed067bbc8f9c58bb6faa2,1,2026-01-07T07:46:39.000,0.0,false,CONCRETE_CLASS,0,3,0.0,false,26,0,1.8787557434076361E-4,0,CONCRETE_CLASS,/data/tika/tika-parsers/tika-parsers-standard/tika-parsers-standard-package/src/test/java/org/apache/tika/parser/pkg/CompressorParserTest.java,tika-parsers/tika-parsers-standard/tika-parsers-standard-package/src/test/java/org/apache/tika/parser/pkg/CompressorParserTest.java,org.apache.tika.parser.pkg.CompressorParserTest,CompressorParserTest,16663,unit
tika,697d7c047daf1f661a4ed067bbc8f9c58bb6faa2,1,2026-01-07T07:46:39.000,0.0,false,ABSTRACT_CLASS,1,3,0.0,false,172,0,5.508228861336239E-4,0,ABSTRACT_CLASS,/data/tika/tika-parsers/tika-parsers-standard/tika-parsers-standard-modules/tika-parser-text-module/src/main/java/org/apache/tika/parser/txt/CharsetRecog_mbcs.java,tika-parsers/tika-parsers-standard/tika-parsers-standard-modules/tika-parser-text-module/src/main/java/org/apache/tika/parser/txt/CharsetRecog_mbcs.java,org.apache.tika.parser.txt.CharsetRecog_mbcs,CharsetRecog_mbcs,20761,unit
tika,697d7c047daf1f661a4ed067bbc8f9c58bb6faa2,1,2026-01-07T07:46:39.000,0.0,false,INTERFACE,13,2,0.0,false,10,0,8.177652332289127E-4,0,INTERFACE,/data/tika/tika-pipes/tika-pipes-core/src/main/java/org/apache/tika/pipes/core/config/ConfigStore.java,tika-pipes/tika-pipes-core/src/main/java/org/apache/tika/pipes/core/config/ConfigStore.java,org.apache.tika.pipes.core.config.ConfigStore,ConfigStore,284,unit
tika,697d7c047daf1f661a4ed067bbc8f9c58bb6faa2,1,2026-01-07T07:46:39.000,0.0,false,CONCRETE_CLASS,1,1,0.0,false,13,0,2.4115375039607676E-4,0,CONCRETE_CLASS,/data/tika/tika-core/src/main/java/org/apache/tika/utils/ConcurrentUtils.java,tika-core/src/main/java/org/apache/tika/utils/ConcurrentUtils.java,org.apache.tika.utils.ConcurrentUtils,ConcurrentUtils,28956,unit
tika,697d7c047daf1f661a4ed067bbc8f9c58bb6faa2,1,2026-01-07T07:46:39.000,0.0,false,CONCRETE_CLASS,0,10,0.0,false,67,0,1.8787557434076361E-4,0,CONCRETE_CLASS,/data/tika/tika-core/src/test/java/org/apache/tika/parser/ParserDecoratorTest.java,tika-core/src/test/java/org/apache/tika/parser/ParserDecoratorTest.java,org.apache.tika.parser.ParserDecoratorTest,ParserDecoratorTest,24862,unit
tika,697d7c047daf1f661a4ed067bbc8f9c58bb6faa2,1,2026-01-07T07:46:39.000,0.0,false,CONCRETE_CLASS,2,3,0.0,false,48,0,6.435517808299559E-4,0,CONCRETE_CLASS,/data/tika/tika-translate/src/main/java/org/apache/tika/language/translate/impl/MicrosoftTranslator.java,tika-translate/src/main/java/org/apache/tika/language/translate/impl/MicrosoftTranslator.java,org.apache.tika.language.translate.impl.MicrosoftTranslator,MicrosoftTranslator,12575,unit
tika,697d7c047daf1f661a4ed067bbc8f9c58bb6faa2,1,2026-01-07T07:46:39.000,0.0,false,CONCRETE_CLASS,0,5,0.0,false,13,0,1.8787557434076361E-4,0,CONCRETE_CLASS,/data/tika/tika-pipes/tika-pipes-plugins/tika-pipes-s3/src/main/java/org/apache/tika/pipes/fetcher/s3/S3FetcherFactory.java,tika-pipes/tika-pipes-plugins/tika-pipes-s3/src/main/java/org/apache/tika/pipes/fetcher/s3/S3FetcherFactory.java,org.apache.tika.pipes.fetcher.s3.S3FetcherFactory,S3FetcherFactory,4385,unit
tika,697d7c047daf1f661a4ed067bbc8f9c58bb6faa2,1,2026-01-07T07:46:39.000,0.0,false,ABSTRACT_CLASS,1,3,0.0,false,33,0,5.508228861336239E-4,0,ABSTRACT_CLASS,/data/tika/tika-parsers/tika-parsers-standard/tika-parsers-standard-modules/tika-parser-text-module/src/main/java/org/apache/tika/parser/txt/CharsetRecog_2022.java,tika-parsers/tika-parsers-standard/tika-parsers-standard-modules/tika-parser-text-module/src/main/java/org/apache/tika/parser/txt/CharsetRecog_2022.java,org.apache.tika.parser.txt.CharsetRecog_2022,CharsetRecog_2022,20769,unit
tika,697d7c047daf1f661a4ed067bbc8f9c58bb6faa2,1,2026-01-07T07:46:39.000,0.0,false,CONCRETE_CLASS,112,1,0.0,false,3,0,0.006988554052190284,0,CONCRETE_CLASS,/data/tika/tika-plugins-core/src/main/java/org/apache/tika/plugins/ExtensionConfig.java,tika-plugins-core/src/main/java/org/apache/tika/plugins/ExtensionConfig.java,org.apache.tika.plugins.ExtensionConfig,ExtensionConfig,292,unit
tika,697d7c047daf1f661a4ed067bbc8f9c58bb6faa2,1,2026-01-07T07:46:39.000,0.0,false,CONCRETE_CLASS,0,15,0.0,false,77,0,1.8787557434076361E-4,0,CONCRETE_CLASS,/data/tika/tika-parsers/tika-parsers-standard/tika-parsers-standard-modules/tika-parser-pkg-module/src/main/java/org/apache/tika/parser/pkg/UnrarParser.java,tika-parsers/tika-parsers-standard/tika-parsers-standard-modules/tika-parser-pkg-module/src/main/java/org/apache/tika/parser/pkg/UnrarParser.java,org.apache.tika.parser.pkg.UnrarParser,UnrarParser,16677,unit
tika,697d7c047daf1f661a4ed067bbc8f9c58bb6faa2,1,2026-01-07T07:46:39.000,0.0,false,CONCRETE_CLASS,2,15,0.0,false,145,0,2.5980111201543636E-4,0,CONCRETE_CLASS,/data/tika/tika-pipes/tika-pipes-plugins/tika-pipes-s3/src/main/java/org/apache/tika/pipes/fetcher/s3/S3Fetcher.java,tika-pipes/tika-pipes-plugins/tika-pipes-s3/src/main/java/org/apache/tika/pipes/fetcher/s3/S3Fetcher.java,org.apache.tika.pipes.fetcher.s3.S3Fetcher,S3Fetcher,4393,unit
tika,697d7c047daf1f661a4ed067bbc8f9c58bb6faa2,1,2026-01-07T07:46:39.000,0.0,false,ABSTRACT_CLASS,1,3,0.0,false,1148,0,5.508228861336239E-4,0,ABSTRACT_CLASS,/data/tika/tika-parsers/tika-parsers-standard/tika-parsers-standard-modules/tika-parser-text-module/src/main/java/org/apache/tika/parser/txt/CharsetRecog_sbcs.java,tika-parsers/tika-parsers-standard/tika-parsers-standard-modules/tika-parser-text-module/src/main/java/org/apache/tika/parser/txt/CharsetRecog_sbcs.java,org.apache.tika.parser.txt.CharsetRecog_sbcs,CharsetRecog_sbcs,20777,unit
tika,697d7c047daf1f661a4ed067bbc8f9c58bb6faa2,1,2026-01-07T07:46:39.000,0.0,false,CONCRETE_CLASS,0,1,0.0,false,33,0,1.8787557434076361E-4,0,CONCRETE_CLASS,/data/tika/tika-core/src/test/java/org/apache/tika/utils/CharsetUtilsTest.java,tika-core/src/test/java/org/apache/tika/utils/CharsetUtilsTest.java,org.apache.tika.utils.CharsetUtilsTest,CharsetUtilsTest,28970,unit
tika,697d7c047daf1f661a4ed067bbc8f9c58bb6faa2,1,2026-01-07T07:46:39.000,0.0,false,INTERFACE,27,5,0.0,false,10,0,0.0010163211189271905,0,INTERFACE,/data/tika/tika-pipes/tika-pipes-api/src/main/java/org/apache/tika/pipes/api/fetcher/Fetcher.java,tika-pipes/tika-pipes-api/src/main/java/org/apache/tika/pipes/api/fetcher/Fetcher.java,org.apache.tika.pipes.api.fetcher.Fetcher,Fetcher,300,unit
tika,697d7c047daf1f661a4ed067bbc8f9c58bb6faa2,1,2026-01-07T07:46:39.000,0.0,false,CONCRETE_CLASS,0,1,0.0,false,15,0,1.8787557434076361E-4,0,CONCRETE_CLASS,/data/tika/tika-translate/src/test/java/org/apache/tika/language/translate/impl/MosesTranslatorTest.java,tika-translate/src/test/java/org/apache/tika/language/translate/impl/MosesTranslatorTest.java,org.apache.tika.language.translate.impl.MosesTranslatorTest,MosesTranslatorTest,12589,unit
tika,697d7c047daf1f661a4ed067bbc8f9c58bb6faa2,1,2026-01-07T07:46:39.000,0.0,false,CONCRETE_CLASS,1,1,0.0,false,6,0,2.0043039690947987E-4,0,CONCRETE_CLASS,/data/tika/tika-pipes/tika-pipes-core/src/main/java/org/apache/tika/pipes/core/server/IntermediateResult.java,tika-pipes/tika-pipes-core/src/main/java/org/apache/tika/pipes/core/server/IntermediateResult.java,org.apache.tika.pipes.core.server.IntermediateResult,IntermediateResult,8497,unit
tika,697d7c047daf1f661a4ed067bbc8f9c58bb6faa2,1,2026-01-07T07:46:39.000,0.0,false,CONCRETE_CLASS,0,6,0.0,false,45,0,1.8787557434076361E-4,0,CONCRETE_CLASS,/data/tika/tika-parsers/tika-parsers-standard/tika-parsers-standard-modules/tika-parser-text-module/src/test/java/org/apache/tika/parser/txt/BOMDetectorTest.java,tika-parsers/tika-parsers-standard/tika-parsers-standard-modules/tika-parser-text-module/src/test/java/org/apache/tika/parser/txt/BOMDetectorTest.java,org.apache.tika.parser.txt.BOMDetectorTest,BOMDetectorTest,20789,unit
tika,697d7c047daf1f661a4ed067bbc8f9c58bb6faa2,1,2026-01-07T07:46:39.000,0.0,false,CONCRETE_CLASS,0,1,0.0,false,39,0,1.8787557434076361E-4,0,CONCRETE_CLASS,/data/tika/tika-translate/src/test/java/org/apache/tika/language/translate/impl/YandexTranslatorTest.java,tika-translate/src/test/java/org/apache/tika/language/translate/impl/YandexTranslatorTest.java,org.apache.tika.language.translate.impl.YandexTranslatorTest,YandexTranslatorTest,12599,unit
tika,697d7c047daf1f661a4ed067bbc8f9c58bb6faa2,1,2026-01-07T07:46:39.000,0.0,false,CONCRETE_CLASS,0,4,0.0,false,29,0,1.8787557434076361E-4,0,CONCRETE_CLASS,/data/tika/tika-pipes/tika-pipes-plugins/tika-pipes-s3/src/test/java/org.apache.tika.pipes.fetcher.s3/TestS3Fetcher.java,tika-pipes/tika-pipes-plugins/tika-pipes-s3/src/test/java/org.apache.tika.pipes.fetcher.s3/TestS3Fetcher.java,org.apache.tika.pipes.fetcher.s3.TestS3Fetcher,TestS3Fetcher,4408,unit
tika,697d7c047daf1f661a4ed067bbc8f9c58bb6faa2,1,2026-01-07T07:46:39.000,0.0,false,CONCRETE_CLASS,0,6,0.0,false,12,0,1.8787557434076361E-4,0,CONCRETE_CLASS,/data/tika/tika-pipes/tika-pipes-core/src/main/java/org/apache/tika/pipes/core/fetcher/EmptyFetcher.java,tika-pipes/tika-pipes-core/src/main/java/org/apache/tika/pipes/core/fetcher/EmptyFetcher.java,org.apache.tika.pipes.core.fetcher.EmptyFetcher,EmptyFetcher,313,unit
tika,697d7c047daf1f661a4ed067bbc8f9c58bb6faa2,1,2026-01-07T07:46:39.000,0.0,false,CONCRETE_CLASS,0,8,0.0,false,53,0,1.8787557434076361E-4,0,CONCRETE_CLASS,/data/tika/tika-parsers/tika-parsers-standard/tika-parsers-standard-package/src/test/java/org/apache/tika/parser/TestParsers.java,tika-parsers/tika-parsers-standard/tika-parsers-standard-package/src/test/java/org/apache/tika/parser/TestParsers.java,org.apache.tika.parser.TestParsers,TestParsers,24889,unit
tika,697d7c047daf1f661a4ed067bbc8f9c58bb6faa2,1,2026-01-07T07:46:39.000,0.0,false,CONCRETE_CLASS,2,22,0.0,false,107,0,2.0020885304374662E-4,0,CONCRETE_CLASS,/data/tika/tika-pipes/tika-pipes-core/src/main/java/org/apache/tika/pipes/core/server/EmitHandler.java,tika-pipes/tika-pipes-core/src/main/java/org/apache/tika/pipes/core/server/EmitHandler.java,org.apache.tika.pipes.core.server.EmitHandler,EmitHandler,8507,unit
tika,697d7c047daf1f661a4ed067bbc8f9c58bb6faa2,1,2026-01-07T07:46:39.000,0.0,false,CONCRETE_CLASS,0,1,0.0,false,23,0,1.8787557434076361E-4,0,CONCRETE_CLASS,/data/tika/tika-core/src/test/java/org/apache/tika/utils/RegexUtilsTest.java,tika-core/src/test/java/org/apache/tika/utils/RegexUtilsTest.java,org.apache.tika.utils.RegexUtilsTest,RegexUtilsTest,28990,unit
tika,697d7c047daf1f661a4ed067bbc8f9c58bb6faa2,1,2026-01-07T07:46:39.000,0.0,false,CONCRETE_CLASS,0,11,0.0,false,89,0,1.8787557434076361E-4,0,CONCRETE_CLASS,/data/tika/tika-parsers/tika-parsers-standard/tika-parsers-standard-package/src/test/java/org/apache/tika/parser/pkg/Seven7ParserTest.java,tika-parsers/tika-parsers-standard/tika-parsers-standard-package/src/test/java/org/apache/tika/parser/pkg/Seven7ParserTest.java,org.apache.tika.parser.pkg.Seven7ParserTest,Seven7ParserTest,16703,unit
tika,697d7c047daf1f661a4ed067bbc8f9c58bb6faa2,1,2026-01-07T07:46:39.000,0.0,false,CONCRETE_CLASS,0,1,0.0,false,29,0,1.8787557434076361E-4,0,CONCRETE_CLASS,/data/tika/tika-translate/src/test/java/org/apache/tika/language/translate/impl/Lingo24TranslatorTest.java,tika-translate/src/test/java/org/apache/tika/language/translate/impl/Lingo24TranslatorTest.java,org.apache.tika.language.translate.impl.Lingo24TranslatorTest,Lingo24TranslatorTest,12609,unit
tika,697d7c047daf1f661a4ed067bbc8f9c58bb6faa2,1,2026-01-07T07:46:39.000,0.0,false,ABSTRACT_CLASS,21,2,0.0,false,6,0,0.0011013680123195897,0,ABSTRACT_CLASS,/data/tika/tika-core/src/main/java/org/apache/tika/metadata/filter/MetadataFilter.java,tika-core/src/main/java/org/apache/tika/metadata/filter/MetadataFilter.java,org.apache.tika.metadata.filter.MetadataFilter,MetadataFilter,8514,unit
tika,697d7c047daf1f661a4ed067bbc8f9c58bb6faa2,1,2026-01-07T07:46:39.000,0.0,false,CONCRETE_CLASS,2,11,0.0,false,53,0,2.0749192549379187E-4,0,CONCRETE_CLASS,/data/tika/tika-parsers/tika-parsers-standard/tika-parsers-standard-modules/tika-parser-text-module/src/main/java/org/apache/tika/parser/txt/Icu4jEncodingDetector.java,tika-parsers/tika-parsers-standard/tika-parsers-standard-modules/tika-parser-text-module/src/main/java/org/apache/tika/parser/txt/Icu4jEncodingDetector.java,org.apache.tika.parser.txt.Icu4jEncodingDetector,Icu4jEncodingDetector,20806,unit
tika,697d7c047daf1f661a4ed067bbc8f9c58bb6faa2,1,2026-01-07T07:46:39.000,0.0,false,CONCRETE_CLASS,1,0,0.0,false,7,0,2.0261142405654563E-4,0,CONCRETE_CLASS,/data/tika/tika-core/src/main/java/org/apache/tika/exception/FileTooLongException.java,tika-core/src/main/java/org/apache/tika/exception/FileTooLongException.java,org.apache.tika.exception.FileTooLongException,FileTooLongException,4423,unit
tika,697d7c047daf1f661a4ed067bbc8f9c58bb6faa2,1,2026-01-07T07:46:39.000,0.0,false,CONCRETE_CLASS,0,11,0.0,false,256,0,1.8787557434076361E-4,0,CONCRETE_CLASS,/data/tika/tika-pipes/tika-pipes-integration-tests/src/test/java/org/apache/tika/pipes/core/fetcher/FetcherManagerTest.java,tika-pipes/tika-pipes-integration-tests/src/test/java/org/apache/tika/pipes/core/fetcher/FetcherManagerTest.java,org.apache.tika.pipes.core.fetcher.FetcherManagerTest,FetcherManagerTest,330,unit
tika,697d7c047daf1f661a4ed067bbc8f9c58bb6faa2,1,2026-01-07T07:46:39.000,0.0,false,CONCRETE_CLASS,1,1,0.0,false,12,0,1.9561782119690337E-4,0,CONCRETE_CLASS,/data/tika/tika-pipes/tika-pipes-core/src/main/java/org/apache/tika/pipes/core/EmitStrategyOverride.java,tika-pipes/tika-pipes-core/src/main/java/org/apache/tika/pipes/core/EmitStrategyOverride.java,org.apache.tika.pipes.core.EmitStrategyOverride,EmitStrategyOverride,8522,unit
tika,697d7c047daf1f661a4ed067bbc8f9c58bb6faa2,1,2026-01-07T07:46:39.000,0.0,false,CONCRETE_CLASS,0,1,0.0,false,33,0,1.8787557434076361E-4,0,CONCRETE_CLASS,/data/tika/tika-translate/src/test/java/org/apache/tika/language/translate/impl/MicrosoftTranslatorTest.java,tika-translate/src/test/java/org/apache/tika/language/translate/impl/MicrosoftTranslatorTest.java,org.apache.tika.language.translate.impl.MicrosoftTranslatorTest,MicrosoftTranslatorTest,12619,unit
tika,697d7c047daf1f661a4ed067bbc8f9c58bb6faa2,1,2026-01-07T07:46:39.000,0.0,false,INTERFACE,15,1,0.0,false,2,0,0.0022879161757311333,0,INTERFACE,/data/tika/tika-plugins-core/src/main/java/org/apache/tika/plugins/TikaExtension.java,tika-plugins-core/src/main/java/org/apache/tika/plugins/TikaExtension.java,org.apache.tika.plugins.TikaExtension,TikaExtension,336,unit
tika,697d7c047daf1f661a4ed067bbc8f9c58bb6faa2,1,2026-01-07T07:46:39.000,0.0,false,CONCRETE_CLASS,1,1,0.0,false,65,0,2.0261142405654563E-4,0,CONCRETE_CLASS,/data/tika/tika-pipes/tika-pipes-plugins/tika-pipes-s3/src/main/java/org/apache/tika/pipes/fetcher/s3/config/S3FetcherConfig.java,tika-pipes/tika-pipes-plugins/tika-pipes-s3/src/main/java/org/apache/tika/pipes/fetcher/s3/config/S3FetcherConfig.java,org.apache.tika.pipes.fetcher.s3.config.S3FetcherConfig,S3FetcherConfig,4437,unit
tika,697d7c047daf1f661a4ed067bbc8f9c58bb6faa2,1,2026-01-07T07:46:39.000,0.0,false,CONCRETE_CLASS,0,2,0.0,false,41,0,1.8787557434076361E-4,0,CONCRETE_CLASS,/data/tika/tika-translate/src/test/java/org/apache/tika/language/translate/impl/CachedTranslatorTest.java,tika-translate/src/test/java/org/apache/tika/language/translate/impl/CachedTranslatorTest.java,org.apache.tika.language.translate.impl.CachedTranslatorTest,CachedTranslatorTest,12629,unit
tika,697d7c047daf1f661a4ed067bbc8f9c58bb6faa2,1,2026-01-07T07:46:39.000,0.0,false,CONCRETE_CLASS,0,5,0.0,false,19,0,1.8787557434076361E-4,0,CONCRETE_CLASS,/data/tika/tika-parsers/tika-parsers-standard/tika-parsers-standard-modules/tika-parser-pkg-module/src/test/java/org/apache/tika/parser/pkg/GzipParserTest.java,tika-parsers/tika-parsers-standard/tika-parsers-standard-modules/tika-parser-pkg-module/src/test/java/org/apache/tika/parser/pkg/GzipParserTest.java,org.apache.tika.parser.pkg.GzipParserTest,GzipParserTest,16725,unit
tika,697d7c047daf1f661a4ed067bbc8f9c58bb6faa2,1,2026-01-07T07:46:39.000,0.0,false,CONCRETE_CLASS,3,1,0.0,false,4,0,2.3875804072110714E-4,0,CONCRETE_CLASS,/data/tika/tika-pipes/tika-pipes-api/src/main/java/org/apache/tika/pipes/api/emitter/EmitterNotFoundException.java,tika-pipes/tika-pipes-api/src/main/java/org/apache/tika/pipes/api/emitter/EmitterNotFoundException.java,org.apache.tika.pipes.api.emitter.EmitterNotFoundException,EmitterNotFoundException,8534,unit
tika,697d7c047daf1f661a4ed067bbc8f9c58bb6faa2,1,2026-01-07T07:46:39.000,0.0,false,CONCRETE_CLASS,3,3,0.0,false,51,0,4.6758599863115755E-4,0,CONCRETE_CLASS,/data/tika/tika-translate/src/main/java/org/apache/tika/language/translate/impl/GoogleTranslator.java,tika-translate/src/main/java/org/apache/tika/language/translate/impl/GoogleTranslator.java,org.apache.tika.language.translate.impl.GoogleTranslator,GoogleTranslator,12635,unit
tika,697d7c047daf1f661a4ed067bbc8f9c58bb6faa2,1,2026-01-07T07:46:39.000,0.0,false,CONCRETE_CLASS,0,3,0.0,false,22,0,1.8787557434076361E-4,0,CONCRETE_CLASS,/data/tika/tika-parsers/tika-parsers-standard/tika-parsers-standard-package/src/test/java/org/apache/tika/utils/ServiceLoaderUtilsTest.java,tika-parsers/tika-parsers-standard/tika-parsers-standard-package/src/test/java/org/apache/tika/utils/ServiceLoaderUtilsTest.java,org.apache.tika.utils.ServiceLoaderUtilsTest,ServiceLoaderUtilsTest,29019,unit
tika,697d7c047daf1f661a4ed067bbc8f9c58bb6faa2,1,2026-01-07T07:46:39.000,0.0,false,CONCRETE_CLASS,0,7,0.0,false,76,0,1.8787557434076361E-4,0,CONCRETE_CLASS,/data/tika/tika-parsers/tika-parsers-standard/tika-parsers-standard-package/src/test/java/org/apache/tika/parser/TestXMLEntityExpansion.java,tika-parsers/tika-parsers-standard/tika-parsers-standard-package/src/test/java/org/apache/tika/parser/TestXMLEntityExpansion.java,org.apache.tika.parser.TestXMLEntityExpansion,TestXMLEntityExpansion,24924,unit
tika,697d7c047daf1f661a4ed067bbc8f9c58bb6faa2,1,2026-01-07T07:46:39.000,0.0,false,CONCRETE_CLASS,13,0,0.0,false,66,0,9.207416039414176E-4,0,CONCRETE_CLASS,/data/tika/tika-serialization/src/main/java/org/apache/tika/config/JsonConfigHelper.java,tika-serialization/src/main/java/org/apache/tika/config/JsonConfigHelper.java,org.apache.tika.config.JsonConfigHelper,JsonConfigHelper,349,unit
tika,697d7c047daf1f661a4ed067bbc8f9c58bb6faa2,1,2026-01-07T07:46:39.000,0.0,false,INTERFACE,4,3,0.0,false,7,0,2.807953844977507E-4,0,INTERFACE,/data/tika/tika-pipes/tika-pipes-api/src/main/java/org/apache/tika/pipes/api/emitter/StreamEmitter.java,tika-pipes/tika-pipes-api/src/main/java/org/apache/tika/pipes/api/emitter/StreamEmitter.java,org.apache.tika.pipes.api.emitter.StreamEmitter,StreamEmitter,8542,unit
tika,697d7c047daf1f661a4ed067bbc8f9c58bb6faa2,1,2026-01-07T07:46:39.000,0.0,false,INTERFACE,3,5,0.0,false,10,0,2.321730204352852E-4,0,INTERFACE,/data/tika/tika-pipes/tika-pipes-api/src/main/java/org/apache/tika/pipes/api/fetcher/RangeFetcher.java,tika-pipes/tika-pipes-api/src/main/java/org/apache/tika/pipes/api/fetcher/RangeFetcher.java,org.apache.tika.pipes.api.fetcher.RangeFetcher,RangeFetcher,4447,unit
tika,697d7c047daf1f661a4ed067bbc8f9c58bb6faa2,1,2026-01-07T07:46:39.000,0.0,false,CONCRETE_CLASS,1,5,0.0,false,52,0,2.677928384237333E-4,0,CONCRETE_CLASS,/data/tika/tika-translate/src/main/java/org/apache/tika/language/translate/impl/CachedTranslator.java,tika-translate/src/main/java/org/apache/tika/language/translate/impl/CachedTranslator.java,org.apache.tika.language.translate.impl.CachedTranslator,CachedTranslator,12643,unit
tika,697d7c047daf1f661a4ed067bbc8f9c58bb6faa2,1,2026-01-07T07:46:39.000,0.0,false,CONCRETE_CLASS,19,3,0.0,false,99,0,9.534141016628753E-4,0,CONCRETE_CLASS,/data/tika/tika-plugins-core/src/main/java/org/apache/tika/plugins/TikaPluginManager.java,tika-plugins-core/src/main/java/org/apache/tika/plugins/TikaPluginManager.java,org.apache.tika.plugins.TikaPluginManager,TikaPluginManager,357,unit
tika,697d7c047daf1f661a4ed067bbc8f9c58bb6faa2,1,2026-01-07T07:46:39.000,0.0,false,CONCRETE_CLASS,0,8,0.0,false,74,0,1.8787557434076361E-4,0,CONCRETE_CLASS,/data/tika/tika-parsers/tika-parsers-standard/tika-parsers-standard-package/src/test/java/org/apache/tika/parser/pkg/ZipParserTest.java,tika-parsers/tika-parsers-standard/tika-parsers-standard-package/src/test/java/org/apache/tika/parser/pkg/ZipParserTest.java,org.apache.tika.parser.pkg.ZipParserTest,ZipParserTest,16741,unit
tika,697d7c047daf1f661a4ed067bbc8f9c58bb6faa2,1,2026-01-07T07:46:39.000,0.0,false,ABSTRACT_CLASS,2,1,0.0,false,3,0,2.056074792072746E-4,0,ABSTRACT_CLASS,/data/tika/tika-pipes/tika-pipes-core/src/main/java/org/apache/tika/pipes/core/PassbackFilter.java,tika-pipes/tika-pipes-core/src/main/java/org/apache/tika/pipes/core/PassbackFilter.java,org.apache.tika.pipes.core.PassbackFilter,PassbackFilter,8550,unit
tika,697d7c047daf1f661a4ed067bbc8f9c58bb6faa2,1,2026-01-07T07:46:39.000,0.0,false,CONCRETE_CLASS,10,5,0.0,false,123,0,0.0024861326123171283,0,CONCRETE_CLASS,/data/tika/tika-core/src/main/java/org/apache/tika/io/FilenameUtils.java,tika-core/src/main/java/org/apache/tika/io/FilenameUtils.java,org.apache.tika.io.FilenameUtils,FilenameUtils,4456,unit
tika,697d7c047daf1f661a4ed067bbc8f9c58bb6faa2,1,2026-01-07T07:46:39.000,0.0,false,CONCRETE_CLASS,0,3,0.0,false,100,0,1.8787557434076361E-4,0,CONCRETE_CLASS,/data/tika/tika-core/src/test/java/org/apache/tika/utils/XMLReaderUtilsTest.java,tika-core/src/test/java/org/apache/tika/utils/XMLReaderUtilsTest.java,org.apache.tika.utils.XMLReaderUtilsTest,XMLReaderUtilsTest,29033,unit
tika,697d7c047daf1f661a4ed067bbc8f9c58bb6faa2,1,2026-01-07T07:46:39.000,0.0,false,CONCRETE_CLASS,6,2,0.0,false,31,0,2.727023149168686E-4,0,CONCRETE_CLASS,/data/tika/tika-pipes/tika-pipes-integration-tests/src/test/java/org/apache/tika/pipes/core/PluginsTestHelper.java,tika-pipes/tika-pipes-integration-tests/src/test/java/org/apache/tika/pipes/core/PluginsTestHelper.java,org.apache.tika.pipes.core.PluginsTestHelper,PluginsTestHelper,365,unit
tika,697d7c047daf1f661a4ed067bbc8f9c58bb6faa2,1,2026-01-07T07:46:39.000,0.0,false,CONCRETE_CLASS,4,4,0.0,false,33,0,2.4195464062206007E-4,0,CONCRETE_CLASS,/data/tika/tika-pipes/tika-pipes-core/src/main/java/org/apache/tika/pipes/core/emitter/EmitDataImpl.java,tika-pipes/tika-pipes-core/src/main/java/org/apache/tika/pipes/core/emitter/EmitDataImpl.java,org.apache.tika.pipes.core.emitter.EmitDataImpl,EmitDataImpl,8562,unit
tika,697d7c047daf1f661a4ed067bbc8f9c58bb6faa2,1,2026-01-07T07:46:39.000,0.0,false,CONCRETE_CLASS,0,1,0.0,false,29,0,1.8787557434076361E-4,0,CONCRETE_CLASS,/data/tika/tika-translate/src/test/java/org/apache/tika/language/translate/impl/GoogleTranslatorTest.java,tika-translate/src/test/java/org/apache/tika/language/translate/impl/GoogleTranslatorTest.java,org.apache.tika.language.translate.impl.GoogleTranslatorTest,GoogleTranslatorTest,12661,unit
tika,697d7c047daf1f661a4ed067bbc8f9c58bb6faa2,1,2026-01-07T07:46:39.000,0.0,false,CONCRETE_CLASS,3,5,0.0,false,18,0,2.0985612747556834E-4,0,CONCRETE_CLASS,/data/tika/tika-pipes/tika-pipes-core/src/main/java/org/apache/tika/pipes/core/server/MetadataListAndEmbeddedBytes.java,tika-pipes/tika-pipes-core/src/main/java/org/apache/tika/pipes/core/server/MetadataListAndEmbeddedBytes.java,org.apache.tika.pipes.core.server.MetadataListAndEmbeddedBytes,MetadataListAndEmbeddedBytes,8570,unit
tika,697d7c047daf1f661a4ed067bbc8f9c58bb6faa2,1,2026-01-07T07:46:39.000,0.0,false,CONCRETE_CLASS,0,1,0.0,false,28,0,1.8787557434076361E-4,0,CONCRETE_CLASS,/data/tika/tika-translate/src/test/java/org/apache/tika/language/translate/impl/MarianTranslatorTest.java,tika-translate/src/test/java/org/apache/tika/language/translate/impl/MarianTranslatorTest.java,org.apache.tika.language.translate.impl.MarianTranslatorTest,MarianTranslatorTest,12671,unit
tika,697d7c047daf1f661a4ed067bbc8f9c58bb6faa2,1,2026-01-07T07:46:39.000,0.0,false,CONCRETE_CLASS,0,0,0.0,false,16,0,1.8787557434076361E-4,0,CONCRETE_CLASS,/data/tika/tika-pipes/tika-pipes-plugins/tika-pipes-solr/src/main/java/org/apache/tika/pipes/plugin/solr/SolrPipesPlugin.java,tika-pipes/tika-pipes-plugins/tika-pipes-solr/src/main/java/org/apache/tika/pipes/plugin/solr/SolrPipesPlugin.java,org.apache.tika.pipes.plugin.solr.SolrPipesPlugin,SolrPipesPlugin,385,unit
tika,697d7c047daf1f661a4ed067bbc8f9c58bb6faa2,1,2026-01-07T07:46:39.000,0.0,false,INTERFACE,18,3,0.0,false,8,0,9.071764142910396E-4,0,INTERFACE,/data/tika/tika-pipes/tika-pipes-api/src/main/java/org/apache/tika/pipes/api/emitter/Emitter.java,tika-pipes/tika-pipes-api/src/main/java/org/apache/tika/pipes/api/emitter/Emitter.java,org.apache.tika.pipes.api.emitter.Emitter,Emitter,8579,unit
tika,697d7c047daf1f661a4ed067bbc8f9c58bb6faa2,1,2026-01-07T07:46:39.000,0.0,false,CONCRETE_CLASS,1,4,0.0,false,31,0,2.0874967424411994E-4,0,CONCRETE_CLASS,/data/tika/tika-parsers/tika-parsers-standard/tika-parsers-standard-modules/tika-parser-text-module/src/main/java/org/apache/tika/parser/txt/UniversalEncodingListener.java,tika-parsers/tika-parsers-standard/tika-parsers-standard-modules/tika-parser-text-module/src/main/java/org/apache/tika/parser/txt/UniversalEncodingListener.java,org.apache.tika.parser.txt.UniversalEncodingListener,UniversalEncodingListener,20867,unit
tika,697d7c047daf1f661a4ed067bbc8f9c58bb6faa2,1,2026-01-07T07:46:39.000,0.0,false,CONCRETE_CLASS,1,4,0.0,false,146,0,3.4771010250670304E-4,0,CONCRETE_CLASS,/data/tika/tika-translate/src/main/java/org/apache/tika/language/translate/impl/MarianTranslator.java,tika-translate/src/main/java/org/apache/tika/language/translate/impl/MarianTranslator.java,org.apache.tika.language.translate.impl.MarianTranslator,MarianTranslator,12677,unit
tika,697d7c047daf1f661a4ed067bbc8f9c58bb6faa2,1,2026-01-07T07:46:39.000,0.0,false,CONCRETE_CLASS,0,5,0.0,false,32,0,1.8787557434076361E-4,0,CONCRETE_CLASS,/data/tika/tika-parsers/tika-parsers-standard/tika-parsers-standard-package/src/test/java/org/apache/tika/parser/pkg/RarParserTest.java,tika-parsers/tika-parsers-standard/tika-parsers-standard-package/src/test/java/org/apache/tika/parser/pkg/RarParserTest.java,org.apache.tika.parser.pkg.RarParserTest,RarParserTest,16773,unit
tika,697d7c047daf1f661a4ed067bbc8f9c58bb6faa2,1,2026-01-07T07:46:39.000,0.0,false,CONCRETE_CLASS,0,6,0.0,false,15,0,1.8787557434076361E-4,0,CONCRETE_CLASS,/data/tika/tika-integration-tests/tika-resource-loading-tests/src/test/java/org/apache/custom/parser/CustomParserTest.java,tika-integration-tests/tika-resource-loading-tests/src/test/java/org/apache/custom/parser/CustomParserTest.java,org.apache.custom.parser.CustomParserTest,CustomParserTest,29063,unit
tika,697d7c047daf1f661a4ed067bbc8f9c58bb6faa2,1,2026-01-07T07:46:39.000,0.0,false,CONCRETE_CLASS,3,4,0.0,false,8,0,2.6376024915029163E-4,0,CONCRETE_CLASS,/data/tika/tika-core/src/main/java/org/apache/tika/metadata/filter/NoOpFilter.java,tika-core/src/main/java/org/apache/tika/metadata/filter/NoOpFilter.java,org.apache.tika.metadata.filter.NoOpFilter,NoOpFilter,8587,unit
tika,697d7c047daf1f661a4ed067bbc8f9c58bb6faa2,1,2026-01-07T07:46:39.000,0.0,false,CONCRETE_CLASS,1,7,0.0,false,23,0,2.145146623684202E-4,0,CONCRETE_CLASS,/data/tika/tika-integration-tests/tika-resource-loading-tests/src/test/java/org/apache/custom/parser/MyCustomParser.java,tika-integration-tests/tika-resource-loading-tests/src/test/java/org/apache/custom/parser/MyCustomParser.java,org.apache.custom.parser.MyCustomParser,MyCustomParser,29070,unit
tika,697d7c047daf1f661a4ed067bbc8f9c58bb6faa2,1,2026-01-07T07:46:39.000,0.0,false,CONCRETE_CLASS,0,8,0.0,false,73,0,1.8787557434076361E-4,0,CONCRETE_CLASS,/data/tika/tika-parsers/tika-parsers-standard/tika-parsers-standard-modules/tika-parser-text-module/src/test/java/org/apache/tika/parser/txt/CharsetDetectorTest.java,tika-parsers/tika-parsers-standard/tika-parsers-standard-modules/tika-parser-text-module/src/test/java/org/apache/tika/parser/txt/CharsetDetectorTest.java,org.apache.tika.parser.txt.CharsetDetectorTest,CharsetDetectorTest,20880,unit
tika,697d7c047daf1f661a4ed067bbc8f9c58bb6faa2,1,2026-01-07T07:46:39.000,0.0,false,INTERFACE,7,2,0.0,false,7,0,3.519407840377766E-4,0,INTERFACE,/data/tika/tika-core/src/main/java/org/apache/tika/extractor/EmbeddedStreamTranslator.java,tika-core/src/main/java/org/apache/tika/extractor/EmbeddedStreamTranslator.java,org.apache.tika.extractor.EmbeddedStreamTranslator,EmbeddedStreamTranslator,401,unit
tika,697d7c047daf1f661a4ed067bbc8f9c58bb6faa2,1,2026-01-07T07:46:39.000,0.0,false,ENUM,5,0,0.0,false,4,0,4.6424921644734314E-4,0,ENUM,/data/tika/tika-pipes/tika-pipes-core/src/main/java/org/apache/tika/pipes/core/EmitStrategy.java,tika-pipes/tika-pipes-core/src/main/java/org/apache/tika/pipes/core/EmitStrategy.java,org.apache.tika.pipes.core.EmitStrategy,EmitStrategy,8596,unit
tika,697d7c047daf1f661a4ed067bbc8f9c58bb6faa2,1,2026-01-07T07:46:39.000,0.0,false,CONCRETE_CLASS,6,13,0.0,false,56,0,3.0481434024678424E-4,0,CONCRETE_CLASS,/data/tika/tika-core/src/main/java/org/apache/tika/extractor/ParserContainerExtractor.java,tika-core/src/main/java/org/apache/tika/extractor/ParserContainerExtractor.java,org.apache.tika.extractor.ParserContainerExtractor,ParserContainerExtractor,412,unit
tika,697d7c047daf1f661a4ed067bbc8f9c58bb6faa2,1,2026-01-07T07:46:39.000,0.0,false,CONCRETE_CLASS,10,9,0.0,false,46,0,3.026345652056706E-4,0,CONCRETE_CLASS,/data/tika/tika-pipes/tika-pipes-core/src/main/java/org/apache/tika/pipes/core/emitter/EmitterManager.java,tika-pipes/tika-pipes-core/src/main/java/org/apache/tika/pipes/core/emitter/EmitterManager.java,org.apache.tika.pipes.core.emitter.EmitterManager,EmitterManager,8604,unit
tika,697d7c047daf1f661a4ed067bbc8f9c58bb6faa2,1,2026-01-07T07:46:39.000,0.0,false,CONCRETE_CLASS,2,5,0.0,false,18,0,2.664371555357571E-4,0,CONCRETE_CLASS,/data/tika/tika-core/src/main/java/org/apache/tika/parser/multiple/FallbackParser.java,tika-core/src/main/java/org/apache/tika/parser/multiple/FallbackParser.java,org.apache.tika.parser.multiple.FallbackParser,FallbackParser,4511,unit
tika,697d7c047daf1f661a4ed067bbc8f9c58bb6faa2,1,2026-01-07T07:46:39.000,0.0,false,CONCRETE_CLASS,29,23,0.0,false,104,0,0.0011710274688515943,0,CONCRETE_CLASS,/data/tika/tika-core/src/main/java/org/apache/tika/parser/AutoDetectParser.java,tika-core/src/main/java/org/apache/tika/parser/AutoDetectParser.java,org.apache.tika.parser.AutoDetectParser,AutoDetectParser,418,unit
tika,697d7c047daf1f661a4ed067bbc8f9c58bb6faa2,1,2026-01-07T07:46:39.000,0.0,false,CONCRETE_CLASS,0,5,0.0,false,25,0,1.8787557434076361E-4,0,CONCRETE_CLASS,/data/tika/tika-core/src/test/java/org/apache/tika/parser/RegexCaptureParserTest.java,tika-core/src/test/java/org/apache/tika/parser/RegexCaptureParserTest.java,org.apache.tika.parser.RegexCaptureParserTest,RegexCaptureParserTest,24995,unit
tika,697d7c047daf1f661a4ed067bbc8f9c58bb6faa2,1,2026-01-07T07:46:39.000,0.0,false,ABSTRACT_CLASS,5,11,0.0,false,109,0,3.5900805832392345E-4,0,ABSTRACT_CLASS,/data/tika/tika-core/src/main/java/org/apache/tika/parser/multiple/AbstractMultipleParser.java,tika-core/src/main/java/org/apache/tika/parser/multiple/AbstractMultipleParser.java,org.apache.tika.parser.multiple.AbstractMultipleParser,AbstractMultipleParser,4517,unit
tika,697d7c047daf1f661a4ed067bbc8f9c58bb6faa2,1,2026-01-07T07:46:39.000,0.0,false,CONCRETE_CLASS,2,12,0.0,false,36,0,2.304159842773211E-4,0,CONCRETE_CLASS,/data/tika/tika-pipes/tika-pipes-core/src/main/java/org/apache/tika/pipes/core/extractor/EmittingEmbeddedDocumentBytesHandler.java,tika-pipes/tika-pipes-core/src/main/java/org/apache/tika/pipes/core/extractor/EmittingEmbeddedDocumentBytesHandler.java,org.apache.tika.pipes.core.extractor.EmittingEmbeddedDocumentBytesHandler,EmittingEmbeddedDocumentBytesHandler,8618,unit
tika,697d7c047daf1f661a4ed067bbc8f9c58bb6faa2,1,2026-01-07T07:46:39.000,0.0,false,CONCRETE_CLASS,30,2,0.0,false,38,0,0.0012745572017485252,0,CONCRETE_CLASS,/data/tika/tika-core/src/main/java/org/apache/tika/mime/MediaTypeRegistry.java,tika-core/src/main/java/org/apache/tika/mime/MediaTypeRegistry.java,org.apache.tika.mime.MediaTypeRegistry,MediaTypeRegistry,4525,unit
tika,697d7c047daf1f661a4ed067bbc8f9c58bb6faa2,1,2026-01-07T07:46:39.000,0.0,false,INTERFACE,4,3,0.0,false,6,0,6.268528195141462E-4,0,INTERFACE,/data/tika/tika-core/src/main/java/org/apache/tika/extractor/EmbeddedResourceHandler.java,tika-core/src/main/java/org/apache/tika/extractor/EmbeddedResourceHandler.java,org.apache.tika.extractor.EmbeddedResourceHandler,EmbeddedResourceHandler,430,unit
tika,697d7c047daf1f661a4ed067bbc8f9c58bb6faa2,1,2026-01-07T07:46:39.000,0.0,false,CONCRETE_CLASS,3,3,0.0,false,65,0,3.657139429985737E-4,0,CONCRETE_CLASS,/data/tika/tika-parsers/tika-parsers-standard/tika-parsers-standard-modules/tika-parser-miscoffice-module/src/main/java/org/apache/tika/parser/dbf/DBFCell.java,tika-parsers/tika-parsers-standard/tika-parsers-standard-modules/tika-parser-miscoffice-module/src/main/java/org/apache/tika/parser/dbf/DBFCell.java,org.apache.tika.parser.dbf.DBFCell,DBFCell,29102,unit
tika,697d7c047daf1f661a4ed067bbc8f9c58bb6faa2,1,2026-01-07T07:46:39.000,0.0,false,CONCRETE_CLASS,0,8,0.0,false,28,0,1.8787557434076361E-4,0,CONCRETE_CLASS,/data/tika/tika-parsers/tika-parsers-standard/tika-parsers-standard-modules/tika-parser-text-module/src/test/java/org/apache/tika/parser/strings/StringsParserTest.java,tika-parsers/tika-parsers-standard/tika-parsers-standard-modules/tika-parser-text-module/src/test/java/org/apache/tika/parser/strings/StringsParserTest.java,org.apache.tika.parser.strings.StringsParserTest,StringsParserTest,16817,unit
tika,697d7c047daf1f661a4ed067bbc8f9c58bb6faa2,1,2026-01-07T07:46:39.000,0.0,false,CONCRETE_CLASS,1,9,0.0,false,70,0,2.0014364583024831E-4,0,CONCRETE_CLASS,/data/tika/tika-core/src/main/java/org/apache/tika/parser/NetworkParser.java,tika-core/src/main/java/org/apache/tika/parser/NetworkParser.java,org.apache.tika.parser.NetworkParser,NetworkParser,25009,unit
tika,697d7c047daf1f661a4ed067bbc8f9c58bb6faa2,1,2026-01-07T07:46:39.000,0.0,false,CONCRETE_CLASS,3,11,0.0,false,38,0,2.778388014266058E-4,0,CONCRETE_CLASS,/data/tika/tika-core/src/main/java/org/apache/tika/renderer/CompositeRenderer.java,tika-core/src/main/java/org/apache/tika/renderer/CompositeRenderer.java,org.apache.tika.renderer.CompositeRenderer,CompositeRenderer,12722,unit
tika,697d7c047daf1f661a4ed067bbc8f9c58bb6faa2,1,2026-01-07T07:46:39.000,0.0,false,CONCRETE_CLASS,0,9,0.0,false,123,0,1.8787557434076361E-4,0,CONCRETE_CLASS,/data/tika/tika-parsers/tika-parsers-standard/tika-parsers-standard-modules/tika-parser-text-module/src/test/java/org/apache/tika/parser/txt/TXTParserTest.java,tika-parsers/tika-parsers-standard/tika-parsers-standard-modules/tika-parser-text-module/src/test/java/org/apache/tika/parser/txt/TXTParserTest.java,org.apache.tika.parser.txt.TXTParserTest,TXTParserTest,20915,unit
tika,697d7c047daf1f661a4ed067bbc8f9c58bb6faa2,1,2026-01-07T07:46:39.000,0.0,false,CONCRETE_CLASS,4,4,0.0,false,70,0,4.034442536748887E-4,0,CONCRETE_CLASS,/data/tika/tika-parsers/tika-parsers-standard/tika-parsers-standard-modules/tika-parser-miscoffice-module/src/main/java/org/apache/tika/parser/dbf/DBFReader.java,tika-parsers/tika-parsers-standard/tika-parsers-standard-modules/tika-parser-miscoffice-module/src/main/java/org/apache/tika/parser/dbf/DBFReader.java,org.apache.tika.parser.dbf.DBFReader,DBFReader,29108,unit
tika,697d7c047daf1f661a4ed067bbc8f9c58bb6faa2,1,2026-01-07T07:46:39.000,0.0,false,CONCRETE_CLASS,2,25,0.0,false,86,0,2.0078180162030556E-4,0,CONCRETE_CLASS,/data/tika/tika-pipes/tika-pipes-core/src/main/java/org/apache/tika/pipes/core/server/PipesWorker.java,tika-pipes/tika-pipes-core/src/main/java/org/apache/tika/pipes/core/server/PipesWorker.java,org.apache.tika.pipes.core.server.PipesWorker,PipesWorker,8630,unit
tika,697d7c047daf1f661a4ed067bbc8f9c58bb6faa2,1,2026-01-07T07:46:39.000,0.0,false,CONCRETE_CLASS,3,2,0.0,false,2,0,2.8890640743822185E-4,0,CONCRETE_CLASS,/data/tika/tika-core/src/main/java/org/apache/tika/parser/StatefulParser.java,tika-core/src/main/java/org/apache/tika/parser/StatefulParser.java,org.apache.tika.parser.StatefulParser,StatefulParser,439,unit
tika,697d7c047daf1f661a4ed067bbc8f9c58bb6faa2,1,2026-01-07T07:46:39.000,0.0,false,CONCRETE_CLASS,3,1,0.0,false,15,0,2.4159200631939054E-4,0,CONCRETE_CLASS,/data/tika/tika-parsers/tika-parsers-standard/tika-parsers-standard-modules/tika-parser-text-module/src/main/java/org/apache/tika/parser/strings/StringsConfig.java,tika-parsers/tika-parsers-standard/tika-parsers-standard-modules/tika-parser-text-module/src/main/java/org/apache/tika/parser/strings/StringsConfig.java,org.apache.tika.parser.strings.StringsConfig,StringsConfig,16827,unit
tika,697d7c047daf1f661a4ed067bbc8f9c58bb6faa2,1,2026-01-07T07:46:39.000,0.0,false,CONCRETE_CLASS,4,1,0.0,false,27,0,4.6141803693521574E-4,0,CONCRETE_CLASS,/data/tika/tika-parsers/tika-parsers-standard/tika-parsers-standard-modules/tika-parser-miscoffice-module/src/main/java/org/apache/tika/parser/dbf/DBFColumnHeader.java,tika-parsers/tika-parsers-standard/tika-parsers-standard-modules/tika-parser-miscoffice-module/src/main/java/org/apache/tika/parser/dbf/DBFColumnHeader.java,org.apache.tika.parser.dbf.DBFColumnHeader,DBFColumnHeader,29116,unit
tika,697d7c047daf1f661a4ed067bbc8f9c58bb6faa2,1,2026-01-07T07:46:39.000,0.0,false,CONCRETE_CLASS,6,8,0.0,false,39,0,4.25179446014827E-4,0,CONCRETE_CLASS,/data/tika/tika-core/src/main/java/org/apache/tika/utils/ParserUtils.java,tika-core/src/main/java/org/apache/tika/utils/ParserUtils.java,org.apache.tika.utils.ParserUtils,ParserUtils,4541,unit
tika,697d7c047daf1f661a4ed067bbc8f9c58bb6faa2,1,2026-01-07T07:46:39.000,0.0,false,CONCRETE_CLASS,15,7,0.0,false,46,0,6.935455984627955E-4,0,CONCRETE_CLASS,/data/tika/tika-core/src/main/java/org/apache/tika/detect/DefaultDetector.java,tika-core/src/main/java/org/apache/tika/detect/DefaultDetector.java,org.apache.tika.detect.DefaultDetector,DefaultDetector,447,unit
tika,697d7c047daf1f661a4ed067bbc8f9c58bb6faa2,1,2026-01-07T07:46:39.000,0.0,false,CONCRETE_CLASS,1,3,0.0,false,16,0,1.947082531918166E-4,0,CONCRETE_CLASS,/data/tika/tika-pipes/tika-pipes-core/src/main/java/org/apache/tika/pipes/core/extractor/BasicEmbeddedDocumentBytesHandler.java,tika-pipes/tika-pipes-core/src/main/java/org/apache/tika/pipes/core/extractor/BasicEmbeddedDocumentBytesHandler.java,org.apache.tika.pipes.core.extractor.BasicEmbeddedDocumentBytesHandler,BasicEmbeddedDocumentBytesHandler,8640,unit
tika,697d7c047daf1f661a4ed067bbc8f9c58bb6faa2,1,2026-01-07T07:46:39.000,0.0,false,CONCRETE_CLASS,2,18,0.0,false,112,0,2.3068839438521166E-4,0,CONCRETE_CLASS,/data/tika/tika-parsers/tika-parsers-standard/tika-parsers-standard-modules/tika-parser-text-module/src/main/java/org/apache/tika/parser/strings/StringsParser.java,tika-parsers/tika-parsers-standard/tika-parsers-standard-modules/tika-parser-text-module/src/main/java/org/apache/tika/parser/strings/StringsParser.java,org.apache.tika.parser.strings.StringsParser,StringsParser,16837,unit
tika,697d7c047daf1f661a4ed067bbc8f9c58bb6faa2,1,2026-01-07T07:46:39.000,0.0,false,INTERFACE,73,5,0.0,false,10,0,0.0023913136220005235,0,INTERFACE,/data/tika/tika-core/src/main/java/org/apache/tika/detect/Detector.java,tika-core/src/main/java/org/apache/tika/detect/Detector.java,org.apache.tika.detect.Detector,Detector,455,unit
tika,697d7c047daf1f661a4ed067bbc8f9c58bb6faa2,1,2026-01-07T07:46:39.000,0.0,false,CONCRETE_CLASS,4,1,0.0,false,9,0,2.333570390830105E-4,0,CONCRETE_CLASS,/data/tika/tika-pipes/tika-pipes-core/src/main/java/org/apache/tika/pipes/core/PipesResults.java,tika-pipes/tika-pipes-core/src/main/java/org/apache/tika/pipes/core/PipesResults.java,org.apache.tika.pipes.core.PipesResults,PipesResults,8648,unit
tika,697d7c047daf1f661a4ed067bbc8f9c58bb6faa2,1,2026-01-07T07:46:39.000,0.0,false,CONCRETE_CLASS,3,4,0.0,false,74,0,3.657139429985737E-4,0,CONCRETE_CLASS,/data/tika/tika-parsers/tika-parsers-standard/tika-parsers-standard-modules/tika-parser-miscoffice-module/src/main/java/org/apache/tika/parser/dbf/DBFFileHeader.java,tika-parsers/tika-parsers-standard/tika-parsers-standard-modules/tika-parser-miscoffice-module/src/main/java/org/apache/tika/parser/dbf/DBFFileHeader.java,org.apache.tika.parser.dbf.DBFFileHeader,DBFFileHeader,29128,unit
tika,697d7c047daf1f661a4ed067bbc8f9c58bb6faa2,1,2026-01-07T07:46:39.000,0.0,false,CONCRETE_CLASS,1,8,0.0,false,31,0,1.9628791792844464E-4,0,CONCRETE_CLASS,/data/tika/tika-parsers/tika-parsers-standard/tika-parsers-standard-modules/tika-parser-text-module/src/main/java/org/apache/tika/parser/txt/UniversalEncodingDetector.java,tika-parsers/tika-parsers-standard/tika-parsers-standard-modules/tika-parser-text-module/src/main/java/org/apache/tika/parser/txt/UniversalEncodingDetector.java,org.apache.tika.parser.txt.UniversalEncodingDetector,UniversalEncodingDetector,20940,unit
tika,697d7c047daf1f661a4ed067bbc8f9c58bb6faa2,1,2026-01-07T07:46:39.000,0.0,false,INTERFACE,25,0,0.0,false,4,0,0.0011548640636807237,0,INTERFACE,/data/tika/tika-core/src/main/java/org/apache/tika/sax/ContentHandlerFactory.java,tika-core/src/main/java/org/apache/tika/sax/ContentHandlerFactory.java,org.apache.tika.sax.ContentHandlerFactory,ContentHandlerFactory,4557,unit
tika,697d7c047daf1f661a4ed067bbc8f9c58bb6faa2,1,2026-01-07T07:46:39.000,0.0,false,CONCRETE_CLASS,2,23,0.0,false,131,0,2.0020885304374662E-4,0,CONCRETE_CLASS,/data/tika/tika-pipes/tika-pipes-core/src/main/java/org/apache/tika/pipes/core/server/ParseHandler.java,tika-pipes/tika-pipes-core/src/main/java/org/apache/tika/pipes/core/server/ParseHandler.java,org.apache.tika.pipes.core.server.ParseHandler,ParseHandler,8656,unit
tika,697d7c047daf1f661a4ed067bbc8f9c58bb6faa2,1,2026-01-07T07:46:39.000,0.0,false,INTERFACE,7,4,0.0,false,10,0,3.566299734916907E-4,0,INTERFACE,/data/tika/tika-core/src/main/java/org/apache/tika/extractor/ContainerExtractor.java,tika-core/src/main/java/org/apache/tika/extractor/ContainerExtractor.java,org.apache.tika.extractor.ContainerExtractor,ContainerExtractor,465,unit
tika,697d7c047daf1f661a4ed067bbc8f9c58bb6faa2,1,2026-01-07T07:46:39.000,0.0,false,CONCRETE_CLASS,1,7,0.0,false,86,0,2.145146623684202E-4,0,CONCRETE_CLASS,/data/tika/tika-parsers/tika-parsers-standard/tika-parsers-standard-modules/tika-parser-text-module/src/main/java/org/apache/tika/parser/strings/Latin1StringsParser.java,tika-parsers/tika-parsers-standard/tika-parsers-standard-modules/tika-parser-text-module/src/main/java/org/apache/tika/parser/strings/Latin1StringsParser.java,org.apache.tika.parser.strings.Latin1StringsParser,Latin1StringsParser,16850,unit
tika,697d7c047daf1f661a4ed067bbc8f9c58bb6faa2,1,2026-01-07T07:46:39.000,0.0,false,CONCRETE_CLASS,2,3,0.0,false,16,0,2.8490665571454096E-4,0,CONCRETE_CLASS,/data/tika/tika-parsers/tika-parsers-standard/tika-parsers-standard-modules/tika-parser-miscoffice-module/src/main/java/org/apache/tika/parser/dbf/DBFRow.java,tika-parsers/tika-parsers-standard/tika-parsers-standard-modules/tika-parser-miscoffice-module/src/main/java/org/apache/tika/parser/dbf/DBFRow.java,org.apache.tika.parser.dbf.DBFRow,DBFRow,29141,unit
tika,697d7c047daf1f661a4ed067bbc8f9c58bb6faa2,1,2026-01-07T07:46:39.000,0.0,false,CONCRETE_CLASS,0,14,0.0,false,133,0,1.8787557434076361E-4,0,CONCRETE_CLASS,/data/tika/tika-core/src/test/java/org/apache/tika/parser/multiple/MultipleParserTest.java,tika-core/src/test/java/org/apache/tika/parser/multiple/MultipleParserTest.java,org.apache.tika.parser.multiple.MultipleParserTest,MultipleParserTest,4571,unit
tika,697d7c047daf1f661a4ed067bbc8f9c58bb6faa2,1,2026-01-07T07:46:39.000,0.0,false,CONCRETE_CLASS,0,5,0.0,false,81,0,1.8787557434076361E-4,0,CONCRETE_CLASS,/data/tika/tika-parsers/tika-parsers-standard/tika-parsers-standard-package/src/test/java/org/apache/tika/parser/AutoDetectParserConfigTest.java,tika-parsers/tika-parsers-standard/tika-parsers-standard-package/src/test/java/org/apache/tika/parser/AutoDetectParserConfigTest.java,org.apache.tika.parser.AutoDetectParserConfigTest,AutoDetectParserConfigTest,25057,unit
tika,697d7c047daf1f661a4ed067bbc8f9c58bb6faa2,1,2026-01-07T07:46:39.000,0.0,false,CONCRETE_CLASS,1,16,0.0,false,77,0,2.1070907836446924E-4,0,CONCRETE_CLASS,/data/tika/tika-parsers/tika-parsers-standard/tika-parsers-standard-modules/tika-parser-miscoffice-module/src/main/java/org/apache/tika/parser/dbf/DBFParser.java,tika-parsers/tika-parsers-standard/tika-parsers-standard-modules/tika-parser-miscoffice-module/src/main/java/org/apache/tika/parser/dbf/DBFParser.java,org.apache.tika.parser.dbf.DBFParser,DBFParser,29153,unit
tika,697d7c047daf1f661a4ed067bbc8f9c58bb6faa2,1,2026-01-07T07:46:39.000,0.0,false,CONCRETE_CLASS,0,0,0.0,false,15,0,1.8787557434076361E-4,0,CONCRETE_CLASS,/data/tika/tika-pipes/tika-pipes-plugins/tika-pipes-atlassian-jwt/src/main/java/org/apache/tika/pipes/fetcher/atlassianjwt/AtlassianJwtFetcherPlugin.java,tika-pipes/tika-pipes-plugins/tika-pipes-atlassian-jwt/src/main/java/org/apache/tika/pipes/fetcher/atlassianjwt/AtlassianJwtFetcherPlugin.java,org.apache.tika.pipes.fetcher.atlassianjwt.AtlassianJwtFetcherPlugin,AtlassianJwtFetcherPlugin,20962,unit
tika,697d7c047daf1f661a4ed067bbc8f9c58bb6faa2,1,2026-01-07T07:46:39.000,0.0,false,CONCRETE_CLASS,3,7,0.0,false,25,0,2.2980619082065942E-4,0,CONCRETE_CLASS,/data/tika/tika-core/src/test/java/org/apache/tika/parser/DummyParser.java,tika-core/src/test/java/org/apache/tika/parser/DummyParser.java,org.apache.tika.parser.DummyParser,DummyParser,4579,unit
tika,697d7c047daf1f661a4ed067bbc8f9c58bb6faa2,1,2026-01-07T07:46:39.000,0.0,false,CONCRETE_CLASS,2,8,0.0,false,35,0,2.0020885304374662E-4,0,CONCRETE_CLASS,/data/tika/tika-pipes/tika-pipes-core/src/main/java/org/apache/tika/pipes/core/server/FetchHandler.java,tika-pipes/tika-pipes-core/src/main/java/org/apache/tika/pipes/core/server/FetchHandler.java,org.apache.tika.pipes.core.server.FetchHandler,FetchHandler,8675,unit
tika,697d7c047daf1f661a4ed067bbc8f9c58bb6faa2,1,2026-01-07T07:46:39.000,0.0,false,INTERFACE,7,0,0.0,false,1,0,0.0025255172421242587,0,INTERFACE,/data/tika/tika-core/src/main/java/org/apache/tika/config/SelfConfiguring.java,tika-core/src/main/java/org/apache/tika/config/SelfConfiguring.java,org.apache.tika.config.SelfConfiguring,SelfConfiguring,12771,unit
tika,697d7c047daf1f661a4ed067bbc8f9c58bb6faa2,1,2026-01-07T07:46:39.000,0.0,false,CONCRETE_CLASS,1,6,0.0,false,13,0,2.3120514721395466E-4,0,CONCRETE_CLASS,/data/tika/tika-core/src/main/java/org/apache/tika/extractor/ParsingEmbeddedDocumentExtractorFactory.java,tika-core/src/main/java/org/apache/tika/extractor/ParsingEmbeddedDocumentExtractorFactory.java,org.apache.tika.extractor.ParsingEmbeddedDocumentExtractorFactory,ParsingEmbeddedDocumentExtractorFactory,484,unit
tika,697d7c047daf1f661a4ed067bbc8f9c58bb6faa2,1,2026-01-07T07:46:39.000,0.0,false,ENUM,3,0,0.0,false,11,0,4.271563040732163E-4,0,ENUM,/data/tika/tika-parsers/tika-parsers-standard/tika-parsers-standard-modules/tika-parser-text-module/src/main/java/org/apache/tika/parser/strings/StringsEncoding.java,tika-parsers/tika-parsers-standard/tika-parsers-standard-modules/tika-parser-text-module/src/main/java/org/apache/tika/parser/strings/StringsEncoding.java,org.apache.tika.parser.strings.StringsEncoding,StringsEncoding,16868,unit
tika,697d7c047daf1f661a4ed067bbc8f9c58bb6faa2,1,2026-01-07T07:46:39.000,0.0,false,INTERFACE,6,3,0.0,false,5,0,5.12193473407907E-4,0,INTERFACE,/data/tika/tika-core/src/main/java/org/apache/tika/extractor/EmbeddedDocumentExtractorFactory.java,tika-core/src/main/java/org/apache/tika/extractor/EmbeddedDocumentExtractorFactory.java,org.apache.tika.extractor.EmbeddedDocumentExtractorFactory,EmbeddedDocumentExtractorFactory,490,unit
tika,697d7c047daf1f661a4ed067bbc8f9c58bb6faa2,1,2026-01-07T07:46:39.000,0.0,false,CONCRETE_CLASS,1,0,0.0,false,111,0,1.9956532172810124E-4,0,CONCRETE_CLASS,/data/tika/tika-pipes/tika-pipes-plugins/tika-pipes-atlassian-jwt/src/main/java/org/apache/tika/pipes/fetcher/atlassianjwt/AtlassianJwtGenerator.java,tika-pipes/tika-pipes-plugins/tika-pipes-atlassian-jwt/src/main/java/org/apache/tika/pipes/fetcher/atlassianjwt/AtlassianJwtGenerator.java,org.apache.tika.pipes.fetcher.atlassianjwt.AtlassianJwtGenerator,AtlassianJwtGenerator,20971,unit
tika,697d7c047daf1f661a4ed067bbc8f9c58bb6faa2,1,2026-01-07T07:46:39.000,0.0,false,CONCRETE_CLASS,2,7,0.0,false,15,0,2.1527577916921037E-4,0,CONCRETE_CLASS,/data/tika/tika-core/src/main/java/org/apache/tika/parser/ErrorParser.java,tika-core/src/main/java/org/apache/tika/parser/ErrorParser.java,org.apache.tika.parser.ErrorParser,ErrorParser,4590,unit
tika,697d7c047daf1f661a4ed067bbc8f9c58bb6faa2,1,2026-01-07T07:46:39.000,0.0,false,CONCRETE_CLASS,0,6,0.0,false,37,0,1.8787557434076361E-4,0,CONCRETE_CLASS,/data/tika/tika-parsers/tika-parsers-standard/tika-parsers-standard-modules/tika-parser-text-module/src/test/java/org/apache/tika/parser/strings/Latin1StringsParserTest.java,tika-parsers/tika-parsers-standard/tika-parsers-standard-modules/tika-parser-text-module/src/test/java/org/apache/tika/parser/strings/Latin1StringsParserTest.java,org.apache.tika.parser.strings.Latin1StringsParserTest,Latin1StringsParserTest,16879,unit
tika,697d7c047daf1f661a4ed067bbc8f9c58bb6faa2,1,2026-01-07T07:46:39.000,0.0,false,CONCRETE_CLASS,4,15,0.0,false,57,0,2.9243971105009475E-4,0,CONCRETE_CLASS,/data/tika/tika-core/src/main/java/org/apache/tika/extractor/ParsingEmbeddedDocumentExtractor.java,tika-core/src/main/java/org/apache/tika/extractor/ParsingEmbeddedDocumentExtractor.java,org.apache.tika.extractor.ParsingEmbeddedDocumentExtractor,ParsingEmbeddedDocumentExtractor,498,unit
tika,697d7c047daf1f661a4ed067bbc8f9c58bb6faa2,1,2026-01-07T07:46:39.000,0.0,false,CONCRETE_CLASS,1,31,0.0,false,502,0,2.0043039690947987E-4,0,CONCRETE_CLASS,/data/tika/tika-pipes/tika-pipes-core/src/main/java/org/apache/tika/pipes/core/server/PipesServer.java,tika-pipes/tika-pipes-core/src/main/java/org/apache/tika/pipes/core/server/PipesServer.java,org.apache.tika.pipes.core.server.PipesServer,PipesServer,8692,unit
tika,697d7c047daf1f661a4ed067bbc8f9c58bb6faa2,1,2026-01-07T07:46:39.000,0.0,false,CONCRETE_CLASS,1,16,0.0,false,166,0,2.198424799739515E-4,0,CONCRETE_CLASS,/data/tika/tika-pipes/tika-pipes-plugins/tika-pipes-atlassian-jwt/src/main/java/org/apache/tika/pipes/fetcher/atlassianjwt/AtlassianJwtFetcher.java,tika-pipes/tika-pipes-plugins/tika-pipes-atlassian-jwt/src/main/java/org/apache/tika/pipes/fetcher/atlassianjwt/AtlassianJwtFetcher.java,org.apache.tika.pipes.fetcher.atlassianjwt.AtlassianJwtFetcher,AtlassianJwtFetcher,20980,unit
tika,697d7c047daf1f661a4ed067bbc8f9c58bb6faa2,1,2026-01-07T07:46:39.000,0.0,false,CONCRETE_CLASS,1,5,0.0,false,23,0,1.9929232635261643E-4,0,CONCRETE_CLASS,/data/tika/tika-core/src/main/java/org/apache/tika/parser/multiple/SupplementingParser.java,tika-core/src/main/java/org/apache/tika/parser/multiple/SupplementingParser.java,org.apache.tika.parser.multiple.SupplementingParser,SupplementingParser,4598,unit
tika,697d7c047daf1f661a4ed067bbc8f9c58bb6faa2,1,2026-01-07T07:46:39.000,0.0,false,INTERFACE,47,3,0.0,false,10,0,0.0011127318214830876,0,INTERFACE,/data/tika/tika-core/src/main/java/org/apache/tika/extractor/EmbeddedDocumentExtractor.java,tika-core/src/main/java/org/apache/tika/extractor/EmbeddedDocumentExtractor.java,org.apache.tika.extractor.EmbeddedDocumentExtractor,EmbeddedDocumentExtractor,507,unit
tika,697d7c047daf1f661a4ed067bbc8f9c58bb6faa2,1,2026-01-07T07:46:39.000,0.0,false,CONCRETE_CLASS,3,3,0.0,false,22,0,2.838003440320744E-4,0,CONCRETE_CLASS,/data/tika/tika-pipes/tika-pipes-core/src/main/java/org/apache/tika/pipes/core/EmitStrategyConfig.java,tika-pipes/tika-pipes-core/src/main/java/org/apache/tika/pipes/core/EmitStrategyConfig.java,org.apache.tika.pipes.core.EmitStrategyConfig,EmitStrategyConfig,8702,unit
tika,697d7c047daf1f661a4ed067bbc8f9c58bb6faa2,1,2026-01-07T07:46:39.000,0.0,false,CONCRETE_CLASS,0,7,0.0,false,40,0,1.8787557434076361E-4,0,CONCRETE_CLASS,/data/tika/tika-parsers/tika-parsers-standard/tika-parsers-standard-modules/tika-parser-text-module/src/test/java/org/apache/tika/parser/strings/StringsConfigTest.java,tika-parsers/tika-parsers-standard/tika-parsers-standard-modules/tika-parser-text-module/src/test/java/org/apache/tika/parser/strings/StringsConfigTest.java,org.apache.tika.parser.strings.StringsConfigTest,StringsConfigTest,16894,unit
tika,697d7c047daf1f661a4ed067bbc8f9c58bb6faa2,1,2026-01-07T07:46:39.000,0.0,false,CONCRETE_CLASS,0,1,0.0,false,144,0,1.8787557434076361E-4,0,CONCRETE_CLASS,/data/tika/tika-parsers/tika-parsers-standard/tika-parsers-standard-package/src/test/java/org/apache/tika/parser/TabularFormatsTest.java,tika-parsers/tika-parsers-standard/tika-parsers-standard-package/src/test/java/org/apache/tika/parser/TabularFormatsTest.java,org.apache.tika.parser.TabularFormatsTest,TabularFormatsTest,25088,unit
tika,697d7c047daf1f661a4ed067bbc8f9c58bb6faa2,1,2026-01-07T07:46:39.000,0.0,false,CONCRETE_CLASS,6,8,0.0,false,74,0,3.22785160957895E-4,0,CONCRETE_CLASS,/data/tika/tika-core/src/main/java/org/apache/tika/parser/AutoDetectParserConfig.java,tika-core/src/main/java/org/apache/tika/parser/AutoDetectParserConfig.java,org.apache.tika.parser.AutoDetectParserConfig,AutoDetectParserConfig,8710,unit
tika,697d7c047daf1f661a4ed067bbc8f9c58bb6faa2,1,2026-01-07T07:46:39.000,0.0,false,CONCRETE_CLASS,0,7,0.0,false,72,0,1.8787557434076361E-4,0,CONCRETE_CLASS,/data/tika/tika-parsers/tika-parsers-standard/tika-parsers-standard-modules/tika-parser-miscoffice-module/src/test/java/org/apache/tika/parser/dbf/DBFParserTest.java,tika-parsers/tika-parsers-standard/tika-parsers-standard-modules/tika-parser-miscoffice-module/src/test/java/org/apache/tika/parser/dbf/DBFParserTest.java,org.apache.tika.parser.dbf.DBFParserTest,DBFParserTest,29191,unit
tika,697d7c047daf1f661a4ed067bbc8f9c58bb6faa2,1,2026-01-07T07:46:39.000,0.0,false,CONCRETE_CLASS,2,16,0.0,false,82,0,2.1423822172974633E-4,0,CONCRETE_CLASS,/data/tika/tika-core/src/main/java/org/apache/tika/extractor/RUnpackExtractor.java,tika-core/src/main/java/org/apache/tika/extractor/RUnpackExtractor.java,org.apache.tika.extractor.RUnpackExtractor,RUnpackExtractor,522,unit
tika,697d7c047daf1f661a4ed067bbc8f9c58bb6faa2,1,2026-01-07T07:46:39.000,0.0,false,CONCRETE_CLASS,2,6,0.0,false,174,0,2.674202098779569E-4,0,CONCRETE_CLASS,/data/tika/tika-core/src/main/java/org/apache/tika/detect/MagicDetector.java,tika-core/src/main/java/org/apache/tika/detect/MagicDetector.java,org.apache.tika.detect.MagicDetector,MagicDetector,12810,unit
tika,697d7c047daf1f661a4ed067bbc8f9c58bb6faa2,1,2026-01-07T07:46:39.000,0.0,false,CONCRETE_CLASS,7,9,0.0,false,81,0,3.01815846540173E-4,0,CONCRETE_CLASS,/data/tika/tika-serialization/src/main/java/org/apache/tika/serialization/ParseContextUtils.java,tika-serialization/src/main/java/org/apache/tika/serialization/ParseContextUtils.java,org.apache.tika.serialization.ParseContextUtils,ParseContextUtils,8719,unit
tika,697d7c047daf1f661a4ed067bbc8f9c58bb6faa2,1,2026-01-07T07:46:39.000,0.0,false,CONCRETE_CLASS,4,1,0.0,false,3,0,2.644947579224162E-4,0,CONCRETE_CLASS,/data/tika/tika-core/src/main/java/org/apache/tika/exception/CorruptedFileException.java,tika-core/src/main/java/org/apache/tika/exception/CorruptedFileException.java,org.apache.tika.exception.CorruptedFileException,CorruptedFileException,529,unit
tika,697d7c047daf1f661a4ed067bbc8f9c58bb6faa2,1,2026-01-07T07:46:39.000,0.0,false,CONCRETE_CLASS,0,5,0.0,false,13,0,1.8787557434076361E-4,0,CONCRETE_CLASS,/data/tika/tika-pipes/tika-pipes-plugins/tika-pipes-atlassian-jwt/src/main/java/org/apache/tika/pipes/fetcher/atlassianjwt/AtlassianJwtFetcherFactory.java,tika-pipes/tika-pipes-plugins/tika-pipes-atlassian-jwt/src/main/java/org/apache/tika/pipes/fetcher/atlassianjwt/AtlassianJwtFetcherFactory.java,org.apache.tika.pipes.fetcher.atlassianjwt.AtlassianJwtFetcherFactory,AtlassianJwtFetcherFactory,21009,unit
tika,697d7c047daf1f661a4ed067bbc8f9c58bb6faa2,1,2026-01-07T07:46:39.000,0.0,false,CONCRETE_CLASS,0,11,0.0,false,88,0,1.8787557434076361E-4,0,CONCRETE_CLASS,/data/tika/tika-core/src/test/java/org/apache/tika/parser/CompositeParserTest.java,tika-core/src/test/java/org/apache/tika/parser/CompositeParserTest.java,org.apache.tika.parser.CompositeParserTest,CompositeParserTest,25107,unit
tika,697d7c047daf1f661a4ed067bbc8f9c58bb6faa2,1,2026-01-07T07:46:39.000,0.0,false,CONCRETE_CLASS,2,11,0.0,false,50,0,2.5980111201543636E-4,0,CONCRETE_CLASS,/data/tika/tika-pipes/tika-pipes-plugins/tika-pipes-gcs/src/main/java/org/apache/tika/pipes/fetcher/gcs/GCSFetcher.java,tika-pipes/tika-pipes-plugins/tika-pipes-gcs/src/main/java/org/apache/tika/pipes/fetcher/gcs/GCSFetcher.java,org.apache.tika.pipes.fetcher.gcs.GCSFetcher,GCSFetcher,4632,unit
tika,697d7c047daf1f661a4ed067bbc8f9c58bb6faa2,1,2026-01-07T07:46:39.000,0.0,false,CONCRETE_CLASS,2,6,0.0,false,26,0,3.33433359824246E-4,0,CONCRETE_CLASS,/data/tika/tika-core/src/main/java/org/apache/tika/detect/TextDetector.java,tika-core/src/main/java/org/apache/tika/detect/TextDetector.java,org.apache.tika.detect.TextDetector,TextDetector,12827,unit
tika,697d7c047daf1f661a4ed067bbc8f9c58bb6faa2,1,2026-01-07T07:46:39.000,0.0,false,INTERFACE,4,6,0.0,false,66,0,2.727376792712006E-4,0,INTERFACE,/data/tika/tika-pipes/tika-pipes-core/src/main/java/org/apache/tika/pipes/core/config/ConfigStoreFactory.java,tika-pipes/tika-pipes-core/src/main/java/org/apache/tika/pipes/core/config/ConfigStoreFactory.java,org.apache.tika.pipes.core.config.ConfigStoreFactory,ConfigStoreFactory,8732,unit
tika,697d7c047daf1f661a4ed067bbc8f9c58bb6faa2,1,2026-01-07T07:46:39.000,0.0,false,CONCRETE_CLASS,2,0,0.0,false,11,0,3.5997817399618774E-4,0,CONCRETE_CLASS,/data/tika/tika-app/src/main/java/org/apache/tika/cli/AsyncHelper.java,tika-app/src/main/java/org/apache/tika/cli/AsyncHelper.java,org.apache.tika.cli.AsyncHelper,AsyncHelper,29212,unit
tika,697d7c047daf1f661a4ed067bbc8f9c58bb6faa2,1,2026-01-07T07:46:39.000,0.0,false,CONCRETE_CLASS,27,1,0.0,false,5,0,5.48082506809796E-4,0,CONCRETE_CLASS,/data/tika/tika-core/src/main/java/org/apache/tika/sax/EmbeddedContentHandler.java,tika-core/src/main/java/org/apache/tika/sax/EmbeddedContentHandler.java,org.apache.tika.sax.EmbeddedContentHandler,EmbeddedContentHandler,542,unit
tika,697d7c047daf1f661a4ed067bbc8f9c58bb6faa2,1,2026-01-07T07:46:39.000,0.0,false,CONCRETE_CLASS,1,1,0.0,false,21,0,2.0796991486228458E-4,0,CONCRETE_CLASS,/data/tika/tika-pipes/tika-pipes-plugins/tika-pipes-gcs/src/main/java/org/apache/tika/pipes/fetcher/gcs/config/GCSFetcherConfig.java,tika-pipes/tika-pipes-plugins/tika-pipes-gcs/src/main/java/org/apache/tika/pipes/fetcher/gcs/config/GCSFetcherConfig.java,org.apache.tika.pipes.fetcher.gcs.config.GCSFetcherConfig,GCSFetcherConfig,4638,unit
tika,697d7c047daf1f661a4ed067bbc8f9c58bb6faa2,1,2026-01-07T07:46:39.000,0.0,false,CONCRETE_CLASS,2,0,0.0,false,28,0,2.795676515257652E-4,0,CONCRETE_CLASS,/data/tika/tika-core/src/main/java/org/apache/tika/detect/TextStatistics.java,tika-core/src/main/java/org/apache/tika/detect/TextStatistics.java,org.apache.tika.detect.TextStatistics,TextStatistics,12834,unit
tika,697d7c047daf1f661a4ed067bbc8f9c58bb6faa2,1,2026-01-07T07:46:39.000,0.0,false,CONCRETE_CLASS,0,1,0.0,false,5,0,1.8787557434076361E-4,0,CONCRETE_CLASS,/data/tika/tika-app/src/test/java/org/apache/tika/cli/AsyncHelperTest.java,tika-app/src/test/java/org/apache/tika/cli/AsyncHelperTest.java,org.apache.tika.cli.AsyncHelperTest,AsyncHelperTest,29221,unit
tika,697d7c047daf1f661a4ed067bbc8f9c58bb6faa2,1,2026-01-07T07:46:39.000,0.0,false,CONCRETE_CLASS,11,0,0.0,false,47,0,0.0017499105207101652,0,CONCRETE_CLASS,/data/tika/tika-core/src/main/java/org/apache/tika/io/BoundedInputStream.java,tika-core/src/main/java/org/apache/tika/io/BoundedInputStream.java,org.apache.tika.io.BoundedInputStream,BoundedInputStream,550,unit
tika,697d7c047daf1f661a4ed067bbc8f9c58bb6faa2,1,2026-01-07T07:46:39.000,0.0,false,CONCRETE_CLASS,0,9,0.0,false,56,0,1.8787557434076361E-4,0,CONCRETE_CLASS,/data/tika/tika-parsers/tika-parsers-ml/tika-parser-nlp-module/src/test/java/org/apache/tika/parser/ner/NamedEntityParserTest.java,tika-parsers/tika-parsers-ml/tika-parser-nlp-module/src/test/java/org/apache/tika/parser/ner/NamedEntityParserTest.java,org.apache.tika.parser.ner.NamedEntityParserTest,NamedEntityParserTest,21036,unit
tika,697d7c047daf1f661a4ed067bbc8f9c58bb6faa2,1,2026-01-07T07:46:39.000,0.0,false,INTERFACE,3,1,0.0,false,6,0,2.5408796790271935E-4,0,INTERFACE,/data/tika/tika-core/src/main/java/org/apache/tika/extractor/EmbeddedBytesSelector.java,tika-core/src/main/java/org/apache/tika/extractor/EmbeddedBytesSelector.java,org.apache.tika.extractor.EmbeddedBytesSelector,EmbeddedBytesSelector,559,unit
tika,697d7c047daf1f661a4ed067bbc8f9c58bb6faa2,1,2026-01-07T07:46:39.000,0.0,false,CONCRETE_CLASS,0,2,0.0,false,72,0,1.8787557434076361E-4,0,CONCRETE_CLASS,/data/tika/tika-app/src/test/java/org/apache/tika/cli/TikaCLIAsyncTest.java,tika-app/src/test/java/org/apache/tika/cli/TikaCLIAsyncTest.java,org.apache.tika.cli.TikaCLIAsyncTest,TikaCLIAsyncTest,29231,unit
tika,697d7c047daf1f661a4ed067bbc8f9c58bb6faa2,1,2026-01-07T07:46:39.000,0.0,false,CONCRETE_CLASS,6,17,0.0,false,460,0,2.5085977765232684E-4,0,CONCRETE_CLASS,/data/tika/tika-pipes/tika-pipes-core/src/main/java/org/apache/tika/pipes/core/PipesClient.java,tika-pipes/tika-pipes-core/src/main/java/org/apache/tika/pipes/core/PipesClient.java,org.apache.tika.pipes.core.PipesClient,PipesClient,8753,unit
tika,697d7c047daf1f661a4ed067bbc8f9c58bb6faa2,1,2026-01-07T07:46:39.000,0.0,false,CONCRETE_CLASS,1,6,0.0,false,33,0,2.145146623684202E-4,0,CONCRETE_CLASS,/data/tika/tika-parsers/tika-parsers-standard/tika-parsers-standard-modules/tika-parser-audiovideo-module/src/main/java/org/apache/tika/detect/MatroskaDetector.java,tika-parsers/tika-parsers-standard/tika-parsers-standard-modules/tika-parser-audiovideo-module/src/main/java/org/apache/tika/detect/MatroskaDetector.java,org.apache.tika.detect.MatroskaDetector,MatroskaDetector,12851,unit
tika,697d7c047daf1f661a4ed067bbc8f9c58bb6faa2,1,2026-01-07T07:46:39.000,0.0,false,CONCRETE_CLASS,1,4,0.0,false,30,0,2.011951183545919E-4,0,CONCRETE_CLASS,/data/tika/tika-server/tika-server-standard/src/main/java/org/apache/tika/server/standard/writer/XMPMessageBodyWriter.java,tika-server/tika-server-standard/src/main/java/org/apache/tika/server/standard/writer/XMPMessageBodyWriter.java,org.apache.tika.server.standard.writer.XMPMessageBodyWriter,XMPMessageBodyWriter,16947,unit
tika,697d7c047daf1f661a4ed067bbc8f9c58bb6faa2,1,2026-01-07T07:46:39.000,0.0,false,CONCRETE_CLASS,3,1,0.0,false,50,0,2.4628560534109084E-4,0,CONCRETE_CLASS,/data/tika/tika-parsers/tika-parsers-ml/tika-parser-nlp-module/src/main/java/org/apache/tika/parser/ner/regex/RegexNERecogniser.java,tika-parsers/tika-parsers-ml/tika-parser-nlp-module/src/main/java/org/apache/tika/parser/ner/regex/RegexNERecogniser.java,org.apache.tika.parser.ner.regex.RegexNERecogniser,RegexNERecogniser,21043,unit
tika,697d7c047daf1f661a4ed067bbc8f9c58bb6faa2,1,2026-01-07T07:46:39.000,0.0,false,ABSTRACT_CLASS,0,7,0.0,false,41,0,1.8787557434076361E-4,0,ABSTRACT_CLASS,/data/tika/tika-core/src/main/java/org/apache/tika/parser/CryptoParser.java,tika-core/src/main/java/org/apache/tika/parser/CryptoParser.java,org.apache.tika.parser.CryptoParser,CryptoParser,25139,unit
tika,697d7c047daf1f661a4ed067bbc8f9c58bb6faa2,1,2026-01-07T07:46:39.000,0.0,false,CONCRETE_CLASS,4,5,0.0,false,21,0,2.5067815959816075E-4,0,CONCRETE_CLASS,/data/tika/tika-core/src/main/java/org/apache/tika/extractor/DefaultEmbeddedStreamTranslator.java,tika-core/src/main/java/org/apache/tika/extractor/DefaultEmbeddedStreamTranslator.java,org.apache.tika.extractor.DefaultEmbeddedStreamTranslator,DefaultEmbeddedStreamTranslator,567,unit
tika,697d7c047daf1f661a4ed067bbc8f9c58bb6faa2,1,2026-01-07T07:46:39.000,0.0,false,CONCRETE_CLASS,0,5,0.0,false,13,0,1.8787557434076361E-4,0,CONCRETE_CLASS,/data/tika/tika-pipes/tika-pipes-plugins/tika-pipes-gcs/src/main/java/org/apache/tika/pipes/fetcher/gcs/GCSFetcherFactory.java,tika-pipes/tika-pipes-plugins/tika-pipes-gcs/src/main/java/org/apache/tika/pipes/fetcher/gcs/GCSFetcherFactory.java,org.apache.tika.pipes.fetcher.gcs.GCSFetcherFactory,GCSFetcherFactory,4663,unit
tika,697d7c047daf1f661a4ed067bbc8f9c58bb6faa2,1,2026-01-07T07:46:39.000,0.0,false,CONCRETE_CLASS,3,6,0.0,false,171,0,2.629150761874196E-4,0,CONCRETE_CLASS,/data/tika/tika-xmp/src/main/java/org/apache/tika/xmp/XMPMetadata.java,tika-xmp/src/main/java/org/apache/tika/xmp/XMPMetadata.java,org.apache.tika.xmp.XMPMetadata,XMPMetadata,16955,unit
tika,697d7c047daf1f661a4ed067bbc8f9c58bb6faa2,1,2026-01-07T07:46:39.000,0.0,false,CONCRETE_CLASS,29,1,0.0,false,5,0,7.638803169742495E-4,0,CONCRETE_CLASS,/data/tika/tika-core/src/main/java/org/apache/tika/exception/EncryptedDocumentException.java,tika-core/src/main/java/org/apache/tika/exception/EncryptedDocumentException.java,org.apache.tika.exception.EncryptedDocumentException,EncryptedDocumentException,577,unit
tika,697d7c047daf1f661a4ed067bbc8f9c58bb6faa2,1,2026-01-07T07:46:39.000,0.0,false,CONCRETE_CLASS,3,12,0.0,false,72,0,2.513019744066126E-4,0,CONCRETE_CLASS,/data/tika/tika-parsers/tika-parsers-ml/tika-parser-nlp-module/src/main/java/org/apache/tika/parser/ner/NamedEntityParser.java,tika-parsers/tika-parsers-ml/tika-parser-nlp-module/src/main/java/org/apache/tika/parser/ner/NamedEntityParser.java,org.apache.tika.parser.ner.NamedEntityParser,NamedEntityParser,21057,unit
tika,697d7c047daf1f661a4ed067bbc8f9c58bb6faa2,1,2026-01-07T07:46:39.000,0.0,false,CONCRETE_CLASS,0,5,0.0,false,29,0,1.8787557434076361E-4,0,CONCRETE_CLASS,/data/tika/tika-core/src/test/java/org/apache/tika/detect/TypeDetectorTest.java,tika-core/src/test/java/org/apache/tika/detect/TypeDetectorTest.java,org.apache.tika.detect.TypeDetectorTest,TypeDetectorTest,12868,unit
tika,697d7c047daf1f661a4ed067bbc8f9c58bb6faa2,1,2026-01-07T07:46:39.000,0.0,false,CONCRETE_CLASS,0,4,0.0,false,33,0,1.8787557434076361E-4,0,CONCRETE_CLASS,/data/tika/tika-pipes/tika-pipes-plugins/tika-pipes-gcs/src/test/java/org/apache/tika/pipes/fetcher/gcs/TestGCSFetcher.java,tika-pipes/tika-pipes-plugins/tika-pipes-gcs/src/test/java/org/apache/tika/pipes/fetcher/gcs/TestGCSFetcher.java,org.apache.tika.pipes.fetcher.gcs.TestGCSFetcher,TestGCSFetcher,4679,unit
tika,697d7c047daf1f661a4ed067bbc8f9c58bb6faa2,1,2026-01-07T07:46:39.000,0.0,false,INTERFACE,5,1,0.0,false,8,0,2.8600025389076997E-4,0,INTERFACE,/data/tika/tika-core/src/main/java/org/apache/tika/extractor/EmbeddedDocumentBytesHandler.java,tika-core/src/main/java/org/apache/tika/extractor/EmbeddedDocumentBytesHandler.java,org.apache.tika.extractor.EmbeddedDocumentBytesHandler,EmbeddedDocumentBytesHandler,585,unit
tika,697d7c047daf1f661a4ed067bbc8f9c58bb6faa2,1,2026-01-07T07:46:39.000,0.0,false,CONCRETE_CLASS,1,5,0.0,false,30,0,2.118884919548398E-4,0,CONCRETE_CLASS,/data/tika/tika-pipes/tika-pipes-core/src/main/java/org/apache/tika/pipes/core/reporter/CompositePipesReporter.java,tika-pipes/tika-pipes-core/src/main/java/org/apache/tika/pipes/core/reporter/CompositePipesReporter.java,org.apache.tika.pipes.core.reporter.CompositePipesReporter,CompositePipesReporter,16972,unit
tika,697d7c047daf1f661a4ed067bbc8f9c58bb6faa2,1,2026-01-07T07:46:39.000,0.0,false,ENUM,17,0,0.0,false,10,0,8.296382075143234E-4,0,ENUM,/data/tika/tika-pipes/tika-pipes-api/src/main/java/org/apache/tika/pipes/api/ParseMode.java,tika-pipes/tika-pipes-api/src/main/java/org/apache/tika/pipes/api/ParseMode.java,org.apache.tika.pipes.api.ParseMode,ParseMode,8785,unit
tika,697d7c047daf1f661a4ed067bbc8f9c58bb6faa2,1,2026-01-07T07:46:39.000,0.0,false,CONCRETE_CLASS,0,7,0.0,false,61,0,1.8787557434076361E-4,0,CONCRETE_CLASS,/data/tika/tika-parsers/tika-parsers-standard/tika-parsers-standard-package/src/test/java/org/apache/tika/detect/TestZipDetector.java,tika-parsers/tika-parsers-standard/tika-parsers-standard-package/src/test/java/org/apache/tika/detect/TestZipDetector.java,org.apache.tika.detect.TestZipDetector,TestZipDetector,12882,unit
tika,697d7c047daf1f661a4ed067bbc8f9c58bb6faa2,1,2026-01-07T07:46:39.000,0.0,false,CONCRETE_CLASS,0,10,0.0,false,43,0,1.8787557434076361E-4,0,CONCRETE_CLASS,/data/tika/tika-parsers/tika-parsers-standard/tika-parsers-standard-package/src/test/java/org/apache/tika/parser/AutoDetectReaderParserTest.java,tika-parsers/tika-parsers-standard/tika-parsers-standard-package/src/test/java/org/apache/tika/parser/AutoDetectReaderParserTest.java,org.apache.tika.parser.AutoDetectReaderParserTest,AutoDetectReaderParserTest,25172,unit
tika,697d7c047daf1f661a4ed067bbc8f9c58bb6faa2,1,2026-01-07T07:46:39.000,0.0,false,CONCRETE_CLASS,3,9,0.0,false,42,0,2.066022341703842E-4,0,CONCRETE_CLASS,/data/tika/tika-core/src/main/java/org/apache/tika/extractor/RUnpackExtractorFactory.java,tika-core/src/main/java/org/apache/tika/extractor/RUnpackExtractorFactory.java,org.apache.tika.extractor.RUnpackExtractorFactory,RUnpackExtractorFactory,598,unit
tika,697d7c047daf1f661a4ed067bbc8f9c58bb6faa2,1,2026-01-07T07:46:39.000,0.0,false,CONCRETE_CLASS,1,5,0.0,false,28,0,2.0740554287869333E-4,0,CONCRETE_CLASS,/data/tika/tika-core/src/main/java/org/apache/tika/extractor/BasicEmbeddedBytesSelector.java,tika-core/src/main/java/org/apache/tika/extractor/BasicEmbeddedBytesSelector.java,org.apache.tika.extractor.BasicEmbeddedBytesSelector,BasicEmbeddedBytesSelector,604,unit
tika,697d7c047daf1f661a4ed067bbc8f9c58bb6faa2,1,2026-01-07T07:46:39.000,0.0,false,CONCRETE_CLASS,3,1,0.0,false,4,0,2.3312242452787249E-4,0,CONCRETE_CLASS,/data/tika/tika-core/src/main/java/org/apache/tika/digest/SkipContainerDocumentDigest.java,tika-core/src/main/java/org/apache/tika/digest/SkipContainerDocumentDigest.java,org.apache.tika.digest.SkipContainerDocumentDigest,SkipContainerDocumentDigest,8796,unit
tika,697d7c047daf1f661a4ed067bbc8f9c58bb6faa2,1,2026-01-07T07:46:39.000,0.0,false,CONCRETE_CLASS,1,7,0.0,false,16,0,1.975772113706785E-4,0,CONCRETE_CLASS,/data/tika/tika-pipes/tika-pipes-core/src/main/java/org/apache/tika/pipes/core/reporter/ReporterManager.java,tika-pipes/tika-pipes-core/src/main/java/org/apache/tika/pipes/core/reporter/ReporterManager.java,org.apache.tika.pipes.core.reporter.ReporterManager,ReporterManager,16988,unit
tika,697d7c047daf1f661a4ed067bbc8f9c58bb6faa2,1,2026-01-07T07:46:39.000,0.0,false,CONCRETE_CLASS,2,5,0.0,false,177,0,2.2012296185099073E-4,0,CONCRETE_CLASS,/data/tika/tika-app/src/main/java/org/apache/tika/cli/XmlToJsonConfigConverter.java,tika-app/src/main/java/org/apache/tika/cli/XmlToJsonConfigConverter.java,org.apache.tika.cli.XmlToJsonConfigConverter,XmlToJsonConfigConverter,29281,unit
tika,697d7c047daf1f661a4ed067bbc8f9c58bb6faa2,1,2026-01-07T07:46:39.000,0.0,false,CONCRETE_CLASS,1,10,0.0,false,83,0,2.198424799739515E-4,0,CONCRETE_CLASS,/data/tika/tika-pipes/tika-pipes-plugins/tika-pipes-google-drive/src/main/java/org/apache/tika/pipes/fetcher/googledrive/GoogleDriveFetcher.java,tika-pipes/tika-pipes-plugins/tika-pipes-google-drive/src/main/java/org/apache/tika/pipes/fetcher/googledrive/GoogleDriveFetcher.java,org.apache.tika.pipes.fetcher.googledrive.GoogleDriveFetcher,GoogleDriveFetcher,4707,unit
tika,697d7c047daf1f661a4ed067bbc8f9c58bb6faa2,1,2026-01-07T07:46:39.000,0.0,false,CONCRETE_CLASS,1,5,0.0,false,17,0,2.118884919548398E-4,0,CONCRETE_CLASS,/data/tika/tika-pipes/tika-pipes-core/src/main/java/org/apache/tika/pipes/core/reporter/NoOpReporter.java,tika-pipes/tika-pipes-core/src/main/java/org/apache/tika/pipes/core/reporter/NoOpReporter.java,org.apache.tika.pipes.core.reporter.NoOpReporter,NoOpReporter,17000,unit
tika,697d7c047daf1f661a4ed067bbc8f9c58bb6faa2,1,2026-01-07T07:46:39.000,0.0,false,INTERFACE,2,1,0.0,false,1,0,2.1423822172974633E-4,0,INTERFACE,/data/tika/tika-core/src/main/java/org/apache/tika/extractor/EmbeddedDocumentByteStoreExtractorFactory.java,tika-core/src/main/java/org/apache/tika/extractor/EmbeddedDocumentByteStoreExtractorFactory.java,org.apache.tika.extractor.EmbeddedDocumentByteStoreExtractorFactory,EmbeddedDocumentByteStoreExtractorFactory,619,unit
tika,697d7c047daf1f661a4ed067bbc8f9c58bb6faa2,1,2026-01-07T07:46:39.000,0.0,false,CONCRETE_CLASS,0,6,0.0,false,31,0,1.8787557434076361E-4,0,CONCRETE_CLASS,/data/tika/tika-parsers/tika-parsers-standard/tika-parsers-standard-modules/tika-parser-audiovideo-module/src/test/java/org/apache/tika/detect/MatroskaDetectorTest.java,tika-parsers/tika-parsers-standard/tika-parsers-standard-modules/tika-parser-audiovideo-module/src/test/java/org/apache/tika/detect/MatroskaDetectorTest.java,org.apache.tika.detect.MatroskaDetectorTest,MatroskaDetectorTest,12912,unit
tika,697d7c047daf1f661a4ed067bbc8f9c58bb6faa2,1,2026-01-07T07:46:39.000,0.0,false,CONCRETE_CLASS,2,0,0.0,false,10,0,2.882893096255805E-4,0,CONCRETE_CLASS,/data/tika/tika-serialization/src/main/java/org/apache/tika/config/loader/KebabCaseConverter.java,tika-serialization/src/main/java/org/apache/tika/config/loader/KebabCaseConverter.java,org.apache.tika.config.loader.KebabCaseConverter,KebabCaseConverter,29299,unit
tika,697d7c047daf1f661a4ed067bbc8f9c58bb6faa2,1,2026-01-07T07:46:39.000,0.0,false,CONCRETE_CLASS,0,10,0.0,false,53,0,1.8787557434076361E-4,0,CONCRETE_CLASS,/data/tika/tika-parsers/tika-parsers-standard/tika-parsers-standard-modules/tika-parser-webarchive-module/src/main/java/org/apache/tika/parser/http/HttpParser.java,tika-parsers/tika-parsers-standard/tika-parsers-standard-modules/tika-parser-webarchive-module/src/main/java/org/apache/tika/parser/http/HttpParser.java,org.apache.tika.parser.http.HttpParser,HttpParser,8825,unit
tika,697d7c047daf1f661a4ed067bbc8f9c58bb6faa2,1,2026-01-07T07:46:39.000,0.0,false,CONCRETE_CLASS,0,5,0.0,false,14,0,1.8787557434076361E-4,0,CONCRETE_CLASS,/data/tika/tika-pipes/tika-pipes-plugins/tika-pipes-google-drive/src/main/java/org/apache/tika/pipes/fetcher/googledrive/GoogleDriveFetcherFactory.java,tika-pipes/tika-pipes-plugins/tika-pipes-google-drive/src/main/java/org/apache/tika/pipes/fetcher/googledrive/GoogleDriveFetcherFactory.java,org.apache.tika.pipes.fetcher.googledrive.GoogleDriveFetcherFactory,GoogleDriveFetcherFactory,4730,unit
tika,697d7c047daf1f661a4ed067bbc8f9c58bb6faa2,1,2026-01-07T07:46:39.000,0.0,false,CONCRETE_CLASS,85,0,0.0,false,52,0,0.0057467492190376125,0,CONCRETE_CLASS,/data/tika/tika-core/src/main/java/org/apache/tika/utils/StringUtils.java,tika-core/src/main/java/org/apache/tika/utils/StringUtils.java,org.apache.tika.utils.StringUtils,StringUtils,638,unit
tika,697d7c047daf1f661a4ed067bbc8f9c58bb6faa2,1,2026-01-07T07:46:39.000,0.0,false,CONCRETE_CLASS,5,5,0.0,false,36,0,4.189775876634655E-4,0,CONCRETE_CLASS,/data/tika/tika-core/src/main/java/org/apache/tika/detect/CompositeEncodingDetector.java,tika-core/src/main/java/org/apache/tika/detect/CompositeEncodingDetector.java,org.apache.tika.detect.CompositeEncodingDetector,CompositeEncodingDetector,12929,unit
tika,697d7c047daf1f661a4ed067bbc8f9c58bb6faa2,1,2026-01-07T07:46:39.000,0.0,false,CONCRETE_CLASS,0,7,0.0,false,286,0,1.8787557434076361E-4,0,CONCRETE_CLASS,/data/tika/tika-app/src/test/java/org/apache/tika/cli/TikaCLITest.java,tika-app/src/test/java/org/apache/tika/cli/TikaCLITest.java,org.apache.tika.cli.TikaCLITest,TikaCLITest,29313,unit
tika,697d7c047daf1f661a4ed067bbc8f9c58bb6faa2,1,2026-01-07T07:46:39.000,0.0,false,CONCRETE_CLASS,0,7,0.0,false,23,0,1.8787557434076361E-4,0,CONCRETE_CLASS,/data/tika/tika-parsers/tika-parsers-standard/tika-parsers-standard-modules/tika-parser-miscoffice-module/src/test/java/org/apache/tika/parser/dif/DIFParserTest.java,tika-parsers/tika-parsers-standard/tika-parsers-standard-modules/tika-parser-miscoffice-module/src/test/java/org/apache/tika/parser/dif/DIFParserTest.java,org.apache.tika.parser.dif.DIFParserTest,DIFParserTest,17028,unit
tika,697d7c047daf1f661a4ed067bbc8f9c58bb6faa2,1,2026-01-07T07:46:39.000,0.0,false,CONCRETE_CLASS,0,3,0.0,false,13,0,1.8787557434076361E-4,0,CONCRETE_CLASS,/data/tika/tika-parsers/tika-parsers-standard/tika-parsers-standard-modules/tika-parser-webarchive-module/src/test/java/org/apache/tika/parser/http/HttpParserTest.java,tika-parsers/tika-parsers-standard/tika-parsers-standard-modules/tika-parser-webarchive-module/src/test/java/org/apache/tika/parser/http/HttpParserTest.java,org.apache.tika.parser.http.HttpParserTest,HttpParserTest,8846,unit
tika,697d7c047daf1f661a4ed067bbc8f9c58bb6faa2,1,2026-01-07T07:46:39.000,0.0,false,CONCRETE_CLASS,1,12,0.0,false,43,0,2.1070907836446924E-4,0,CONCRETE_CLASS,/data/tika/tika-parsers/tika-parsers-standard/tika-parsers-standard-modules/tika-parser-miscoffice-module/src/main/java/org/apache/tika/parser/dif/DIFParser.java,tika-parsers/tika-parsers-standard/tika-parsers-standard-modules/tika-parser-miscoffice-module/src/main/java/org/apache/tika/parser/dif/DIFParser.java,org.apache.tika.parser.dif.DIFParser,DIFParser,17040,unit
tika,697d7c047daf1f661a4ed067bbc8f9c58bb6faa2,1,2026-01-07T07:46:39.000,0.0,false,CONCRETE_CLASS,3,12,0.0,false,57,0,2.5472127113302127E-4,0,CONCRETE_CLASS,/data/tika/tika-core/src/main/java/org/apache/tika/detect/FileCommandDetector.java,tika-core/src/main/java/org/apache/tika/detect/FileCommandDetector.java,org.apache.tika.detect.FileCommandDetector,FileCommandDetector,12945,unit
tika,697d7c047daf1f661a4ed067bbc8f9c58bb6faa2,1,2026-01-07T07:46:39.000,0.0,false,CONCRETE_CLASS,0,8,0.0,false,174,0,1.8787557434076361E-4,0,CONCRETE_CLASS,/data/tika/tika-app/src/test/java/org/apache/tika/cli/XmlToJsonConfigConverterTest.java,tika-app/src/test/java/org/apache/tika/cli/XmlToJsonConfigConverterTest.java,org.apache.tika.cli.XmlToJsonConfigConverterTest,XmlToJsonConfigConverterTest,29329,unit
tika,697d7c047daf1f661a4ed067bbc8f9c58bb6faa2,1,2026-01-07T07:46:39.000,0.0,false,INTERFACE,3,1,0.0,false,5,0,2.7416580153929613E-4,0,INTERFACE,/data/tika/tika-xmp/src/main/java/org/apache/tika/xmp/convert/ITikaToXMPConverter.java,tika-xmp/src/main/java/org/apache/tika/xmp/convert/ITikaToXMPConverter.java,org.apache.tika.xmp.convert.ITikaToXMPConverter,ITikaToXMPConverter,4757,unit
tika,697d7c047daf1f661a4ed067bbc8f9c58bb6faa2,1,2026-01-07T07:46:39.000,0.0,false,CONCRETE_CLASS,23,2,0.0,false,97,0,0.0018711143769023799,0,CONCRETE_CLASS,/data/tika/tika-core/src/main/java/org/apache/tika/config/ServiceLoader.java,tika-core/src/main/java/org/apache/tika/config/ServiceLoader.java,org.apache.tika.config.ServiceLoader,ServiceLoader,662,unit
tika,697d7c047daf1f661a4ed067bbc8f9c58bb6faa2,1,2026-01-07T07:46:39.000,0.0,false,CONCRETE_CLASS,0,9,0.0,false,136,0,1.8787557434076361E-4,0,CONCRETE_CLASS,/data/tika/tika-core/src/main/java/org/apache/tika/embedder/ExternalEmbedder.java,tika-core/src/main/java/org/apache/tika/embedder/ExternalEmbedder.java,org.apache.tika.embedder.ExternalEmbedder,ExternalEmbedder,21142,unit
tika,697d7c047daf1f661a4ed067bbc8f9c58bb6faa2,1,2026-01-07T07:46:39.000,0.0,false,CONCRETE_CLASS,1,1,0.0,false,80,0,2.028142510945599E-4,0,CONCRETE_CLASS,/data/tika/tika-parsers/tika-parsers-standard/tika-parsers-standard-modules/tika-parser-miscoffice-module/src/main/java/org/apache/tika/parser/dif/DIFContentHandler.java,tika-parsers/tika-parsers-standard/tika-parsers-standard-modules/tika-parser-miscoffice-module/src/main/java/org/apache/tika/parser/dif/DIFContentHandler.java,org.apache.tika.parser.dif.DIFContentHandler,DIFContentHandler,17053,unit
tika,697d7c047daf1f661a4ed067bbc8f9c58bb6faa2,1,2026-01-07T07:46:39.000,0.0,false,CONCRETE_CLASS,8,2,0.0,false,12,0,0.0012836383438454165,0,CONCRETE_CLASS,/data/tika/tika-core/src/main/java/org/apache/tika/utils/ServiceLoaderUtils.java,tika-core/src/main/java/org/apache/tika/utils/ServiceLoaderUtils.java,org.apache.tika.utils.ServiceLoaderUtils,ServiceLoaderUtils,670,unit
tika,697d7c047daf1f661a4ed067bbc8f9c58bb6faa2,1,2026-01-07T07:46:39.000,0.0,false,CONCRETE_CLASS,1,9,0.0,false,49,0,2.0194164008884057E-4,0,CONCRETE_CLASS,/data/tika/tika-xmp/src/main/java/org/apache/tika/xmp/convert/MSOfficeBinaryConverter.java,tika-xmp/src/main/java/org/apache/tika/xmp/convert/MSOfficeBinaryConverter.java,org.apache.tika.xmp.convert.MSOfficeBinaryConverter,MSOfficeBinaryConverter,4767,unit
tika,697d7c047daf1f661a4ed067bbc8f9c58bb6faa2,1,2026-01-07T07:46:39.000,0.0,false,CONCRETE_CLASS,1,0,0.0,false,188,0,2.5050206474180073E-4,0,CONCRETE_CLASS,/data/tika/tika-eval/tika-eval-app/src/main/java/org/apache/tika/eval/app/tools/SlowCompositeReaderWrapper.java,tika-eval/tika-eval-app/src/main/java/org/apache/tika/eval/app/tools/SlowCompositeReaderWrapper.java,org.apache.tika.eval.app.tools.SlowCompositeReaderWrapper,SlowCompositeReaderWrapper,8867,unit
tika,697d7c047daf1f661a4ed067bbc8f9c58bb6faa2,1,2026-01-07T07:46:39.000,0.0,false,INTERFACE,1,4,0.0,false,14,0,2.0563496635920132E-4,0,INTERFACE,/data/tika/tika-core/src/main/java/org/apache/tika/embedder/Embedder.java,tika-core/src/main/java/org/apache/tika/embedder/Embedder.java,org.apache.tika.embedder.Embedder,Embedder,21156,unit
tika,697d7c047daf1f661a4ed067bbc8f9c58bb6faa2,1,2026-01-07T07:46:39.000,0.0,false,CONCRETE_CLASS,0,6,0.0,false,23,0,1.8787557434076361E-4,0,CONCRETE_CLASS,/data/tika/tika-core/src/test/java/org/apache/tika/detect/ZeroSizeFileDetectorTest.java,tika-core/src/test/java/org/apache/tika/detect/ZeroSizeFileDetectorTest.java,org.apache.tika.detect.ZeroSizeFileDetectorTest,ZeroSizeFileDetectorTest,12968,unit
tika,697d7c047daf1f661a4ed067bbc8f9c58bb6faa2,1,2026-01-07T07:46:39.000,0.0,false,ABSTRACT_CLASS,5,5,0.0,false,48,0,2.9025379462744346E-4,0,ABSTRACT_CLASS,/data/tika/tika-xmp/src/main/java/org/apache/tika/xmp/convert/AbstractConverter.java,tika-xmp/src/main/java/org/apache/tika/xmp/convert/AbstractConverter.java,org.apache.tika.xmp.convert.AbstractConverter,AbstractConverter,4777,unit
tika,697d7c047daf1f661a4ed067bbc8f9c58bb6faa2,1,2026-01-07T07:46:39.000,0.0,false,CONCRETE_CLASS,1,3,0.0,false,6,0,1.972776054093483E-4,0,CONCRETE_CLASS,/data/tika/tika-core/src/main/java/org/apache/tika/extractor/SkipEmbeddedDocumentSelector.java,tika-core/src/main/java/org/apache/tika/extractor/SkipEmbeddedDocumentSelector.java,org.apache.tika.extractor.SkipEmbeddedDocumentSelector,SkipEmbeddedDocumentSelector,683,unit
tika,697d7c047daf1f661a4ed067bbc8f9c58bb6faa2,1,2026-01-07T07:46:39.000,0.0,false,ABSTRACT_CLASS,2,1,0.0,false,23,0,3.084905799404927E-4,0,ABSTRACT_CLASS,/data/tika/tika-serialization/src/main/java/org/apache/tika/serialization/serdes/SpiCompositeSerializer.java,tika-serialization/src/main/java/org/apache/tika/serialization/serdes/SpiCompositeSerializer.java,org.apache.tika.serialization.serdes.SpiCompositeSerializer,SpiCompositeSerializer,29355,unit
tika,697d7c047daf1f661a4ed067bbc8f9c58bb6faa2,1,2026-01-07T07:46:39.000,0.0,false,CONCRETE_CLASS,0,1,0.0,false,30,0,1.8787557434076361E-4,0,CONCRETE_CLASS,/data/tika/tika-eval/tika-eval-app/src/main/java/org/apache/tika/eval/app/tools/LeipzigSampler.java,tika-eval/tika-eval-app/src/main/java/org/apache/tika/eval/app/tools/LeipzigSampler.java,org.apache.tika.eval.app.tools.LeipzigSampler,LeipzigSampler,8876,unit
tika,697d7c047daf1f661a4ed067bbc8f9c58bb6faa2,1,2026-01-07T07:46:39.000,0.0,false,CONCRETE_CLASS,2,0,0.0,false,33,0,4.009882785620162E-4,0,CONCRETE_CLASS,/data/tika/tika-eval/tika-eval-app/src/main/java/org/apache/tika/eval/app/tools/LeipzigHelper.java,tika-eval/tika-eval-app/src/main/java/org/apache/tika/eval/app/tools/LeipzigHelper.java,org.apache.tika.eval.app.tools.LeipzigHelper,LeipzigHelper,8882,unit
tika,697d7c047daf1f661a4ed067bbc8f9c58bb6faa2,1,2026-01-07T07:46:39.000,0.0,false,CONCRETE_CLASS,1,5,0.0,false,12,0,2.145146623684202E-4,0,CONCRETE_CLASS,/data/tika/tika-core/src/main/java/org/apache/tika/detect/ZeroSizeFileDetector.java,tika-core/src/main/java/org/apache/tika/detect/ZeroSizeFileDetector.java,org.apache.tika.detect.ZeroSizeFileDetector,ZeroSizeFileDetector,12978,unit
tika,697d7c047daf1f661a4ed067bbc8f9c58bb6faa2,1,2026-01-07T07:46:39.000,0.0,false,INTERFACE,7,1,0.0,false,3,0,3.246299067908544E-4,0,INTERFACE,/data/tika/tika-core/src/main/java/org/apache/tika/extractor/DocumentSelector.java,tika-core/src/main/java/org/apache/tika/extractor/DocumentSelector.java,org.apache.tika.extractor.DocumentSelector,DocumentSelector,691,unit
tika,697d7c047daf1f661a4ed067bbc8f9c58bb6faa2,1,2026-01-07T07:46:39.000,0.0,false,CONCRETE_CLASS,6,0,0.0,false,5,0,3.396444520541934E-4,0,CONCRETE_CLASS,/data/tika/tika-xmp/src/main/java/org/apache/tika/xmp/convert/Namespace.java,tika-xmp/src/main/java/org/apache/tika/xmp/convert/Namespace.java,org.apache.tika.xmp.convert.Namespace,Namespace,4787,unit
tika,697d7c047daf1f661a4ed067bbc8f9c58bb6faa2,1,2026-01-07T07:46:39.000,0.0,false,CONCRETE_CLASS,2,13,0.0,false,145,0,2.5980111201543636E-4,0,CONCRETE_CLASS,/data/tika/tika-detectors/tika-detector-magika/src/main/java/org/apache/tika/detect/magika/MagikaDetector.java,tika-detectors/tika-detector-magika/src/main/java/org/apache/tika/detect/magika/MagikaDetector.java,org.apache.tika.detect.magika.MagikaDetector,MagikaDetector,21179,unit
tika,697d7c047daf1f661a4ed067bbc8f9c58bb6faa2,1,2026-01-07T07:46:39.000,0.0,false,CONCRETE_CLASS,0,3,0.0,false,24,0,1.8787557434076361E-4,0,CONCRETE_CLASS,/data/tika/tika-eval/tika-eval-app/src/main/java/org/apache/tika/eval/app/tools/BatchTopCommonTokenCounter.java,tika-eval/tika-eval-app/src/main/java/org/apache/tika/eval/app/tools/BatchTopCommonTokenCounter.java,org.apache.tika.eval.app.tools.BatchTopCommonTokenCounter,BatchTopCommonTokenCounter,8893,unit
tika,697d7c047daf1f661a4ed067bbc8f9c58bb6faa2,1,2026-01-07T07:46:39.000,0.0,false,CONCRETE_CLASS,0,7,0.0,false,54,0,1.8787557434076361E-4,0,CONCRETE_CLASS,/data/tika/tika-core/src/test/java/org/apache/tika/detect/MimeDetectionWithNNTest.java,tika-core/src/test/java/org/apache/tika/detect/MimeDetectionWithNNTest.java,org.apache.tika.detect.MimeDetectionWithNNTest,MimeDetectionWithNNTest,12990,unit
tika,697d7c047daf1f661a4ed067bbc8f9c58bb6faa2,1,2026-01-07T07:46:39.000,0.0,false,CONCRETE_CLASS,0,7,0.0,false,57,0,1.8787557434076361E-4,0,CONCRETE_CLASS,/data/tika/tika-example/src/main/java/org/apache/tika/example/DirListParser.java,tika-example/src/main/java/org/apache/tika/example/DirListParser.java,org.apache.tika.example.DirListParser,DirListParser,17087,unit
tika,697d7c047daf1f661a4ed067bbc8f9c58bb6faa2,1,2026-01-07T07:46:39.000,0.0,false,CONCRETE_CLASS,2,15,0.0,false,51,0,2.479908439246829E-4,0,CONCRETE_CLASS,/data/tika/tika-xmp/src/main/java/org/apache/tika/xmp/convert/TikaToXMP.java,tika-xmp/src/main/java/org/apache/tika/xmp/convert/TikaToXMP.java,org.apache.tika.xmp.convert.TikaToXMP,TikaToXMP,4801,unit
tika,697d7c047daf1f661a4ed067bbc8f9c58bb6faa2,1,2026-01-07T07:46:39.000,0.0,false,CONCRETE_CLASS,2,4,0.0,false,179,0,2.944319264513899E-4,0,CONCRETE_CLASS,/data/tika/tika-eval/tika-eval-app/src/main/java/org/apache/tika/eval/app/tools/TopCommonTokenCounter.java,tika-eval/tika-eval-app/src/main/java/org/apache/tika/eval/app/tools/TopCommonTokenCounter.java,org.apache.tika.eval.app.tools.TopCommonTokenCounter,TopCommonTokenCounter,8900,unit
tika,697d7c047daf1f661a4ed067bbc8f9c58bb6faa2,1,2026-01-07T07:46:39.000,0.0,false,CONCRETE_CLASS,1,3,0.0,false,60,0,2.1070907836446924E-4,0,CONCRETE_CLASS,/data/tika/tika-core/src/main/java/org/apache/tika/detect/NNExampleModelDetector.java,tika-core/src/main/java/org/apache/tika/detect/NNExampleModelDetector.java,org.apache.tika.detect.NNExampleModelDetector,NNExampleModelDetector,12996,unit
tika,697d7c047daf1f661a4ed067bbc8f9c58bb6faa2,1,2026-01-07T07:46:39.000,0.0,false,CONCRETE_CLASS,1,8,0.0,false,39,0,2.0194164008884057E-4,0,CONCRETE_CLASS,/data/tika/tika-xmp/src/main/java/org/apache/tika/xmp/convert/RTFConverter.java,tika-xmp/src/main/java/org/apache/tika/xmp/convert/RTFConverter.java,org.apache.tika.xmp.convert.RTFConverter,RTFConverter,4807,unit
tika,697d7c047daf1f661a4ed067bbc8f9c58bb6faa2,1,2026-01-07T07:46:39.000,0.0,false,CONCRETE_CLASS,3,7,0.0,false,13,0,2.4505690811084754E-4,0,CONCRETE_CLASS,/data/tika/tika-core/src/main/java/org/apache/tika/parser/DelegatingParser.java,tika-core/src/main/java/org/apache/tika/parser/DelegatingParser.java,org.apache.tika.parser.DelegatingParser,DelegatingParser,719,unit
tika,697d7c047daf1f661a4ed067bbc8f9c58bb6faa2,1,2026-01-07T07:46:39.000,0.0,false,CONCRETE_CLASS,0,1,0.0,false,11,0,1.8787557434076361E-4,0,CONCRETE_CLASS,/data/tika/tika-example/src/test/java/org/apache/tika/example/LanguageDetectorExampleTest.java,tika-example/src/test/java/org/apache/tika/example/LanguageDetectorExampleTest.java,org.apache.tika.example.LanguageDetectorExampleTest,LanguageDetectorExampleTest,17105,unit
tika,697d7c047daf1f661a4ed067bbc8f9c58bb6faa2,1,2026-01-07T07:46:39.000,0.0,false,CONCRETE_CLASS,2,20,0.0,false,152,0,2.1193129809921177E-4,0,CONCRETE_CLASS,/data/tika/tika-parsers/tika-parsers-standard/tika-parsers-standard-modules/tika-parser-miscoffice-module/src/main/java/org/apache/tika/parser/odf/OpenDocumentParser.java,tika-parsers/tika-parsers-standard/tika-parsers-standard-modules/tika-parser-miscoffice-module/src/main/java/org/apache/tika/parser/odf/OpenDocumentParser.java,org.apache.tika.parser.odf.OpenDocumentParser,OpenDocumentParser,4818,unit
tika,697d7c047daf1f661a4ed067bbc8f9c58bb6faa2,1,2026-01-07T07:46:39.000,0.0,false,CONCRETE_CLASS,1,0,0.0,false,29,0,2.5050206474180073E-4,0,CONCRETE_CLASS,/data/tika/tika-eval/tika-eval-core/src/main/java/org/apache/tika/eval/core/tokens/URLEmailNormalizingFilterFactory.java,tika-eval/tika-eval-core/src/main/java/org/apache/tika/eval/core/tokens/URLEmailNormalizingFilterFactory.java,org.apache.tika.eval.core.tokens.URLEmailNormalizingFilterFactory,URLEmailNormalizingFilterFactory,8914,unit
tika,697d7c047daf1f661a4ed067bbc8f9c58bb6faa2,1,2026-01-07T07:46:39.000,0.0,false,CONCRETE_CLASS,0,5,0.0,false,28,0,1.8787557434076361E-4,0,CONCRETE_CLASS,/data/tika/tika-detectors/tika-detector-magika/src/test/java/org/apache/tika/detect/magika/TestMagikaIntegration.java,tika-detectors/tika-detector-magika/src/test/java/org/apache/tika/detect/magika/TestMagikaIntegration.java,org.apache.tika.detect.magika.TestMagikaIntegration,TestMagikaIntegration,21203,unit
tika,697d7c047daf1f661a4ed067bbc8f9c58bb6faa2,1,2026-01-07T07:46:39.000,0.0,false,CONCRETE_CLASS,1,2,0.0,false,18,0,2.4763028135594883E-4,0,CONCRETE_CLASS,/data/tika/tika-core/src/main/java/org/apache/tika/detect/NNTrainedModelBuilder.java,tika-core/src/main/java/org/apache/tika/detect/NNTrainedModelBuilder.java,org.apache.tika.detect.NNTrainedModelBuilder,NNTrainedModelBuilder,13015,unit
tika,697d7c047daf1f661a4ed067bbc8f9c58bb6faa2,1,2026-01-07T07:46:39.000,0.0,false,CONCRETE_CLASS,1,3,0.0,false,8,0,3.4771010250670304E-4,0,CONCRETE_CLASS,/data/tika/tika-example/src/main/java/org/apache/tika/example/LanguageDetectorExample.java,tika-example/src/main/java/org/apache/tika/example/LanguageDetectorExample.java,org.apache.tika.example.LanguageDetectorExample,LanguageDetectorExample,17111,unit
tika,697d7c047daf1f661a4ed067bbc8f9c58bb6faa2,1,2026-01-07T07:46:39.000,0.0,false,CONCRETE_CLASS,0,1,0.0,false,25,0,1.8787557434076361E-4,0,CONCRETE_CLASS,/data/tika/tika-core/src/test/java/org/apache/tika/io/EndianUtilsTest.java,tika-core/src/test/java/org/apache/tika/io/EndianUtilsTest.java,org.apache.tika.io.EndianUtilsTest,EndianUtilsTest,29401,unit
tika,697d7c047daf1f661a4ed067bbc8f9c58bb6faa2,1,2026-01-07T07:46:39.000,0.0,false,CONCRETE_CLASS,7,1,0.0,false,29,0,6.188604211620232E-4,0,CONCRETE_CLASS,/data/tika/tika-core/src/main/java/org/apache/tika/parser/ParseRecord.java,tika-core/src/main/java/org/apache/tika/parser/ParseRecord.java,org.apache.tika.parser.ParseRecord,ParseRecord,730,unit
tika,697d7c047daf1f661a4ed067bbc8f9c58bb6faa2,1,2026-01-07T07:46:39.000,0.0,false,CONCRETE_CLASS,16,26,0.0,false,192,0,5.124064054169417E-4,0,CONCRETE_CLASS,/data/tika/tika-parsers/tika-parsers-standard/tika-parsers-standard-modules/tika-parser-microsoft-module/src/main/java/org/apache/tika/parser/microsoft/OfficeParser.java,tika-parsers/tika-parsers-standard/tika-parsers-standard-modules/tika-parser-microsoft-module/src/main/java/org/apache/tika/parser/microsoft/OfficeParser.java,org.apache.tika.parser.microsoft.OfficeParser,OfficeParser,4826,unit
tika,697d7c047daf1f661a4ed067bbc8f9c58bb6faa2,1,2026-01-07T07:46:39.000,0.0,false,CONCRETE_CLASS,5,1,0.0,false,27,0,4.1115267985405025E-4,0,CONCRETE_CLASS,/data/tika/tika-eval/tika-eval-core/src/main/java/org/apache/tika/eval/core/tokens/AnalyzerManager.java,tika-eval/tika-eval-core/src/main/java/org/apache/tika/eval/core/tokens/AnalyzerManager.java,org.apache.tika.eval.core.tokens.AnalyzerManager,AnalyzerManager,8922,unit
tika,697d7c047daf1f661a4ed067bbc8f9c58bb6faa2,1,2026-01-07T07:46:39.000,0.0,false,CONCRETE_CLASS,1,1,0.0,false,41,0,2.9321693065981506E-4,0,CONCRETE_CLASS,/data/tika/tika-core/src/main/java/org/apache/tika/detect/NNTrainedModel.java,tika-core/src/main/java/org/apache/tika/detect/NNTrainedModel.java,org.apache.tika.detect.NNTrainedModel,NNTrainedModel,13021,unit
tika,697d7c047daf1f661a4ed067bbc8f9c58bb6faa2,1,2026-01-07T07:46:39.000,0.0,false,CONCRETE_CLASS,1,8,0.0,false,46,0,2.0194164008884057E-4,0,CONCRETE_CLASS,/data/tika/tika-xmp/src/main/java/org/apache/tika/xmp/convert/GenericConverter.java,tika-xmp/src/main/java/org/apache/tika/xmp/convert/GenericConverter.java,org.apache.tika.xmp.convert.GenericConverter,GenericConverter,4834,unit
tika,697d7c047daf1f661a4ed067bbc8f9c58bb6faa2,1,2026-01-07T07:46:39.000,0.0,false,CONCRETE_CLASS,0,5,0.0,false,30,0,1.8787557434076361E-4,0,CONCRETE_CLASS,/data/tika/tika-example/src/main/java/org/apache/tika/example/InterruptableParsingExample.java,tika-example/src/main/java/org/apache/tika/example/InterruptableParsingExample.java,org.apache.tika.example.InterruptableParsingExample,InterruptableParsingExample,17122,unit
tika,697d7c047daf1f661a4ed067bbc8f9c58bb6faa2,1,2026-01-07T07:46:39.000,0.0,false,CONCRETE_CLASS,0,4,0.0,false,69,0,1.8787557434076361E-4,0,CONCRETE_CLASS,/data/tika/tika-detectors/tika-detector-magika/src/test/java/org/apache/tika/detect/magika/TestMagikaJsonParsing.java,tika-detectors/tika-detector-magika/src/test/java/org/apache/tika/detect/magika/TestMagikaJsonParsing.java,org.apache.tika.detect.magika.TestMagikaJsonParsing,TestMagikaJsonParsing,21219,unit
tika,697d7c047daf1f661a4ed067bbc8f9c58bb6faa2,1,2026-01-07T07:46:39.000,0.0,false,CONCRETE_CLASS,0,1,0.0,false,93,0,1.8787557434076361E-4,0,CONCRETE_CLASS,/data/tika/tika-core/src/test/java/org/apache/tika/io/TailStreamTest.java,tika-core/src/test/java/org/apache/tika/io/TailStreamTest.java,org.apache.tika.io.TailStreamTest,TailStreamTest,29411,unit
tika,697d7c047daf1f661a4ed067bbc8f9c58bb6faa2,1,2026-01-07T07:46:39.000,0.0,false,CONCRETE_CLASS,0,1,0.0,false,27,0,1.8787557434076361E-4,0,CONCRETE_CLASS,/data/tika/tika-eval/tika-eval-app/src/main/java/org/apache/tika/eval/app/tools/CommonTokenOverlapCounter.java,tika-eval/tika-eval-app/src/main/java/org/apache/tika/eval/app/tools/CommonTokenOverlapCounter.java,org.apache.tika.eval.app.tools.CommonTokenOverlapCounter,CommonTokenOverlapCounter,8936,unit
tika,697d7c047daf1f661a4ed067bbc8f9c58bb6faa2,1,2026-01-07T07:46:39.000,0.0,false,CONCRETE_CLASS,0,3,0.0,false,20,0,1.8787557434076361E-4,0,CONCRETE_CLASS,/data/tika/tika-parsers/tika-parsers-standard/tika-parsers-standard-package/src/test/java/org/apache/tika/detect/TestDetectorLoading.java,tika-parsers/tika-parsers-standard/tika-parsers-standard-package/src/test/java/org/apache/tika/detect/TestDetectorLoading.java,org.apache.tika.detect.TestDetectorLoading,TestDetectorLoading,13033,unit
tika,697d7c047daf1f661a4ed067bbc8f9c58bb6faa2,1,2026-01-07T07:46:39.000,0.0,false,CONCRETE_CLASS,4,11,0.0,false,70,0,2.5774955976995515E-4,0,CONCRETE_CLASS,/data/tika/tika-parsers/tika-parsers-standard/tika-parsers-standard-modules/tika-parser-microsoft-module/src/main/java/org/apache/tika/parser/microsoft/ooxml/OOXMLParser.java,tika-parsers/tika-parsers-standard/tika-parsers-standard-modules/tika-parser-microsoft-module/src/main/java/org/apache/tika/parser/microsoft/ooxml/OOXMLParser.java,org.apache.tika.parser.microsoft.ooxml.OOXMLParser,OOXMLParser,4845,unit
tika,697d7c047daf1f661a4ed067bbc8f9c58bb6faa2,1,2026-01-07T07:46:39.000,0.0,false,CONCRETE_CLASS,54,19,0.0,false,90,0,0.0010848212518026782,0,CONCRETE_CLASS,/data/tika/tika-core/src/main/java/org/apache/tika/extractor/EmbeddedDocumentUtil.java,tika-core/src/main/java/org/apache/tika/extractor/EmbeddedDocumentUtil.java,org.apache.tika.extractor.EmbeddedDocumentUtil,EmbeddedDocumentUtil,750,unit
tika,697d7c047daf1f661a4ed067bbc8f9c58bb6faa2,1,2026-01-07T07:46:39.000,0.0,false,CONCRETE_CLASS,0,13,0.0,false,57,0,1.8787557434076361E-4,0,CONCRETE_CLASS,/data/tika/tika-example/src/main/java/org/apache/tika/example/MyFirstTika.java,tika-example/src/main/java/org/apache/tika/example/MyFirstTika.java,org.apache.tika.example.MyFirstTika,MyFirstTika,17136,unit
tika,697d7c047daf1f661a4ed067bbc8f9c58bb6faa2,1,2026-01-07T07:46:39.000,0.0,false,CONCRETE_CLASS,12,8,0.0,false,45,0,5.911514151001595E-4,0,CONCRETE_CLASS,/data/tika/tika-core/src/main/java/org/apache/tika/detect/CompositeDetector.java,tika-core/src/main/java/org/apache/tika/detect/CompositeDetector.java,org.apache.tika.detect.CompositeDetector,CompositeDetector,13041,unit
tika,697d7c047daf1f661a4ed067bbc8f9c58bb6faa2,1,2026-01-07T07:46:39.000,0.0,false,CONCRETE_CLASS,0,3,0.0,false,37,0,1.8787557434076361E-4,0,CONCRETE_CLASS,/data/tika/tika-eval/tika-eval-app/src/test/java/org/apache/tika/eval/app/tools/TopCommonTokenCounterTest.java,tika-eval/tika-eval-app/src/test/java/org/apache/tika/eval/app/tools/TopCommonTokenCounterTest.java,org.apache.tika.eval.app.tools.TopCommonTokenCounterTest,TopCommonTokenCounterTest,8946,unit
tika,697d7c047daf1f661a4ed067bbc8f9c58bb6faa2,1,2026-01-07T07:46:39.000,0.0,false,INTERFACE,2,0,0.0,false,4,0,0.0015839654376087135,0,INTERFACE,/data/tika/tika-core/src/main/java/org/apache/tika/io/InputStreamFactory.java,tika-core/src/main/java/org/apache/tika/io/InputStreamFactory.java,org.apache.tika.io.InputStreamFactory,InputStreamFactory,29426,unit
tika,697d7c047daf1f661a4ed067bbc8f9c58bb6faa2,1,2026-01-07T07:46:39.000,0.0,false,CONCRETE_CLASS,26,15,0.0,false,101,0,0.0010758144560667055,0,CONCRETE_CLASS,/data/tika/tika-core/src/main/java/org/apache/tika/parser/CompositeParser.java,tika-core/src/main/java/org/apache/tika/parser/CompositeParser.java,org.apache.tika.parser.CompositeParser,CompositeParser,756,unit
tika,697d7c047daf1f661a4ed067bbc8f9c58bb6faa2,1,2026-01-07T07:46:39.000,0.0,false,CONCRETE_CLASS,1,9,0.0,false,46,0,2.0194164008884057E-4,0,CONCRETE_CLASS,/data/tika/tika-xmp/src/main/java/org/apache/tika/xmp/convert/OpenDocumentConverter.java,tika-xmp/src/main/java/org/apache/tika/xmp/convert/OpenDocumentConverter.java,org.apache.tika.xmp.convert.OpenDocumentConverter,OpenDocumentConverter,4854,unit
tika,697d7c047daf1f661a4ed067bbc8f9c58bb6faa2,1,2026-01-07T07:46:39.000,0.0,false,CONCRETE_CLASS,1,6,0.0,false,24,0,2.0563496635920132E-4,0,CONCRETE_CLASS,/data/tika/tika-core/src/main/java/org/apache/tika/detect/DefaultProbDetector.java,tika-core/src/main/java/org/apache/tika/detect/DefaultProbDetector.java,org.apache.tika.detect.DefaultProbDetector,DefaultProbDetector,13052,unit
tika,697d7c047daf1f661a4ed067bbc8f9c58bb6faa2,1,2026-01-07T07:46:39.000,0.0,false,CONCRETE_CLASS,2,13,0.0,false,50,0,2.0919923223763388E-4,0,CONCRETE_CLASS,/data/tika/tika-parsers/tika-parsers-standard/tika-parsers-standard-modules/tika-parser-microsoft-module/src/main/java/org/apache/tika/parser/microsoft/rtf/RTFParser.java,tika-parsers/tika-parsers-standard/tika-parsers-standard-modules/tika-parser-microsoft-module/src/main/java/org/apache/tika/parser/microsoft/rtf/RTFParser.java,org.apache.tika.parser.microsoft.rtf.RTFParser,RTFParser,4862,unit
tika,697d7c047daf1f661a4ed067bbc8f9c58bb6faa2,1,2026-01-07T07:46:39.000,0.0,false,CONCRETE_CLASS,0,0,0.0,false,58,0,1.8787557434076361E-4,0,CONCRETE_CLASS,/data/tika/tika-eval/tika-eval-app/src/main/java/org/apache/tika/eval/app/tools/TrainTestSplit.java,tika-eval/tika-eval-app/src/main/java/org/apache/tika/eval/app/tools/TrainTestSplit.java,org.apache.tika.eval.app.tools.TrainTestSplit,TrainTestSplit,8960,unit
tika,697d7c047daf1f661a4ed067bbc8f9c58bb6faa2,1,2026-01-07T07:46:39.000,0.0,false,CONCRETE_CLASS,16,2,0.0,false,93,0,0.001110644160115075,0,CONCRETE_CLASS,/data/tika/tika-core/src/main/java/org/apache/tika/mime/MimeType.java,tika-core/src/main/java/org/apache/tika/mime/MimeType.java,org.apache.tika.mime.MimeType,MimeType,770,unit
tika,697d7c047daf1f661a4ed067bbc8f9c58bb6faa2,1,2026-01-07T07:46:39.000,0.0,false,CONCRETE_CLASS,3,10,0.0,false,207,0,2.5762620933940264E-4,0,CONCRETE_CLASS,/data/tika/tika-core/src/main/java/org/apache/tika/mime/ProbabilisticMimeDetectionSelector.java,tika-core/src/main/java/org/apache/tika/mime/ProbabilisticMimeDetectionSelector.java,org.apache.tika.mime.ProbabilisticMimeDetectionSelector,ProbabilisticMimeDetectionSelector,13058,unit
tika,697d7c047daf1f661a4ed067bbc8f9c58bb6faa2,1,2026-01-07T07:46:39.000,0.0,false,CONCRETE_CLASS,0,1,0.0,false,61,0,1.8787557434076361E-4,0,CONCRETE_CLASS,/data/tika/tika-core/src/test/java/org/apache/tika/io/LookaheadInputStreamTest.java,tika-core/src/test/java/org/apache/tika/io/LookaheadInputStreamTest.java,org.apache.tika.io.LookaheadInputStreamTest,LookaheadInputStreamTest,29442,unit
tika,697d7c047daf1f661a4ed067bbc8f9c58bb6faa2,1,2026-01-07T07:46:39.000,0.0,false,CONCRETE_CLASS,2,9,0.0,false,73,0,2.247751441125462E-4,0,CONCRETE_CLASS,/data/tika/tika-xmp/src/main/java/org/apache/tika/xmp/convert/MSOfficeXMLConverter.java,tika-xmp/src/main/java/org/apache/tika/xmp/convert/MSOfficeXMLConverter.java,org.apache.tika.xmp.convert.MSOfficeXMLConverter,MSOfficeXMLConverter,4870,unit
tika,697d7c047daf1f661a4ed067bbc8f9c58bb6faa2,1,2026-01-07T07:46:39.000,0.0,false,CONCRETE_CLASS,0,3,0.0,false,82,0,1.8787557434076361E-4,0,CONCRETE_CLASS,/data/tika/tika-example/src/main/java/org/apache/tika/example/RecentFiles.java,tika-example/src/main/java/org/apache/tika/example/RecentFiles.java,org.apache.tika.example.RecentFiles,RecentFiles,17158,unit
tika,697d7c047daf1f661a4ed067bbc8f9c58bb6faa2,1,2026-01-07T07:46:39.000,0.0,false,CONCRETE_CLASS,20,1,0.0,false,23,0,7.765322348874152E-4,0,CONCRETE_CLASS,/data/tika/tika-core/src/main/java/org/apache/tika/utils/ExceptionUtils.java,tika-core/src/main/java/org/apache/tika/utils/ExceptionUtils.java,org.apache.tika.utils.ExceptionUtils,ExceptionUtils,778,unit
tika,697d7c047daf1f661a4ed067bbc8f9c58bb6faa2,1,2026-01-07T07:46:39.000,0.0,false,CONCRETE_CLASS,0,3,0.0,false,18,0,1.8787557434076361E-4,0,CONCRETE_CLASS,/data/tika/tika-parsers/tika-parsers-standard/tika-parsers-standard-modules/tika-parser-microsoft-module/src/test/java/org/apache/tika/parser/microsoft/activemime/ActiveMimeParserTest.java,tika-parsers/tika-parsers-standard/tika-parsers-standard-modules/tika-parser-microsoft-module/src/test/java/org/apache/tika/parser/microsoft/activemime/ActiveMimeParserTest.java,org.apache.tika.parser.microsoft.activemime.ActiveMimeParserTest,ActiveMimeParserTest,8976,unit
tika,697d7c047daf1f661a4ed067bbc8f9c58bb6faa2,1,2026-01-07T07:46:39.000,0.0,false,CONCRETE_CLASS,0,0,0.0,false,45,0,1.8787557434076361E-4,0,CONCRETE_CLASS,/data/tika/tika-example/src/test/java/org/apache/tika/example/DumpTikaConfigExampleTest.java,tika-example/src/test/java/org/apache/tika/example/DumpTikaConfigExampleTest.java,org.apache.tika.example.DumpTikaConfigExampleTest,DumpTikaConfigExampleTest,17170,unit
tika,697d7c047daf1f661a4ed067bbc8f9c58bb6faa2,1,2026-01-07T07:46:39.000,0.0,false,CONCRETE_CLASS,20,1,0.0,false,4,0,0.0013597041817172016,0,CONCRETE_CLASS,/data/tika/tika-core/src/main/java/org/apache/tika/mime/MimeTypeException.java,tika-core/src/main/java/org/apache/tika/mime/MimeTypeException.java,org.apache.tika.mime.MimeTypeException,MimeTypeException,789,unit
tika,697d7c047daf1f661a4ed067bbc8f9c58bb6faa2,1,2026-01-07T07:46:39.000,0.0,false,ABSTRACT_CLASS,1,7,0.0,false,63,0,2.4763028135594883E-4,0,ABSTRACT_CLASS,/data/tika/tika-core/src/main/java/org/apache/tika/detect/TrainedModelDetector.java,tika-core/src/main/java/org/apache/tika/detect/TrainedModelDetector.java,org.apache.tika.detect.TrainedModelDetector,TrainedModelDetector,13077,unit
tika,697d7c047daf1f661a4ed067bbc8f9c58bb6faa2,1,2026-01-07T07:46:39.000,0.0,false,CONCRETE_CLASS,1,1,0.0,false,7,0,3.4771010250670304E-4,0,CONCRETE_CLASS,/data/tika/tika-example/src/main/java/org/apache/tika/example/TranslatorExample.java,tika-example/src/main/java/org/apache/tika/example/TranslatorExample.java,org.apache.tika.example.TranslatorExample,TranslatorExample,17179,unit
tika,697d7c047daf1f661a4ed067bbc8f9c58bb6faa2,1,2026-01-07T07:46:39.000,0.0,false,CONCRETE_CLASS,0,11,0.0,false,36,0,1.8787557434076361E-4,0,CONCRETE_CLASS,/data/tika/tika-parsers/tika-parsers-standard/tika-parsers-standard-modules/tika-parser-microsoft-module/src/main/java/org/apache/tika/parser/microsoft/activemime/ActiveMimeParser.java,tika-parsers/tika-parsers-standard/tika-parsers-standard-modules/tika-parser-microsoft-module/src/main/java/org/apache/tika/parser/microsoft/activemime/ActiveMimeParser.java,org.apache.tika.parser.microsoft.activemime.ActiveMimeParser,ActiveMimeParser,8990,unit
tika,697d7c047daf1f661a4ed067bbc8f9c58bb6faa2,1,2026-01-07T07:46:39.000,0.0,false,CONCRETE_CLASS,35,16,0.0,false,160,0,0.002235366246823993,0,CONCRETE_CLASS,/data/tika/tika-core/src/main/java/org/apache/tika/mime/MimeTypes.java,tika-core/src/main/java/org/apache/tika/mime/MimeTypes.java,org.apache.tika.mime.MimeTypes,MimeTypes,799,unit
tika,697d7c047daf1f661a4ed067bbc8f9c58bb6faa2,1,2026-01-07T07:46:39.000,0.0,false,CONCRETE_CLASS,0,4,0.0,false,129,0,1.8787557434076361E-4,0,CONCRETE_CLASS,/data/tika/tika-core/src/test/java/org/apache/tika/io/FilenameUtilsTest.java,tika-core/src/test/java/org/apache/tika/io/FilenameUtilsTest.java,org.apache.tika.io.FilenameUtilsTest,FilenameUtilsTest,29472,unit
tika,697d7c047daf1f661a4ed067bbc8f9c58bb6faa2,1,2026-01-07T07:46:39.000,0.0,false,CONCRETE_CLASS,0,1,0.0,false,13,0,1.8787557434076361E-4,0,CONCRETE_CLASS,/data/tika/tika-example/src/test/java/org/apache/tika/example/TranslatorExampleTest.java,tika-example/src/test/java/org/apache/tika/example/TranslatorExampleTest.java,org.apache.tika.example.TranslatorExampleTest,TranslatorExampleTest,17189,unit
tika,697d7c047daf1f661a4ed067bbc8f9c58bb6faa2,1,2026-01-07T07:46:39.000,0.0,false,CONCRETE_CLASS,6,0,0.0,false,67,0,4.8729390155796465E-4,0,CONCRETE_CLASS,/data/tika/tika-core/src/main/java/org/apache/tika/utils/CharsetUtils.java,tika-core/src/main/java/org/apache/tika/utils/CharsetUtils.java,org.apache.tika.utils.CharsetUtils,CharsetUtils,13094,unit
tika,697d7c047daf1f661a4ed067bbc8f9c58bb6faa2,1,2026-01-07T07:46:39.000,0.0,false,CONCRETE_CLASS,18,9,0.0,false,57,0,7.100906790843881E-4,0,CONCRETE_CLASS,/data/tika/tika-core/src/main/java/org/apache/tika/parser/ParserDecorator.java,tika-core/src/main/java/org/apache/tika/parser/ParserDecorator.java,org.apache.tika.parser.ParserDecorator,ParserDecorator,808,unit
tika,697d7c047daf1f661a4ed067bbc8f9c58bb6faa2,1,2026-01-07T07:46:39.000,0.0,false,CONCRETE_CLASS,0,2,0.0,false,62,0,1.8787557434076361E-4,0,CONCRETE_CLASS,/data/tika/tika-example/src/test/java/org/apache/tika/example/ContentHandlerExampleTest.java,tika-example/src/test/java/org/apache/tika/example/ContentHandlerExampleTest.java,org.apache.tika.example.ContentHandlerExampleTest,ContentHandlerExampleTest,17199,unit
tika,697d7c047daf1f661a4ed067bbc8f9c58bb6faa2,1,2026-01-07T07:46:39.000,0.0,false,INTERFACE,14,1,0.0,false,3,0,4.398991050238141E-4,0,INTERFACE,/data/tika/tika-core/src/main/java/org/apache/tika/parser/PasswordProvider.java,tika-core/src/main/java/org/apache/tika/parser/PasswordProvider.java,org.apache.tika.parser.PasswordProvider,PasswordProvider,816,unit
tika,697d7c047daf1f661a4ed067bbc8f9c58bb6faa2,1,2026-01-07T07:46:39.000,0.0,false,CONCRETE_CLASS,1,0,0.0,false,8,0,1.9750520569849974E-4,0,CONCRETE_CLASS,/data/tika/tika-parsers/tika-parsers-standard/tika-parsers-standard-modules/tika-parser-pdf-module/src/main/java/org/apache/tika/parser/pdf/xmpschemas/XMPSchemaPDFXId.java,tika-parsers/tika-parsers-standard/tika-parsers-standard-modules/tika-parser-pdf-module/src/main/java/org/apache/tika/parser/pdf/xmpschemas/XMPSchemaPDFXId.java,org.apache.tika.parser.pdf.xmpschemas.XMPSchemaPDFXId,XMPSchemaPDFXId,21296,unit
tika,697d7c047daf1f661a4ed067bbc8f9c58bb6faa2,1,2026-01-07T07:46:39.000,0.0,false,CONCRETE_CLASS,0,1,0.0,false,12,0,1.8787557434076361E-4,0,CONCRETE_CLASS,/data/tika/tika-core/src/test/java/org/apache/tika/io/TemporaryResourcesTest.java,tika-core/src/test/java/org/apache/tika/io/TemporaryResourcesTest.java,org.apache.tika.io.TemporaryResourcesTest,TemporaryResourcesTest,29489,unit
tika,697d7c047daf1f661a4ed067bbc8f9c58bb6faa2,1,2026-01-07T07:46:39.000,0.0,false,CONCRETE_CLASS,1,11,0.0,false,52,0,2.677928384237333E-4,0,CONCRETE_CLASS,/data/tika/tika-example/src/main/java/org/apache/tika/example/ContentHandlerExample.java,tika-example/src/main/java/org/apache/tika/example/ContentHandlerExample.java,org.apache.tika.example.ContentHandlerExample,ContentHandlerExample,17205,unit
tika,697d7c047daf1f661a4ed067bbc8f9c58bb6faa2,1,2026-01-07T07:46:39.000,0.0,false,CONCRETE_CLASS,1,12,0.0,false,54,0,2.198424799739515E-4,0,CONCRETE_CLASS,/data/tika/tika-eval/tika-eval-core/src/main/java/org/apache/tika/eval/core/metadata/TikaEvalMetadataFilter.java,tika-eval/tika-eval-core/src/main/java/org/apache/tika/eval/core/metadata/TikaEvalMetadataFilter.java,org.apache.tika.eval.core.metadata.TikaEvalMetadataFilter,TikaEvalMetadataFilter,9015,unit
tika,697d7c047daf1f661a4ed067bbc8f9c58bb6faa2,1,2026-01-07T07:46:39.000,0.0,false,CONCRETE_CLASS,1,0,0.0,false,8,0,1.9750520569849974E-4,0,CONCRETE_CLASS,/data/tika/tika-parsers/tika-parsers-standard/tika-parsers-standard-modules/tika-parser-pdf-module/src/main/java/org/apache/tika/parser/pdf/xmpschemas/XMPSchemaPDFUA.java,tika-parsers/tika-parsers-standard/tika-parsers-standard-modules/tika-parser-pdf-module/src/main/java/org/apache/tika/parser/pdf/xmpschemas/XMPSchemaPDFUA.java,org.apache.tika.parser.pdf.xmpschemas.XMPSchemaPDFUA,XMPSchemaPDFUA,21305,unit
tika,697d7c047daf1f661a4ed067bbc8f9c58bb6faa2,1,2026-01-07T07:46:39.000,0.0,false,CONCRETE_CLASS,2,0,0.0,false,5,0,2.311922493686431E-4,0,CONCRETE_CLASS,/data/tika/tika-core/src/main/java/org/apache/tika/extractor/ParentContentHandler.java,tika-core/src/main/java/org/apache/tika/extractor/ParentContentHandler.java,org.apache.tika.extractor.ParentContentHandler,ParentContentHandler,827,unit
tika,697d7c047daf1f661a4ed067bbc8f9c58bb6faa2,1,2026-01-07T07:46:39.000,0.0,false,INTERFACE,3,1,0.0,false,8,0,2.6731399925648336E-4,0,INTERFACE,/data/tika/tika-core/src/main/java/org/apache/tika/metadata/XMPRights.java,tika-core/src/main/java/org/apache/tika/metadata/XMPRights.java,org.apache.tika.metadata.XMPRights,XMPRights,4923,unit
tika,697d7c047daf1f661a4ed067bbc8f9c58bb6faa2,1,2026-01-07T07:46:39.000,0.0,false,CONCRETE_CLASS,0,4,0.0,false,77,0,1.8787557434076361E-4,0,CONCRETE_CLASS,/data/tika/tika-core/src/test/java/org/apache/tika/io/TikaInputStreamTest.java,tika-core/src/test/java/org/apache/tika/io/TikaInputStreamTest.java,org.apache.tika.io.TikaInputStreamTest,TikaInputStreamTest,29499,unit
tika,697d7c047daf1f661a4ed067bbc8f9c58bb6faa2,1,2026-01-07T07:46:39.000,0.0,false,INTERFACE,9,0,0.0,false,1,0,0.0016335501473491443,0,INTERFACE,/data/tika/tika-eval/tika-eval-core/src/main/java/org/apache/tika/eval/core/textstats/TextStatsCalculator.java,tika-eval/tika-eval-core/src/main/java/org/apache/tika/eval/core/textstats/TextStatsCalculator.java,org.apache.tika.eval.core.textstats.TextStatsCalculator,TextStatsCalculator,9021,unit
tika,697d7c047daf1f661a4ed067bbc8f9c58bb6faa2,1,2026-01-07T07:46:39.000,0.0,false,CONCRETE_CLASS,0,6,0.0,false,42,0,1.8787557434076361E-4,0,CONCRETE_CLASS,/data/tika/tika-core/src/test/java/org/apache/tika/detect/TextDetectorTest.java,tika-core/src/test/java/org/apache/tika/detect/TextDetectorTest.java,org.apache.tika.detect.TextDetectorTest,TextDetectorTest,13121,unit
tika,697d7c047daf1f661a4ed067bbc8f9c58bb6faa2,1,2026-01-07T07:46:39.000,0.0,false,CONCRETE_CLASS,0,12,0.0,false,71,0,1.8787557434076361E-4,0,CONCRETE_CLASS,/data/tika/tika-example/src/main/java/org/apache/tika/example/PickBestTextEncodingParser.java,tika-example/src/main/java/org/apache/tika/example/PickBestTextEncodingParser.java,org.apache.tika.example.PickBestTextEncodingParser,PickBestTextEncodingParser,17217,unit
tika,697d7c047daf1f661a4ed067bbc8f9c58bb6faa2,1,2026-01-07T07:46:39.000,0.0,false,CONCRETE_CLASS,2,1,0.0,false,10,0,2.0423510970058476E-4,0,CONCRETE_CLASS,/data/tika/tika-parsers/tika-parsers-standard/tika-parsers-standard-modules/tika-parser-pdf-module/src/main/java/org/apache/tika/parser/pdf/xmpschemas/XMPSchemaIllustrator.java,tika-parsers/tika-parsers-standard/tika-parsers-standard-modules/tika-parser-pdf-module/src/main/java/org/apache/tika/parser/pdf/xmpschemas/XMPSchemaIllustrator.java,org.apache.tika.parser.pdf.xmpschemas.XMPSchemaIllustrator,XMPSchemaIllustrator,21314,unit
tika,697d7c047daf1f661a4ed067bbc8f9c58bb6faa2,1,2026-01-07T07:46:39.000,0.0,false,CONCRETE_CLASS,18,0,0.0,false,14,0,0.0012779735677860957,0,CONCRETE_CLASS,/data/tika/tika-eval/tika-eval-core/src/main/java/org/apache/tika/eval/core/tokens/TokenCounts.java,tika-eval/tika-eval-core/src/main/java/org/apache/tika/eval/core/tokens/TokenCounts.java,org.apache.tika.eval.core.tokens.TokenCounts,TokenCounts,9029,unit
tika,697d7c047daf1f661a4ed067bbc8f9c58bb6faa2,1,2026-01-07T07:46:39.000,0.0,false,CONCRETE_CLASS,1,0,0.0,false,9,0,1.9750520569849974E-4,0,CONCRETE_CLASS,/data/tika/tika-parsers/tika-parsers-standard/tika-parsers-standard-modules/tika-parser-pdf-module/src/main/java/org/apache/tika/parser/pdf/xmpschemas/XMPSchemaPDFX.java,tika-parsers/tika-parsers-standard/tika-parsers-standard-modules/tika-parser-pdf-module/src/main/java/org/apache/tika/parser/pdf/xmpschemas/XMPSchemaPDFX.java,org.apache.tika.parser.pdf.xmpschemas.XMPSchemaPDFX,XMPSchemaPDFX,21324,unit
tika,697d7c047daf1f661a4ed067bbc8f9c58bb6faa2,1,2026-01-07T07:46:39.000,0.0,false,CONCRETE_CLASS,5,0,0.0,false,17,0,3.424274127849001E-4,0,CONCRETE_CLASS,/data/tika/tika-eval/tika-eval-core/src/main/java/org/apache/tika/eval/core/tokens/CommonTokenResult.java,tika-eval/tika-eval-core/src/main/java/org/apache/tika/eval/core/tokens/CommonTokenResult.java,org.apache.tika.eval.core.tokens.CommonTokenResult,CommonTokenResult,9038,unit
tika,697d7c047daf1f661a4ed067bbc8f9c58bb6faa2,1,2026-01-07T07:46:39.000,0.0,false,CONCRETE_CLASS,0,4,0.0,false,14,0,1.8787557434076361E-4,0,CONCRETE_CLASS,/data/tika/tika-parsers/tika-parsers-standard/tika-parsers-standard-package/src/test/java/org/apache/tika/extractor/EmbeddedDocumentUtilTest.java,tika-parsers/tika-parsers-standard/tika-parsers-standard-package/src/test/java/org/apache/tika/extractor/EmbeddedDocumentUtilTest.java,org.apache.tika.extractor.EmbeddedDocumentUtilTest,EmbeddedDocumentUtilTest,847,unit
tika,697d7c047daf1f661a4ed067bbc8f9c58bb6faa2,1,2026-01-07T07:46:39.000,0.0,false,ABSTRACT_CLASS,2,0,0.0,false,3,0,4.6745155128059834E-4,0,ABSTRACT_CLASS,/data/tika/tika-core/src/main/java/org/apache/tika/detect/TrainedModel.java,tika-core/src/main/java/org/apache/tika/detect/TrainedModel.java,org.apache.tika.detect.TrainedModel,TrainedModel,13136,unit
tika,697d7c047daf1f661a4ed067bbc8f9c58bb6faa2,1,2026-01-07T07:46:39.000,0.0,false,CONCRETE_CLASS,1,8,0.0,false,117,0,2.024920684344049E-4,0,CONCRETE_CLASS,/data/tika/tika-parsers/tika-parsers-standard/tika-parsers-standard-modules/tika-parser-microsoft-module/src/main/java/org/apache/tika/parser/microsoft/onenote/fsshttpb/streamobj/chunking/RDCAnalysisChunking.java,tika-parsers/tika-parsers-standard/tika-parsers-standard-modules/tika-parser-microsoft-module/src/main/java/org/apache/tika/parser/microsoft/onenote/fsshttpb/streamobj/chunking/RDCAnalysisChunking.java,org.apache.tika.parser.microsoft.onenote.fsshttpb.streamobj.chunking.RDCAnalysisChunking,RDCAnalysisChunking,29523,unit
tika,697d7c047daf1f661a4ed067bbc8f9c58bb6faa2,1,2026-01-07T07:46:39.000,0.0,false,ABSTRACT_CLASS,189,16,0.0,false,279,0,0.006252256479785464,0,ABSTRACT_CLASS,/data/tika/tika-core/src/test/java/org/apache/tika/TikaTest.java,tika-core/src/test/java/org/apache/tika/TikaTest.java,org.apache.tika.TikaTest,TikaTest,853,unit
tika,697d7c047daf1f661a4ed067bbc8f9c58bb6faa2,1,2026-01-07T07:46:39.000,0.0,false,CONCRETE_CLASS,1,0,0.0,false,12,0,1.9750520569849974E-4,0,CONCRETE_CLASS,/data/tika/tika-parsers/tika-parsers-standard/tika-parsers-standard-modules/tika-parser-pdf-module/src/main/java/org/apache/tika/parser/pdf/xmpschemas/XMPSchemaPDFVT.java,tika-parsers/tika-parsers-standard/tika-parsers-standard-modules/tika-parser-pdf-module/src/main/java/org/apache/tika/parser/pdf/xmpschemas/XMPSchemaPDFVT.java,org.apache.tika.parser.pdf.xmpschemas.XMPSchemaPDFVT,XMPSchemaPDFVT,21333,unit
tika,697d7c047daf1f661a4ed067bbc8f9c58bb6faa2,1,2026-01-07T07:46:39.000,0.0,false,CONCRETE_CLASS,0,9,0.0,false,53,0,1.8787557434076361E-4,0,CONCRETE_CLASS,/data/tika/tika-example/src/main/java/org/apache/tika/example/RollbackSoftware.java,tika-example/src/main/java/org/apache/tika/example/RollbackSoftware.java,org.apache.tika.example.RollbackSoftware,RollbackSoftware,17240,unit
tika,697d7c047daf1f661a4ed067bbc8f9c58bb6faa2,1,2026-01-07T07:46:39.000,0.0,false,ABSTRACT_CLASS,11,3,0.0,false,7,0,5.142134140564644E-4,0,ABSTRACT_CLASS,/data/tika/tika-core/src/main/java/org/apache/tika/metadata/filter/MetadataFilterBase.java,tika-core/src/main/java/org/apache/tika/metadata/filter/MetadataFilterBase.java,org.apache.tika.metadata.filter.MetadataFilterBase,MetadataFilterBase,9049,unit
tika,697d7c047daf1f661a4ed067bbc8f9c58bb6faa2,1,2026-01-07T07:46:39.000,0.0,false,CONCRETE_CLASS,0,4,0.0,false,23,0,1.8787557434076361E-4,0,CONCRETE_CLASS,/data/tika/tika-parsers/tika-parsers-standard/tika-parsers-standard-package/src/test/java/org/apache/tika/detect/TestFileCommandDetector.java,tika-parsers/tika-parsers-standard/tika-parsers-standard-package/src/test/java/org/apache/tika/detect/TestFileCommandDetector.java,org.apache.tika.detect.TestFileCommandDetector,TestFileCommandDetector,13149,unit
tika,697d7c047daf1f661a4ed067bbc8f9c58bb6faa2,1,2026-01-07T07:46:39.000,0.0,false,CONCRETE_CLASS,14,7,0.0,false,18,0,5.023792817566537E-4,0,CONCRETE_CLASS,/data/tika/tika-core/src/main/java/org/apache/tika/parser/EmptyParser.java,tika-core/src/main/java/org/apache/tika/parser/EmptyParser.java,org.apache.tika.parser.EmptyParser,EmptyParser,863,unit
tika,697d7c047daf1f661a4ed067bbc8f9c58bb6faa2,1,2026-01-07T07:46:39.000,0.0,false,ABSTRACT_CLASS,4,2,0.0,false,8,0,2.699654472247176E-4,0,ABSTRACT_CLASS,/data/tika/tika-parsers/tika-parsers-standard/tika-parsers-standard-modules/tika-parser-microsoft-module/src/main/java/org/apache/tika/parser/microsoft/onenote/fsshttpb/streamobj/chunking/AbstractChunking.java,tika-parsers/tika-parsers-standard/tika-parsers-standard-modules/tika-parser-microsoft-module/src/main/java/org/apache/tika/parser/microsoft/onenote/fsshttpb/streamobj/chunking/AbstractChunking.java,org.apache.tika.parser.microsoft.onenote.fsshttpb.streamobj.chunking.AbstractChunking,AbstractChunking,29536,unit
tika,697d7c047daf1f661a4ed067bbc8f9c58bb6faa2,1,2026-01-07T07:46:39.000,0.0,false,CONCRETE_CLASS,0,4,0.0,false,111,0,1.8787557434076361E-4,0,CONCRETE_CLASS,/data/tika/tika-integration-tests/tika-woodstox-tests/src/test/java/org/apache/tika/woodstox/WoodstoxXMLReaderUtilsTest.java,tika-integration-tests/tika-woodstox-tests/src/test/java/org/apache/tika/woodstox/WoodstoxXMLReaderUtilsTest.java,org.apache.tika.woodstox.WoodstoxXMLReaderUtilsTest,WoodstoxXMLReaderUtilsTest,4962,unit
tika,697d7c047daf1f661a4ed067bbc8f9c58bb6faa2,1,2026-01-07T07:46:39.000,0.0,false,CONCRETE_CLASS,4,9,0.0,false,77,0,3.0531628534372134E-4,0,CONCRETE_CLASS,/data/tika/tika-eval/tika-eval-core/src/main/java/org/apache/tika/eval/core/textstats/CompositeTextStatsCalculator.java,tika-eval/tika-eval-core/src/main/java/org/apache/tika/eval/core/textstats/CompositeTextStatsCalculator.java,org.apache.tika.eval.core.textstats.CompositeTextStatsCalculator,CompositeTextStatsCalculator,9058,unit
tika,697d7c047daf1f661a4ed067bbc8f9c58bb6faa2,1,2026-01-07T07:46:39.000,0.0,false,CONCRETE_CLASS,1,4,0.0,false,40,0,1.9675527034998248E-4,0,CONCRETE_CLASS,/data/tika/tika-core/src/main/java/org/apache/tika/metadata/writefilter/StandardWriteFilterFactory.java,tika-core/src/main/java/org/apache/tika/metadata/writefilter/StandardWriteFilterFactory.java,org.apache.tika.metadata.writefilter.StandardWriteFilterFactory,StandardWriteFilterFactory,21349,unit
tika,697d7c047daf1f661a4ed067bbc8f9c58bb6faa2,1,2026-01-07T07:46:39.000,0.0,false,CONCRETE_CLASS,14,0,0.0,false,40,0,0.0019170030696676994,0,CONCRETE_CLASS,/data/tika/tika-core/src/main/java/org/apache/tika/sax/ToTextContentHandler.java,tika-core/src/main/java/org/apache/tika/sax/ToTextContentHandler.java,org.apache.tika.sax.ToTextContentHandler,ToTextContentHandler,4968,unit
tika,697d7c047daf1f661a4ed067bbc8f9c58bb6faa2,1,2026-01-07T07:46:39.000,0.0,false,CONCRETE_CLASS,3,2,0.0,false,4,0,2.2665828584357735E-4,0,CONCRETE_CLASS,/data/tika/tika-eval/tika-eval-core/src/main/java/org/apache/tika/eval/core/textstats/BasicTokenCountStatsCalculator.java,tika-eval/tika-eval-core/src/main/java/org/apache/tika/eval/core/textstats/BasicTokenCountStatsCalculator.java,org.apache.tika.eval.core.textstats.BasicTokenCountStatsCalculator,BasicTokenCountStatsCalculator,9066,unit
tika,697d7c047daf1f661a4ed067bbc8f9c58bb6faa2,1,2026-01-07T07:46:39.000,0.0,false,CONCRETE_CLASS,0,6,0.0,false,61,0,1.8787557434076361E-4,0,CONCRETE_CLASS,/data/tika/tika-example/src/main/java/org/apache/tika/example/ImportContextImpl.java,tika-example/src/main/java/org/apache/tika/example/ImportContextImpl.java,org.apache.tika.example.ImportContextImpl,ImportContextImpl,17258,unit
tika,697d7c047daf1f661a4ed067bbc8f9c58bb6faa2,1,2026-01-07T07:46:39.000,0.0,false,CONCRETE_CLASS,2,7,0.0,false,21,0,2.0960746194227293E-4,0,CONCRETE_CLASS,/data/tika/tika-core/src/main/java/org/apache/tika/detect/OverrideEncodingDetector.java,tika-core/src/main/java/org/apache/tika/detect/OverrideEncodingDetector.java,org.apache.tika.detect.OverrideEncodingDetector,OverrideEncodingDetector,13164,unit
tika,697d7c047daf1f661a4ed067bbc8f9c58bb6faa2,1,2026-01-07T07:46:39.000,0.0,false,INTERFACE,4,1,0.0,false,2,0,2.977042058260541E-4,0,INTERFACE,/data/tika/tika-core/src/main/java/org/apache/tika/metadata/writefilter/MetadataWriteFilterFactory.java,tika-core/src/main/java/org/apache/tika/metadata/writefilter/MetadataWriteFilterFactory.java,org.apache.tika.metadata.writefilter.MetadataWriteFilterFactory,MetadataWriteFilterFactory,21356,unit
tika,697d7c047daf1f661a4ed067bbc8f9c58bb6faa2,1,2026-01-07T07:46:39.000,0.0,false,CONCRETE_CLASS,1,10,0.0,false,84,0,2.024920684344049E-4,0,CONCRETE_CLASS,/data/tika/tika-parsers/tika-parsers-standard/tika-parsers-standard-modules/tika-parser-microsoft-module/src/main/java/org/apache/tika/parser/microsoft/onenote/fsshttpb/streamobj/chunking/ZipFilesChunking.java,tika-parsers/tika-parsers-standard/tika-parsers-standard-modules/tika-parser-microsoft-module/src/main/java/org/apache/tika/parser/microsoft/onenote/fsshttpb/streamobj/chunking/ZipFilesChunking.java,org.apache.tika.parser.microsoft.onenote.fsshttpb.streamobj.chunking.ZipFilesChunking,ZipFilesChunking,29549,unit
tika,697d7c047daf1f661a4ed067bbc8f9c58bb6faa2,1,2026-01-07T07:46:39.000,0.0,false,CONCRETE_CLASS,4,7,0.0,false,32,0,3.0531628534372134E-4,0,CONCRETE_CLASS,/data/tika/tika-eval/tika-eval-core/src/main/java/org/apache/tika/eval/core/textstats/CommonTokens.java,tika-eval/tika-eval-core/src/main/java/org/apache/tika/eval/core/textstats/CommonTokens.java,org.apache.tika.eval.core.textstats.CommonTokens,CommonTokens,9074,unit
tika,697d7c047daf1f661a4ed067bbc8f9c58bb6faa2,1,2026-01-07T07:46:39.000,0.0,false,CONCRETE_CLASS,2,6,0.0,false,189,0,2.3860289058809668E-4,0,CONCRETE_CLASS,/data/tika/tika-core/src/main/java/org/apache/tika/metadata/writefilter/StandardWriteFilter.java,tika-core/src/main/java/org/apache/tika/metadata/writefilter/StandardWriteFilter.java,org.apache.tika.metadata.writefilter.StandardWriteFilter,StandardWriteFilter,21364,unit
tika,697d7c047daf1f661a4ed067bbc8f9c58bb6faa2,1,2026-01-07T07:46:39.000,0.0,false,CONCRETE_CLASS,0,9,0.0,false,19,0,1.8787557434076361E-4,0,CONCRETE_CLASS,/data/tika/tika-example/src/main/java/org/apache/tika/example/LanguageDetectingParser.java,tika-example/src/main/java/org/apache/tika/example/LanguageDetectingParser.java,org.apache.tika.example.LanguageDetectingParser,LanguageDetectingParser,17273,unit
tika,697d7c047daf1f661a4ed067bbc8f9c58bb6faa2,1,2026-01-07T07:46:39.000,0.0,false,INTERFACE,5,0,0.0,false,6,0,0.0029522501432317897,0,INTERFACE,/data/tika/tika-core/src/main/java/org/apache/tika/metadata/writefilter/MetadataWriteFilter.java,tika-core/src/main/java/org/apache/tika/metadata/writefilter/MetadataWriteFilter.java,org.apache.tika.metadata.writefilter.MetadataWriteFilter,MetadataWriteFilter,21372,unit
tika,697d7c047daf1f661a4ed067bbc8f9c58bb6faa2,1,2026-01-07T07:46:39.000,0.0,false,CONCRETE_CLASS,0,2,0.0,false,34,0,1.8787557434076361E-4,0,CONCRETE_CLASS,/data/tika/tika-eval/tika-eval-app/src/test/java/org/apache/tika/eval/app/reports/ResultsReporterTest.java,tika-eval/tika-eval-app/src/test/java/org/apache/tika/eval/app/reports/ResultsReporterTest.java,org.apache.tika.eval.app.reports.ResultsReporterTest,ResultsReporterTest,4989,unit
tika,697d7c047daf1f661a4ed067bbc8f9c58bb6faa2,1,2026-01-07T07:46:39.000,0.0,false,CONCRETE_CLASS,3,1,0.0,false,23,0,2.511500973006627E-4,0,CONCRETE_CLASS,/data/tika/tika-parsers/tika-parsers-standard/tika-parsers-standard-modules/tika-parser-zip-commons/src/main/java/org/apache/tika/detect/zip/PackageConstants.java,tika-parsers/tika-parsers-standard/tika-parsers-standard-modules/tika-parser-zip-commons/src/main/java/org/apache/tika/detect/zip/PackageConstants.java,org.apache.tika.detect.zip.PackageConstants,PackageConstants,895,unit
tika,697d7c047daf1f661a4ed067bbc8f9c58bb6faa2,1,2026-01-07T07:46:39.000,0.0,false,CONCRETE_CLASS,0,5,0.0,false,30,0,1.8787557434076361E-4,0,CONCRETE_CLASS,/data/tika/tika-eval/tika-eval-core/src/test/java/org/apache/tika/eval/core/metadata/TikaEvalMetadataFilterTest.java,tika-eval/tika-eval-core/src/test/java/org/apache/tika/eval/core/metadata/TikaEvalMetadataFilterTest.java,org.apache.tika.eval.core.metadata.TikaEvalMetadataFilterTest,TikaEvalMetadataFilterTest,9087,unit
tika,697d7c047daf1f661a4ed067bbc8f9c58bb6faa2,1,2026-01-07T07:46:39.000,0.0,false,ENUM,1,0,0.0,false,4,0,2.024920684344049E-4,0,ENUM,/data/tika/tika-parsers/tika-parsers-standard/tika-parsers-standard-modules/tika-parser-microsoft-module/src/main/java/org/apache/tika/parser/microsoft/onenote/fsshttpb/streamobj/chunking/ChunkingMethod.java,tika-parsers/tika-parsers-standard/tika-parsers-standard-modules/tika-parser-microsoft-module/src/main/java/org/apache/tika/parser/microsoft/onenote/fsshttpb/streamobj/chunking/ChunkingMethod.java,org.apache.tika.parser.microsoft.onenote.fsshttpb.streamobj.chunking.ChunkingMethod,ChunkingMethod,29570,unit
tika,697d7c047daf1f661a4ed067bbc8f9c58bb6faa2,1,2026-01-07T07:46:39.000,0.0,false,CONCRETE_CLASS,2,10,0.0,false,177,0,3.2107101447904646E-4,0,CONCRETE_CLASS,/data/tika/tika-eval/tika-eval-app/src/main/java/org/apache/tika/eval/app/reports/ResultsReporter.java,tika-eval/tika-eval-app/src/main/java/org/apache/tika/eval/app/reports/ResultsReporter.java,org.apache.tika.eval.app.reports.ResultsReporter,ResultsReporter,4995,unit
tika,697d7c047daf1f661a4ed067bbc8f9c58bb6faa2,1,2026-01-07T07:46:39.000,0.0,false,CONCRETE_CLASS,1,4,0.0,false,10,0,2.198424799739515E-4,0,CONCRETE_CLASS,/data/tika/tika-core/src/main/java/org/apache/tika/metadata/filter/DefaultMetadataFilter.java,tika-core/src/main/java/org/apache/tika/metadata/filter/DefaultMetadataFilter.java,org.apache.tika.metadata.filter.DefaultMetadataFilter,DefaultMetadataFilter,9094,unit
tika,697d7c047daf1f661a4ed067bbc8f9c58bb6faa2,1,2026-01-07T07:46:39.000,0.0,false,CONCRETE_CLASS,0,4,0.0,false,30,0,1.8787557434076361E-4,0,CONCRETE_CLASS,/data/tika/tika-parsers/tika-parsers-standard/tika-parsers-standard-modules/tika-parser-zip-commons/src/main/java/org/apache/tika/detect/zip/JarDetector.java,tika-parsers/tika-parsers-standard/tika-parsers-standard-modules/tika-parser-zip-commons/src/main/java/org/apache/tika/detect/zip/JarDetector.java,org.apache.tika.detect.zip.JarDetector,JarDetector,905,unit
tika,697d7c047daf1f661a4ed067bbc8f9c58bb6faa2,1,2026-01-07T07:46:39.000,0.0,false,CONCRETE_CLASS,3,1,0.0,false,40,0,3.2707712605329123E-4,0,CONCRETE_CLASS,/data/tika/tika-eval/tika-eval-app/src/main/java/org/apache/tika/eval/app/db/H2Util.java,tika-eval/tika-eval-app/src/main/java/org/apache/tika/eval/app/db/H2Util.java,org.apache.tika.eval.app.db.H2Util,H2Util,5003,unit
tika,697d7c047daf1f661a4ed067bbc8f9c58bb6faa2,1,2026-01-07T07:46:39.000,0.0,false,CONCRETE_CLASS,0,10,0.0,false,34,0,1.8787557434076361E-4,0,CONCRETE_CLASS,/data/tika/tika-core/src/test/java/org/apache/tika/detect/FileCommandDetectorTest.java,tika-core/src/test/java/org/apache/tika/detect/FileCommandDetectorTest.java,org.apache.tika.detect.FileCommandDetectorTest,FileCommandDetectorTest,13195,unit
tika,697d7c047daf1f661a4ed067bbc8f9c58bb6faa2,1,2026-01-07T07:46:39.000,0.0,false,CONCRETE_CLASS,0,2,0.0,false,24,0,1.8787557434076361E-4,0,CONCRETE_CLASS,/data/tika/tika-example/src/main/java/org/apache/tika/example/LuceneIndexerExtended.java,tika-example/src/main/java/org/apache/tika/example/LuceneIndexerExtended.java,org.apache.tika.example.LuceneIndexerExtended,LuceneIndexerExtended,17293,unit
tika,697d7c047daf1f661a4ed067bbc8f9c58bb6faa2,1,2026-01-07T07:46:39.000,0.0,false,CONCRETE_CLASS,10,0,0.0,false,13,0,6.026710600831587E-4,0,CONCRETE_CLASS,/data/tika/tika-parsers/tika-parsers-standard/tika-parsers-standard-modules/tika-parser-zip-commons/src/main/java/org/apache/tika/detect/zip/StreamingDetectContext.java,tika-parsers/tika-parsers-standard/tika-parsers-standard-modules/tika-parser-zip-commons/src/main/java/org/apache/tika/detect/zip/StreamingDetectContext.java,org.apache.tika.detect.zip.StreamingDetectContext,StreamingDetectContext,911,unit
tika,697d7c047daf1f661a4ed067bbc8f9c58bb6faa2,1,2026-01-07T07:46:39.000,0.0,false,INTERFACE,2,2,0.0,false,12,0,2.2843882360725322E-4,0,INTERFACE,/data/tika/tika-core/src/main/java/org/apache/tika/metadata/AccessPermissions.java,tika-core/src/main/java/org/apache/tika/metadata/AccessPermissions.java,org.apache.tika.metadata.AccessPermissions,AccessPermissions,21393,unit
tika,697d7c047daf1f661a4ed067bbc8f9c58bb6faa2,1,2026-01-07T07:46:39.000,0.0,false,CONCRETE_CLASS,1,1,0.0,false,15,0,2.677928384237333E-4,0,CONCRETE_CLASS,/data/tika/tika-example/src/main/java/org/apache/tika/example/LuceneIndexer.java,tika-example/src/main/java/org/apache/tika/example/LuceneIndexer.java,org.apache.tika.example.LuceneIndexer,LuceneIndexer,17299,unit
tika,697d7c047daf1f661a4ed067bbc8f9c58bb6faa2,1,2026-01-07T07:46:39.000,0.0,false,CONCRETE_CLASS,1,6,0.0,false,31,0,2.024920684344049E-4,0,CONCRETE_CLASS,/data/tika/tika-parsers/tika-parsers-standard/tika-parsers-standard-modules/tika-parser-microsoft-module/src/main/java/org/apache/tika/parser/microsoft/onenote/fsshttpb/streamobj/chunking/SimpleChunking.java,tika-parsers/tika-parsers-standard/tika-parsers-standard-modules/tika-parser-microsoft-module/src/main/java/org/apache/tika/parser/microsoft/onenote/fsshttpb/streamobj/chunking/SimpleChunking.java,org.apache.tika.parser.microsoft.onenote.fsshttpb.streamobj.chunking.SimpleChunking,SimpleChunking,29587,unit
tika,697d7c047daf1f661a4ed067bbc8f9c58bb6faa2,1,2026-01-07T07:46:39.000,0.0,false,CONCRETE_CLASS,1,2,0.0,false,103,0,2.1519295633713368E-4,0,CONCRETE_CLASS,/data/tika/tika-eval/tika-eval-app/src/main/java/org/apache/tika/eval/app/reports/Report.java,tika-eval/tika-eval-app/src/main/java/org/apache/tika/eval/app/reports/Report.java,org.apache.tika.eval.app.reports.Report,Report,5014,unit
tika,697d7c047daf1f661a4ed067bbc8f9c58bb6faa2,1,2026-01-07T07:46:39.000,0.0,false,INTERFACE,12,3,0.0,false,12,0,4.999344876462169E-4,0,INTERFACE,/data/tika/tika-parsers/tika-parsers-standard/tika-parsers-standard-modules/tika-parser-zip-commons/src/main/java/org/apache/tika/detect/zip/ZipContainerDetector.java,tika-parsers/tika-parsers-standard/tika-parsers-standard-modules/tika-parser-zip-commons/src/main/java/org/apache/tika/detect/zip/ZipContainerDetector.java,org.apache.tika.detect.zip.ZipContainerDetector,ZipContainerDetector,920,unit
tika,697d7c047daf1f661a4ed067bbc8f9c58bb6faa2,1,2026-01-07T07:46:39.000,0.0,false,INTERFACE,4,0,0.0,false,7,0,7.507965127499678E-4,0,INTERFACE,/data/tika/tika-eval/tika-eval-app/src/main/java/org/apache/tika/eval/app/reports/XSLXCellFormatter.java,tika-eval/tika-eval-app/src/main/java/org/apache/tika/eval/app/reports/XSLXCellFormatter.java,org.apache.tika.eval.app.reports.XSLXCellFormatter,XSLXCellFormatter,5020,unit
tika,697d7c047daf1f661a4ed067bbc8f9c58bb6faa2,1,2026-01-07T07:46:39.000,0.0,false,CONCRETE_CLASS,0,18,0.0,false,107,0,1.8787557434076361E-4,0,CONCRETE_CLASS,/data/tika/tika-example/src/main/java/org/apache/tika/example/TIAParsingExample.java,tika-example/src/main/java/org/apache/tika/example/TIAParsingExample.java,org.apache.tika.example.TIAParsingExample,TIAParsingExample,17311,unit
tika,697d7c047daf1f661a4ed067bbc8f9c58bb6faa2,1,2026-01-07T07:46:39.000,0.0,false,CONCRETE_CLASS,2,21,0.0,false,335,0,3.72834347231067E-4,0,CONCRETE_CLASS,/data/tika/tika-app/src/main/java/org/apache/tika/gui/TikaGUI.java,tika-app/src/main/java/org/apache/tika/gui/TikaGUI.java,org.apache.tika.gui.TikaGUI,TikaGUI,9122,unit
tika,697d7c047daf1f661a4ed067bbc8f9c58bb6faa2,1,2026-01-07T07:46:39.000,0.0,false,CONCRETE_CLASS,0,18,0.0,false,206,0,1.8787557434076361E-4,0,CONCRETE_CLASS,/data/tika/tika-serialization/src/test/java/org/apache/tika/metadata/writefilter/StandardWriteFilterTest.java,tika-serialization/src/test/java/org/apache/tika/metadata/writefilter/StandardWriteFilterTest.java,org.apache.tika.metadata.writefilter.StandardWriteFilterTest,StandardWriteFilterTest,21410,unit
tika,697d7c047daf1f661a4ed067bbc8f9c58bb6faa2,1,2026-01-07T07:46:39.000,0.0,false,CONCRETE_CLASS,2,1,0.0,false,19,0,3.067339872118956E-4,0,CONCRETE_CLASS,/data/tika/tika-eval/tika-eval-app/src/main/java/org/apache/tika/eval/app/reports/XLSXNumFormatter.java,tika-eval/tika-eval-app/src/main/java/org/apache/tika/eval/app/reports/XLSXNumFormatter.java,org.apache.tika.eval.app.reports.XLSXNumFormatter,XLSXNumFormatter,5028,unit
tika,697d7c047daf1f661a4ed067bbc8f9c58bb6faa2,1,2026-01-07T07:46:39.000,0.0,false,CONCRETE_CLASS,2,1,0.0,false,34,0,2.1628830057123384E-4,0,CONCRETE_CLASS,/data/tika/tika-parsers/tika-parsers-standard/tika-parsers-standard-modules/tika-parser-zip-commons/src/main/java/org/apache/tika/detect/zip/CompressorConstants.java,tika-parsers/tika-parsers-standard/tika-parsers-standard-modules/tika-parser-zip-commons/src/main/java/org/apache/tika/detect/zip/CompressorConstants.java,org.apache.tika.detect.zip.CompressorConstants,CompressorConstants,934,unit
tika,697d7c047daf1f661a4ed067bbc8f9c58bb6faa2,1,2026-01-07T07:46:39.000,0.0,false,CONCRETE_CLASS,4,2,0.0,false,34,0,3.6698435615035237E-4,0,CONCRETE_CLASS,/data/tika/tika-core/src/main/java/org/apache/tika/detect/XmlRootExtractor.java,tika-core/src/main/java/org/apache/tika/detect/XmlRootExtractor.java,org.apache.tika.detect.XmlRootExtractor,XmlRootExtractor,13229,unit
tika,697d7c047daf1f661a4ed067bbc8f9c58bb6faa2,1,2026-01-07T07:46:39.000,0.0,false,INTERFACE,5,0,0.0,false,4,0,5.662719518076159E-4,0,INTERFACE,/data/tika/tika-parsers/tika-parsers-standard/tika-parsers-standard-modules/tika-parser-html-module/src/main/java/org/apache/tika/parser/html/HtmlMapper.java,tika-parsers/tika-parsers-standard/tika-parsers-standard-modules/tika-parser-html-module/src/main/java/org/apache/tika/parser/html/HtmlMapper.java,org.apache.tika.parser.html.HtmlMapper,HtmlMapper,17325,unit
tika,697d7c047daf1f661a4ed067bbc8f9c58bb6faa2,1,2026-01-07T07:46:39.000,0.0,false,CONCRETE_CLASS,4,12,0.0,false,103,0,2.7113528203273954E-4,0,CONCRETE_CLASS,/data/tika/tika-eval/tika-eval-app/src/main/java/org/apache/tika/eval/app/ExtractProfiler.java,tika-eval/tika-eval-app/src/main/java/org/apache/tika/eval/app/ExtractProfiler.java,org.apache.tika.eval.app.ExtractProfiler,ExtractProfiler,5039,unit
tika,697d7c047daf1f661a4ed067bbc8f9c58bb6faa2,1,2026-01-07T07:46:39.000,0.0,false,CONCRETE_CLASS,1,5,0.0,false,28,0,1.9548674234866548E-4,0,CONCRETE_CLASS,/data/tika/tika-parsers/tika-parsers-standard/tika-parsers-standard-modules/tika-parser-zip-commons/src/main/java/org/apache/tika/detect/zip/OpenDocumentDetector.java,tika-parsers/tika-parsers-standard/tika-parsers-standard-modules/tika-parser-zip-commons/src/main/java/org/apache/tika/detect/zip/OpenDocumentDetector.java,org.apache.tika.detect.zip.OpenDocumentDetector,OpenDocumentDetector,944,unit
tika,697d7c047daf1f661a4ed067bbc8f9c58bb6faa2,1,2026-01-07T07:46:39.000,0.0,false,CONCRETE_CLASS,1,1,0.0,false,43,0,2.029816676190871E-4,0,CONCRETE_CLASS,/data/tika/tika-app/src/main/java/org/apache/tika/gui/ParsingTransferHandler.java,tika-app/src/main/java/org/apache/tika/gui/ParsingTransferHandler.java,org.apache.tika.gui.ParsingTransferHandler,ParsingTransferHandler,9138,unit
tika,697d7c047daf1f661a4ed067bbc8f9c58bb6faa2,1,2026-01-07T07:46:39.000,0.0,false,CONCRETE_CLASS,1,2,0.0,false,20,0,2.3083599958431927E-4,0,CONCRETE_CLASS,/data/tika/tika-parsers/tika-parsers-standard/tika-parsers-standard-modules/tika-parser-microsoft-module/src/main/java/org/apache/tika/parser/microsoft/onenote/fsshttpb/streamobj/space/ObjectSpaceObjectStreamOfOSIDs.java,tika-parsers/tika-parsers-standard/tika-parsers-standard-modules/tika-parser-microsoft-module/src/main/java/org/apache/tika/parser/microsoft/onenote/fsshttpb/streamobj/space/ObjectSpaceObjectStreamOfOSIDs.java,org.apache.tika.parser.microsoft.onenote.fsshttpb.streamobj.space.ObjectSpaceObjectStreamOfOSIDs,ObjectSpaceObjectStreamOfOSIDs,29620,unit
tika,697d7c047daf1f661a4ed067bbc8f9c58bb6faa2,1,2026-01-07T07:46:39.000,0.0,false,CONCRETE_CLASS,1,6,0.0,false,11,0,1.9853120955182625E-4,0,CONCRETE_CLASS,/data/tika/tika-core/src/main/java/org/apache/tika/detect/EmptyDetector.java,tika-core/src/main/java/org/apache/tika/detect/EmptyDetector.java,org.apache.tika.detect.EmptyDetector,EmptyDetector,13240,unit
tika,697d7c047daf1f661a4ed067bbc8f9c58bb6faa2,1,2026-01-07T07:46:39.000,0.0,false,CONCRETE_CLASS,1,1,0.0,false,6,0,1.9675527034998248E-4,0,CONCRETE_CLASS,/data/tika/tika-parsers/tika-parsers-standard/tika-parsers-standard-modules/tika-parser-html-module/src/main/java/org/apache/tika/parser/html/IdentityHtmlMapper.java,tika-parsers/tika-parsers-standard/tika-parsers-standard-modules/tika-parser-html-module/src/main/java/org/apache/tika/parser/html/IdentityHtmlMapper.java,org.apache.tika.parser.html.IdentityHtmlMapper,IdentityHtmlMapper,17336,unit
tika,697d7c047daf1f661a4ed067bbc8f9c58bb6faa2,1,2026-01-07T07:46:39.000,0.0,false,CONCRETE_CLASS,3,18,0.0,false,215,0,2.3877101259521416E-4,0,CONCRETE_CLASS,/data/tika/tika-eval/tika-eval-app/src/main/java/org/apache/tika/eval/app/ExtractComparer.java,tika-eval/tika-eval-app/src/main/java/org/apache/tika/eval/app/ExtractComparer.java,org.apache.tika.eval.app.ExtractComparer,ExtractComparer,5049,unit
tika,697d7c047daf1f661a4ed067bbc8f9c58bb6faa2,1,2026-01-07T07:46:39.000,0.0,false,CONCRETE_CLASS,4,2,0.0,false,21,0,5.254262966822714E-4,0,CONCRETE_CLASS,/data/tika/tika-parsers/tika-parsers-standard/tika-parsers-standard-modules/tika-parser-microsoft-module/src/main/java/org/apache/tika/parser/microsoft/onenote/fsshttpb/streamobj/space/ObjectSpaceObjectStreamHeader.java,tika-parsers/tika-parsers-standard/tika-parsers-standard-modules/tika-parser-microsoft-module/src/main/java/org/apache/tika/parser/microsoft/onenote/fsshttpb/streamobj/space/ObjectSpaceObjectStreamHeader.java,org.apache.tika.parser.microsoft.onenote.fsshttpb.streamobj.space.ObjectSpaceObjectStreamHeader,ObjectSpaceObjectStreamHeader,29626,unit
tika,697d7c047daf1f661a4ed067bbc8f9c58bb6faa2,1,2026-01-07T07:46:39.000,0.0,false,CONCRETE_CLASS,5,3,0.0,false,116,0,5.463219274554848E-4,0,CONCRETE_CLASS,/data/tika/tika-eval/tika-eval-app/src/main/java/org/apache/tika/eval/app/db/JDBCUtil.java,tika-eval/tika-eval-app/src/main/java/org/apache/tika/eval/app/db/JDBCUtil.java,org.apache.tika.eval.app.db.JDBCUtil,JDBCUtil,5057,unit
tika,697d7c047daf1f661a4ed067bbc8f9c58bb6faa2,1,2026-01-07T07:46:39.000,0.0,false,CONCRETE_CLASS,8,14,0.0,false,135,0,3.128148795042411E-4,0,CONCRETE_CLASS,/data/tika/tika-parsers/tika-parsers-standard/tika-parsers-standard-modules/tika-parser-zip-commons/src/main/java/org/apache/tika/detect/zip/DefaultZipContainerDetector.java,tika-parsers/tika-parsers-standard/tika-parsers-standard-modules/tika-parser-zip-commons/src/main/java/org/apache/tika/detect/zip/DefaultZipContainerDetector.java,org.apache.tika.detect.zip.DefaultZipContainerDetector,DefaultZipContainerDetector,966,unit
tika,697d7c047daf1f661a4ed067bbc8f9c58bb6faa2,1,2026-01-07T07:46:39.000,0.0,false,CONCRETE_CLASS,1,5,0.0,false,147,0,1.9513316648955693E-4,0,CONCRETE_CLASS,/data/tika/tika-parsers/tika-parsers-standard/tika-parsers-standard-modules/tika-parser-microsoft-module/src/main/java/org/apache/tika/parser/microsoft/msg/ExtendedMetadataExtractor.java,tika-parsers/tika-parsers-standard/tika-parsers-standard-modules/tika-parser-microsoft-module/src/main/java/org/apache/tika/parser/microsoft/msg/ExtendedMetadataExtractor.java,org.apache.tika.parser.microsoft.msg.ExtendedMetadataExtractor,ExtendedMetadataExtractor,21446,unit
tika,697d7c047daf1f661a4ed067bbc8f9c58bb6faa2,1,2026-01-07T07:46:39.000,0.0,false,CONCRETE_CLASS,1,2,0.0,false,20,0,2.3083599958431927E-4,0,CONCRETE_CLASS,/data/tika/tika-parsers/tika-parsers-standard/tika-parsers-standard-modules/tika-parser-microsoft-module/src/main/java/org/apache/tika/parser/microsoft/onenote/fsshttpb/streamobj/space/ObjectSpaceObjectStreamOfOIDs.java,tika-parsers/tika-parsers-standard/tika-parsers-standard-modules/tika-parser-microsoft-module/src/main/java/org/apache/tika/parser/microsoft/onenote/fsshttpb/streamobj/space/ObjectSpaceObjectStreamOfOIDs.java,org.apache.tika.parser.microsoft.onenote.fsshttpb.streamobj.space.ObjectSpaceObjectStreamOfOIDs,ObjectSpaceObjectStreamOfOIDs,29638,unit
tika,697d7c047daf1f661a4ed067bbc8f9c58bb6faa2,1,2026-01-07T07:46:39.000,0.0,false,CONCRETE_CLASS,1,8,0.0,false,21,0,3.4771010250670304E-4,0,CONCRETE_CLASS,/data/tika/tika-example/src/main/java/org/apache/tika/example/AdvancedTypeDetector.java,tika-example/src/main/java/org/apache/tika/example/AdvancedTypeDetector.java,org.apache.tika.example.AdvancedTypeDetector,AdvancedTypeDetector,17352,unit
tika,697d7c047daf1f661a4ed067bbc8f9c58bb6faa2,1,2026-01-07T07:46:39.000,0.0,false,CONCRETE_CLASS,1,6,0.0,false,15,0,2.7219146289235614E-4,0,CONCRETE_CLASS,/data/tika/tika-core/src/main/java/org/apache/tika/detect/OverrideDetector.java,tika-core/src/main/java/org/apache/tika/detect/OverrideDetector.java,org.apache.tika.detect.OverrideDetector,OverrideDetector,13257,unit
tika,697d7c047daf1f661a4ed067bbc8f9c58bb6faa2,1,2026-01-07T07:46:39.000,0.0,false,CONCRETE_CLASS,13,2,0.0,false,25,0,7.417416349550109E-4,0,CONCRETE_CLASS,/data/tika/tika-eval/tika-eval-app/src/main/java/org/apache/tika/eval/app/db/TableInfo.java,tika-eval/tika-eval-app/src/main/java/org/apache/tika/eval/app/db/TableInfo.java,org.apache.tika.eval.app.db.TableInfo,TableInfo,5068,unit
tika,697d7c047daf1f661a4ed067bbc8f9c58bb6faa2,1,2026-01-07T07:46:39.000,0.0,false,INTERFACE,49,0,0.0,false,2,0,0.02331693705670816,0,INTERFACE,/data/tika/tika-core/src/main/java/org/apache/tika/config/JsonConfig.java,tika-core/src/main/java/org/apache/tika/config/JsonConfig.java,org.apache.tika.config.JsonConfig,JsonConfig,972,unit
tika,697d7c047daf1f661a4ed067bbc8f9c58bb6faa2,1,2026-01-07T07:46:39.000,0.0,false,INTERFACE,14,2,0.0,false,9,0,0.0017023955309561163,0,INTERFACE,/data/tika/tika-pipes/tika-pipes-api/src/main/java/org/apache/tika/pipes/api/emitter/EmitData.java,tika-pipes/tika-pipes-api/src/main/java/org/apache/tika/pipes/api/emitter/EmitData.java,org.apache.tika.pipes.api.emitter.EmitData,EmitData,9166,unit
tika,697d7c047daf1f661a4ed067bbc8f9c58bb6faa2,1,2026-01-07T07:46:39.000,0.0,false,CONCRETE_CLASS,1,1,0.0,false,127,0,2.21077674966661E-4,0,CONCRETE_CLASS,/data/tika/tika-parsers/tika-parsers-standard/tika-parsers-standard-modules/tika-parser-microsoft-module/src/main/java/org/apache/tika/parser/microsoft/msg/TikaNameIdChunks.java,tika-parsers/tika-parsers-standard/tika-parsers-standard-modules/tika-parser-microsoft-module/src/main/java/org/apache/tika/parser/microsoft/msg/TikaNameIdChunks.java,org.apache.tika.parser.microsoft.msg.TikaNameIdChunks,TikaNameIdChunks,21454,unit
tika,697d7c047daf1f661a4ed067bbc8f9c58bb6faa2,1,2026-01-07T07:46:39.000,0.0,false,CONCRETE_CLASS,1,1,0.0,false,42,0,2.1519295633713368E-4,0,CONCRETE_CLASS,/data/tika/tika-eval/tika-eval-app/src/main/java/org/apache/tika/eval/app/reports/XLSXHREFFormatter.java,tika-eval/tika-eval-app/src/main/java/org/apache/tika/eval/app/reports/XLSXHREFFormatter.java,org.apache.tika.eval.app.reports.XLSXHREFFormatter,XLSXHREFFormatter,5076,unit
tika,697d7c047daf1f661a4ed067bbc8f9c58bb6faa2,1,2026-01-07T07:46:39.000,0.0,false,CONCRETE_CLASS,2,0,0.0,false,8,0,4.091650287684637E-4,0,CONCRETE_CLASS,/data/tika/tika-parsers/tika-parsers-standard/tika-parsers-standard-modules/tika-parser-microsoft-module/src/main/java/org/apache/tika/parser/microsoft/msg/MAPITag.java,tika-parsers/tika-parsers-standard/tika-parsers-standard-modules/tika-parser-microsoft-module/src/main/java/org/apache/tika/parser/microsoft/msg/MAPITag.java,org.apache.tika.parser.microsoft.msg.MAPITag,MAPITag,21462,unit
tika,697d7c047daf1f661a4ed067bbc8f9c58bb6faa2,1,2026-01-07T07:46:39.000,0.0,false,CONCRETE_CLASS,0,21,0.0,false,344,0,1.8787557434076361E-4,0,CONCRETE_CLASS,/data/tika/tika-parsers/tika-parsers-standard/tika-parsers-standard-package/src/test/java/org/apache/tika/detect/TestContainerAwareDetector.java,tika-parsers/tika-parsers-standard/tika-parsers-standard-package/src/test/java/org/apache/tika/detect/TestContainerAwareDetector.java,org.apache.tika.detect.TestContainerAwareDetector,TestContainerAwareDetector,13274,unit
tika,697d7c047daf1f661a4ed067bbc8f9c58bb6faa2,1,2026-01-07T07:46:39.000,0.0,false,CONCRETE_CLASS,1,2,0.0,false,20,0,2.3083599958431927E-4,0,CONCRETE_CLASS,/data/tika/tika-parsers/tika-parsers-standard/tika-parsers-standard-modules/tika-parser-microsoft-module/src/main/java/org/apache/tika/parser/microsoft/onenote/fsshttpb/streamobj/space/ObjectSpaceObjectStreamOfContextIDs.java,tika-parsers/tika-parsers-standard/tika-parsers-standard-modules/tika-parser-microsoft-module/src/main/java/org/apache/tika/parser/microsoft/onenote/fsshttpb/streamobj/space/ObjectSpaceObjectStreamOfContextIDs.java,org.apache.tika.parser.microsoft.onenote.fsshttpb.streamobj.space.ObjectSpaceObjectStreamOfContextIDs,ObjectSpaceObjectStreamOfContextIDs,29658,unit
tika,697d7c047daf1f661a4ed067bbc8f9c58bb6faa2,1,2026-01-07T07:46:39.000,0.0,false,CONCRETE_CLASS,0,8,0.0,false,253,0,1.8787557434076361E-4,0,CONCRETE_CLASS,/data/tika/tika-pipes/tika-pipes-fork-parser/src/test/java/org/apache/tika/pipes/fork/PipesForkParserTest.java,tika-pipes/tika-pipes-fork-parser/src/test/java/org/apache/tika/pipes/fork/PipesForkParserTest.java,org.apache.tika.pipes.fork.PipesForkParserTest,PipesForkParserTest,25565,unit
tika,697d7c047daf1f661a4ed067bbc8f9c58bb6faa2,1,2026-01-07T07:46:39.000,0.0,false,CONCRETE_CLASS,0,6,0.0,false,42,0,1.8787557434076361E-4,0,CONCRETE_CLASS,/data/tika/tika-example/src/main/java/org/apache/tika/example/MetadataAwareLuceneIndexer.java,tika-example/src/main/java/org/apache/tika/example/MetadataAwareLuceneIndexer.java,org.apache.tika.example.MetadataAwareLuceneIndexer,MetadataAwareLuceneIndexer,17375,unit
tika,697d7c047daf1f661a4ed067bbc8f9c58bb6faa2,1,2026-01-07T07:46:39.000,0.0,false,CONCRETE_CLASS,32,1,0.0,false,29,0,7.858621545479593E-4,0,CONCRETE_CLASS,/data/tika/tika-core/src/main/java/org/apache/tika/config/ConfigDeserializer.java,tika-core/src/main/java/org/apache/tika/config/ConfigDeserializer.java,org.apache.tika.config.ConfigDeserializer,ConfigDeserializer,992,unit
tika,697d7c047daf1f661a4ed067bbc8f9c58bb6faa2,1,2026-01-07T07:46:39.000,0.0,false,CONCRETE_CLASS,0,12,0.0,false,202,0,1.8787557434076361E-4,0,CONCRETE_CLASS,/data/tika/tika-grpc/src/test/java/org/apache/tika/pipes/grpc/TikaGrpcServerTest.java,tika-grpc/src/test/java/org/apache/tika/pipes/grpc/TikaGrpcServerTest.java,org.apache.tika.pipes.grpc.TikaGrpcServerTest,TikaGrpcServerTest,21484,unit
tika,697d7c047daf1f661a4ed067bbc8f9c58bb6faa2,1,2026-01-07T07:46:39.000,0.0,false,CONCRETE_CLASS,0,6,0.0,false,54,0,1.8787557434076361E-4,0,CONCRETE_CLASS,/data/tika/tika-parsers/tika-parsers-standard/tika-parsers-standard-modules/tika-parser-miscoffice-module/src/main/java/org/apache/tika/detect/ole/MiscOLEDetector.java,tika-parsers/tika-parsers-standard/tika-parsers-standard-modules/tika-parser-miscoffice-module/src/main/java/org/apache/tika/detect/ole/MiscOLEDetector.java,org.apache.tika.detect.ole.MiscOLEDetector,MiscOLEDetector,29677,unit
tika,697d7c047daf1f661a4ed067bbc8f9c58bb6faa2,1,2026-01-07T07:46:39.000,0.0,false,CONCRETE_CLASS,2,16,0.0,false,64,0,3.796770081398909E-4,0,CONCRETE_CLASS,/data/tika/tika-example/src/main/java/org/apache/tika/example/ParsingExample.java,tika-example/src/main/java/org/apache/tika/example/ParsingExample.java,org.apache.tika.example.ParsingExample,ParsingExample,17390,unit
tika,697d7c047daf1f661a4ed067bbc8f9c58bb6faa2,1,2026-01-07T07:46:39.000,0.0,false,CONCRETE_CLASS,0,5,0.0,false,34,0,1.8787557434076361E-4,0,CONCRETE_CLASS,/data/tika/tika-parsers/tika-parsers-standard/tika-parsers-standard-modules/tika-parser-zip-commons/src/main/java/org/apache/tika/detect/zip/KMZDetector.java,tika-parsers/tika-parsers-standard/tika-parsers-standard-modules/tika-parser-zip-commons/src/main/java/org/apache/tika/detect/zip/KMZDetector.java,org.apache.tika.detect.zip.KMZDetector,KMZDetector,1008,unit
tika,697d7c047daf1f661a4ed067bbc8f9c58bb6faa2,1,2026-01-07T07:46:39.000,0.0,false,ABSTRACT_CLASS,14,3,0.0,false,51,0,0.0011406186004970342,0,ABSTRACT_CLASS,/data/tika/tika-core/src/main/java/org/apache/tika/language/detect/LanguageDetector.java,tika-core/src/main/java/org/apache/tika/language/detect/LanguageDetector.java,org.apache.tika.language.detect.LanguageDetector,LanguageDetector,5105,unit
tika,697d7c047daf1f661a4ed067bbc8f9c58bb6faa2,1,2026-01-07T07:46:39.000,0.0,false,CONCRETE_CLASS,0,7,0.0,false,25,0,1.8787557434076361E-4,0,CONCRETE_CLASS,/data/tika/tika-parsers/tika-parsers-ml/tika-parser-nlp-module/src/test/java/org/apache/tika/parser/ner/nltk/NLTKNERecogniserTest.java,tika-parsers/tika-parsers-ml/tika-parser-nlp-module/src/test/java/org/apache/tika/parser/ner/nltk/NLTKNERecogniserTest.java,org.apache.tika.parser.ner.nltk.NLTKNERecogniserTest,NLTKNERecogniserTest,25585,unit
tika,697d7c047daf1f661a4ed067bbc8f9c58bb6faa2,1,2026-01-07T07:46:39.000,0.0,false,CONCRETE_CLASS,3,7,0.0,false,59,0,2.4949290607193816E-4,0,CONCRETE_CLASS,/data/tika/tika-parsers/tika-parsers-standard/tika-parsers-standard-modules/tika-parser-apple-module/src/main/java/org/apache/tika/parser/iwork/iwana/IWork18PackageParser.java,tika-parsers/tika-parsers-standard/tika-parsers-standard-modules/tika-parser-apple-module/src/main/java/org/apache/tika/parser/iwork/iwana/IWork18PackageParser.java,org.apache.tika.parser.iwork.iwana.IWork18PackageParser,IWork18PackageParser,13298,unit
tika,697d7c047daf1f661a4ed067bbc8f9c58bb6faa2,1,2026-01-07T07:46:39.000,0.0,false,CONCRETE_CLASS,5,2,0.0,false,478,0,3.650063887987211E-4,0,CONCRETE_CLASS,/data/tika/tika-grpc/target/generated-sources/protobuf/java/org/apache/tika/GetFetcherReply.java,tika-grpc/target/generated-sources/protobuf/java/org/apache/tika/GetFetcherReply.java,org.apache.tika.GetFetcherReply,GetFetcherReply,21492,unit
tika,697d7c047daf1f661a4ed067bbc8f9c58bb6faa2,1,2026-01-07T07:46:39.000,0.0,false,CONCRETE_CLASS,37,1,0.0,false,21,0,0.0023815673715421545,0,CONCRETE_CLASS,/data/tika/tika-core/src/main/java/org/apache/tika/language/detect/LanguageResult.java,tika-core/src/main/java/org/apache/tika/language/detect/LanguageResult.java,org.apache.tika.language.detect.LanguageResult,LanguageResult,5111,unit
tika,697d7c047daf1f661a4ed067bbc8f9c58bb6faa2,1,2026-01-07T07:46:39.000,0.0,false,CONCRETE_CLASS,4,13,0.0,false,154,0,2.694722220926806E-4,0,CONCRETE_CLASS,/data/tika/tika-parsers/tika-parsers-standard/tika-parsers-standard-modules/tika-parser-apple-module/src/main/java/org/apache/tika/parser/iwork/iwana/IWork13PackageParser.java,tika-parsers/tika-parsers-standard/tika-parsers-standard-modules/tika-parser-apple-module/src/main/java/org/apache/tika/parser/iwork/iwana/IWork13PackageParser.java,org.apache.tika.parser.iwork.iwana.IWork13PackageParser,IWork13PackageParser,13306,unit
tika,697d7c047daf1f661a4ed067bbc8f9c58bb6faa2,1,2026-01-07T07:46:39.000,0.0,false,CONCRETE_CLASS,3,2,0.0,false,267,0,2.2186132200553685E-4,0,CONCRETE_CLASS,/data/tika/tika-grpc/target/generated-sources/protobuf/java/org/apache/tika/DeleteFetcherRequest.java,tika-grpc/target/generated-sources/protobuf/java/org/apache/tika/DeleteFetcherRequest.java,org.apache.tika.DeleteFetcherRequest,DeleteFetcherRequest,21500,unit
tika,697d7c047daf1f661a4ed067bbc8f9c58bb6faa2,1,2026-01-07T07:46:39.000,0.0,false,CONCRETE_CLASS,1,1,0.0,false,50,0,2.1070907836446924E-4,0,CONCRETE_CLASS,/data/tika/tika-parsers/tika-parsers-ml/tika-parser-nlp-module/src/main/java/org/apache/tika/parser/ner/nltk/NLTKNERecogniser.java,tika-parsers/tika-parsers-ml/tika-parser-nlp-module/src/main/java/org/apache/tika/parser/ner/nltk/NLTKNERecogniser.java,org.apache.tika.parser.ner.nltk.NLTKNERecogniser,NLTKNERecogniser,25597,unit
tika,697d7c047daf1f661a4ed067bbc8f9c58bb6faa2,1,2026-01-07T07:46:39.000,0.0,false,CONCRETE_CLASS,0,8,0.0,false,63,0,1.8787557434076361E-4,0,CONCRETE_CLASS,/data/tika/tika-parsers/tika-parsers-standard/tika-parsers-standard-modules/tika-parser-zip-commons/src/main/java/org/apache/tika/detect/zip/StarOfficeDetector.java,tika-parsers/tika-parsers-standard/tika-parsers-standard-modules/tika-parser-zip-commons/src/main/java/org/apache/tika/detect/zip/StarOfficeDetector.java,org.apache.tika.detect.zip.StarOfficeDetector,StarOfficeDetector,1024,unit
tika,697d7c047daf1f661a4ed067bbc8f9c58bb6faa2,1,2026-01-07T07:46:39.000,0.0,false,CONCRETE_CLASS,3,0,0.0,false,7,0,0.0011338013860802759,0,CONCRETE_CLASS,/data/tika/tika-core/src/main/java/org/apache/tika/utils/CompareUtils.java,tika-core/src/main/java/org/apache/tika/utils/CompareUtils.java,org.apache.tika.utils.CompareUtils,CompareUtils,5120,unit
tika,697d7c047daf1f661a4ed067bbc8f9c58bb6faa2,1,2026-01-07T07:46:39.000,0.0,false,CONCRETE_CLASS,1,15,0.0,false,58,0,2.0806576861293334E-4,0,CONCRETE_CLASS,/data/tika/tika-example/src/main/java/org/apache/tika/example/ExtractEmbeddedFiles.java,tika-example/src/main/java/org/apache/tika/example/ExtractEmbeddedFiles.java,org.apache.tika.example.ExtractEmbeddedFiles,ExtractEmbeddedFiles,17409,unit
tika,697d7c047daf1f661a4ed067bbc8f9c58bb6faa2,1,2026-01-07T07:46:39.000,0.0,false,CONCRETE_CLASS,3,2,0.0,false,267,0,2.2186132200553685E-4,0,CONCRETE_CLASS,/data/tika/tika-grpc/target/generated-sources/protobuf/java/org/apache/tika/GetFetcherRequest.java,tika-grpc/target/generated-sources/protobuf/java/org/apache/tika/GetFetcherRequest.java,org.apache.tika.GetFetcherRequest,GetFetcherRequest,21508,unit
tika,697d7c047daf1f661a4ed067bbc8f9c58bb6faa2,1,2026-01-07T07:46:39.000,0.0,false,CONCRETE_CLASS,1,6,0.0,false,29,0,2.145146623684202E-4,0,CONCRETE_CLASS,/data/tika/tika-core/src/main/java/org/apache/tika/detect/NameDetector.java,tika-core/src/main/java/org/apache/tika/detect/NameDetector.java,org.apache.tika.detect.NameDetector,NameDetector,13320,unit
tika,697d7c047daf1f661a4ed067bbc8f9c58bb6faa2,1,2026-01-07T07:46:39.000,0.0,false,CONCRETE_CLASS,2,0,0.0,false,3,0,2.2939601759621944E-4,0,CONCRETE_CLASS,/data/tika/tika-core/src/main/java/org/apache/tika/sax/StoppingEarlyException.java,tika-core/src/main/java/org/apache/tika/sax/StoppingEarlyException.java,org.apache.tika.sax.StoppingEarlyException,StoppingEarlyException,1033,unit
tika,697d7c047daf1f661a4ed067bbc8f9c58bb6faa2,1,2026-01-07T07:46:39.000,0.0,false,CONCRETE_CLASS,5,2,0.0,false,13,0,3.521093219481065E-4,0,CONCRETE_CLASS,/data/tika/tika-core/src/main/java/org/apache/tika/language/detect/LanguageWriter.java,tika-core/src/main/java/org/apache/tika/language/detect/LanguageWriter.java,org.apache.tika.language.detect.LanguageWriter,LanguageWriter,5131,unit
tika,697d7c047daf1f661a4ed067bbc8f9c58bb6faa2,1,2026-01-07T07:46:39.000,0.0,false,CONCRETE_CLASS,0,0,0.0,false,16,0,1.8787557434076361E-4,0,CONCRETE_CLASS,/data/tika/tika-pipes/tika-pipes-plugins/tika-pipes-file-system/src/main/java/org/apache/tika/pipes/plugin/fs/FileSystemPipesPlugin.java,tika-pipes/tika-pipes-plugins/tika-pipes-file-system/src/main/java/org/apache/tika/pipes/plugin/fs/FileSystemPipesPlugin.java,org.apache.tika.pipes.plugin.fs.FileSystemPipesPlugin,FileSystemPipesPlugin,29708,unit
tika,697d7c047daf1f661a4ed067bbc8f9c58bb6faa2,1,2026-01-07T07:46:39.000,0.0,false,CONCRETE_CLASS,3,2,0.0,false,230,0,2.2186132200553685E-4,0,CONCRETE_CLASS,/data/tika/tika-grpc/target/generated-sources/protobuf/java/org/apache/tika/DeleteFetcherReply.java,tika-grpc/target/generated-sources/protobuf/java/org/apache/tika/DeleteFetcherReply.java,org.apache.tika.DeleteFetcherReply,DeleteFetcherReply,21517,unit
tika,697d7c047daf1f661a4ed067bbc8f9c58bb6faa2,1,2026-01-07T07:46:39.000,0.0,false,CONCRETE_CLASS,1,1,0.0,false,6,0,2.677928384237333E-4,0,CONCRETE_CLASS,/data/tika/tika-example/src/main/java/org/apache/tika/example/SimpleTextExtractor.java,tika-example/src/main/java/org/apache/tika/example/SimpleTextExtractor.java,org.apache.tika.example.SimpleTextExtractor,SimpleTextExtractor,17422,unit
tika,697d7c047daf1f661a4ed067bbc8f9c58bb6faa2,1,2026-01-07T07:46:39.000,0.0,false,CONCRETE_CLASS,60,3,0.0,false,409,0,0.0017379220915052537,0,CONCRETE_CLASS,/data/tika/tika-core/src/main/java/org/apache/tika/utils/XMLReaderUtils.java,tika-core/src/main/java/org/apache/tika/utils/XMLReaderUtils.java,org.apache.tika.utils.XMLReaderUtils,XMLReaderUtils,1041,unit
tika,697d7c047daf1f661a4ed067bbc8f9c58bb6faa2,1,2026-01-07T07:46:39.000,0.0,false,CONCRETE_CLASS,0,8,0.0,false,150,0,1.8787557434076361E-4,0,CONCRETE_CLASS,/data/tika/tika-parsers/tika-parsers-standard/tika-parsers-standard-modules/tika-parser-text-module/src/test/java/org/apache/tika/parser/csv/TextAndCSVParserTest.java,tika-parsers/tika-parsers-standard/tika-parsers-standard-modules/tika-parser-text-module/src/test/java/org/apache/tika/parser/csv/TextAndCSVParserTest.java,org.apache.tika.parser.csv.TextAndCSVParserTest,TextAndCSVParserTest,9237,unit
tika,697d7c047daf1f661a4ed067bbc8f9c58bb6faa2,1,2026-01-07T07:46:39.000,0.0,false,CONCRETE_CLASS,4,4,0.0,false,10,0,2.628136373721291E-4,0,CONCRETE_CLASS,/data/tika/tika-core/src/main/java/org/apache/tika/language/detect/LanguageHandler.java,tika-core/src/main/java/org/apache/tika/language/detect/LanguageHandler.java,org.apache.tika.language.detect.LanguageHandler,LanguageHandler,5142,unit
tika,697d7c047daf1f661a4ed067bbc8f9c58bb6faa2,1,2026-01-07T07:46:39.000,0.0,false,CONCRETE_CLASS,0,0,0.0,false,16,0,1.8787557434076361E-4,0,CONCRETE_CLASS,/data/tika/tika-pipes/tika-pipes-plugins/tika-pipes-microsoft-graph/src/main/java/org/apache/tika/pipes/plugin/microsoftgraph/MicrosoftGraphPipesPlugin.java,tika-pipes/tika-pipes-plugins/tika-pipes-microsoft-graph/src/main/java/org/apache/tika/pipes/plugin/microsoftgraph/MicrosoftGraphPipesPlugin.java,org.apache.tika.pipes.plugin.microsoftgraph.MicrosoftGraphPipesPlugin,MicrosoftGraphPipesPlugin,25623,unit
tika,697d7c047daf1f661a4ed067bbc8f9c58bb6faa2,1,2026-01-07T07:46:39.000,0.0,false,CONCRETE_CLASS,2,38,0.0,false,282,0,3.950314340598597E-4,0,CONCRETE_CLASS,/data/tika/tika-grpc/src/main/java/org/apache/tika/pipes/grpc/TikaGrpcServerImpl.java,tika-grpc/src/main/java/org/apache/tika/pipes/grpc/TikaGrpcServerImpl.java,org.apache.tika.pipes.grpc.TikaGrpcServerImpl,TikaGrpcServerImpl,21528,unit
tika,697d7c047daf1f661a4ed067bbc8f9c58bb6faa2,1,2026-01-07T07:46:39.000,0.0,false,CONCRETE_CLASS,0,5,0.0,false,49,0,1.8787557434076361E-4,0,CONCRETE_CLASS,/data/tika/tika-example/src/test/java/org/apache/tika/example/TestParsingExample.java,tika-example/src/test/java/org/apache/tika/example/TestParsingExample.java,org.apache.tika.example.TestParsingExample,TestParsingExample,17436,unit
tika,697d7c047daf1f661a4ed067bbc8f9c58bb6faa2,1,2026-01-07T07:46:39.000,0.0,false,CONCRETE_CLASS,0,1,0.0,false,100,0,1.8787557434076361E-4,0,CONCRETE_CLASS,/data/tika/tika-parsers/tika-parsers-standard/tika-parsers-standard-modules/tika-parser-mail-commons/src/test/java/org/apache/tika/parser/mailcommons/MailDateParserTest.java,tika-parsers/tika-parsers-standard/tika-parsers-standard-modules/tika-parser-mail-commons/src/test/java/org/apache/tika/parser/mailcommons/MailDateParserTest.java,org.apache.tika.parser.mailcommons.MailDateParserTest,MailDateParserTest,29725,unit
tika,697d7c047daf1f661a4ed067bbc8f9c58bb6faa2,1,2026-01-07T07:46:39.000,0.0,false,CONCRETE_CLASS,14,5,0.0,false,42,0,0.0014365960188997527,0,CONCRETE_CLASS,/data/tika/tika-core/src/main/java/org/apache/tika/sax/WriteOutContentHandler.java,tika-core/src/main/java/org/apache/tika/sax/WriteOutContentHandler.java,org.apache.tika.sax.WriteOutContentHandler,WriteOutContentHandler,5151,unit
tika,697d7c047daf1f661a4ed067bbc8f9c58bb6faa2,1,2026-01-07T07:46:39.000,0.0,false,CONCRETE_CLASS,0,0,0.0,false,2,0,1.8787557434076361E-4,0,CONCRETE_CLASS,/data/tika/tika-parsers/tika-parsers-standard/tika-parsers-standard-modules/tika-parser-zip-commons/src/main/java/org/apache/tika/detect/zip/DeprecatedZipContainerDetector.java,tika-parsers/tika-parsers-standard/tika-parsers-standard-modules/tika-parser-zip-commons/src/main/java/org/apache/tika/detect/zip/DeprecatedZipContainerDetector.java,org.apache.tika.detect.zip.DeprecatedZipContainerDetector,DeprecatedZipContainerDetector,1057,unit
tika,697d7c047daf1f661a4ed067bbc8f9c58bb6faa2,1,2026-01-07T07:46:39.000,0.0,false,CONCRETE_CLASS,0,8,0.0,false,128,0,1.8787557434076361E-4,0,CONCRETE_CLASS,/data/tika/tika-core/src/test/java/org/apache/tika/detect/MagicDetectorTest.java,tika-core/src/test/java/org/apache/tika/detect/MagicDetectorTest.java,org.apache.tika.detect.MagicDetectorTest,MagicDetectorTest,13345,unit
tika,697d7c047daf1f661a4ed067bbc8f9c58bb6faa2,1,2026-01-07T07:46:39.000,0.0,false,CONCRETE_CLASS,1,1,0.0,false,88,0,2.2783420638224848E-4,0,CONCRETE_CLASS,/data/tika/tika-grpc/src/main/java/org/apache/tika/pipes/grpc/TikaGrpcServer.java,tika-grpc/src/main/java/org/apache/tika/pipes/grpc/TikaGrpcServer.java,org.apache.tika.pipes.grpc.TikaGrpcServer,TikaGrpcServer,21540,unit
tika,697d7c047daf1f661a4ed067bbc8f9c58bb6faa2,1,2026-01-07T07:46:39.000,0.0,false,CONCRETE_CLASS,1,1,0.0,false,32,0,1.9985619762815464E-4,0,CONCRETE_CLASS,/data/tika/tika-parsers/tika-parsers-standard/tika-parsers-standard-modules/tika-parser-text-module/src/main/java/org/apache/tika/parser/csv/TextAndCSVConfig.java,tika-parsers/tika-parsers-standard/tika-parsers-standard-modules/tika-parser-text-module/src/main/java/org/apache/tika/parser/csv/TextAndCSVConfig.java,org.apache.tika.parser.csv.TextAndCSVConfig,TextAndCSVConfig,9256,unit
tika,697d7c047daf1f661a4ed067bbc8f9c58bb6faa2,1,2026-01-07T07:46:39.000,0.0,false,CONCRETE_CLASS,1,6,0.0,false,115,0,2.0385902715735755E-4,0,CONCRETE_CLASS,/data/tika/tika-parsers/tika-parsers-standard/tika-parsers-standard-modules/tika-parser-zip-commons/src/main/java/org/apache/tika/detect/zip/DeprecatedStreamingZipContainerDetector.java,tika-parsers/tika-parsers-standard/tika-parsers-standard-modules/tika-parser-zip-commons/src/main/java/org/apache/tika/detect/zip/DeprecatedStreamingZipContainerDetector.java,org.apache.tika.detect.zip.DeprecatedStreamingZipContainerDetector,DeprecatedStreamingZipContainerDetector,1066,unit
tika,697d7c047daf1f661a4ed067bbc8f9c58bb6faa2,1,2026-01-07T07:46:39.000,0.0,false,CONCRETE_CLASS,2,0,0.0,false,14,0,4.6254250116978767E-4,0,CONCRETE_CLASS,/data/tika/tika-core/src/main/java/org/apache/tika/language/detect/LanguageNames.java,tika-core/src/main/java/org/apache/tika/language/detect/LanguageNames.java,org.apache.tika.language.detect.LanguageNames,LanguageNames,5164,unit
tika,697d7c047daf1f661a4ed067bbc8f9c58bb6faa2,1,2026-01-07T07:46:39.000,0.0,false,CONCRETE_CLASS,2,0,0.0,false,5,0,2.312343851361813E-4,0,CONCRETE_CLASS,/data/tika/tika-example/src/main/java/org/apache/tika/example/Pharmacy.java,tika-example/src/main/java/org/apache/tika/example/Pharmacy.java,org.apache.tika.example.Pharmacy,Pharmacy,17452,unit
tika,697d7c047daf1f661a4ed067bbc8f9c58bb6faa2,1,2026-01-07T07:46:39.000,0.0,false,CONCRETE_CLASS,0,0,0.0,false,40,0,1.8787557434076361E-4,0,CONCRETE_CLASS,/data/tika/tika-eval/tika-eval-core/src/main/java/org/apache/tika/eval/core/tokens/CJKBigramAwareLengthFilterFactory.java,tika-eval/tika-eval-core/src/main/java/org/apache/tika/eval/core/tokens/CJKBigramAwareLengthFilterFactory.java,org.apache.tika.eval.core.tokens.CJKBigramAwareLengthFilterFactory,CJKBigramAwareLengthFilterFactory,25644,unit
tika,697d7c047daf1f661a4ed067bbc8f9c58bb6faa2,1,2026-01-07T07:46:39.000,0.0,false,CONCRETE_CLASS,0,3,0.0,false,21,0,1.8787557434076361E-4,0,CONCRETE_CLASS,/data/tika/tika-parsers/tika-parsers-standard/tika-parsers-standard-modules/tika-parser-mail-commons/src/test/java/org/apache/tika/parser/mailcommons/MailUtilTest.java,tika-parsers/tika-parsers-standard/tika-parsers-standard-modules/tika-parser-mail-commons/src/test/java/org/apache/tika/parser/mailcommons/MailUtilTest.java,org.apache.tika.parser.mailcommons.MailUtilTest,MailUtilTest,29740,unit
tika,697d7c047daf1f661a4ed067bbc8f9c58bb6faa2,1,2026-01-07T07:46:39.000,0.0,false,CONCRETE_CLASS,0,4,0.0,false,143,0,1.8787557434076361E-4,0,CONCRETE_CLASS,/data/tika/tika-grpc/src/test/java/org/apache/tika/pipes/grpc/PipesBiDirectionalStreamingIntegrationTest.java,tika-grpc/src/test/java/org/apache/tika/pipes/grpc/PipesBiDirectionalStreamingIntegrationTest.java,org.apache.tika.pipes.grpc.PipesBiDirectionalStreamingIntegrationTest,PipesBiDirectionalStreamingIntegrationTest,21550,unit
tika,697d7c047daf1f661a4ed067bbc8f9c58bb6faa2,1,2026-01-07T07:46:39.000,0.0,false,CONCRETE_CLASS,2,4,0.0,false,153,0,2.398148296696395E-4,0,CONCRETE_CLASS,/data/tika/tika-parsers/tika-parsers-standard/tika-parsers-standard-modules/tika-parser-text-module/src/main/java/org/apache/tika/parser/csv/CSVSniffer.java,tika-parsers/tika-parsers-standard/tika-parsers-standard-modules/tika-parser-text-module/src/main/java/org/apache/tika/parser/csv/CSVSniffer.java,org.apache.tika.parser.csv.CSVSniffer,CSVSniffer,9266,unit
tika,697d7c047daf1f661a4ed067bbc8f9c58bb6faa2,1,2026-01-07T07:46:39.000,0.0,false,ENUM,7,0,0.0,false,1,0,0.0025866358070879064,0,ENUM,/data/tika/tika-core/src/main/java/org/apache/tika/language/detect/LanguageConfidence.java,tika-core/src/main/java/org/apache/tika/language/detect/LanguageConfidence.java,org.apache.tika.language.detect.LanguageConfidence,LanguageConfidence,5173,unit
tika,697d7c047daf1f661a4ed067bbc8f9c58bb6faa2,1,2026-01-07T07:46:39.000,0.0,false,ABSTRACT_CLASS,1,1,0.0,false,29,0,2.167814482043754E-4,0,ABSTRACT_CLASS,/data/tika/tika-parsers/tika-parsers-standard/tika-parsers-standard-modules/tika-parser-zip-commons/src/main/java/org/apache/tika/detect/zip/ZipContainerDetectorBase.java,tika-parsers/tika-parsers-standard/tika-parsers-standard-modules/tika-parser-zip-commons/src/main/java/org/apache/tika/detect/zip/ZipContainerDetectorBase.java,org.apache.tika.detect.zip.ZipContainerDetectorBase,ZipContainerDetectorBase,1077,unit
tika,697d7c047daf1f661a4ed067bbc8f9c58bb6faa2,1,2026-01-07T07:46:39.000,0.0,false,CONCRETE_CLASS,0,4,0.0,false,21,0,1.8787557434076361E-4,0,CONCRETE_CLASS,/data/tika/tika-example/src/main/java/org/apache/tika/example/TranscribeTranslateExample.java,tika-example/src/main/java/org/apache/tika/example/TranscribeTranslateExample.java,org.apache.tika.example.TranscribeTranslateExample,TranscribeTranslateExample,17461,unit
tika,697d7c047daf1f661a4ed067bbc8f9c58bb6faa2,1,2026-01-07T07:46:39.000,0.0,false,CONCRETE_CLASS,1,0,0.0,false,102,0,5.377129083019486E-4,0,CONCRETE_CLASS,/data/tika/tika-eval/tika-eval-core/src/main/java/org/apache/tika/eval/core/tokens/AnalyzerDeserializer.java,tika-eval/tika-eval-core/src/main/java/org/apache/tika/eval/core/tokens/AnalyzerDeserializer.java,org.apache.tika.eval.core.tokens.AnalyzerDeserializer,AnalyzerDeserializer,25657,unit
tika,697d7c047daf1f661a4ed067bbc8f9c58bb6faa2,1,2026-01-07T07:46:39.000,0.0,false,CONCRETE_CLASS,3,1,0.0,false,26,0,2.908227974086821E-4,0,CONCRETE_CLASS,/data/tika/tika-parsers/tika-parsers-standard/tika-parsers-standard-modules/tika-parser-text-module/src/main/java/org/apache/tika/parser/csv/CSVResult.java,tika-parsers/tika-parsers-standard/tika-parsers-standard-modules/tika-parser-text-module/src/main/java/org/apache/tika/parser/csv/CSVResult.java,org.apache.tika.parser.csv.CSVResult,CSVResult,9274,unit
tika,697d7c047daf1f661a4ed067bbc8f9c58bb6faa2,1,2026-01-07T07:46:39.000,0.0,false,CONCRETE_CLASS,2,2,0.0,false,267,0,2.0854177799170857E-4,0,CONCRETE_CLASS,/data/tika/tika-grpc/target/generated-sources/protobuf/java/org/apache/tika/GetFetcherConfigJsonSchemaRequest.java,tika-grpc/target/generated-sources/protobuf/java/org/apache/tika/GetFetcherConfigJsonSchemaRequest.java,org.apache.tika.GetFetcherConfigJsonSchemaRequest,GetFetcherConfigJsonSchemaRequest,21568,unit
tika,697d7c047daf1f661a4ed067bbc8f9c58bb6faa2,1,2026-01-07T07:46:39.000,0.0,false,CONCRETE_CLASS,0,6,0.0,false,16,0,1.8787557434076361E-4,0,CONCRETE_CLASS,/data/tika/tika-example/src/main/java/org/apache/tika/example/DisplayMetInstance.java,tika-example/src/main/java/org/apache/tika/example/DisplayMetInstance.java,org.apache.tika.example.DisplayMetInstance,DisplayMetInstance,17474,unit
tika,697d7c047daf1f661a4ed067bbc8f9c58bb6faa2,1,2026-01-07T07:46:39.000,0.0,false,CONCRETE_CLASS,0,1,0.0,false,7,0,1.8787557434076361E-4,0,CONCRETE_CLASS,/data/tika/tika-core/src/test/java/org/apache/tika/language/detect/LanguageNamesTest.java,tika-core/src/test/java/org/apache/tika/language/detect/LanguageNamesTest.java,org.apache.tika.language.detect.LanguageNamesTest,LanguageNamesTest,5186,unit
tika,697d7c047daf1f661a4ed067bbc8f9c58bb6faa2,1,2026-01-07T07:46:39.000,0.0,false,CONCRETE_CLASS,0,3,0.0,false,11,0,1.8787557434076361E-4,0,CONCRETE_CLASS,/data/tika/tika-parsers/tika-parsers-standard/tika-parsers-standard-modules/tika-parser-zip-commons/src/test/java/org/apache/tika/detect/zip/FrictionlessDataDetectionTest.java,tika-parsers/tika-parsers-standard/tika-parsers-standard-modules/tika-parser-zip-commons/src/test/java/org/apache/tika/detect/zip/FrictionlessDataDetectionTest.java,org.apache.tika.detect.zip.FrictionlessDataDetectionTest,FrictionlessDataDetectionTest,1092,unit
tika,697d7c047daf1f661a4ed067bbc8f9c58bb6faa2,1,2026-01-07T07:46:39.000,0.0,false,CONCRETE_CLASS,0,3,0.0,false,51,0,1.8787557434076361E-4,0,CONCRETE_CLASS,/data/tika/tika-serialization/src/test/java/org/apache/tika/config/loader/ComponentRegistryTest.java,tika-serialization/src/test/java/org/apache/tika/config/loader/ComponentRegistryTest.java,org.apache.tika.config.loader.ComponentRegistryTest,ComponentRegistryTest,29764,unit
tika,697d7c047daf1f661a4ed067bbc8f9c58bb6faa2,1,2026-01-07T07:46:39.000,0.0,false,CONCRETE_CLASS,3,1,0.0,false,52,0,3.57058416852427E-4,0,CONCRETE_CLASS,/data/tika/tika-eval/tika-eval-core/src/main/java/org/apache/tika/eval/core/tokens/TokenStatistics.java,tika-eval/tika-eval-core/src/main/java/org/apache/tika/eval/core/tokens/TokenStatistics.java,org.apache.tika.eval.core.tokens.TokenStatistics,TokenStatistics,25672,unit
tika,697d7c047daf1f661a4ed067bbc8f9c58bb6faa2,1,2026-01-07T07:46:39.000,0.0,false,CONCRETE_CLASS,2,2,0.0,false,257,0,2.0854177799170857E-4,0,CONCRETE_CLASS,/data/tika/tika-grpc/target/generated-sources/protobuf/java/org/apache/tika/ListFetchersRequest.java,tika-grpc/target/generated-sources/protobuf/java/org/apache/tika/ListFetchersRequest.java,org.apache.tika.ListFetchersRequest,ListFetchersRequest,21577,unit
tika,697d7c047daf1f661a4ed067bbc8f9c58bb6faa2,1,2026-01-07T07:46:39.000,0.0,false,CONCRETE_CLASS,0,6,0.0,false,36,0,1.8787557434076361E-4,0,CONCRETE_CLASS,/data/tika/tika-core/src/test/java/org/apache/tika/detect/NameDetectorTest.java,tika-core/src/test/java/org/apache/tika/detect/NameDetectorTest.java,org.apache.tika.detect.NameDetectorTest,NameDetectorTest,13386,unit
tika,697d7c047daf1f661a4ed067bbc8f9c58bb6faa2,1,2026-01-07T07:46:39.000,0.0,false,INTERFACE,15,0,0.0,false,9,0,0.005306065241979879,0,INTERFACE,/data/tika/tika-core/src/main/java/org/apache/tika/metadata/HttpHeaders.java,tika-core/src/main/java/org/apache/tika/metadata/HttpHeaders.java,org.apache.tika.metadata.HttpHeaders,HttpHeaders,1100,unit
tika,697d7c047daf1f661a4ed067bbc8f9c58bb6faa2,1,2026-01-07T07:46:39.000,0.0,false,ABSTRACT_CLASS,2,5,0.0,false,35,0,2.382292378187197E-4,0,ABSTRACT_CLASS,/data/tika/tika-pipes/tika-pipes-reporter-commons/src/main/java/org/apache/tika/pipes/reporters/PipesReporterBase.java,tika-pipes/tika-pipes-reporter-commons/src/main/java/org/apache/tika/pipes/reporters/PipesReporterBase.java,org.apache.tika.pipes.reporters.PipesReporterBase,PipesReporterBase,5199,unit
tika,697d7c047daf1f661a4ed067bbc8f9c58bb6faa2,1,2026-01-07T07:46:39.000,0.0,false,CONCRETE_CLASS,1,7,0.0,false,21,0,2.426984582803236E-4,0,CONCRETE_CLASS,/data/tika/tika-serialization/src/main/java/org/apache/tika/config/loader/EncodingDetectorLoader.java,tika-serialization/src/main/java/org/apache/tika/config/loader/EncodingDetectorLoader.java,org.apache.tika.config.loader.EncodingDetectorLoader,EncodingDetectorLoader,29776,unit
tika,697d7c047daf1f661a4ed067bbc8f9c58bb6faa2,1,2026-01-07T07:46:39.000,0.0,false,CONCRETE_CLASS,1,1,0.0,false,19,0,1.9985619762815464E-4,0,CONCRETE_CLASS,/data/tika/tika-parsers/tika-parsers-standard/tika-parsers-standard-modules/tika-parser-text-module/src/main/java/org/apache/tika/parser/csv/CSVParams.java,tika-parsers/tika-parsers-standard/tika-parsers-standard-modules/tika-parser-text-module/src/main/java/org/apache/tika/parser/csv/CSVParams.java,org.apache.tika.parser.csv.CSVParams,CSVParams,9297,unit
tika,697d7c047daf1f661a4ed067bbc8f9c58bb6faa2,1,2026-01-07T07:46:39.000,0.0,false,CONCRETE_CLASS,0,5,0.0,false,13,0,1.8787557434076361E-4,0,CONCRETE_CLASS,/data/tika/tika-example/src/main/java/org/apache/tika/example/SpringExample.java,tika-example/src/main/java/org/apache/tika/example/SpringExample.java,org.apache.tika.example.SpringExample,SpringExample,17489,unit
tika,697d7c047daf1f661a4ed067bbc8f9c58bb6faa2,1,2026-01-07T07:46:39.000,0.0,false,CONCRETE_CLASS,1,3,0.0,false,68,0,2.2783420638224848E-4,0,CONCRETE_CLASS,/data/tika/tika-eval/tika-eval-core/src/main/java/org/apache/tika/eval/core/tokens/TokenCounter.java,tika-eval/tika-eval-core/src/main/java/org/apache/tika/eval/core/tokens/TokenCounter.java,org.apache.tika.eval.core.tokens.TokenCounter,TokenCounter,25682,unit
tika,697d7c047daf1f661a4ed067bbc8f9c58bb6faa2,1,2026-01-07T07:46:39.000,0.0,false,CONCRETE_CLASS,2,2,0.0,false,399,0,2.0854177799170857E-4,0,CONCRETE_CLASS,/data/tika/tika-grpc/target/generated-sources/protobuf/java/org/apache/tika/GetPipesIteratorReply.java,tika-grpc/target/generated-sources/protobuf/java/org/apache/tika/GetPipesIteratorReply.java,org.apache.tika.GetPipesIteratorReply,GetPipesIteratorReply,21587,unit
tika,697d7c047daf1f661a4ed067bbc8f9c58bb6faa2,1,2026-01-07T07:46:39.000,0.0,false,CONCRETE_CLASS,28,1,0.0,false,48,0,0.0011659297740937039,0,CONCRETE_CLASS,/data/tika/tika-pipes/tika-pipes-api/src/main/java/org/apache/tika/pipes/api/PipesResult.java,tika-pipes/tika-pipes-api/src/main/java/org/apache/tika/pipes/api/PipesResult.java,org.apache.tika.pipes.api.PipesResult,PipesResult,5205,unit
tika,697d7c047daf1f661a4ed067bbc8f9c58bb6faa2,1,2026-01-07T07:46:39.000,0.0,false,ABSTRACT_CLASS,3,5,0.0,false,88,0,2.569539192417207E-4,0,ABSTRACT_CLASS,/data/tika/tika-serialization/src/main/java/org/apache/tika/config/loader/AbstractSpiComponentLoader.java,tika-serialization/src/main/java/org/apache/tika/config/loader/AbstractSpiComponentLoader.java,org.apache.tika.config.loader.AbstractSpiComponentLoader,AbstractSpiComponentLoader,29784,unit
tika,697d7c047daf1f661a4ed067bbc8f9c58bb6faa2,1,2026-01-07T07:46:39.000,0.0,false,CONCRETE_CLASS,0,8,0.0,false,53,0,1.8787557434076361E-4,0,CONCRETE_CLASS,/data/tika/tika-parsers/tika-parsers-standard/tika-parsers-standard-modules/tika-parser-zip-commons/src/test/java/org/apache/tika/detect/zip/ZipDetectionTest.java,tika-parsers/tika-parsers-standard/tika-parsers-standard-modules/tika-parser-zip-commons/src/test/java/org/apache/tika/detect/zip/ZipDetectionTest.java,org.apache.tika.detect.zip.ZipDetectionTest,ZipDetectionTest,1113,unit
tika,697d7c047daf1f661a4ed067bbc8f9c58bb6faa2,1,2026-01-07T07:46:39.000,0.0,false,CONCRETE_CLASS,2,2,0.0,false,267,0,2.0854177799170857E-4,0,CONCRETE_CLASS,/data/tika/tika-grpc/target/generated-sources/protobuf/java/org/apache/tika/SavePipesIteratorReply.java,tika-grpc/target/generated-sources/protobuf/java/org/apache/tika/SavePipesIteratorReply.java,org.apache.tika.SavePipesIteratorReply,SavePipesIteratorReply,21595,unit
tika,697d7c047daf1f661a4ed067bbc8f9c58bb6faa2,1,2026-01-07T07:46:39.000,0.0,false,INTERFACE,10,4,0.0,false,11,0,5.730240361189017E-4,0,INTERFACE,/data/tika/tika-pipes/tika-pipes-api/src/main/java/org/apache/tika/pipes/api/reporter/PipesReporter.java,tika-pipes/tika-pipes-api/src/main/java/org/apache/tika/pipes/api/reporter/PipesReporter.java,org.apache.tika.pipes.api.reporter.PipesReporter,PipesReporter,5213,unit
tika,697d7c047daf1f661a4ed067bbc8f9c58bb6faa2,1,2026-01-07T07:46:39.000,0.0,false,ABSTRACT_CLASS,10,4,0.0,false,11,0,3.5143923998955535E-4,0,ABSTRACT_CLASS,/data/tika/tika-core/src/main/java/org/apache/tika/parser/AbstractEncodingDetectorParser.java,tika-core/src/main/java/org/apache/tika/parser/AbstractEncodingDetectorParser.java,org.apache.tika.parser.AbstractEncodingDetectorParser,AbstractEncodingDetectorParser,9309,unit
tika,697d7c047daf1f661a4ed067bbc8f9c58bb6faa2,1,2026-01-07T07:46:39.000,0.0,false,CONCRETE_CLASS,0,5,0.0,false,14,0,1.8787557434076361E-4,0,CONCRETE_CLASS,/data/tika/tika-example/src/main/java/org/apache/tika/example/CustomMimeInfo.java,tika-example/src/main/java/org/apache/tika/example/CustomMimeInfo.java,org.apache.tika.example.CustomMimeInfo,CustomMimeInfo,17503,unit
tika,697d7c047daf1f661a4ed067bbc8f9c58bb6faa2,1,2026-01-07T07:46:39.000,0.0,false,CONCRETE_CLASS,6,4,0.0,false,21,0,4.83498027633954E-4,0,CONCRETE_CLASS,/data/tika/tika-serialization/src/main/java/org/apache/tika/config/loader/LoaderContext.java,tika-serialization/src/main/java/org/apache/tika/config/loader/LoaderContext.java,org.apache.tika.config.loader.LoaderContext,LoaderContext,29795,unit
tika,697d7c047daf1f661a4ed067bbc8f9c58bb6faa2,1,2026-01-07T07:46:39.000,0.0,false,CONCRETE_CLASS,1,8,0.0,false,24,0,2.198424799739515E-4,0,CONCRETE_CLASS,/data/tika/tika-example/src/main/java/org/apache/tika/example/EncryptedPrescriptionDetector.java,tika-example/src/main/java/org/apache/tika/example/EncryptedPrescriptionDetector.java,org.apache.tika.example.EncryptedPrescriptionDetector,EncryptedPrescriptionDetector,17509,unit
tika,697d7c047daf1f661a4ed067bbc8f9c58bb6faa2,1,2026-01-07T07:46:39.000,0.0,false,CONCRETE_CLASS,2,4,0.0,false,345,0,2.0854177799170857E-4,0,CONCRETE_CLASS,/data/tika/tika-grpc/target/generated-sources/protobuf/java/org/apache/tika/ListFetchersReply.java,tika-grpc/target/generated-sources/protobuf/java/org/apache/tika/ListFetchersReply.java,org.apache.tika.ListFetchersReply,ListFetchersReply,21606,unit
tika,697d7c047daf1f661a4ed067bbc8f9c58bb6faa2,1,2026-01-07T07:46:39.000,0.0,false,CONCRETE_CLASS,2,1,0.0,false,13,0,2.948473450633721E-4,0,CONCRETE_CLASS,/data/tika/tika-eval/tika-eval-core/src/main/java/org/apache/tika/eval/core/tokens/TokenCountPriorityQueue.java,tika-eval/tika-eval-core/src/main/java/org/apache/tika/eval/core/tokens/TokenCountPriorityQueue.java,org.apache.tika.eval.core.tokens.TokenCountPriorityQueue,TokenCountPriorityQueue,25705,unit
tika,697d7c047daf1f661a4ed067bbc8f9c58bb6faa2,1,2026-01-07T07:46:39.000,0.0,false,CONCRETE_CLASS,0,4,0.0,false,44,0,1.8787557434076361E-4,0,CONCRETE_CLASS,/data/tika/tika-parsers/tika-parsers-standard/tika-parsers-standard-modules/tika-parser-zip-commons/src/main/java/org/apache/tika/detect/zip/IPADetector.java,tika-parsers/tika-parsers-standard/tika-parsers-standard-modules/tika-parser-zip-commons/src/main/java/org/apache/tika/detect/zip/IPADetector.java,org.apache.tika.detect.zip.IPADetector,IPADetector,1132,unit
tika,697d7c047daf1f661a4ed067bbc8f9c58bb6faa2,1,2026-01-07T07:46:39.000,0.0,false,CONCRETE_CLASS,2,2,0.0,false,399,0,2.0854177799170857E-4,0,CONCRETE_CLASS,/data/tika/tika-grpc/target/generated-sources/protobuf/java/org/apache/tika/SavePipesIteratorRequest.java,tika-grpc/target/generated-sources/protobuf/java/org/apache/tika/SavePipesIteratorRequest.java,org.apache.tika.SavePipesIteratorRequest,SavePipesIteratorRequest,21615,unit
tika,697d7c047daf1f661a4ed067bbc8f9c58bb6faa2,1,2026-01-07T07:46:39.000,0.0,false,CONCRETE_CLASS,1,8,0.0,false,25,0,2.426984582803236E-4,0,CONCRETE_CLASS,/data/tika/tika-serialization/src/main/java/org/apache/tika/config/loader/DetectorLoader.java,tika-serialization/src/main/java/org/apache/tika/config/loader/DetectorLoader.java,org.apache.tika.config.loader.DetectorLoader,DetectorLoader,29808,unit
tika,697d7c047daf1f661a4ed067bbc8f9c58bb6faa2,1,2026-01-07T07:46:39.000,0.0,false,CONCRETE_CLASS,0,4,0.0,false,73,0,1.8787557434076361E-4,0,CONCRETE_CLASS,/data/tika/tika-parsers/tika-parsers-standard/tika-parsers-standard-modules/tika-parser-text-module/src/test/java/org/apache/tika/parser/csv/CSVSnifferTest.java,tika-parsers/tika-parsers-standard/tika-parsers-standard-modules/tika-parser-text-module/src/test/java/org/apache/tika/parser/csv/CSVSnifferTest.java,org.apache.tika.parser.csv.CSVSnifferTest,CSVSnifferTest,9332,unit
tika,697d7c047daf1f661a4ed067bbc8f9c58bb6faa2,1,2026-01-07T07:46:39.000,0.0,false,CONCRETE_CLASS,0,1,0.0,false,21,0,1.8787557434076361E-4,0,CONCRETE_CLASS,/data/tika/tika-example/src/test/java/org/apache/tika/example/ExtractEmbeddedFilesTest.java,tika-example/src/test/java/org/apache/tika/example/ExtractEmbeddedFilesTest.java,org.apache.tika.example.ExtractEmbeddedFilesTest,ExtractEmbeddedFilesTest,17524,unit
tika,697d7c047daf1f661a4ed067bbc8f9c58bb6faa2,1,2026-01-07T07:46:39.000,0.0,false,CONCRETE_CLASS,1,3,0.0,false,97,0,2.2783420638224848E-4,0,CONCRETE_CLASS,/data/tika/tika-eval/tika-eval-core/src/test/java/org/apache/tika/eval/core/tokens/LuceneTokenCounter.java,tika-eval/tika-eval-core/src/test/java/org/apache/tika/eval/core/tokens/LuceneTokenCounter.java,org.apache.tika.eval.core.tokens.LuceneTokenCounter,LuceneTokenCounter,25717,unit
tika,697d7c047daf1f661a4ed067bbc8f9c58bb6faa2,1,2026-01-07T07:46:39.000,0.0,false,CONCRETE_CLASS,1,2,0.0,false,30,0,2.0149419675695703E-4,0,CONCRETE_CLASS,/data/tika/tika-core/src/main/java/org/apache/tika/parser/external2/ExternalParserConfig.java,tika-core/src/main/java/org/apache/tika/parser/external2/ExternalParserConfig.java,org.apache.tika.parser.external2.ExternalParserConfig,ExternalParserConfig,5238,unit
tika,697d7c047daf1f661a4ed067bbc8f9c58bb6faa2,1,2026-01-07T07:46:39.000,0.0,false,CONCRETE_CLASS,0,4,0.0,false,49,0,1.8787557434076361E-4,0,CONCRETE_CLASS,/data/tika/tika-parsers/tika-parsers-standard/tika-parsers-standard-modules/tika-parser-zip-commons/src/main/java/org/apache/tika/detect/zip/FrictionlessPackageDetector.java,tika-parsers/tika-parsers-standard/tika-parsers-standard-modules/tika-parser-zip-commons/src/main/java/org/apache/tika/detect/zip/FrictionlessPackageDetector.java,org.apache.tika.detect.zip.FrictionlessPackageDetector,FrictionlessPackageDetector,1147,unit
tika,697d7c047daf1f661a4ed067bbc8f9c58bb6faa2,1,2026-01-07T07:46:39.000,0.0,false,CONCRETE_CLASS,2,2,0.0,false,267,0,2.0854177799170857E-4,0,CONCRETE_CLASS,/data/tika/tika-grpc/target/generated-sources/protobuf/java/org/apache/tika/DeletePipesIteratorRequest.java,tika-grpc/target/generated-sources/protobuf/java/org/apache/tika/DeletePipesIteratorRequest.java,org.apache.tika.DeletePipesIteratorRequest,DeletePipesIteratorRequest,21627,unit
tika,697d7c047daf1f661a4ed067bbc8f9c58bb6faa2,1,2026-01-07T07:46:39.000,0.0,false,CONCRETE_CLASS,2,18,0.0,false,102,0,2.8811803867653807E-4,0,CONCRETE_CLASS,/data/tika/tika-core/src/main/java/org/apache/tika/parser/external2/ExternalParser.java,tika-core/src/main/java/org/apache/tika/parser/external2/ExternalParser.java,org.apache.tika.parser.external2.ExternalParser,ExternalParser,5245,unit
tika,697d7c047daf1f661a4ed067bbc8f9c58bb6faa2,1,2026-01-07T07:46:39.000,0.0,false,CONCRETE_CLASS,0,7,0.0,false,44,0,1.8787557434076361E-4,0,CONCRETE_CLASS,/data/tika/tika-example/src/main/java/org/apache/tika/example/GrabPhoneNumbersExample.java,tika-example/src/main/java/org/apache/tika/example/GrabPhoneNumbersExample.java,org.apache.tika.example.GrabPhoneNumbersExample,GrabPhoneNumbersExample,17534,unit
tika,697d7c047daf1f661a4ed067bbc8f9c58bb6faa2,1,2026-01-07T07:46:39.000,0.0,false,CONCRETE_CLASS,2,2,0.0,false,267,0,2.0854177799170857E-4,0,CONCRETE_CLASS,/data/tika/tika-grpc/target/generated-sources/protobuf/java/org/apache/tika/GetPipesIteratorRequest.java,tika-grpc/target/generated-sources/protobuf/java/org/apache/tika/GetPipesIteratorRequest.java,org.apache.tika.GetPipesIteratorRequest,GetPipesIteratorRequest,21635,unit
tika,697d7c047daf1f661a4ed067bbc8f9c58bb6faa2,1,2026-01-07T07:46:39.000,0.0,false,CONCRETE_CLASS,0,4,0.0,false,73,0,1.8787557434076361E-4,0,CONCRETE_CLASS,/data/tika/tika-eval/tika-eval-core/src/test/java/org/apache/tika/eval/core/tokens/TokenCounterTest.java,tika-eval/tika-eval-core/src/test/java/org/apache/tika/eval/core/tokens/TokenCounterTest.java,org.apache.tika.eval.core.tokens.TokenCounterTest,TokenCounterTest,25733,unit
tika,697d7c047daf1f661a4ed067bbc8f9c58bb6faa2,1,2026-01-07T07:46:39.000,0.0,false,CONCRETE_CLASS,18,4,0.0,false,99,0,6.876572056502046E-4,0,CONCRETE_CLASS,/data/tika/tika-core/src/main/java/org/apache/tika/utils/ProcessUtils.java,tika-core/src/main/java/org/apache/tika/utils/ProcessUtils.java,org.apache.tika.utils.ProcessUtils,ProcessUtils,5257,unit
tika,697d7c047daf1f661a4ed067bbc8f9c58bb6faa2,1,2026-01-07T07:46:39.000,0.0,false,CONCRETE_CLASS,1,8,0.0,false,27,0,1.9548674234866548E-4,0,CONCRETE_CLASS,/data/tika/tika-parsers/tika-parsers-standard/tika-parsers-standard-modules/tika-parser-zip-commons/src/main/java/org/apache/tika/detect/zip/StreamingZipContainerDetector.java,tika-parsers/tika-parsers-standard/tika-parsers-standard-modules/tika-parser-zip-commons/src/main/java/org/apache/tika/detect/zip/StreamingZipContainerDetector.java,org.apache.tika.detect.zip.StreamingZipContainerDetector,StreamingZipContainerDetector,1162,unit
tika,697d7c047daf1f661a4ed067bbc8f9c58bb6faa2,1,2026-01-07T07:46:39.000,0.0,false,CONCRETE_CLASS,0,0,0.0,false,16,0,1.8787557434076361E-4,0,CONCRETE_CLASS,/data/tika/tika-pipes/tika-pipes-plugins/tika-pipes-jdbc/src/main/java/org/apache/tika/pipes/plugin/jdbc/JDBCPipesPlugin.java,tika-pipes/tika-pipes-plugins/tika-pipes-jdbc/src/main/java/org/apache/tika/pipes/plugin/jdbc/JDBCPipesPlugin.java,org.apache.tika.pipes.plugin.jdbc.JDBCPipesPlugin,JDBCPipesPlugin,9354,unit
tika,697d7c047daf1f661a4ed067bbc8f9c58bb6faa2,1,2026-01-07T07:46:39.000,0.0,false,CONCRETE_CLASS,0,9,0.0,false,25,0,1.8787557434076361E-4,0,CONCRETE_CLASS,/data/tika/tika-example/src/main/java/org/apache/tika/example/Language.java,tika-example/src/main/java/org/apache/tika/example/Language.java,org.apache.tika.example.Language,Language,17550,unit
tika,697d7c047daf1f661a4ed067bbc8f9c58bb6faa2,1,2026-01-07T07:46:39.000,0.0,false,INTERFACE,6,2,0.0,false,23,0,2.777995104339863E-4,0,INTERFACE,/data/tika/tika-core/src/main/java/org/apache/tika/metadata/ExternalProcess.java,tika-core/src/main/java/org/apache/tika/metadata/ExternalProcess.java,org.apache.tika.metadata.ExternalProcess,ExternalProcess,5266,unit
tika,697d7c047daf1f661a4ed067bbc8f9c58bb6faa2,1,2026-01-07T07:46:39.000,0.0,false,CONCRETE_CLASS,2,2,0.0,false,267,0,2.0854177799170857E-4,0,CONCRETE_CLASS,/data/tika/tika-grpc/target/generated-sources/protobuf/java/org/apache/tika/GetFetcherConfigJsonSchemaReply.java,tika-grpc/target/generated-sources/protobuf/java/org/apache/tika/GetFetcherConfigJsonSchemaReply.java,org.apache.tika.GetFetcherConfigJsonSchemaReply,GetFetcherConfigJsonSchemaReply,21651,unit
tika,697d7c047daf1f661a4ed067bbc8f9c58bb6faa2,1,2026-01-07T07:46:39.000,0.0,false,CONCRETE_CLASS,0,5,0.0,false,13,0,1.8787557434076361E-4,0,CONCRETE_CLASS,/data/tika/tika-pipes/tika-pipes-plugins/tika-pipes-az-blob/src/main/java/org/apache/tika/pipes/fetcher/azblob/AZBlobFetcherFactory.java,tika-pipes/tika-pipes-plugins/tika-pipes-az-blob/src/main/java/org/apache/tika/pipes/fetcher/azblob/AZBlobFetcherFactory.java,org.apache.tika.pipes.fetcher.azblob.AZBlobFetcherFactory,AZBlobFetcherFactory,9370,unit
tika,697d7c047daf1f661a4ed067bbc8f9c58bb6faa2,1,2026-01-07T07:46:39.000,0.0,false,CONCRETE_CLASS,2,2,0.0,false,267,0,2.0854177799170857E-4,0,CONCRETE_CLASS,/data/tika/tika-grpc/target/generated-sources/protobuf/java/org/apache/tika/DeletePipesIteratorReply.java,tika-grpc/target/generated-sources/protobuf/java/org/apache/tika/DeletePipesIteratorReply.java,org.apache.tika.DeletePipesIteratorReply,DeletePipesIteratorReply,21660,unit
tika,697d7c047daf1f661a4ed067bbc8f9c58bb6faa2,1,2026-01-07T07:46:39.000,0.0,false,CONCRETE_CLASS,1,15,0.0,false,59,0,2.426984582803236E-4,0,CONCRETE_CLASS,/data/tika/tika-serialization/src/main/java/org/apache/tika/config/loader/ParserLoader.java,tika-serialization/src/main/java/org/apache/tika/config/loader/ParserLoader.java,org.apache.tika.config.loader.ParserLoader,ParserLoader,29852,unit
tika,697d7c047daf1f661a4ed067bbc8f9c58bb6faa2,1,2026-01-07T07:46:39.000,0.0,false,CONCRETE_CLASS,2,2,0.0,false,71,0,2.4062425310699618E-4,0,CONCRETE_CLASS,/data/tika/tika-parsers/tika-parsers-ml/tika-parser-nlp-module/src/main/java/org/apache/tika/parser/ctakes/CTAKESConfig.java,tika-parsers/tika-parsers-ml/tika-parser-nlp-module/src/main/java/org/apache/tika/parser/ctakes/CTAKESConfig.java,org.apache.tika.parser.ctakes.CTAKESConfig,CTAKESConfig,25759,unit
tika,697d7c047daf1f661a4ed067bbc8f9c58bb6faa2,1,2026-01-07T07:46:39.000,0.0,false,CONCRETE_CLASS,2,12,0.0,false,71,0,2.464815680016081E-4,0,CONCRETE_CLASS,/data/tika/tika-pipes/tika-pipes-plugins/tika-pipes-az-blob/src/main/java/org/apache/tika/pipes/fetcher/azblob/AZBlobFetcher.java,tika-pipes/tika-pipes-plugins/tika-pipes-az-blob/src/main/java/org/apache/tika/pipes/fetcher/azblob/AZBlobFetcher.java,org.apache.tika.pipes.fetcher.azblob.AZBlobFetcher,AZBlobFetcher,9377,unit
tika,697d7c047daf1f661a4ed067bbc8f9c58bb6faa2,1,2026-01-07T07:46:39.000,0.0,false,CONCRETE_CLASS,12,0,0.0,false,39,0,5.327499074057687E-4,0,CONCRETE_CLASS,/data/tika/tika-core/src/main/java/org/apache/tika/utils/FileProcessResult.java,tika-core/src/main/java/org/apache/tika/utils/FileProcessResult.java,org.apache.tika.utils.FileProcessResult,FileProcessResult,5285,unit
tika,697d7c047daf1f661a4ed067bbc8f9c58bb6faa2,1,2026-01-07T07:46:39.000,0.0,false,ENUM,2,0,0.0,false,9,0,3.8503997027611065E-4,0,ENUM,/data/tika/tika-parsers/tika-parsers-ml/tika-parser-nlp-module/src/main/java/org/apache/tika/parser/ctakes/CTAKESSerializer.java,tika-parsers/tika-parsers-ml/tika-parser-nlp-module/src/main/java/org/apache/tika/parser/ctakes/CTAKESSerializer.java,org.apache.tika.parser.ctakes.CTAKESSerializer,CTAKESSerializer,25765,unit
tika,697d7c047daf1f661a4ed067bbc8f9c58bb6faa2,1,2026-01-07T07:46:39.000,0.0,false,CONCRETE_CLASS,2,4,0.0,false,74,0,2.9597663433563674E-4,0,CONCRETE_CLASS,/data/tika/tika-serialization/src/main/java/org/apache/tika/config/loader/ConfigLoader.java,tika-serialization/src/main/java/org/apache/tika/config/loader/ConfigLoader.java,org.apache.tika.config.loader.ConfigLoader,ConfigLoader,29861,unit
tika,697d7c047daf1f661a4ed067bbc8f9c58bb6faa2,1,2026-01-07T07:46:39.000,0.0,false,CONCRETE_CLASS,2,0,0.0,false,41,0,3.7108959728137834E-4,0,CONCRETE_CLASS,/data/tika/tika-core/src/main/java/org/apache/tika/io/LookaheadInputStream.java,tika-core/src/main/java/org/apache/tika/io/LookaheadInputStream.java,org.apache.tika.io.LookaheadInputStream,LookaheadInputStream,17575,unit
tika,697d7c047daf1f661a4ed067bbc8f9c58bb6faa2,1,2026-01-07T07:46:39.000,0.0,false,ABSTRACT_CLASS,0,0,0.0,false,591,0,1.8787557434076361E-4,0,ABSTRACT_CLASS,/data/tika/tika-grpc/target/generated-sources/protobuf/grpc-java/org/apache/tika/TikaGrpc.java,tika-grpc/target/generated-sources/protobuf/grpc-java/org/apache/tika/TikaGrpc.java,org.apache.tika.TikaGrpc$TikaImplBase,TikaImplBase,21671,unit
tika,697d7c047daf1f661a4ed067bbc8f9c58bb6faa2,1,2026-01-07T07:46:39.000,0.0,false,CONCRETE_CLASS,1,0,0.0,false,136,0,2.537216772179047E-4,0,CONCRETE_CLASS,/data/tika/tika-langdetect/tika-langdetect-opennlp/src/main/java/org/apache/tika/langdetect/opennlp/ProbingLanguageDetector.java,tika-langdetect/tika-langdetect-opennlp/src/main/java/org/apache/tika/langdetect/opennlp/ProbingLanguageDetector.java,org.apache.tika.langdetect.opennlp.ProbingLanguageDetector,ProbingLanguageDetector,13480,unit
tika,697d7c047daf1f661a4ed067bbc8f9c58bb6faa2,1,2026-01-07T07:46:39.000,0.0,false,ENUM,3,0,0.0,false,8,0,4.2002925702390556E-4,0,ENUM,/data/tika/tika-parsers/tika-parsers-ml/tika-parser-nlp-module/src/main/java/org/apache/tika/parser/ctakes/CTAKESAnnotationProperty.java,tika-parsers/tika-parsers-ml/tika-parser-nlp-module/src/main/java/org/apache/tika/parser/ctakes/CTAKESAnnotationProperty.java,org.apache.tika.parser.ctakes.CTAKESAnnotationProperty,CTAKESAnnotationProperty,25773,unit
tika,697d7c047daf1f661a4ed067bbc8f9c58bb6faa2,1,2026-01-07T07:46:39.000,0.0,false,CONCRETE_CLASS,0,3,0.0,false,42,0,1.8787557434076361E-4,0,CONCRETE_CLASS,/data/tika/tika-langdetect/tika-langdetect-opennlp/src/test/java/org/apache/tika/langdetect/opennlp/OpenNLPDetectorTest.java,tika-langdetect/tika-langdetect-opennlp/src/test/java/org/apache/tika/langdetect/opennlp/OpenNLPDetectorTest.java,org.apache.tika.langdetect.opennlp.OpenNLPDetectorTest,OpenNLPDetectorTest,13489,unit
tika,697d7c047daf1f661a4ed067bbc8f9c58bb6faa2,1,2026-01-07T07:46:39.000,0.0,false,CONCRETE_CLASS,0,11,0.0,false,57,0,1.8787557434076361E-4,0,CONCRETE_CLASS,/data/tika/tika-serialization/src/test/java/org/apache/tika/parser/external2/ExternalParserTest.java,tika-serialization/src/test/java/org/apache/tika/parser/external2/ExternalParserTest.java,org.apache.tika.parser.external2.ExternalParserTest,ExternalParserTest,5300,unit
tika,697d7c047daf1f661a4ed067bbc8f9c58bb6faa2,1,2026-01-07T07:46:39.000,0.0,false,CONCRETE_CLASS,1,1,0.0,false,6,0,2.677928384237333E-4,0,CONCRETE_CLASS,/data/tika/tika-example/src/main/java/org/apache/tika/example/SimpleTypeDetector.java,tika-example/src/main/java/org/apache/tika/example/SimpleTypeDetector.java,org.apache.tika.example.SimpleTypeDetector,SimpleTypeDetector,17588,unit
tika,697d7c047daf1f661a4ed067bbc8f9c58bb6faa2,1,2026-01-07T07:46:39.000,0.0,false,CONCRETE_CLASS,0,9,0.0,false,37,0,1.8787557434076361E-4,0,CONCRETE_CLASS,/data/tika/tika-serialization/src/test/java/org/apache/tika/config/loader/FallbackTestParser.java,tika-serialization/src/test/java/org/apache/tika/config/loader/FallbackTestParser.java,org.apache.tika.config.loader.FallbackTestParser,FallbackTestParser,29877,unit
tika,697d7c047daf1f661a4ed067bbc8f9c58bb6faa2,1,2026-01-07T07:46:39.000,0.0,false,CONCRETE_CLASS,1,1,0.0,false,24,0,2.0535089238717647E-4,0,CONCRETE_CLASS,/data/tika/tika-pipes/tika-pipes-plugins/tika-pipes-az-blob/src/main/java/org/apache/tika/pipes/fetcher/azblob/config/AZBlobFetcherConfig.java,tika-pipes/tika-pipes-plugins/tika-pipes-az-blob/src/main/java/org/apache/tika/pipes/fetcher/azblob/config/AZBlobFetcherConfig.java,org.apache.tika.pipes.fetcher.azblob.config.AZBlobFetcherConfig,AZBlobFetcherConfig,9398,unit
tika,697d7c047daf1f661a4ed067bbc8f9c58bb6faa2,1,2026-01-07T07:46:39.000,0.0,false,CONCRETE_CLASS,1,5,0.0,false,53,0,2.0563496635920132E-4,0,CONCRETE_CLASS,/data/tika/tika-parsers/tika-parsers-ml/tika-parser-nlp-module/src/main/java/org/apache/tika/parser/ctakes/CTAKESContentHandler.java,tika-parsers/tika-parsers-ml/tika-parser-nlp-module/src/main/java/org/apache/tika/parser/ctakes/CTAKESContentHandler.java,org.apache.tika.parser.ctakes.CTAKESContentHandler,CTAKESContentHandler,25787,unit
tika,697d7c047daf1f661a4ed067bbc8f9c58bb6faa2,1,2026-01-07T07:46:39.000,0.0,false,CONCRETE_CLASS,0,4,0.0,false,27,0,1.8787557434076361E-4,0,CONCRETE_CLASS,/data/tika/tika-example/src/main/java/org/apache/tika/example/TrecDocumentGenerator.java,tika-example/src/main/java/org/apache/tika/example/TrecDocumentGenerator.java,org.apache.tika.example.TrecDocumentGenerator,TrecDocumentGenerator,17598,unit
tika,697d7c047daf1f661a4ed067bbc8f9c58bb6faa2,1,2026-01-07T07:46:39.000,0.0,false,CONCRETE_CLASS,2,10,0.0,false,59,0,2.3437289162540054E-4,0,CONCRETE_CLASS,/data/tika/tika-core/src/main/java/org/apache/tika/parser/RegexCaptureParser.java,tika-core/src/main/java/org/apache/tika/parser/RegexCaptureParser.java,org.apache.tika.parser.RegexCaptureParser,RegexCaptureParser,5311,unit
tika,697d7c047daf1f661a4ed067bbc8f9c58bb6faa2,1,2026-01-07T07:46:39.000,0.0,false,CONCRETE_CLASS,1,2,0.0,false,66,0,2.2286486108855845E-4,0,CONCRETE_CLASS,/data/tika/tika-parsers/tika-parsers-ml/tika-parser-nlp-module/src/main/java/org/apache/tika/parser/ctakes/CTAKESUtils.java,tika-parsers/tika-parsers-ml/tika-parser-nlp-module/src/main/java/org/apache/tika/parser/ctakes/CTAKESUtils.java,org.apache.tika.parser.ctakes.CTAKESUtils,CTAKESUtils,25797,unit
tika,697d7c047daf1f661a4ed067bbc8f9c58bb6faa2,1,2026-01-07T07:46:39.000,0.0,false,CONCRETE_CLASS,0,7,0.0,false,21,0,1.8787557434076361E-4,0,CONCRETE_CLASS,/data/tika/tika-serialization/src/test/java/org/apache/tika/config/loader/OptInTestParser.java,tika-serialization/src/test/java/org/apache/tika/config/loader/OptInTestParser.java,org.apache.tika.config.loader.OptInTestParser,OptInTestParser,29897,unit
tika,697d7c047daf1f661a4ed067bbc8f9c58bb6faa2,1,2026-01-07T07:46:39.000,0.0,false,CONCRETE_CLASS,0,6,0.0,false,27,0,1.8787557434076361E-4,0,CONCRETE_CLASS,/data/tika/tika-pipes/tika-pipes-plugins/tika-pipes-az-blob/src/test/java/org/apache/tika/pipes/fetcher/azblob/TestAZBlobFetcher.java,tika-pipes/tika-pipes-plugins/tika-pipes-az-blob/src/test/java/org/apache/tika/pipes/fetcher/azblob/TestAZBlobFetcher.java,org.apache.tika.pipes.fetcher.azblob.TestAZBlobFetcher,TestAZBlobFetcher,9419,unit
tika,697d7c047daf1f661a4ed067bbc8f9c58bb6faa2,1,2026-01-07T07:46:39.000,0.0,false,CONCRETE_CLASS,0,7,0.0,false,47,0,1.8787557434076361E-4,0,CONCRETE_CLASS,/data/tika/tika-example/src/main/java/org/apache/tika/example/StandardsExtractionExample.java,tika-example/src/main/java/org/apache/tika/example/StandardsExtractionExample.java,org.apache.tika.example.StandardsExtractionExample,StandardsExtractionExample,17611,unit
tika,697d7c047daf1f661a4ed067bbc8f9c58bb6faa2,1,2026-01-07T07:46:39.000,0.0,false,CONCRETE_CLASS,0,7,0.0,false,110,0,1.8787557434076361E-4,0,CONCRETE_CLASS,/data/tika/tika-parsers/tika-parsers-extended/tika-parser-scientific-module/src/test/java/org/apache/tika/parser/gdal/TestGDALParser.java,tika-parsers/tika-parsers-extended/tika-parser-scientific-module/src/test/java/org/apache/tika/parser/gdal/TestGDALParser.java,org.apache.tika.parser.gdal.TestGDALParser,TestGDALParser,21711,unit
tika,697d7c047daf1f661a4ed067bbc8f9c58bb6faa2,1,2026-01-07T07:46:39.000,0.0,false,CONCRETE_CLASS,0,9,0.0,false,23,0,1.8787557434076361E-4,0,CONCRETE_CLASS,/data/tika/tika-parsers/tika-parsers-ml/tika-parser-nlp-module/src/main/java/org/apache/tika/parser/ctakes/CTAKESParser.java,tika-parsers/tika-parsers-ml/tika-parser-nlp-module/src/main/java/org/apache/tika/parser/ctakes/CTAKESParser.java,org.apache.tika.parser.ctakes.CTAKESParser,CTAKESParser,25813,unit
tika,697d7c047daf1f661a4ed067bbc8f9c58bb6faa2,1,2026-01-07T07:46:39.000,0.0,false,CONCRETE_CLASS,0,7,0.0,false,144,0,1.8787557434076361E-4,0,CONCRETE_CLASS,/data/tika/tika-parsers/tika-parsers-standard/tika-parsers-standard-modules/tika-parser-ocr-module/src/test/java/org/apache/tika/parser/ocr/TesseractOCRConfigTest.java,tika-parsers/tika-parsers-standard/tika-parsers-standard-modules/tika-parser-ocr-module/src/test/java/org/apache/tika/parser/ocr/TesseractOCRConfigTest.java,org.apache.tika.parser.ocr.TesseractOCRConfigTest,TesseractOCRConfigTest,1239,unit
tika,697d7c047daf1f661a4ed067bbc8f9c58bb6faa2,1,2026-01-07T07:46:39.000,0.0,false,CONCRETE_CLASS,0,1,0.0,false,114,0,1.8787557434076361E-4,0,CONCRETE_CLASS,/data/tika/tika-parsers/tika-parsers-ml/tika-parser-nlp-module/src/main/java/org/apache/tika/parser/ner/grobid/GrobidNERecogniser.java,tika-parsers/tika-parsers-ml/tika-parser-nlp-module/src/main/java/org/apache/tika/parser/ner/grobid/GrobidNERecogniser.java,org.apache.tika.parser.ner.grobid.GrobidNERecogniser,GrobidNERecogniser,5336,unit
tika,697d7c047daf1f661a4ed067bbc8f9c58bb6faa2,1,2026-01-07T07:46:39.000,0.0,false,CONCRETE_CLASS,0,8,0.0,false,25,0,1.8787557434076361E-4,0,CONCRETE_CLASS,/data/tika/tika-example/src/main/java/org/apache/tika/example/EncryptedPrescriptionParser.java,tika-example/src/main/java/org/apache/tika/example/EncryptedPrescriptionParser.java,org.apache.tika.example.EncryptedPrescriptionParser,EncryptedPrescriptionParser,17627,unit
tika,697d7c047daf1f661a4ed067bbc8f9c58bb6faa2,1,2026-01-07T07:46:39.000,0.0,false,CONCRETE_CLASS,0,7,0.0,false,177,0,1.8787557434076361E-4,0,CONCRETE_CLASS,/data/tika/tika-serialization/src/test/java/org/apache/tika/config/loader/TikaLoaderTest.java,tika-serialization/src/test/java/org/apache/tika/config/loader/TikaLoaderTest.java,org.apache.tika.config.loader.TikaLoaderTest,TikaLoaderTest,29915,unit
tika,697d7c047daf1f661a4ed067bbc8f9c58bb6faa2,1,2026-01-07T07:46:39.000,0.0,false,CONCRETE_CLASS,68,33,0.0,false,207,0,0.0021260410348411503,0,CONCRETE_CLASS,/data/tika/tika-serialization/src/main/java/org/apache/tika/config/loader/TikaLoader.java,tika-serialization/src/main/java/org/apache/tika/config/loader/TikaLoader.java,org.apache.tika.config.loader.TikaLoader,TikaLoader,1245,unit
tika,697d7c047daf1f661a4ed067bbc8f9c58bb6faa2,1,2026-01-07T07:46:39.000,0.0,false,INTERFACE,8,0,0.0,false,14,0,0.001409775087987883,0,INTERFACE,/data/tika/tika-parsers/tika-parsers-ml/tika-parser-nlp-module/src/main/java/org/apache/tika/parser/ner/NERecogniser.java,tika-parsers/tika-parsers-ml/tika-parser-nlp-module/src/main/java/org/apache/tika/parser/ner/NERecogniser.java,org.apache.tika.parser.ner.NERecogniser,NERecogniser,5342,unit
tika,697d7c047daf1f661a4ed067bbc8f9c58bb6faa2,1,2026-01-07T07:46:39.000,0.0,false,CONCRETE_CLASS,1,6,0.0,false,17,0,2.0785489036150603E-4,0,CONCRETE_CLASS,/data/tika/tika-example/src/main/java/org/apache/tika/example/PrescriptionParser.java,tika-example/src/main/java/org/apache/tika/example/PrescriptionParser.java,org.apache.tika.example.PrescriptionParser,PrescriptionParser,17633,unit
tika,697d7c047daf1f661a4ed067bbc8f9c58bb6faa2,1,2026-01-07T07:46:39.000,0.0,false,CONCRETE_CLASS,8,26,0.0,false,411,0,3.3063473589483694E-4,0,CONCRETE_CLASS,/data/tika/tika-parsers/tika-parsers-standard/tika-parsers-standard-modules/tika-parser-ocr-module/src/main/java/org/apache/tika/parser/ocr/TesseractOCRParser.java,tika-parsers/tika-parsers-standard/tika-parsers-standard-modules/tika-parser-ocr-module/src/main/java/org/apache/tika/parser/ocr/TesseractOCRParser.java,org.apache.tika.parser.ocr.TesseractOCRParser,TesseractOCRParser,1256,unit
tika,697d7c047daf1f661a4ed067bbc8f9c58bb6faa2,1,2026-01-07T07:46:39.000,0.0,false,CONCRETE_CLASS,1,2,0.0,false,49,0,2.0767882086624297E-4,0,CONCRETE_CLASS,/data/tika/tika-parsers/tika-parsers-standard/tika-parsers-standard-modules/tika-parser-xml-module/src/main/java/org/apache/tika/parser/xliff/XLIFF12ContentHandler.java,tika-parsers/tika-parsers-standard/tika-parsers-standard-modules/tika-parser-xml-module/src/main/java/org/apache/tika/parser/xliff/XLIFF12ContentHandler.java,org.apache.tika.parser.xliff.XLIFF12ContentHandler,XLIFF12ContentHandler,21736,unit
tika,697d7c047daf1f661a4ed067bbc8f9c58bb6faa2,1,2026-01-07T07:46:39.000,0.0,false,CONCRETE_CLASS,0,7,0.0,false,181,0,1.8787557434076361E-4,0,CONCRETE_CLASS,/data/tika/tika-server/tika-server-core/src/test/java/org/apache/tika/server/core/TikaResourceTest.java,tika-server/tika-server-core/src/test/java/org/apache/tika/server/core/TikaResourceTest.java,org.apache.tika.server.core.TikaResourceTest,TikaResourceTest,9451,unit
tika,697d7c047daf1f661a4ed067bbc8f9c58bb6faa2,1,2026-01-07T07:46:39.000,0.0,false,CONCRETE_CLASS,0,2,0.0,false,68,0,1.8787557434076361E-4,0,CONCRETE_CLASS,/data/tika/tika-serialization/src/test/java/org/apache/tika/config/loader/FrameworkConfigTest.java,tika-serialization/src/test/java/org/apache/tika/config/loader/FrameworkConfigTest.java,org.apache.tika.config.loader.FrameworkConfigTest,FrameworkConfigTest,29931,unit
tika,697d7c047daf1f661a4ed067bbc8f9c58bb6faa2,1,2026-01-07T07:46:39.000,0.0,false,CONCRETE_CLASS,0,0,0.0,false,16,0,1.8787557434076361E-4,0,CONCRETE_CLASS,/data/tika/tika-pipes/tika-pipes-plugins/tika-pipes-kafka/src/main/java/org/apache/tika/pipes/plugin/kafka/KafkaPipesPlugin.java,tika-pipes/tika-pipes-plugins/tika-pipes-kafka/src/main/java/org/apache/tika/pipes/plugin/kafka/KafkaPipesPlugin.java,org.apache.tika.pipes.plugin.kafka.KafkaPipesPlugin,KafkaPipesPlugin,13548,unit
tika,697d7c047daf1f661a4ed067bbc8f9c58bb6faa2,1,2026-01-07T07:46:39.000,0.0,false,CONCRETE_CLASS,16,4,0.0,false,44,0,4.735718794578722E-4,0,CONCRETE_CLASS,/data/tika/tika-server/tika-server-core/src/main/java/org/apache/tika/server/core/TikaServerParseExceptionMapper.java,tika-server/tika-server-core/src/main/java/org/apache/tika/server/core/TikaServerParseExceptionMapper.java,org.apache.tika.server.core.TikaServerParseExceptionMapper,TikaServerParseExceptionMapper,9457,unit
tika,697d7c047daf1f661a4ed067bbc8f9c58bb6faa2,1,2026-01-07T07:46:39.000,0.0,false,CONCRETE_CLASS,4,2,0.0,false,140,0,2.6332901239211156E-4,0,CONCRETE_CLASS,/data/tika/tika-parsers/tika-parsers-standard/tika-parsers-standard-modules/tika-parser-ocr-module/src/main/java/org/apache/tika/parser/ocr/TesseractOCRConfig.java,tika-parsers/tika-parsers-standard/tika-parsers-standard-modules/tika-parser-ocr-module/src/main/java/org/apache/tika/parser/ocr/TesseractOCRConfig.java,org.apache.tika.parser.ocr.TesseractOCRConfig,TesseractOCRConfig,1265,unit
tika,697d7c047daf1f661a4ed067bbc8f9c58bb6faa2,1,2026-01-07T07:46:39.000,0.0,false,ABSTRACT_CLASS,2,6,0.0,false,48,0,2.5942800200191537E-4,0,ABSTRACT_CLASS,/data/tika/tika-pipes/tika-pipes-core/src/main/java/org/apache/tika/pipes/core/extractor/AbstractEmbeddedDocumentBytesHandler.java,tika-pipes/tika-pipes-core/src/main/java/org/apache/tika/pipes/core/extractor/AbstractEmbeddedDocumentBytesHandler.java,org.apache.tika.pipes.core.extractor.AbstractEmbeddedDocumentBytesHandler,AbstractEmbeddedDocumentBytesHandler,25841,unit
tika,697d7c047daf1f661a4ed067bbc8f9c58bb6faa2,1,2026-01-07T07:46:39.000,0.0,false,CONCRETE_CLASS,0,0,0.0,false,16,0,1.8787557434076361E-4,0,CONCRETE_CLASS,/data/tika/tika-pipes/tika-pipes-plugins/tika-pipes-opensearch/src/main/java/org/apache/tika/pipes/plugin/opensearch/OpenSearchPipesPlugin.java,tika-pipes/tika-pipes-plugins/tika-pipes-opensearch/src/main/java/org/apache/tika/pipes/plugin/opensearch/OpenSearchPipesPlugin.java,org.apache.tika.pipes.plugin.opensearch.OpenSearchPipesPlugin,OpenSearchPipesPlugin,5362,unit
tika,697d7c047daf1f661a4ed067bbc8f9c58bb6faa2,1,2026-01-07T07:46:39.000,0.0,false,CONCRETE_CLASS,2,1,0.0,false,45,0,2.815593413221447E-4,0,CONCRETE_CLASS,/data/tika/tika-serialization/src/main/java/org/apache/tika/config/loader/FrameworkConfig.java,tika-serialization/src/main/java/org/apache/tika/config/loader/FrameworkConfig.java,org.apache.tika.config.loader.FrameworkConfig,FrameworkConfig,29938,unit
tika,697d7c047daf1f661a4ed067bbc8f9c58bb6faa2,1,2026-01-07T07:46:39.000,0.0,false,CONCRETE_CLASS,0,6,0.0,false,19,0,1.8787557434076361E-4,0,CONCRETE_CLASS,/data/tika/tika-parsers/tika-parsers-standard/tika-parsers-standard-modules/tika-parser-xml-module/src/test/java/org/apache/tika/parser/xliff/XLZParserTest.java,tika-parsers/tika-parsers-standard/tika-parsers-standard-modules/tika-parser-xml-module/src/test/java/org/apache/tika/parser/xliff/XLZParserTest.java,org.apache.tika.parser.xliff.XLZParserTest,XLZParserTest,21747,unit
tika,697d7c047daf1f661a4ed067bbc8f9c58bb6faa2,1,2026-01-07T07:46:39.000,0.0,false,CONCRETE_CLASS,0,2,0.0,false,15,0,1.8787557434076361E-4,0,CONCRETE_CLASS,/data/tika/tika-example/src/test/java/org/apache/tika/example/SimpleTypeDetectorTest.java,tika-example/src/test/java/org/apache/tika/example/SimpleTypeDetectorTest.java,org.apache.tika.example.SimpleTypeDetectorTest,SimpleTypeDetectorTest,17653,unit
tika,697d7c047daf1f661a4ed067bbc8f9c58bb6faa2,1,2026-01-07T07:46:39.000,0.0,false,ABSTRACT_CLASS,32,9,0.0,false,210,0,0.0010064297230976953,0,ABSTRACT_CLASS,/data/tika/tika-server/tika-server-core/src/test/java/org/apache/tika/server/core/CXFTestBase.java,tika-server/tika-server-core/src/test/java/org/apache/tika/server/core/CXFTestBase.java,org.apache.tika.server.core.CXFTestBase,CXFTestBase,9465,unit
tika,697d7c047daf1f661a4ed067bbc8f9c58bb6faa2,1,2026-01-07T07:46:39.000,0.0,false,CONCRETE_CLASS,0,6,0.0,false,19,0,1.8787557434076361E-4,0,CONCRETE_CLASS,/data/tika/tika-langdetect/tika-langdetect-optimaize/src/main/java/org/apache/tika/langdetect/optimaize/metadatafilter/OptimaizeMetadataFilter.java,tika-langdetect/tika-langdetect-optimaize/src/main/java/org/apache/tika/langdetect/optimaize/metadatafilter/OptimaizeMetadataFilter.java,org.apache.tika.langdetect.optimaize.metadatafilter.OptimaizeMetadataFilter,OptimaizeMetadataFilter,13564,unit
tika,697d7c047daf1f661a4ed067bbc8f9c58bb6faa2,1,2026-01-07T07:46:39.000,0.0,false,CONCRETE_CLASS,0,13,0.0,false,60,0,1.8787557434076361E-4,0,CONCRETE_CLASS,/data/tika/tika-parsers/tika-parsers-extended/tika-parsers-extended-integration-tests/src/test/java/org/apache/tika/parser/ocr/TestOCR.java,tika-parsers/tika-parsers-extended/tika-parsers-extended-integration-tests/src/test/java/org/apache/tika/parser/ocr/TestOCR.java,org.apache.tika.parser.ocr.TestOCR,TestOCR,1278,unit
tika,697d7c047daf1f661a4ed067bbc8f9c58bb6faa2,1,2026-01-07T07:46:39.000,0.0,false,CONCRETE_CLASS,1,10,0.0,false,54,0,2.145146623684202E-4,0,CONCRETE_CLASS,/data/tika/tika-parsers/tika-parsers-standard/tika-parsers-standard-modules/tika-parser-xml-module/src/main/java/org/apache/tika/parser/xliff/XLZParser.java,tika-parsers/tika-parsers-standard/tika-parsers-standard-modules/tika-parser-xml-module/src/main/java/org/apache/tika/parser/xliff/XLZParser.java,org.apache.tika.parser.xliff.XLZParser,XLZParser,21758,unit
tika,697d7c047daf1f661a4ed067bbc8f9c58bb6faa2,1,2026-01-07T07:46:39.000,0.0,false,CONCRETE_CLASS,0,7,0.0,false,20,0,1.8787557434076361E-4,0,CONCRETE_CLASS,/data/tika/tika-serialization/src/test/java/org/apache/tika/config/loader/MinimalTestParser.java,tika-serialization/src/test/java/org/apache/tika/config/loader/MinimalTestParser.java,org.apache.tika.config.loader.MinimalTestParser,MinimalTestParser,29952,unit
tika,697d7c047daf1f661a4ed067bbc8f9c58bb6faa2,1,2026-01-07T07:46:39.000,0.0,false,CONCRETE_CLASS,3,1,0.0,false,5,0,2.2123104083373303E-4,0,CONCRETE_CLASS,/data/tika/tika-parsers/tika-parsers-standard/tika-parsers-standard-modules/tika-parser-microsoft-module/src/main/java/org/apache/tika/parser/microsoft/onenote/FileDataStoreObjectReference.java,tika-parsers/tika-parsers-standard/tika-parsers-standard-modules/tika-parser-microsoft-module/src/main/java/org/apache/tika/parser/microsoft/onenote/FileDataStoreObjectReference.java,org.apache.tika.parser.microsoft.onenote.FileDataStoreObjectReference,FileDataStoreObjectReference,5378,unit
tika,697d7c047daf1f661a4ed067bbc8f9c58bb6faa2,1,2026-01-07T07:46:39.000,0.0,false,CONCRETE_CLASS,0,1,0.0,false,6,0,1.8787557434076361E-4,0,CONCRETE_CLASS,/data/tika/tika-example/src/test/java/org/apache/tika/example/AdvancedTypeDetectorTest.java,tika-example/src/test/java/org/apache/tika/example/AdvancedTypeDetectorTest.java,org.apache.tika.example.AdvancedTypeDetectorTest,AdvancedTypeDetectorTest,17666,unit
tika,697d7c047daf1f661a4ed067bbc8f9c58bb6faa2,1,2026-01-07T07:46:39.000,0.0,false,CONCRETE_CLASS,12,15,0.0,false,71,0,5.241027383064998E-4,0,CONCRETE_CLASS,/data/tika/tika-core/src/main/java/org/apache/tika/parser/DefaultParser.java,tika-core/src/main/java/org/apache/tika/parser/DefaultParser.java,org.apache.tika.parser.DefaultParser,DefaultParser,1284,unit
tika,697d7c047daf1f661a4ed067bbc8f9c58bb6faa2,1,2026-01-07T07:46:39.000,0.0,false,CONCRETE_CLASS,23,30,0.0,false,334,0,8.814864153873363E-4,0,CONCRETE_CLASS,/data/tika/tika-server/tika-server-core/src/main/java/org/apache/tika/server/core/resource/TikaResource.java,tika-server/tika-server-core/src/main/java/org/apache/tika/server/core/resource/TikaResource.java,org.apache.tika.server.core.resource.TikaResource,TikaResource,9477,unit
tika,697d7c047daf1f661a4ed067bbc8f9c58bb6faa2,1,2026-01-07T07:46:39.000,0.0,false,CONCRETE_CLASS,3,1,0.0,false,4,0,3.89029874624534E-4,0,CONCRETE_CLASS,/data/tika/tika-parsers/tika-parsers-standard/tika-parsers-standard-modules/tika-parser-microsoft-module/src/main/java/org/apache/tika/parser/microsoft/onenote/FileDataStoreObject.java,tika-parsers/tika-parsers-standard/tika-parsers-standard-modules/tika-parser-microsoft-module/src/main/java/org/apache/tika/parser/microsoft/onenote/FileDataStoreObject.java,org.apache.tika.parser.microsoft.onenote.FileDataStoreObject,FileDataStoreObject,5384,unit
tika,697d7c047daf1f661a4ed067bbc8f9c58bb6faa2,1,2026-01-07T07:46:39.000,0.0,false,CONCRETE_CLASS,2,10,0.0,false,28,0,2.3276490102096937E-4,0,CONCRETE_CLASS,/data/tika/tika-parsers/tika-parsers-standard/tika-parsers-standard-modules/tika-parser-xml-module/src/main/java/org/apache/tika/parser/xliff/XLIFF12Parser.java,tika-parsers/tika-parsers-standard/tika-parsers-standard-modules/tika-parser-xml-module/src/main/java/org/apache/tika/parser/xliff/XLIFF12Parser.java,org.apache.tika.parser.xliff.XLIFF12Parser,XLIFF12Parser,21771,unit
tika,697d7c047daf1f661a4ed067bbc8f9c58bb6faa2,1,2026-01-07T07:46:39.000,0.0,false,CONCRETE_CLASS,0,1,0.0,false,2,0,1.8787557434076361E-4,0,CONCRETE_CLASS,/data/tika/tika-example/src/main/java/org/apache/tika/example/DescribeMetadata.java,tika-example/src/main/java/org/apache/tika/example/DescribeMetadata.java,org.apache.tika.example.DescribeMetadata,DescribeMetadata,17676,unit
tika,697d7c047daf1f661a4ed067bbc8f9c58bb6faa2,1,2026-01-07T07:46:39.000,0.0,false,CONCRETE_CLASS,2,14,0.0,false,170,0,2.2300404206954152E-4,0,CONCRETE_CLASS,/data/tika/tika-parsers/tika-parsers-extended/tika-parser-scientific-module/src/main/java/org/apache/tika/parser/gdal/GDALParser.java,tika-parsers/tika-parsers-extended/tika-parser-scientific-module/src/main/java/org/apache/tika/parser/gdal/GDALParser.java,org.apache.tika.parser.gdal.GDALParser,GDALParser,1296,unit
tika,697d7c047daf1f661a4ed067bbc8f9c58bb6faa2,1,2026-01-07T07:46:39.000,0.0,false,CONCRETE_CLASS,3,0,0.0,false,4,0,3.3568156919332897E-4,0,CONCRETE_CLASS,/data/tika/tika-server/tika-server-core/src/main/java/org/apache/tika/server/core/TikaServerParseException.java,tika-server/tika-server-core/src/main/java/org/apache/tika/server/core/TikaServerParseException.java,org.apache.tika.server.core.TikaServerParseException,TikaServerParseException,9490,unit
tika,697d7c047daf1f661a4ed067bbc8f9c58bb6faa2,1,2026-01-07T07:46:39.000,0.0,false,CONCRETE_CLASS,1,2,0.0,false,9,0,1.9502138477386113E-4,0,CONCRETE_CLASS,/data/tika/tika-parsers/tika-parsers-standard/tika-parsers-standard-modules/tika-parser-microsoft-module/src/main/java/org/apache/tika/parser/microsoft/onenote/CheckedFileNodePushBack.java,tika-parsers/tika-parsers-standard/tika-parsers-standard-modules/tika-parser-microsoft-module/src/main/java/org/apache/tika/parser/microsoft/onenote/CheckedFileNodePushBack.java,org.apache.tika.parser.microsoft.onenote.CheckedFileNodePushBack,CheckedFileNodePushBack,5395,unit
tika,697d7c047daf1f661a4ed067bbc8f9c58bb6faa2,1,2026-01-07T07:46:39.000,0.0,false,CONCRETE_CLASS,1,1,0.0,false,34,0,2.3888348099597537E-4,0,CONCRETE_CLASS,/data/tika/tika-pipes/tika-pipes-config-store-ignite/src/main/java/org/apache/tika/pipes/ignite/config/IgniteConfigStoreConfig.java,tika-pipes/tika-pipes-config-store-ignite/src/main/java/org/apache/tika/pipes/ignite/config/IgniteConfigStoreConfig.java,org.apache.tika.pipes.ignite.config.IgniteConfigStoreConfig,IgniteConfigStoreConfig,13588,unit
tika,697d7c047daf1f661a4ed067bbc8f9c58bb6faa2,1,2026-01-07T07:46:39.000,0.0,false,CONCRETE_CLASS,6,2,0.0,false,11,0,4.8037760101162235E-4,0,CONCRETE_CLASS,/data/tika/tika-parsers/tika-parsers-standard/tika-parsers-standard-modules/tika-parser-microsoft-module/src/main/java/org/apache/tika/parser/microsoft/onenote/FileNodeList.java,tika-parsers/tika-parsers-standard/tika-parsers-standard-modules/tika-parser-microsoft-module/src/main/java/org/apache/tika/parser/microsoft/onenote/FileNodeList.java,org.apache.tika.parser.microsoft.onenote.FileNodeList,FileNodeList,5401,unit
tika,697d7c047daf1f661a4ed067bbc8f9c58bb6faa2,1,2026-01-07T07:46:39.000,0.0,false,CONCRETE_CLASS,0,8,0.0,false,58,0,1.8787557434076361E-4,0,CONCRETE_CLASS,/data/tika/tika-server/tika-server-core/src/test/java/org/apache/tika/server/core/TikaWelcomeTest.java,tika-server/tika-server-core/src/test/java/org/apache/tika/server/core/TikaWelcomeTest.java,org.apache.tika.server.core.TikaWelcomeTest,TikaWelcomeTest,9504,unit
tika,697d7c047daf1f661a4ed067bbc8f9c58bb6faa2,1,2026-01-07T07:46:39.000,0.0,false,CONCRETE_CLASS,6,13,0.0,false,86,0,6.426982885065165E-4,0,CONCRETE_CLASS,/data/tika/tika-parsers/tika-parsers-standard/tika-parsers-standard-modules/tika-parser-microsoft-module/src/main/java/org/apache/tika/parser/microsoft/onenote/FileNode.java,tika-parsers/tika-parsers-standard/tika-parsers-standard-modules/tika-parser-microsoft-module/src/main/java/org/apache/tika/parser/microsoft/onenote/FileNode.java,org.apache.tika.parser.microsoft.onenote.FileNode,FileNode,5409,unit
tika,697d7c047daf1f661a4ed067bbc8f9c58bb6faa2,1,2026-01-07T07:46:39.000,0.0,false,CONCRETE_CLASS,0,6,0.0,false,21,0,1.8787557434076361E-4,0,CONCRETE_CLASS,/data/tika/tika-parsers/tika-parsers-standard/tika-parsers-standard-modules/tika-parser-apple-module/src/test/java/org/apache/tika/detect/apple/IWorkDetectorTest.java,tika-parsers/tika-parsers-standard/tika-parsers-standard-modules/tika-parser-apple-module/src/test/java/org/apache/tika/detect/apple/IWorkDetectorTest.java,org.apache.tika.detect.apple.IWorkDetectorTest,IWorkDetectorTest,25890,unit
tika,697d7c047daf1f661a4ed067bbc8f9c58bb6faa2,1,2026-01-07T07:46:39.000,0.0,false,CONCRETE_CLASS,3,4,0.0,false,90,0,2.8248233483818466E-4,0,CONCRETE_CLASS,/data/tika/tika-plugins-core/src/main/java/org/apache/tika/plugins/PluginComponentLoader.java,tika-plugins-core/src/main/java/org/apache/tika/plugins/PluginComponentLoader.java,org.apache.tika.plugins.PluginComponentLoader,PluginComponentLoader,13603,unit
tika,697d7c047daf1f661a4ed067bbc8f9c58bb6faa2,1,2026-01-07T07:46:39.000,0.0,false,CONCRETE_CLASS,16,2,0.0,false,35,0,0.0028804192423056278,0,CONCRETE_CLASS,/data/tika/tika-server/tika-server-core/src/main/java/org/apache/tika/server/core/ServerStatus.java,tika-server/tika-server-core/src/main/java/org/apache/tika/server/core/ServerStatus.java,org.apache.tika.server.core.ServerStatus,ServerStatus,9511,unit
tika,697d7c047daf1f661a4ed067bbc8f9c58bb6faa2,1,2026-01-07T07:46:39.000,0.0,false,INTERFACE,8,1,0.0,false,3,0,3.852572116815824E-4,0,INTERFACE,/data/tika/tika-core/src/main/java/org/apache/tika/config/Initializable.java,tika-core/src/main/java/org/apache/tika/config/Initializable.java,org.apache.tika.config.Initializable,Initializable,1322,unit
tika,697d7c047daf1f661a4ed067bbc8f9c58bb6faa2,1,2026-01-07T07:46:39.000,0.0,false,CONCRETE_CLASS,7,0,0.0,false,21,0,7.500457934776583E-4,0,CONCRETE_CLASS,/data/tika/tika-parsers/tika-parsers-standard/tika-parsers-standard-modules/tika-parser-microsoft-module/src/main/java/org/apache/tika/parser/microsoft/onenote/FileChunkReference.java,tika-parsers/tika-parsers-standard/tika-parsers-standard-modules/tika-parser-microsoft-module/src/main/java/org/apache/tika/parser/microsoft/onenote/FileChunkReference.java,org.apache.tika.parser.microsoft.onenote.FileChunkReference,FileChunkReference,5420,unit
tika,697d7c047daf1f661a4ed067bbc8f9c58bb6faa2,1,2026-01-07T07:46:39.000,0.0,false,CONCRETE_CLASS,1,3,0.0,false,22,0,2.0785489036150603E-4,0,CONCRETE_CLASS,/data/tika/tika-server/tika-server-core/src/test/java/org/apache/tika/server/core/TikaVersionTest.java,tika-server/tika-server-core/src/test/java/org/apache/tika/server/core/TikaVersionTest.java,org.apache.tika.server.core.TikaVersionTest,TikaVersionTest,9519,unit
tika,697d7c047daf1f661a4ed067bbc8f9c58bb6faa2,1,2026-01-07T07:46:39.000,0.0,false,CONCRETE_CLASS,0,2,0.0,false,23,0,1.8787557434076361E-4,0,CONCRETE_CLASS,/data/tika/tika-example/src/test/java/org/apache/tika/example/SimpleTextExtractorTest.java,tika-example/src/test/java/org/apache/tika/example/SimpleTextExtractorTest.java,org.apache.tika.example.SimpleTextExtractorTest,SimpleTextExtractorTest,17711,unit
tika,697d7c047daf1f661a4ed067bbc8f9c58bb6faa2,1,2026-01-07T07:46:39.000,0.0,false,CONCRETE_CLASS,0,6,0.0,false,23,0,1.8787557434076361E-4,0,CONCRETE_CLASS,/data/tika/tika-parsers/tika-parsers-standard/tika-parsers-standard-modules/tika-parser-xml-module/src/test/java/org/apache/tika/parser/xliff/XLIFF12ParserTest.java,tika-parsers/tika-parsers-standard/tika-parsers-standard-modules/tika-parser-xml-module/src/test/java/org/apache/tika/parser/xliff/XLIFF12ParserTest.java,org.apache.tika.parser.xliff.XLIFF12ParserTest,XLIFF12ParserTest,21807,unit
tika,697d7c047daf1f661a4ed067bbc8f9c58bb6faa2,1,2026-01-07T07:46:39.000,0.0,false,CONCRETE_CLASS,35,5,0.0,false,43,0,0.002615782256975027,0,CONCRETE_CLASS,/data/tika/tika-core/src/main/java/org/apache/tika/io/TemporaryResources.java,tika-core/src/main/java/org/apache/tika/io/TemporaryResources.java,org.apache.tika.io.TemporaryResources,TemporaryResources,1332,unit
tika,697d7c047daf1f661a4ed067bbc8f9c58bb6faa2,1,2026-01-07T07:46:39.000,0.0,false,CONCRETE_CLASS,2,0,0.0,false,5,0,2.1544621666603716E-4,0,CONCRETE_CLASS,/data/tika/tika-parsers/tika-parsers-standard/tika-parsers-standard-modules/tika-parser-microsoft-module/src/main/java/org/apache/tika/parser/microsoft/onenote/RevisionManifestListStart.java,tika-parsers/tika-parsers-standard/tika-parsers-standard-modules/tika-parser-microsoft-module/src/main/java/org/apache/tika/parser/microsoft/onenote/RevisionManifestListStart.java,org.apache.tika.parser.microsoft.onenote.RevisionManifestListStart,RevisionManifestListStart,5431,unit
tika,697d7c047daf1f661a4ed067bbc8f9c58bb6faa2,1,2026-01-07T07:46:39.000,0.0,false,CONCRETE_CLASS,5,9,0.0,false,43,0,2.6629507710671126E-4,0,CONCRETE_CLASS,/data/tika/tika-server/tika-server-core/src/main/java/org/apache/tika/server/core/resource/DetectorResource.java,tika-server/tika-server-core/src/main/java/org/apache/tika/server/core/resource/DetectorResource.java,org.apache.tika.server.core.resource.DetectorResource,DetectorResource,9527,unit
tika,697d7c047daf1f661a4ed067bbc8f9c58bb6faa2,1,2026-01-07T07:46:39.000,0.0,false,CONCRETE_CLASS,1,5,0.0,false,60,0,1.9869530546478103E-4,0,CONCRETE_CLASS,/data/tika/tika-parsers/tika-parsers-standard/tika-parsers-standard-modules/tika-parser-ocr-module/src/main/java/org/apache/tika/parser/ocr/ImagePreprocessor.java,tika-parsers/tika-parsers-standard/tika-parsers-standard-modules/tika-parser-ocr-module/src/main/java/org/apache/tika/parser/ocr/ImagePreprocessor.java,org.apache.tika.parser.ocr.ImagePreprocessor,ImagePreprocessor,1340,unit
tika,697d7c047daf1f661a4ed067bbc8f9c58bb6faa2,1,2026-01-07T07:46:39.000,0.0,false,CONCRETE_CLASS,1,0,0.0,false,7,0,1.9824135477312832E-4,0,CONCRETE_CLASS,/data/tika/tika-parsers/tika-parsers-standard/tika-parsers-standard-modules/tika-parser-microsoft-module/src/main/java/org/apache/tika/parser/microsoft/ooxml/xwpf/XWPFNumberingShim.java,tika-parsers/tika-parsers-standard/tika-parsers-standard-modules/tika-parser-microsoft-module/src/main/java/org/apache/tika/parser/microsoft/ooxml/xwpf/XWPFNumberingShim.java,org.apache.tika.parser.microsoft.ooxml.xwpf.XWPFNumberingShim,XWPFNumberingShim,13628,unit
tika,697d7c047daf1f661a4ed067bbc8f9c58bb6faa2,1,2026-01-07T07:46:39.000,0.0,false,CONCRETE_CLASS,1,4,0.0,false,17,0,3.4771010250670304E-4,0,CONCRETE_CLASS,/data/tika/tika-example/src/main/java/org/apache/tika/example/TextStatsFromTikaEval.java,tika-example/src/main/java/org/apache/tika/example/TextStatsFromTikaEval.java,org.apache.tika.example.TextStatsFromTikaEval,TextStatsFromTikaEval,17724,unit
tika,697d7c047daf1f661a4ed067bbc8f9c58bb6faa2,1,2026-01-07T07:46:39.000,0.0,false,CONCRETE_CLASS,6,9,0.0,false,78,0,2.8720922456202606E-4,0,CONCRETE_CLASS,/data/tika/tika-server/tika-server-core/src/main/java/org/apache/tika/server/core/resource/MetadataResource.java,tika-server/tika-server-core/src/main/java/org/apache/tika/server/core/resource/MetadataResource.java,org.apache.tika.server.core.resource.MetadataResource,MetadataResource,9535,unit
tika,697d7c047daf1f661a4ed067bbc8f9c58bb6faa2,1,2026-01-07T07:46:39.000,0.0,false,CONCRETE_CLASS,2,0,0.0,false,13,0,2.1544621666603716E-4,0,CONCRETE_CLASS,/data/tika/tika-parsers/tika-parsers-standard/tika-parsers-standard-modules/tika-parser-microsoft-module/src/main/java/org/apache/tika/parser/microsoft/onenote/GlobalIdTableEntry3FNDX.java,tika-parsers/tika-parsers-standard/tika-parsers-standard-modules/tika-parser-microsoft-module/src/main/java/org/apache/tika/parser/microsoft/onenote/GlobalIdTableEntry3FNDX.java,org.apache.tika.parser.microsoft.onenote.GlobalIdTableEntry3FNDX,GlobalIdTableEntry3FNDX,5440,unit
tika,697d7c047daf1f661a4ed067bbc8f9c58bb6faa2,1,2026-01-07T07:46:39.000,0.0,false,CONCRETE_CLASS,0,1,0.0,false,103,0,1.8787557434076361E-4,0,CONCRETE_CLASS,/data/tika/tika-serialization/src/test/java/org/apache/tika/config/loader/TikaJsonConfigTest.java,tika-serialization/src/test/java/org/apache/tika/config/loader/TikaJsonConfigTest.java,org.apache.tika.config.loader.TikaJsonConfigTest,TikaJsonConfigTest,30016,unit
tika,697d7c047daf1f661a4ed067bbc8f9c58bb6faa2,1,2026-01-07T07:46:39.000,0.0,false,CONCRETE_CLASS,1,5,0.0,false,34,0,1.9824135477312832E-4,0,CONCRETE_CLASS,/data/tika/tika-parsers/tika-parsers-standard/tika-parsers-standard-modules/tika-parser-microsoft-module/src/main/java/org/apache/tika/parser/microsoft/ooxml/xwpf/XWPFFeatureExtractor.java,tika-parsers/tika-parsers-standard/tika-parsers-standard-modules/tika-parser-microsoft-module/src/main/java/org/apache/tika/parser/microsoft/ooxml/xwpf/XWPFFeatureExtractor.java,org.apache.tika.parser.microsoft.ooxml.xwpf.XWPFFeatureExtractor,XWPFFeatureExtractor,13637,unit
tika,697d7c047daf1f661a4ed067bbc8f9c58bb6faa2,1,2026-01-07T07:46:39.000,0.0,false,ABSTRACT_CLASS,1,1,0.0,false,11,0,1.9869530546478103E-4,0,ABSTRACT_CLASS,/data/tika/tika-core/src/main/java/org/apache/tika/parser/AbstractExternalProcessParser.java,tika-core/src/main/java/org/apache/tika/parser/AbstractExternalProcessParser.java,org.apache.tika.parser.AbstractExternalProcessParser,AbstractExternalProcessParser,1350,unit
tika,697d7c047daf1f661a4ed067bbc8f9c58bb6faa2,1,2026-01-07T07:46:39.000,0.0,false,CONCRETE_CLASS,2,10,0.0,false,130,0,2.677928384237333E-4,0,CONCRETE_CLASS,/data/tika/tika-pipes/tika-pipes-plugins/tika-pipes-jdbc/src/main/java/org/apache/tika/pipes/iterator/jdbc/JDBCPipesIterator.java,tika-pipes/tika-pipes-plugins/tika-pipes-jdbc/src/main/java/org/apache/tika/pipes/iterator/jdbc/JDBCPipesIterator.java,org.apache.tika.pipes.iterator.jdbc.JDBCPipesIterator,JDBCPipesIterator,21831,unit
tika,697d7c047daf1f661a4ed067bbc8f9c58bb6faa2,1,2026-01-07T07:46:39.000,0.0,false,CONCRETE_CLASS,3,2,0.0,false,12,0,2.7196204169659935E-4,0,CONCRETE_CLASS,/data/tika/tika-server/tika-server-core/src/main/java/org/apache/tika/server/core/resource/TikaVersion.java,tika-server/tika-server-core/src/main/java/org/apache/tika/server/core/resource/TikaVersion.java,org.apache.tika.server.core.resource.TikaVersion,TikaVersion,9544,unit
tika,697d7c047daf1f661a4ed067bbc8f9c58bb6faa2,1,2026-01-07T07:46:39.000,0.0,false,CONCRETE_CLASS,0,11,0.0,false,119,0,1.8787557434076361E-4,0,CONCRETE_CLASS,/data/tika/tika-example/src/main/java/org/apache/tika/example/PipesForkParserExample.java,tika-example/src/main/java/org/apache/tika/example/PipesForkParserExample.java,org.apache.tika.example.PipesForkParserExample,PipesForkParserExample,17737,unit
tika,697d7c047daf1f661a4ed067bbc8f9c58bb6faa2,1,2026-01-07T07:46:39.000,0.0,false,CONCRETE_CLASS,0,5,0.0,false,144,0,1.8787557434076361E-4,0,CONCRETE_CLASS,/data/tika/tika-serialization/src/test/java/org/apache/tika/config/loader/TikaLoaderRoundTripTest.java,tika-serialization/src/test/java/org/apache/tika/config/loader/TikaLoaderRoundTripTest.java,org.apache.tika.config.loader.TikaLoaderRoundTripTest,TikaLoaderRoundTripTest,30026,unit
tika,697d7c047daf1f661a4ed067bbc8f9c58bb6faa2,1,2026-01-07T07:46:39.000,0.0,false,CONCRETE_CLASS,1,3,0.0,false,57,0,1.9718876940752445E-4,0,CONCRETE_CLASS,/data/tika/tika-parsers/tika-parsers-standard/tika-parsers-standard-modules/tika-parser-microsoft-module/src/main/java/org/apache/tika/parser/microsoft/onenote/OneNoteLegacyDumpStrings.java,tika-parsers/tika-parsers-standard/tika-parsers-standard-modules/tika-parser-microsoft-module/src/main/java/org/apache/tika/parser/microsoft/onenote/OneNoteLegacyDumpStrings.java,org.apache.tika.parser.microsoft.onenote.OneNoteLegacyDumpStrings,OneNoteLegacyDumpStrings,5453,unit
tika,697d7c047daf1f661a4ed067bbc8f9c58bb6faa2,1,2026-01-07T07:46:39.000,0.0,false,CONCRETE_CLASS,1,2,0.0,false,54,0,2.1065938466522323E-4,0,CONCRETE_CLASS,/data/tika/tika-pipes/tika-pipes-plugins/tika-pipes-jdbc/src/main/java/org/apache/tika/pipes/iterator/jdbc/JDBCPipesIteratorConfig.java,tika-pipes/tika-pipes-plugins/tika-pipes-jdbc/src/main/java/org/apache/tika/pipes/iterator/jdbc/JDBCPipesIteratorConfig.java,org.apache.tika.pipes.iterator.jdbc.JDBCPipesIteratorConfig,JDBCPipesIteratorConfig,21838,unit
tika,697d7c047daf1f661a4ed067bbc8f9c58bb6faa2,1,2026-01-07T07:46:39.000,0.0,false,CONCRETE_CLASS,3,17,0.0,false,103,0,2.6246089221370743E-4,0,CONCRETE_CLASS,/data/tika/tika-pipes/tika-pipes-fork-parser/src/main/java/org/apache/tika/pipes/fork/PipesForkParser.java,tika-pipes/tika-pipes-fork-parser/src/main/java/org/apache/tika/pipes/fork/PipesForkParser.java,org.apache.tika.pipes.fork.PipesForkParser,PipesForkParser,17743,unit
tika,697d7c047daf1f661a4ed067bbc8f9c58bb6faa2,1,2026-01-07T07:46:39.000,0.0,false,CONCRETE_CLASS,2,3,0.0,false,130,0,2.1301690105139813E-4,0,CONCRETE_CLASS,/data/tika/tika-server/tika-server-core/src/main/java/org/apache/tika/server/core/resource/TikaWelcome.java,tika-server/tika-server-core/src/main/java/org/apache/tika/server/core/resource/TikaWelcome.java,org.apache.tika.server.core.resource.TikaWelcome,TikaWelcome,9552,unit
tika,697d7c047daf1f661a4ed067bbc8f9c58bb6faa2,1,2026-01-07T07:46:39.000,0.0,false,CONCRETE_CLASS,2,4,0.0,false,33,0,2.3169338309743707E-4,0,CONCRETE_CLASS,/data/tika/tika-parsers/tika-parsers-standard/tika-parsers-standard-modules/tika-parser-microsoft-module/src/main/java/org/apache/tika/parser/microsoft/ooxml/xwpf/XWPFStylesShim.java,tika-parsers/tika-parsers-standard/tika-parsers-standard-modules/tika-parser-microsoft-module/src/main/java/org/apache/tika/parser/microsoft/ooxml/xwpf/XWPFStylesShim.java,org.apache.tika.parser.microsoft.ooxml.xwpf.XWPFStylesShim,XWPFStylesShim,13651,unit
tika,697d7c047daf1f661a4ed067bbc8f9c58bb6faa2,1,2026-01-07T07:46:39.000,0.0,false,CONCRETE_CLASS,15,8,0.0,false,138,0,5.452546521826249E-4,0,CONCRETE_CLASS,/data/tika/tika-core/src/main/java/org/apache/tika/parser/external/ExternalParser.java,tika-core/src/main/java/org/apache/tika/parser/external/ExternalParser.java,org.apache.tika.parser.external.ExternalParser,ExternalParser,1364,unit
tika,697d7c047daf1f661a4ed067bbc8f9c58bb6faa2,1,2026-01-07T07:46:39.000,0.0,false,CONCRETE_CLASS,4,0,0.0,false,27,0,2.6603937096271143E-4,0,CONCRETE_CLASS,/data/tika/tika-parsers/tika-parsers-standard/tika-parsers-standard-modules/tika-parser-microsoft-module/src/main/java/org/apache/tika/parser/microsoft/onenote/OneNoteDirectFileResource.java,tika-parsers/tika-parsers-standard/tika-parsers-standard-modules/tika-parser-microsoft-module/src/main/java/org/apache/tika/parser/microsoft/onenote/OneNoteDirectFileResource.java,org.apache.tika.parser.microsoft.onenote.OneNoteDirectFileResource,OneNoteDirectFileResource,5461,unit
tika,697d7c047daf1f661a4ed067bbc8f9c58bb6faa2,1,2026-01-07T07:46:39.000,0.0,false,CONCRETE_CLASS,3,5,0.0,false,52,0,2.3552077288632923E-4,0,CONCRETE_CLASS,/data/tika/tika-pipes/tika-pipes-fork-parser/src/main/java/org/apache/tika/pipes/fork/PipesForkParserConfig.java,tika-pipes/tika-pipes-fork-parser/src/main/java/org/apache/tika/pipes/fork/PipesForkParserConfig.java,org.apache.tika.pipes.fork.PipesForkParserConfig,PipesForkParserConfig,17751,unit
tika,697d7c047daf1f661a4ed067bbc8f9c58bb6faa2,1,2026-01-07T07:46:39.000,0.0,false,CONCRETE_CLASS,2,0,0.0,false,13,0,2.1283664725897203E-4,0,CONCRETE_CLASS,/data/tika/tika-parsers/tika-parsers-standard/tika-parsers-standard-modules/tika-parser-microsoft-module/src/main/java/org/apache/tika/parser/microsoft/ooxml/EmbeddedPartMetadata.java,tika-parsers/tika-parsers-standard/tika-parsers-standard-modules/tika-parser-microsoft-module/src/main/java/org/apache/tika/parser/microsoft/ooxml/EmbeddedPartMetadata.java,org.apache.tika.parser.microsoft.ooxml.EmbeddedPartMetadata,EmbeddedPartMetadata,25943,unit
tika,697d7c047daf1f661a4ed067bbc8f9c58bb6faa2,1,2026-01-07T07:46:39.000,0.0,false,CONCRETE_CLASS,4,2,0.0,false,41,0,3.3862064960514895E-4,0,CONCRETE_CLASS,/data/tika/tika-core/src/main/java/org/apache/tika/config/ParseContextConfig.java,tika-core/src/main/java/org/apache/tika/config/ParseContextConfig.java,org.apache.tika.config.ParseContextConfig,ParseContextConfig,1372,unit
tika,697d7c047daf1f661a4ed067bbc8f9c58bb6faa2,1,2026-01-07T07:46:39.000,0.0,false,CONCRETE_CLASS,2,3,0.0,false,9,0,2.8818963428046696E-4,0,CONCRETE_CLASS,/data/tika/tika-server/tika-server-core/src/main/java/org/apache/tika/server/core/DefaultInputStreamFactory.java,tika-server/tika-server-core/src/main/java/org/apache/tika/server/core/DefaultInputStreamFactory.java,org.apache.tika.server.core.DefaultInputStreamFactory,DefaultInputStreamFactory,9565,unit
tika,697d7c047daf1f661a4ed067bbc8f9c58bb6faa2,1,2026-01-07T07:46:39.000,0.0,false,CONCRETE_CLASS,0,3,0.0,false,296,0,1.8787557434076361E-4,0,CONCRETE_CLASS,/data/tika/tika-serialization/src/test/java/org/apache/tika/config/loader/ConfigLoaderTest.java,tika-serialization/src/test/java/org/apache/tika/config/loader/ConfigLoaderTest.java,org.apache.tika.config.loader.ConfigLoaderTest,ConfigLoaderTest,30047,unit
tika,697d7c047daf1f661a4ed067bbc8f9c58bb6faa2,1,2026-01-07T07:46:39.000,0.0,false,CONCRETE_CLASS,2,1,0.0,false,20,0,3.559733449133483E-4,0,CONCRETE_CLASS,/data/tika/tika-parsers/tika-parsers-standard/tika-parsers-standard-modules/tika-parser-microsoft-module/src/main/java/org/apache/tika/parser/microsoft/onenote/ObjectSpaceObjectStreamOfOIDsOSIDsOrContextIDs.java,tika-parsers/tika-parsers-standard/tika-parsers-standard-modules/tika-parser-microsoft-module/src/main/java/org/apache/tika/parser/microsoft/onenote/ObjectSpaceObjectStreamOfOIDsOSIDsOrContextIDs.java,org.apache.tika.parser.microsoft.onenote.ObjectSpaceObjectStreamOfOIDsOSIDsOrContextIDs,ObjectSpaceObjectStreamOfOIDsOSIDsOrContextIDs,5472,unit
tika,697d7c047daf1f661a4ed067bbc8f9c58bb6faa2,1,2026-01-07T07:46:39.000,0.0,false,CONCRETE_CLASS,3,9,0.0,false,138,0,2.2148115817766526E-4,0,CONCRETE_CLASS,/data/tika/tika-parsers/tika-parsers-standard/tika-parsers-standard-modules/tika-parser-microsoft-module/src/main/java/org/apache/tika/parser/microsoft/ooxml/xwpf/XWPFEventBasedWordExtractor.java,tika-parsers/tika-parsers-standard/tika-parsers-standard-modules/tika-parser-microsoft-module/src/main/java/org/apache/tika/parser/microsoft/ooxml/xwpf/XWPFEventBasedWordExtractor.java,org.apache.tika.parser.microsoft.ooxml.xwpf.XWPFEventBasedWordExtractor,XWPFEventBasedWordExtractor,13664,unit
tika,697d7c047daf1f661a4ed067bbc8f9c58bb6faa2,1,2026-01-07T07:46:39.000,0.0,false,CONCRETE_CLASS,3,3,0.0,false,29,0,2.3552077288632923E-4,0,CONCRETE_CLASS,/data/tika/tika-pipes/tika-pipes-fork-parser/src/main/java/org/apache/tika/pipes/fork/PipesForkResult.java,tika-pipes/tika-pipes-fork-parser/src/main/java/org/apache/tika/pipes/fork/PipesForkResult.java,org.apache.tika.pipes.fork.PipesForkResult,PipesForkResult,17762,unit
tika,697d7c047daf1f661a4ed067bbc8f9c58bb6faa2,1,2026-01-07T07:46:39.000,0.0,false,INTERFACE,2,4,0.0,false,13,0,2.0954287139221764E-4,0,INTERFACE,/data/tika/tika-parsers/tika-parsers-standard/tika-parsers-standard-modules/tika-parser-microsoft-module/src/main/java/org/apache/tika/parser/microsoft/ooxml/OOXMLExtractor.java,tika-parsers/tika-parsers-standard/tika-parsers-standard-modules/tika-parser-microsoft-module/src/main/java/org/apache/tika/parser/microsoft/ooxml/OOXMLExtractor.java,org.apache.tika.parser.microsoft.ooxml.OOXMLExtractor,OOXMLExtractor,25955,unit
tika,697d7c047daf1f661a4ed067bbc8f9c58bb6faa2,1,2026-01-07T07:46:39.000,0.0,false,CONCRETE_CLASS,9,2,0.0,false,12,0,3.120632328299414E-4,0,CONCRETE_CLASS,/data/tika/tika-core/src/main/java/org/apache/tika/config/TikaTaskTimeout.java,tika-core/src/main/java/org/apache/tika/config/TikaTaskTimeout.java,org.apache.tika.config.TikaTaskTimeout,TikaTaskTimeout,1381,unit
tika,697d7c047daf1f661a4ed067bbc8f9c58bb6faa2,1,2026-01-07T07:46:39.000,0.0,false,INTERFACE,9,2,0.0,false,8,0,4.596384550194139E-4,0,INTERFACE,/data/tika/tika-server/tika-server-core/src/main/java/org/apache/tika/server/core/InputStreamFactory.java,tika-server/tika-server-core/src/main/java/org/apache/tika/server/core/InputStreamFactory.java,org.apache.tika.server.core.InputStreamFactory,InputStreamFactory,9573,unit
tika,697d7c047daf1f661a4ed067bbc8f9c58bb6faa2,1,2026-01-07T07:46:39.000,0.0,false,CONCRETE_CLASS,7,1,0.0,false,14,0,8.362700097960939E-4,0,CONCRETE_CLASS,/data/tika/tika-parsers/tika-parsers-standard/tika-parsers-standard-modules/tika-parser-microsoft-module/src/main/java/org/apache/tika/parser/microsoft/onenote/CompactID.java,tika-parsers/tika-parsers-standard/tika-parsers-standard-modules/tika-parser-microsoft-module/src/main/java/org/apache/tika/parser/microsoft/onenote/CompactID.java,org.apache.tika.parser.microsoft.onenote.CompactID,CompactID,5478,unit
tika,697d7c047daf1f661a4ed067bbc8f9c58bb6faa2,1,2026-01-07T07:46:39.000,0.0,false,CONCRETE_CLASS,0,4,0.0,false,12,0,1.8787557434076361E-4,0,CONCRETE_CLASS,/data/tika/tika-pipes/tika-pipes-plugins/tika-pipes-jdbc/src/main/java/org/apache/tika/pipes/iterator/jdbc/JDBCPipesIteratorFactory.java,tika-pipes/tika-pipes-plugins/tika-pipes-jdbc/src/main/java/org/apache/tika/pipes/iterator/jdbc/JDBCPipesIteratorFactory.java,org.apache.tika.pipes.iterator.jdbc.JDBCPipesIteratorFactory,JDBCPipesIteratorFactory,21866,unit
tika,697d7c047daf1f661a4ed067bbc8f9c58bb6faa2,1,2026-01-07T07:46:39.000,0.0,false,CONCRETE_CLASS,4,1,0.0,false,73,0,2.6299602585185423E-4,0,CONCRETE_CLASS,/data/tika/tika-parsers/tika-parsers-standard/tika-parsers-standard-modules/tika-parser-microsoft-module/src/main/java/org/apache/tika/parser/microsoft/ooxml/XWPFListManager.java,tika-parsers/tika-parsers-standard/tika-parsers-standard-modules/tika-parser-microsoft-module/src/main/java/org/apache/tika/parser/microsoft/ooxml/XWPFListManager.java,org.apache.tika.parser.microsoft.ooxml.XWPFListManager,XWPFListManager,13675,unit
tika,697d7c047daf1f661a4ed067bbc8f9c58bb6faa2,1,2026-01-07T07:46:39.000,0.0,false,CONCRETE_CLASS,14,0,0.0,false,31,0,4.291757191142925E-4,0,CONCRETE_CLASS,/data/tika/tika-core/src/main/java/org/apache/tika/sax/TeeContentHandler.java,tika-core/src/main/java/org/apache/tika/sax/TeeContentHandler.java,org.apache.tika.sax.TeeContentHandler,TeeContentHandler,1390,unit
tika,697d7c047daf1f661a4ed067bbc8f9c58bb6faa2,1,2026-01-07T07:46:39.000,0.0,false,CONCRETE_CLASS,2,2,0.0,false,16,0,2.155414568655868E-4,0,CONCRETE_CLASS,/data/tika/tika-pipes/tika-pipes-fork-parser/src/main/java/org/apache/tika/pipes/fork/PipesForkParserException.java,tika-pipes/tika-pipes-fork-parser/src/main/java/org/apache/tika/pipes/fork/PipesForkParserException.java,org.apache.tika.pipes.fork.PipesForkParserException,PipesForkParserException,17774,unit
tika,697d7c047daf1f661a4ed067bbc8f9c58bb6faa2,1,2026-01-07T07:46:39.000,0.0,false,CONCRETE_CLASS,3,2,0.0,false,21,0,3.7832252059258266E-4,0,CONCRETE_CLASS,/data/tika/tika-parsers/tika-parsers-standard/tika-parsers-standard-modules/tika-parser-microsoft-module/src/main/java/org/apache/tika/parser/microsoft/onenote/ObjectSpaceObjectPropSet.java,tika-parsers/tika-parsers-standard/tika-parsers-standard-modules/tika-parser-microsoft-module/src/main/java/org/apache/tika/parser/microsoft/onenote/ObjectSpaceObjectPropSet.java,org.apache.tika.parser.microsoft.onenote.ObjectSpaceObjectPropSet,ObjectSpaceObjectPropSet,5489,unit
tika,697d7c047daf1f661a4ed067bbc8f9c58bb6faa2,1,2026-01-07T07:46:39.000,0.0,false,CONCRETE_CLASS,2,13,0.0,false,138,0,2.4703924855786516E-4,0,CONCRETE_CLASS,/data/tika/tika-parsers/tika-parsers-standard/tika-parsers-standard-modules/tika-parser-microsoft-module/src/main/java/org/apache/tika/parser/microsoft/ooxml/MetadataExtractor.java,tika-parsers/tika-parsers-standard/tika-parsers-standard-modules/tika-parser-microsoft-module/src/main/java/org/apache/tika/parser/microsoft/ooxml/MetadataExtractor.java,org.apache.tika.parser.microsoft.ooxml.MetadataExtractor,MetadataExtractor,25969,unit
tika,697d7c047daf1f661a4ed067bbc8f9c58bb6faa2,1,2026-01-07T07:46:39.000,0.0,false,CONCRETE_CLASS,0,9,0.0,false,44,0,1.8787557434076361E-4,0,CONCRETE_CLASS,/data/tika/tika-serialization/src/test/java/org/apache/tika/config/loader/ConfigurableTestParser.java,tika-serialization/src/test/java/org/apache/tika/config/loader/ConfigurableTestParser.java,org.apache.tika.config.loader.ConfigurableTestParser,ConfigurableTestParser,30065,unit
tika,697d7c047daf1f661a4ed067bbc8f9c58bb6faa2,1,2026-01-07T07:46:39.000,0.0,false,CONCRETE_CLASS,0,5,0.0,false,68,0,1.8787557434076361E-4,0,CONCRETE_CLASS,/data/tika/tika-server/tika-server-core/src/test/java/org/apache/tika/server/core/LanguageResourceTest.java,tika-server/tika-server-core/src/test/java/org/apache/tika/server/core/LanguageResourceTest.java,org.apache.tika.server.core.LanguageResourceTest,LanguageResourceTest,9586,unit
tika,697d7c047daf1f661a4ed067bbc8f9c58bb6faa2,1,2026-01-07T07:46:39.000,0.0,false,CONCRETE_CLASS,4,0,0.0,false,13,0,4.359230036845368E-4,0,CONCRETE_CLASS,/data/tika/tika-parsers/tika-parsers-standard/tika-parsers-standard-modules/tika-parser-microsoft-module/src/main/java/org/apache/tika/parser/microsoft/ooxml/ParagraphProperties.java,tika-parsers/tika-parsers-standard/tika-parsers-standard-modules/tika-parser-microsoft-module/src/main/java/org/apache/tika/parser/microsoft/ooxml/ParagraphProperties.java,org.apache.tika.parser.microsoft.ooxml.ParagraphProperties,ParagraphProperties,13683,unit
tika,697d7c047daf1f661a4ed067bbc8f9c58bb6faa2,1,2026-01-07T07:46:39.000,0.0,false,CONCRETE_CLASS,5,4,0.0,false,19,0,4.2867789405066415E-4,0,CONCRETE_CLASS,/data/tika/tika-parsers/tika-parsers-standard/tika-parsers-standard-modules/tika-parser-microsoft-module/src/main/java/org/apache/tika/parser/microsoft/onenote/PropertySet.java,tika-parsers/tika-parsers-standard/tika-parsers-standard-modules/tika-parser-microsoft-module/src/main/java/org/apache/tika/parser/microsoft/onenote/PropertySet.java,org.apache.tika.parser.microsoft.onenote.PropertySet,PropertySet,5496,unit
tika,697d7c047daf1f661a4ed067bbc8f9c58bb6faa2,1,2026-01-07T07:46:39.000,0.0,false,CONCRETE_CLASS,0,1,0.0,false,7,0,1.8787557434076361E-4,0,CONCRETE_CLASS,/data/tika/tika-example/src/test/java/org/apache/tika/example/TextStatsFromTikaEvalTest.java,tika-example/src/test/java/org/apache/tika/example/TextStatsFromTikaEvalTest.java,org.apache.tika.example.TextStatsFromTikaEvalTest,TextStatsFromTikaEvalTest,17785,unit
tika,697d7c047daf1f661a4ed067bbc8f9c58bb6faa2,1,2026-01-07T07:46:39.000,0.0,false,CONCRETE_CLASS,0,4,0.0,false,118,0,1.8787557434076361E-4,0,CONCRETE_CLASS,/data/tika/tika-pipes/tika-pipes-plugins/tika-pipes-jdbc/src/test/java/org/apache/tika/pipes/iterator/jdbc/TestJDBCPipesIterator.java,tika-pipes/tika-pipes-plugins/tika-pipes-jdbc/src/test/java/org/apache/tika/pipes/iterator/jdbc/TestJDBCPipesIterator.java,org.apache.tika.pipes.iterator.jdbc.TestJDBCPipesIterator,TestJDBCPipesIterator,21881,unit
tika,697d7c047daf1f661a4ed067bbc8f9c58bb6faa2,1,2026-01-07T07:46:39.000,0.0,false,CONCRETE_CLASS,4,0,0.0,false,16,0,4.359230036845368E-4,0,CONCRETE_CLASS,/data/tika/tika-parsers/tika-parsers-standard/tika-parsers-standard-modules/tika-parser-microsoft-module/src/main/java/org/apache/tika/parser/microsoft/ooxml/RunProperties.java,tika-parsers/tika-parsers-standard/tika-parsers-standard-modules/tika-parser-microsoft-module/src/main/java/org/apache/tika/parser/microsoft/ooxml/RunProperties.java,org.apache.tika.parser.microsoft.ooxml.RunProperties,RunProperties,13691,unit
tika,697d7c047daf1f661a4ed067bbc8f9c58bb6faa2,1,2026-01-07T07:46:39.000,0.0,false,CONCRETE_CLASS,2,2,0.0,false,43,0,2.250044906638436E-4,0,CONCRETE_CLASS,/data/tika/tika-server/tika-server-core/src/main/java/org/apache/tika/server/core/resource/LanguageResource.java,tika-server/tika-server-core/src/main/java/org/apache/tika/server/core/resource/LanguageResource.java,org.apache.tika.server.core.resource.LanguageResource,LanguageResource,9596,unit
tika,697d7c047daf1f661a4ed067bbc8f9c58bb6faa2,1,2026-01-07T07:46:39.000,0.0,false,CONCRETE_CLASS,0,20,0.0,false,186,0,1.8787557434076361E-4,0,CONCRETE_CLASS,/data/tika/tika-parsers/tika-parsers-standard/tika-parsers-standard-modules/tika-parser-ocr-module/src/test/java/org/apache/tika/parser/ocr/TesseractOCRParserTest.java,tika-parsers/tika-parsers-standard/tika-parsers-standard-modules/tika-parser-ocr-module/src/test/java/org/apache/tika/parser/ocr/TesseractOCRParserTest.java,org.apache.tika.parser.ocr.TesseractOCRParserTest,TesseractOCRParserTest,1405,unit
tika,697d7c047daf1f661a4ed067bbc8f9c58bb6faa2,1,2026-01-07T07:46:39.000,0.0,false,CONCRETE_CLASS,0,3,0.0,false,55,0,1.8787557434076361E-4,0,CONCRETE_CLASS,/data/tika/tika-parsers/tika-parsers-standard/tika-parsers-standard-modules/tika-parser-microsoft-module/src/test/java/org/apache/tika/parser/microsoft/ooxml/TruncatedOOXMLTest.java,tika-parsers/tika-parsers-standard/tika-parsers-standard-modules/tika-parser-microsoft-module/src/test/java/org/apache/tika/parser/microsoft/ooxml/TruncatedOOXMLTest.java,org.apache.tika.parser.microsoft.ooxml.TruncatedOOXMLTest,TruncatedOOXMLTest,25983,unit
tika,697d7c047daf1f661a4ed067bbc8f9c58bb6faa2,1,2026-01-07T07:46:39.000,0.0,false,CONCRETE_CLASS,1,9,0.0,false,24,0,1.958673007490606E-4,0,CONCRETE_CLASS,/data/tika/tika-parsers/tika-parsers-standard/tika-parsers-standard-modules/tika-parser-image-module/src/main/java/org/apache/tika/parser/image/WebPParser.java,tika-parsers/tika-parsers-standard/tika-parsers-standard-modules/tika-parser-image-module/src/main/java/org/apache/tika/parser/image/WebPParser.java,org.apache.tika.parser.image.WebPParser,WebPParser,1411,unit
tika,697d7c047daf1f661a4ed067bbc8f9c58bb6faa2,1,2026-01-07T07:46:39.000,0.0,false,CONCRETE_CLASS,7,9,0.0,false,52,0,4.776140163340562E-4,0,CONCRETE_CLASS,/data/tika/tika-parsers/tika-parsers-standard/tika-parsers-standard-modules/tika-parser-microsoft-module/src/main/java/org/apache/tika/parser/microsoft/onenote/OneNoteDocument.java,tika-parsers/tika-parsers-standard/tika-parsers-standard-modules/tika-parser-microsoft-module/src/main/java/org/apache/tika/parser/microsoft/onenote/OneNoteDocument.java,org.apache.tika.parser.microsoft.onenote.OneNoteDocument,OneNoteDocument,5507,unit
tika,697d7c047daf1f661a4ed067bbc8f9c58bb6faa2,1,2026-01-07T07:46:39.000,0.0,false,CONCRETE_CLASS,0,2,0.0,false,57,0,1.8787557434076361E-4,0,CONCRETE_CLASS,/data/tika/tika-server/tika-server-core/src/test/java/org/apache/tika/server/core/ServerStatusTest.java,tika-server/tika-server-core/src/test/java/org/apache/tika/server/core/ServerStatusTest.java,org.apache.tika.server.core.ServerStatusTest,ServerStatusTest,9609,unit
tika,697d7c047daf1f661a4ed067bbc8f9c58bb6faa2,1,2026-01-07T07:46:39.000,0.0,false,CONCRETE_CLASS,7,4,0.0,false,11,0,5.141636032609748E-4,0,CONCRETE_CLASS,/data/tika/tika-parsers/tika-parsers-standard/tika-parsers-standard-modules/tika-parser-microsoft-module/src/main/java/org/apache/tika/parser/microsoft/onenote/FileNodePtr.java,tika-parsers/tika-parsers-standard/tika-parsers-standard-modules/tika-parser-microsoft-module/src/main/java/org/apache/tika/parser/microsoft/onenote/FileNodePtr.java,org.apache.tika.parser.microsoft.onenote.FileNodePtr,FileNodePtr,5517,unit
tika,697d7c047daf1f661a4ed067bbc8f9c58bb6faa2,1,2026-01-07T07:46:39.000,0.0,false,CONCRETE_CLASS,1,10,0.0,false,64,0,2.145146623684202E-4,0,CONCRETE_CLASS,/data/tika/tika-parsers/tika-parsers-extended/tika-parser-scientific-module/src/main/java/org/apache/tika/parser/grib/GribParser.java,tika-parsers/tika-parsers-extended/tika-parser-scientific-module/src/main/java/org/apache/tika/parser/grib/GribParser.java,org.apache.tika.parser.grib.GribParser,GribParser,21901,unit
tika,697d7c047daf1f661a4ed067bbc8f9c58bb6faa2,1,2026-01-07T07:46:39.000,0.0,false,CONCRETE_CLASS,3,1,0.0,false,12,0,0.0018955705538061002,0,CONCRETE_CLASS,/data/tika/tika-server/tika-server-core/src/main/java/org/apache/tika/server/core/TaskStatus.java,tika-server/tika-server-core/src/main/java/org/apache/tika/server/core/TaskStatus.java,org.apache.tika.server.core.TaskStatus,TaskStatus,9616,unit
tika,697d7c047daf1f661a4ed067bbc8f9c58bb6faa2,1,2026-01-07T07:46:39.000,0.0,false,CONCRETE_CLASS,2,10,0.0,false,79,0,2.2250638877671717E-4,0,CONCRETE_CLASS,/data/tika/tika-parsers/tika-parsers-standard/tika-parsers-standard-modules/tika-parser-image-module/src/main/java/org/apache/tika/parser/image/ICNSParser.java,tika-parsers/tika-parsers-standard/tika-parsers-standard-modules/tika-parser-image-module/src/main/java/org/apache/tika/parser/image/ICNSParser.java,org.apache.tika.parser.image.ICNSParser,ICNSParser,1426,unit
tika,697d7c047daf1f661a4ed067bbc8f9c58bb6faa2,1,2026-01-07T07:46:39.000,0.0,false,CONCRETE_CLASS,0,3,0.0,false,42,0,1.8787557434076361E-4,0,CONCRETE_CLASS,/data/tika/tika-eval/tika-eval-app/src/main/java/org/apache/tika/eval/app/TikaEvalCLI.java,tika-eval/tika-eval-app/src/main/java/org/apache/tika/eval/app/TikaEvalCLI.java,org.apache.tika.eval.app.TikaEvalCLI,TikaEvalCLI,13714,unit
tika,697d7c047daf1f661a4ed067bbc8f9c58bb6faa2,1,2026-01-07T07:46:39.000,0.0,false,CONCRETE_CLASS,3,12,0.0,false,309,0,2.4846239257975345E-4,0,CONCRETE_CLASS,/data/tika/tika-parsers/tika-parsers-standard/tika-parsers-standard-modules/tika-parser-microsoft-module/src/main/java/org/apache/tika/parser/microsoft/WordExtractor.java,tika-parsers/tika-parsers-standard/tika-parsers-standard-modules/tika-parser-microsoft-module/src/main/java/org/apache/tika/parser/microsoft/WordExtractor.java,org.apache.tika.parser.microsoft.WordExtractor,WordExtractor,26002,unit
tika,697d7c047daf1f661a4ed067bbc8f9c58bb6faa2,1,2026-01-07T07:46:39.000,0.0,false,CONCRETE_CLASS,0,0,0.0,false,8,0,1.8787557434076361E-4,0,CONCRETE_CLASS,/data/tika/tika-example/src/main/java/org/apache/tika/example/ZipListFiles.java,tika-example/src/main/java/org/apache/tika/example/ZipListFiles.java,org.apache.tika.example.ZipListFiles,ZipListFiles,17813,unit
tika,697d7c047daf1f661a4ed067bbc8f9c58bb6faa2,1,2026-01-07T07:46:39.000,0.0,false,CONCRETE_CLASS,1,20,0.0,false,201,0,2.4115375039607676E-4,0,CONCRETE_CLASS,/data/tika/tika-eval/tika-eval-app/src/main/java/org/apache/tika/eval/app/ExtractComparerRunner.java,tika-eval/tika-eval-app/src/main/java/org/apache/tika/eval/app/ExtractComparerRunner.java,org.apache.tika.eval.app.ExtractComparerRunner,ExtractComparerRunner,13720,unit
tika,697d7c047daf1f661a4ed067bbc8f9c58bb6faa2,1,2026-01-07T07:46:39.000,0.0,false,CONCRETE_CLASS,1,10,0.0,false,47,0,1.9718876940752445E-4,0,CONCRETE_CLASS,/data/tika/tika-parsers/tika-parsers-standard/tika-parsers-standard-modules/tika-parser-microsoft-module/src/main/java/org/apache/tika/parser/microsoft/onenote/fsshttpb/streamobj/basic/AlternativePackaging.java,tika-parsers/tika-parsers-standard/tika-parsers-standard-modules/tika-parser-microsoft-module/src/main/java/org/apache/tika/parser/microsoft/onenote/fsshttpb/streamobj/basic/AlternativePackaging.java,org.apache.tika.parser.microsoft.onenote.fsshttpb.streamobj.basic.AlternativePackaging,AlternativePackaging,5529,unit
tika,697d7c047daf1f661a4ed067bbc8f9c58bb6faa2,1,2026-01-07T07:46:39.000,0.0,false,CONCRETE_CLASS,1,11,0.0,false,99,0,1.958673007490606E-4,0,CONCRETE_CLASS,/data/tika/tika-parsers/tika-parsers-standard/tika-parsers-standard-modules/tika-parser-image-module/src/main/java/org/apache/tika/parser/image/BPGParser.java,tika-parsers/tika-parsers-standard/tika-parsers-standard-modules/tika-parser-image-module/src/main/java/org/apache/tika/parser/image/BPGParser.java,org.apache.tika.parser.image.BPGParser,BPGParser,1434,unit
tika,697d7c047daf1f661a4ed067bbc8f9c58bb6faa2,1,2026-01-07T07:46:39.000,0.0,false,CONCRETE_CLASS,1,0,0.0,false,8,0,2.607132376105094E-4,0,CONCRETE_CLASS,/data/tika/tika-server/tika-server-core/src/test/java/org/apache/tika/server/core/NullWebClientLogger.java,tika-server/tika-server-core/src/test/java/org/apache/tika/server/core/NullWebClientLogger.java,org.apache.tika.server.core.NullWebClientLogger,NullWebClientLogger,9627,unit
tika,697d7c047daf1f661a4ed067bbc8f9c58bb6faa2,1,2026-01-07T07:46:39.000,0.0,false,CONCRETE_CLASS,0,0,0.0,false,16,0,1.8787557434076361E-4,0,CONCRETE_CLASS,/data/tika/tika-pipes/tika-pipes-plugins/tika-pipes-json/src/main/java/org/apache/tika/pipes/plugin/JsonPipesPlugin.java,tika-pipes/tika-pipes-plugins/tika-pipes-json/src/main/java/org/apache/tika/pipes/plugin/JsonPipesPlugin.java,org.apache.tika.pipes.plugin.JsonPipesPlugin,JsonPipesPlugin,30107,unit
tika,697d7c047daf1f661a4ed067bbc8f9c58bb6faa2,1,2026-01-07T07:46:39.000,0.0,false,CONCRETE_CLASS,0,2,0.0,false,18,0,1.8787557434076361E-4,0,CONCRETE_CLASS,/data/tika/tika-example/src/main/java/org/apache/tika/example/MediaTypeExample.java,tika-example/src/main/java/org/apache/tika/example/MediaTypeExample.java,org.apache.tika.example.MediaTypeExample,MediaTypeExample,17822,unit
tika,697d7c047daf1f661a4ed067bbc8f9c58bb6faa2,1,2026-01-07T07:46:39.000,0.0,false,INTERFACE,0,0,0.0,false,269,0,1.8787557434076361E-4,0,INTERFACE,/data/tika/tika-parsers/tika-parsers-standard/tika-parsers-standard-modules/tika-parser-microsoft-module/src/main/java/org/apache/tika/parser/microsoft/ooxml/OOXMLWordAndPowerPointTextHandler.java,tika-parsers/tika-parsers-standard/tika-parsers-standard-modules/tika-parser-microsoft-module/src/main/java/org/apache/tika/parser/microsoft/ooxml/OOXMLWordAndPowerPointTextHandler.java,org.apache.tika.parser.microsoft.ooxml.OOXMLWordAndPowerPointTextHandler$XWPFBodyContentsHandler,XWPFBodyContentsHandler,26014,unit
tika,697d7c047daf1f661a4ed067bbc8f9c58bb6faa2,1,2026-01-07T07:46:39.000,0.0,false,CONCRETE_CLASS,3,19,0.0,false,179,0,2.833791682735168E-4,0,CONCRETE_CLASS,/data/tika/tika-eval/tika-eval-app/src/main/java/org/apache/tika/eval/app/ExtractProfileRunner.java,tika-eval/tika-eval-app/src/main/java/org/apache/tika/eval/app/ExtractProfileRunner.java,org.apache.tika.eval.app.ExtractProfileRunner,ExtractProfileRunner,13729,unit
tika,697d7c047daf1f661a4ed067bbc8f9c58bb6faa2,1,2026-01-07T07:46:39.000,0.0,false,CONCRETE_CLASS,1,10,0.0,false,28,0,1.958673007490606E-4,0,CONCRETE_CLASS,/data/tika/tika-parsers/tika-parsers-standard/tika-parsers-standard-modules/tika-parser-image-module/src/main/java/org/apache/tika/parser/image/TiffParser.java,tika-parsers/tika-parsers-standard/tika-parsers-standard-modules/tika-parser-image-module/src/main/java/org/apache/tika/parser/image/TiffParser.java,org.apache.tika.parser.image.TiffParser,TiffParser,1442,unit
tika,697d7c047daf1f661a4ed067bbc8f9c58bb6faa2,1,2026-01-07T07:46:39.000,0.0,false,CONCRETE_CLASS,0,6,0.0,false,20,0,1.8787557434076361E-4,0,CONCRETE_CLASS,/data/tika/tika-parsers/tika-parsers-extended/tika-parser-scientific-module/src/test/java/org/apache/tika/parser/grib/GribParserTest.java,tika-parsers/tika-parsers-extended/tika-parser-scientific-module/src/test/java/org/apache/tika/parser/grib/GribParserTest.java,org.apache.tika.parser.grib.GribParserTest,GribParserTest,21922,unit
tika,697d7c047daf1f661a4ed067bbc8f9c58bb6faa2,1,2026-01-07T07:46:39.000,0.0,false,CONCRETE_CLASS,3,2,0.0,false,160,0,2.494956059504089E-4,0,CONCRETE_CLASS,/data/tika/tika-parsers/tika-parsers-standard/tika-parsers-standard-modules/tika-parser-microsoft-module/src/main/java/org/apache/tika/parser/microsoft/onenote/OneNoteHeader.java,tika-parsers/tika-parsers-standard/tika-parsers-standard-modules/tika-parser-microsoft-module/src/main/java/org/apache/tika/parser/microsoft/onenote/OneNoteHeader.java,org.apache.tika.parser.microsoft.onenote.OneNoteHeader,OneNoteHeader,5539,unit
tika,697d7c047daf1f661a4ed067bbc8f9c58bb6faa2,1,2026-01-07T07:46:39.000,0.0,false,CONCRETE_CLASS,0,13,0.0,false,161,0,1.8787557434076361E-4,0,CONCRETE_CLASS,/data/tika/tika-server/tika-server-core/src/test/java/org/apache/tika/server/core/TikaServerPipesIntegrationTest.java,tika-server/tika-server-core/src/test/java/org/apache/tika/server/core/TikaServerPipesIntegrationTest.java,org.apache.tika.server.core.TikaServerPipesIntegrationTest,TikaServerPipesIntegrationTest,9636,unit
tika,697d7c047daf1f661a4ed067bbc8f9c58bb6faa2,1,2026-01-07T07:46:39.000,0.0,false,CONCRETE_CLASS,1,16,0.0,false,263,0,1.9494757890637393E-4,0,CONCRETE_CLASS,/data/tika/tika-parsers/tika-parsers-standard/tika-parsers-standard-modules/tika-parser-microsoft-module/src/main/java/org/apache/tika/parser/microsoft/ooxml/XWPFWordExtractorDecorator.java,tika-parsers/tika-parsers-standard/tika-parsers-standard-modules/tika-parser-microsoft-module/src/main/java/org/apache/tika/parser/microsoft/ooxml/XWPFWordExtractorDecorator.java,org.apache.tika.parser.microsoft.ooxml.XWPFWordExtractorDecorator,XWPFWordExtractorDecorator,26025,unit
tika,697d7c047daf1f661a4ed067bbc8f9c58bb6faa2,1,2026-01-07T07:46:39.000,0.0,false,CONCRETE_CLASS,2,16,0.0,false,121,0,2.136266927674983E-4,0,CONCRETE_CLASS,/data/tika/tika-parsers/tika-parsers-standard/tika-parsers-standard-modules/tika-parser-image-module/src/main/java/org/apache/tika/parser/image/PSDParser.java,tika-parsers/tika-parsers-standard/tika-parsers-standard-modules/tika-parser-image-module/src/main/java/org/apache/tika/parser/image/PSDParser.java,org.apache.tika.parser.image.PSDParser,PSDParser,1451,unit
tika,697d7c047daf1f661a4ed067bbc8f9c58bb6faa2,1,2026-01-07T07:46:39.000,0.0,false,CONCRETE_CLASS,4,1,0.0,false,35,0,2.4361537044708485E-4,0,CONCRETE_CLASS,/data/tika/tika-eval/tika-eval-app/src/main/java/org/apache/tika/eval/app/EvalFilePaths.java,tika-eval/tika-eval-app/src/main/java/org/apache/tika/eval/app/EvalFilePaths.java,org.apache.tika.eval.app.EvalFilePaths,EvalFilePaths,13740,unit
tika,697d7c047daf1f661a4ed067bbc8f9c58bb6faa2,1,2026-01-07T07:46:39.000,0.0,false,CONCRETE_CLASS,5,43,0.0,false,629,0,3.610896096077202E-4,0,CONCRETE_CLASS,/data/tika/tika-parsers/tika-parsers-standard/tika-parsers-standard-modules/tika-parser-microsoft-module/src/main/java/org/apache/tika/parser/microsoft/onenote/OneNotePtr.java,tika-parsers/tika-parsers-standard/tika-parsers-standard-modules/tika-parser-microsoft-module/src/main/java/org/apache/tika/parser/microsoft/onenote/OneNotePtr.java,org.apache.tika.parser.microsoft.onenote.OneNotePtr,OneNotePtr,5548,unit
tika,697d7c047daf1f661a4ed067bbc8f9c58bb6faa2,1,2026-01-07T07:46:39.000,0.0,false,CONCRETE_CLASS,2,20,0.0,false,201,0,2.1246550175090813E-4,0,CONCRETE_CLASS,/data/tika/tika-server/tika-server-core/src/test/java/org/apache/tika/server/core/TikaPipesTest.java,tika-server/tika-server-core/src/test/java/org/apache/tika/server/core/TikaPipesTest.java,org.apache.tika.server.core.TikaPipesTest,TikaPipesTest,9647,unit
tika,697d7c047daf1f661a4ed067bbc8f9c58bb6faa2,1,2026-01-07T07:46:39.000,0.0,false,CONCRETE_CLASS,1,12,0.0,false,106,0,2.2783420638224848E-4,0,CONCRETE_CLASS,/data/tika/tika-pipes/tika-pipes-plugins/tika-pipes-solr/src/main/java/org/apache/tika/pipes/iterator/solr/SolrPipesIterator.java,tika-pipes/tika-pipes-plugins/tika-pipes-solr/src/main/java/org/apache/tika/pipes/iterator/solr/SolrPipesIterator.java,org.apache.tika.pipes.iterator.solr.SolrPipesIterator,SolrPipesIterator,17840,unit
tika,697d7c047daf1f661a4ed067bbc8f9c58bb6faa2,1,2026-01-07T07:46:39.000,0.0,false,CONCRETE_CLASS,2,1,0.0,false,29,0,2.158575772421006E-4,0,CONCRETE_CLASS,/data/tika/tika-parsers/tika-parsers-standard/tika-parsers-standard-modules/tika-parser-microsoft-module/src/main/java/org/apache/tika/parser/microsoft/FormattingUtils.java,tika-parsers/tika-parsers-standard/tika-parsers-standard-modules/tika-parser-microsoft-module/src/main/java/org/apache/tika/parser/microsoft/FormattingUtils.java,org.apache.tika.parser.microsoft.FormattingUtils,FormattingUtils,26032,unit
tika,697d7c047daf1f661a4ed067bbc8f9c58bb6faa2,1,2026-01-07T07:46:39.000,0.0,false,CONCRETE_CLASS,2,9,0.0,false,96,0,2.1185075356565454E-4,0,CONCRETE_CLASS,/data/tika/tika-parsers/tika-parsers-standard/tika-parsers-standard-modules/tika-parser-image-module/src/main/java/org/apache/tika/parser/image/ImageParser.java,tika-parsers/tika-parsers-standard/tika-parsers-standard-modules/tika-parser-image-module/src/main/java/org/apache/tika/parser/image/ImageParser.java,org.apache.tika.parser.image.ImageParser,ImageParser,1459,unit
tika,697d7c047daf1f661a4ed067bbc8f9c58bb6faa2,1,2026-01-07T07:46:39.000,0.0,false,CONCRETE_CLASS,5,0,0.0,false,18,0,2.776096986343419E-4,0,CONCRETE_CLASS,/data/tika/tika-eval/tika-eval-core/src/main/java/org/apache/tika/eval/core/util/ContentTags.java,tika-eval/tika-eval-core/src/main/java/org/apache/tika/eval/core/util/ContentTags.java,org.apache.tika.eval.core.util.ContentTags,ContentTags,13748,unit
tika,697d7c047daf1f661a4ed067bbc8f9c58bb6faa2,1,2026-01-07T07:46:39.000,0.0,false,ABSTRACT_CLASS,4,0,0.0,false,4,0,0.003456772346642593,0,ABSTRACT_CLASS,/data/tika/tika-parsers/tika-parsers-standard/tika-parsers-standard-modules/tika-parser-microsoft-module/src/main/java/org/apache/tika/parser/microsoft/onenote/fsshttpb/unsigned/UNumber.java,tika-parsers/tika-parsers-standard/tika-parsers-standard-modules/tika-parser-microsoft-module/src/main/java/org/apache/tika/parser/microsoft/onenote/fsshttpb/unsigned/UNumber.java,org.apache.tika.parser.microsoft.onenote.fsshttpb.unsigned.UNumber,UNumber,21940,unit
tika,697d7c047daf1f661a4ed067bbc8f9c58bb6faa2,1,2026-01-07T07:46:39.000,0.0,false,CONCRETE_CLASS,10,2,0.0,false,33,0,0.001417577338074764,0,CONCRETE_CLASS,/data/tika/tika-parsers/tika-parsers-standard/tika-parsers-standard-modules/tika-parser-microsoft-module/src/main/java/org/apache/tika/parser/microsoft/onenote/ExtendedGUID.java,tika-parsers/tika-parsers-standard/tika-parsers-standard-modules/tika-parser-microsoft-module/src/main/java/org/apache/tika/parser/microsoft/onenote/ExtendedGUID.java,org.apache.tika.parser.microsoft.onenote.ExtendedGUID,ExtendedGUID,5557,unit
tika,697d7c047daf1f661a4ed067bbc8f9c58bb6faa2,1,2026-01-07T07:46:39.000,0.0,false,CONCRETE_CLASS,3,3,0.0,false,75,0,2.5682941916312855E-4,0,CONCRETE_CLASS,/data/tika/tika-server/tika-server-core/src/test/java/org/apache/tika/server/core/IntegrationTestBase.java,tika-server/tika-server-core/src/test/java/org/apache/tika/server/core/IntegrationTestBase.java,org.apache.tika.server.core.IntegrationTestBase,IntegrationTestBase,9656,unit
tika,697d7c047daf1f661a4ed067bbc8f9c58bb6faa2,1,2026-01-07T07:46:39.000,0.0,false,CONCRETE_CLASS,2,10,0.0,false,28,0,2.1039771240050962E-4,0,CONCRETE_CLASS,/data/tika/tika-parsers/tika-parsers-standard/tika-parsers-standard-modules/tika-parser-image-module/src/main/java/org/apache/tika/parser/image/JpegParser.java,tika-parsers/tika-parsers-standard/tika-parsers-standard-modules/tika-parser-image-module/src/main/java/org/apache/tika/parser/image/JpegParser.java,org.apache.tika.parser.image.JpegParser,JpegParser,1468,unit
tika,697d7c047daf1f661a4ed067bbc8f9c58bb6faa2,1,2026-01-07T07:46:39.000,0.0,false,CONCRETE_CLASS,6,1,0.0,false,47,0,7.307481496129284E-4,0,CONCRETE_CLASS,/data/tika/tika-eval/tika-eval-app/src/main/java/org/apache/tika/eval/app/db/ColInfo.java,tika-eval/tika-eval-app/src/main/java/org/apache/tika/eval/app/db/ColInfo.java,org.apache.tika.eval.app.db.ColInfo,ColInfo,13756,unit
tika,697d7c047daf1f661a4ed067bbc8f9c58bb6faa2,1,2026-01-07T07:46:39.000,0.0,false,CONCRETE_CLASS,1,2,0.0,false,92,0,2.0402860064953592E-4,0,CONCRETE_CLASS,/data/tika/tika-pipes/tika-pipes-plugins/tika-pipes-solr/src/main/java/org/apache/tika/pipes/iterator/solr/SolrPipesIteratorConfig.java,tika-pipes/tika-pipes-plugins/tika-pipes-solr/src/main/java/org/apache/tika/pipes/iterator/solr/SolrPipesIteratorConfig.java,org.apache.tika.pipes.iterator.solr.SolrPipesIteratorConfig,SolrPipesIteratorConfig,17853,unit
tika,697d7c047daf1f661a4ed067bbc8f9c58bb6faa2,1,2026-01-07T07:46:39.000,0.0,false,CONCRETE_CLASS,2,1,0.0,false,40,0,5.842156699624701E-4,0,CONCRETE_CLASS,/data/tika/tika-parsers/tika-parsers-standard/tika-parsers-standard-modules/tika-parser-microsoft-module/src/main/java/org/apache/tika/parser/microsoft/onenote/fsshttpb/unsigned/UShort.java,tika-parsers/tika-parsers-standard/tika-parsers-standard-modules/tika-parser-microsoft-module/src/main/java/org/apache/tika/parser/microsoft/onenote/fsshttpb/unsigned/UShort.java,org.apache.tika.parser.microsoft.onenote.fsshttpb.unsigned.UShort,UShort,21949,unit
tika,697d7c047daf1f661a4ed067bbc8f9c58bb6faa2,1,2026-01-07T07:46:39.000,0.0,false,CONCRETE_CLASS,4,12,0.0,false,133,0,2.787928828567565E-4,0,CONCRETE_CLASS,/data/tika/tika-parsers/tika-parsers-standard/tika-parsers-standard-modules/tika-parser-microsoft-module/src/main/java/org/apache/tika/parser/microsoft/EMFParser.java,tika-parsers/tika-parsers-standard/tika-parsers-standard-modules/tika-parser-microsoft-module/src/main/java/org/apache/tika/parser/microsoft/EMFParser.java,org.apache.tika.parser.microsoft.EMFParser,EMFParser,26048,unit
tika,697d7c047daf1f661a4ed067bbc8f9c58bb6faa2,1,2026-01-07T07:46:39.000,0.0,false,CONCRETE_CLASS,1,29,0.0,false,292,0,1.9718876940752445E-4,0,CONCRETE_CLASS,/data/tika/tika-parsers/tika-parsers-standard/tika-parsers-standard-modules/tika-parser-microsoft-module/src/main/java/org/apache/tika/parser/microsoft/onenote/OneNoteTreeWalker.java,tika-parsers/tika-parsers-standard/tika-parsers-standard-modules/tika-parser-microsoft-module/src/main/java/org/apache/tika/parser/microsoft/onenote/OneNoteTreeWalker.java,org.apache.tika.parser.microsoft.onenote.OneNoteTreeWalker,OneNoteTreeWalker,5569,unit
tika,697d7c047daf1f661a4ed067bbc8f9c58bb6faa2,1,2026-01-07T07:46:39.000,0.0,false,ABSTRACT_CLASS,6,33,0.0,false,381,0,4.6192235896170956E-4,0,ABSTRACT_CLASS,/data/tika/tika-eval/tika-eval-app/src/main/java/org/apache/tika/eval/app/ProfilerBase.java,tika-eval/tika-eval-app/src/main/java/org/apache/tika/eval/app/ProfilerBase.java,org.apache.tika.eval.app.ProfilerBase,ProfilerBase,13764,unit
tika,697d7c047daf1f661a4ed067bbc8f9c58bb6faa2,1,2026-01-07T07:46:39.000,0.0,false,CONCRETE_CLASS,1,7,0.0,false,23,0,1.958673007490606E-4,0,CONCRETE_CLASS,/data/tika/tika-parsers/tika-parsers-standard/tika-parsers-standard-modules/tika-parser-image-module/src/main/java/org/apache/tika/parser/image/HeifParser.java,tika-parsers/tika-parsers-standard/tika-parsers-standard-modules/tika-parser-image-module/src/main/java/org/apache/tika/parser/image/HeifParser.java,org.apache.tika.parser.image.HeifParser,HeifParser,1479,unit
tika,697d7c047daf1f661a4ed067bbc8f9c58bb6faa2,1,2026-01-07T07:46:39.000,0.0,false,CONCRETE_CLASS,1,5,0.0,false,236,0,2.607132376105094E-4,0,CONCRETE_CLASS,/data/tika/tika-server/tika-server-core/src/test/java/org/apache/tika/server/core/TikaServerIntegrationTest.java,tika-server/tika-server-core/src/test/java/org/apache/tika/server/core/TikaServerIntegrationTest.java,org.apache.tika.server.core.TikaServerIntegrationTest,TikaServerIntegrationTest,9676,unit
tika,697d7c047daf1f661a4ed067bbc8f9c58bb6faa2,1,2026-01-07T07:46:39.000,0.0,false,INTERFACE,7,2,0.0,false,8,0,3.4019388314053626E-4,0,INTERFACE,/data/tika/tika-eval/tika-eval-app/src/main/java/org/apache/tika/eval/app/io/IDBWriter.java,tika-eval/tika-eval-app/src/main/java/org/apache/tika/eval/app/io/IDBWriter.java,org.apache.tika.eval.app.io.IDBWriter,IDBWriter,13773,unit
tika,697d7c047daf1f661a4ed067bbc8f9c58bb6faa2,1,2026-01-07T07:46:39.000,0.0,false,CONCRETE_CLASS,2,1,0.0,false,74,0,5.842156699624701E-4,0,CONCRETE_CLASS,/data/tika/tika-parsers/tika-parsers-standard/tika-parsers-standard-modules/tika-parser-microsoft-module/src/main/java/org/apache/tika/parser/microsoft/onenote/fsshttpb/unsigned/ULong.java,tika-parsers/tika-parsers-standard/tika-parsers-standard-modules/tika-parser-microsoft-module/src/main/java/org/apache/tika/parser/microsoft/onenote/fsshttpb/unsigned/ULong.java,org.apache.tika.parser.microsoft.onenote.fsshttpb.unsigned.ULong,ULong,21969,unit
tika,697d7c047daf1f661a4ed067bbc8f9c58bb6faa2,1,2026-01-07T07:46:39.000,0.0,false,CONCRETE_CLASS,3,10,0.0,false,50,0,2.920025000044369E-4,0,CONCRETE_CLASS,/data/tika/tika-parsers/tika-parsers-standard/tika-parsers-standard-modules/tika-parser-microsoft-module/src/main/java/org/apache/tika/parser/microsoft/onenote/PropertyValue.java,tika-parsers/tika-parsers-standard/tika-parsers-standard-modules/tika-parser-microsoft-module/src/main/java/org/apache/tika/parser/microsoft/onenote/PropertyValue.java,org.apache.tika.parser.microsoft.onenote.PropertyValue,PropertyValue,5586,unit
tika,697d7c047daf1f661a4ed067bbc8f9c58bb6faa2,1,2026-01-07T07:46:39.000,0.0,false,CONCRETE_CLASS,2,16,0.0,false,311,0,2.1567913977110333E-4,0,CONCRETE_CLASS,/data/tika/tika-parsers/tika-parsers-standard/tika-parsers-standard-modules/tika-parser-microsoft-module/src/main/java/org/apache/tika/parser/microsoft/ooxml/XSSFExcelExtractorDecorator.java,tika-parsers/tika-parsers-standard/tika-parsers-standard-modules/tika-parser-microsoft-module/src/main/java/org/apache/tika/parser/microsoft/ooxml/XSSFExcelExtractorDecorator.java,org.apache.tika.parser.microsoft.ooxml.XSSFExcelExtractorDecorator,XSSFExcelExtractorDecorator,26066,unit
tika,697d7c047daf1f661a4ed067bbc8f9c58bb6faa2,1,2026-01-07T07:46:39.000,0.0,false,CONCRETE_CLASS,0,4,0.0,false,12,0,1.8787557434076361E-4,0,CONCRETE_CLASS,/data/tika/tika-pipes/tika-pipes-plugins/tika-pipes-solr/src/main/java/org/apache/tika/pipes/iterator/solr/SolrPipesIteratorFactory.java,tika-pipes/tika-pipes-plugins/tika-pipes-solr/src/main/java/org/apache/tika/pipes/iterator/solr/SolrPipesIteratorFactory.java,org.apache.tika.pipes.iterator.solr.SolrPipesIteratorFactory,SolrPipesIteratorFactory,17877,unit
tika,697d7c047daf1f661a4ed067bbc8f9c58bb6faa2,1,2026-01-07T07:46:39.000,0.0,false,CONCRETE_CLASS,7,0,0.0,false,28,0,6.881843372550823E-4,0,CONCRETE_CLASS,/data/tika/tika-core/src/main/java/org/apache/tika/utils/SystemUtils.java,tika-core/src/main/java/org/apache/tika/utils/SystemUtils.java,org.apache.tika.utils.SystemUtils,SystemUtils,1494,unit
tika,697d7c047daf1f661a4ed067bbc8f9c58bb6faa2,1,2026-01-07T07:46:39.000,0.0,false,CONCRETE_CLASS,6,9,0.0,false,115,0,2.9461155314220973E-4,0,CONCRETE_CLASS,/data/tika/tika-eval/tika-eval-app/src/main/java/org/apache/tika/eval/app/io/ExtractReader.java,tika-eval/tika-eval-app/src/main/java/org/apache/tika/eval/app/io/ExtractReader.java,org.apache.tika.eval.app.io.ExtractReader,ExtractReader,13782,unit
tika,697d7c047daf1f661a4ed067bbc8f9c58bb6faa2,1,2026-01-07T07:46:39.000,0.0,false,CONCRETE_CLASS,1,4,0.0,false,13,0,1.9934392925086253E-4,0,CONCRETE_CLASS,/data/tika/tika-parsers/tika-parsers-standard/tika-parsers-standard-modules/tika-parser-microsoft-module/src/main/java/org/apache/tika/parser/microsoft/ooxml/CommentPersonHandler.java,tika-parsers/tika-parsers-standard/tika-parsers-standard-modules/tika-parser-microsoft-module/src/main/java/org/apache/tika/parser/microsoft/ooxml/CommentPersonHandler.java,org.apache.tika.parser.microsoft.ooxml.CommentPersonHandler,CommentPersonHandler,26072,unit
tika,697d7c047daf1f661a4ed067bbc8f9c58bb6faa2,1,2026-01-07T07:46:39.000,0.0,false,CONCRETE_CLASS,0,6,0.0,false,49,0,1.8787557434076361E-4,0,CONCRETE_CLASS,/data/tika/tika-server/tika-server-core/src/test/java/org/apache/tika/server/core/TranslateResourceTest.java,tika-server/tika-server-core/src/test/java/org/apache/tika/server/core/TranslateResourceTest.java,org.apache.tika.server.core.TranslateResourceTest,TranslateResourceTest,9689,unit
tika,697d7c047daf1f661a4ed067bbc8f9c58bb6faa2,1,2026-01-07T07:46:39.000,0.0,false,CONCRETE_CLASS,3,1,0.0,false,81,0,6.057497270232082E-4,0,CONCRETE_CLASS,/data/tika/tika-parsers/tika-parsers-standard/tika-parsers-standard-modules/tika-parser-microsoft-module/src/main/java/org/apache/tika/parser/microsoft/onenote/fsshttpb/unsigned/UInteger.java,tika-parsers/tika-parsers-standard/tika-parsers-standard-modules/tika-parser-microsoft-module/src/main/java/org/apache/tika/parser/microsoft/onenote/fsshttpb/unsigned/UInteger.java,org.apache.tika.parser.microsoft.onenote.fsshttpb.unsigned.UInteger,UInteger,21977,unit
tika,697d7c047daf1f661a4ed067bbc8f9c58bb6faa2,1,2026-01-07T07:46:39.000,0.0,false,CONCRETE_CLASS,1,10,0.0,false,265,0,2.4115375039607676E-4,0,CONCRETE_CLASS,/data/tika/tika-parsers/tika-parsers-extended/tika-parser-scientific-module/src/main/java/org/apache/tika/parser/geoinfo/GeographicInformationParser.java,tika-parsers/tika-parsers-extended/tika-parser-scientific-module/src/main/java/org/apache/tika/parser/geoinfo/GeographicInformationParser.java,org.apache.tika.parser.geoinfo.GeographicInformationParser,GeographicInformationParser,30171,unit
tika,697d7c047daf1f661a4ed067bbc8f9c58bb6faa2,1,2026-01-07T07:46:39.000,0.0,false,CONCRETE_CLASS,2,3,0.0,false,22,0,2.4018241088364807E-4,0,CONCRETE_CLASS,/data/tika/tika-parsers/tika-parsers-standard/tika-parsers-standard-modules/tika-parser-microsoft-module/src/main/java/org/apache/tika/parser/microsoft/onenote/Revision.java,tika-parsers/tika-parsers-standard/tika-parsers-standard-modules/tika-parser-microsoft-module/src/main/java/org/apache/tika/parser/microsoft/onenote/Revision.java,org.apache.tika.parser.microsoft.onenote.Revision,Revision,5597,unit
tika,697d7c047daf1f661a4ed067bbc8f9c58bb6faa2,1,2026-01-07T07:46:39.000,0.0,false,CONCRETE_CLASS,7,0,0.0,false,9,0,2.944148358075844E-4,0,CONCRETE_CLASS,/data/tika/tika-eval/tika-eval-app/src/main/java/org/apache/tika/eval/app/io/ExtractReaderException.java,tika-eval/tika-eval-app/src/main/java/org/apache/tika/eval/app/io/ExtractReaderException.java,org.apache.tika.eval.app.io.ExtractReaderException,ExtractReaderException,13790,unit
tika,697d7c047daf1f661a4ed067bbc8f9c58bb6faa2,1,2026-01-07T07:46:39.000,0.0,false,CONCRETE_CLASS,1,1,0.0,false,61,0,2.216840508360915E-4,0,CONCRETE_CLASS,/data/tika/tika-parsers/tika-parsers-standard/tika-parsers-standard-modules/tika-parser-ocr-module/src/main/java/org/apache/tika/parser/ocr/tess4j/ImageDeskew.java,tika-parsers/tika-parsers-standard/tika-parsers-standard-modules/tika-parser-ocr-module/src/main/java/org/apache/tika/parser/ocr/tess4j/ImageDeskew.java,org.apache.tika.parser.ocr.tess4j.ImageDeskew,ImageDeskew,1503,unit
tika,697d7c047daf1f661a4ed067bbc8f9c58bb6faa2,1,2026-01-07T07:46:39.000,0.0,false,CONCRETE_CLASS,2,7,0.0,false,70,0,2.1967667305831227E-4,0,CONCRETE_CLASS,/data/tika/tika-server/tika-server-core/src/main/java/org/apache/tika/server/core/resource/TranslateResource.java,tika-server/tika-server-core/src/main/java/org/apache/tika/server/core/resource/TranslateResource.java,org.apache.tika.server.core.resource.TranslateResource,TranslateResource,9700,unit
tika,697d7c047daf1f661a4ed067bbc8f9c58bb6faa2,1,2026-01-07T07:46:39.000,0.0,false,CONCRETE_CLASS,0,4,0.0,false,9,0,1.8787557434076361E-4,0,CONCRETE_CLASS,/data/tika/tika-parsers/tika-parsers-standard/tika-parsers-standard-modules/tika-parser-microsoft-module/src/main/java/org/apache/tika/parser/microsoft/onenote/fsshttpb/unsigned/UMath.java,tika-parsers/tika-parsers-standard/tika-parsers-standard-modules/tika-parser-microsoft-module/src/main/java/org/apache/tika/parser/microsoft/onenote/fsshttpb/unsigned/UMath.java,org.apache.tika.parser.microsoft.onenote.fsshttpb.unsigned.UMath,UMath,21988,unit
tika,697d7c047daf1f661a4ed067bbc8f9c58bb6faa2,1,2026-01-07T07:46:39.000,0.0,false,CONCRETE_CLASS,6,2,0.0,false,49,0,0.0011979283433153174,0,CONCRETE_CLASS,/data/tika/tika-parsers/tika-parsers-standard/tika-parsers-standard-modules/tika-parser-microsoft-module/src/main/java/org/apache/tika/parser/microsoft/onenote/GUID.java,tika-parsers/tika-parsers-standard/tika-parsers-standard-modules/tika-parser-microsoft-module/src/main/java/org/apache/tika/parser/microsoft/onenote/GUID.java,org.apache.tika.parser.microsoft.onenote.GUID,GUID,5605,unit
tika,697d7c047daf1f661a4ed067bbc8f9c58bb6faa2,1,2026-01-07T07:46:39.000,0.0,false,CONCRETE_CLASS,2,1,0.0,false,18,0,2.102255776631782E-4,0,CONCRETE_CLASS,/data/tika/tika-parsers/tika-parsers-standard/tika-parsers-standard-modules/tika-parser-microsoft-module/src/main/java/org/apache/tika/parser/microsoft/TikaExcelDataFormatter.java,tika-parsers/tika-parsers-standard/tika-parsers-standard-modules/tika-parser-microsoft-module/src/main/java/org/apache/tika/parser/microsoft/TikaExcelDataFormatter.java,org.apache.tika.parser.microsoft.TikaExcelDataFormatter,TikaExcelDataFormatter,26086,unit
tika,697d7c047daf1f661a4ed067bbc8f9c58bb6faa2,1,2026-01-07T07:46:39.000,0.0,false,ENUM,14,0,0.0,false,13,0,0.0016519270381429318,0,ENUM,/data/tika/tika-eval/tika-eval-app/src/main/java/org/apache/tika/eval/app/db/Cols.java,tika-eval/tika-eval-app/src/main/java/org/apache/tika/eval/app/db/Cols.java,org.apache.tika.eval.app.db.Cols,Cols,13800,unit
tika,697d7c047daf1f661a4ed067bbc8f9c58bb6faa2,1,2026-01-07T07:46:39.000,0.0,false,CONCRETE_CLASS,0,7,0.0,false,94,0,1.8787557434076361E-4,0,CONCRETE_CLASS,/data/tika/tika-parsers/tika-parsers-standard/tika-parsers-standard-modules/tika-parser-microsoft-module/src/main/java/org/apache/tika/parser/microsoft/xml/SpreadsheetMLParser.java,tika-parsers/tika-parsers-standard/tika-parsers-standard-modules/tika-parser-microsoft-module/src/main/java/org/apache/tika/parser/microsoft/xml/SpreadsheetMLParser.java,org.apache.tika.parser.microsoft.xml.SpreadsheetMLParser,SpreadsheetMLParser,17899,unit
tika,697d7c047daf1f661a4ed067bbc8f9c58bb6faa2,1,2026-01-07T07:46:39.000,0.0,false,ENUM,0,0,0.0,false,3,0,1.8787557434076361E-4,0,ENUM,/data/tika/tika-parsers/tika-parsers-standard/tika-parsers-standard-modules/tika-parser-microsoft-module/src/main/java/org/apache/tika/parser/microsoft/onenote/Error.java,tika-parsers/tika-parsers-standard/tika-parsers-standard-modules/tika-parser-microsoft-module/src/main/java/org/apache/tika/parser/microsoft/onenote/Error.java,org.apache.tika.parser.microsoft.onenote.Error,Error,5616,unit
tika,697d7c047daf1f661a4ed067bbc8f9c58bb6faa2,1,2026-01-07T07:46:39.000,0.0,false,CONCRETE_CLASS,0,3,0.0,false,17,0,1.8787557434076361E-4,0,CONCRETE_CLASS,/data/tika/tika-parsers/tika-parsers-extended/tika-parser-scientific-module/src/test/java/org/apache/tika/parser/geoinfo/GeographicInformationParserTest.java,tika-parsers/tika-parsers-extended/tika-parser-scientific-module/src/test/java/org/apache/tika/parser/geoinfo/GeographicInformationParserTest.java,org.apache.tika.parser.geoinfo.GeographicInformationParserTest,GeographicInformationParserTest,30192,unit
tika,697d7c047daf1f661a4ed067bbc8f9c58bb6faa2,1,2026-01-07T07:46:39.000,0.0,false,CONCRETE_CLASS,5,10,0.0,false,48,0,2.3753664395949583E-4,0,CONCRETE_CLASS,/data/tika/tika-server/tika-server-core/src/main/java/org/apache/tika/server/core/FetcherStreamFactory.java,tika-server/tika-server-core/src/main/java/org/apache/tika/server/core/FetcherStreamFactory.java,org.apache.tika.server.core.FetcherStreamFactory,FetcherStreamFactory,9713,unit
tika,697d7c047daf1f661a4ed067bbc8f9c58bb6faa2,1,2026-01-07T07:46:39.000,0.0,false,CONCRETE_CLASS,0,1,0.0,false,13,0,1.8787557434076361E-4,0,CONCRETE_CLASS,/data/tika/tika-eval/tika-eval-app/src/test/java/org/apache/tika/eval/app/EvalConfigTest.java,tika-eval/tika-eval-app/src/test/java/org/apache/tika/eval/app/EvalConfigTest.java,org.apache.tika.eval.app.EvalConfigTest,EvalConfigTest,13813,unit
tika,697d7c047daf1f661a4ed067bbc8f9c58bb6faa2,1,2026-01-07T07:46:39.000,0.0,false,ABSTRACT_CLASS,3,17,0.0,false,80,0,3.096128510511553E-4,0,ABSTRACT_CLASS,/data/tika/tika-parsers/tika-parsers-standard/tika-parsers-standard-modules/tika-parser-microsoft-module/src/main/java/org/apache/tika/parser/microsoft/xml/AbstractXML2003Parser.java,tika-parsers/tika-parsers-standard/tika-parsers-standard-modules/tika-parser-microsoft-module/src/main/java/org/apache/tika/parser/microsoft/xml/AbstractXML2003Parser.java,org.apache.tika.parser.microsoft.xml.AbstractXML2003Parser,AbstractXML2003Parser,17911,unit
tika,697d7c047daf1f661a4ed067bbc8f9c58bb6faa2,1,2026-01-07T07:46:39.000,0.0,false,CONCRETE_CLASS,2,2,0.0,false,21,0,2.1544621666603716E-4,0,CONCRETE_CLASS,/data/tika/tika-parsers/tika-parsers-standard/tika-parsers-standard-modules/tika-parser-microsoft-module/src/main/java/org/apache/tika/parser/microsoft/onenote/ObjectDeclarationWithRefCount.java,tika-parsers/tika-parsers-standard/tika-parsers-standard-modules/tika-parser-microsoft-module/src/main/java/org/apache/tika/parser/microsoft/onenote/ObjectDeclarationWithRefCount.java,org.apache.tika.parser.microsoft.onenote.ObjectDeclarationWithRefCount,ObjectDeclarationWithRefCount,5625,unit
tika,697d7c047daf1f661a4ed067bbc8f9c58bb6faa2,1,2026-01-07T07:46:39.000,0.0,false,CONCRETE_CLASS,3,0,0.0,false,29,0,3.7065816191611013E-4,0,CONCRETE_CLASS,/data/tika/tika-eval/tika-eval-app/src/main/java/org/apache/tika/eval/app/EvalConfig.java,tika-eval/tika-eval-app/src/main/java/org/apache/tika/eval/app/EvalConfig.java,org.apache.tika.eval.app.EvalConfig,EvalConfig,13819,unit
tika,697d7c047daf1f661a4ed067bbc8f9c58bb6faa2,1,2026-01-07T07:46:39.000,0.0,false,CONCRETE_CLASS,0,13,0.0,false,90,0,1.8787557434076361E-4,0,CONCRETE_CLASS,/data/tika/tika-parsers/tika-parsers-standard/tika-parsers-standard-modules/tika-parser-code-module/src/test/java/org/apache/tika/parser/sas/SAS7BDATParserTest.java,tika-parsers/tika-parsers-standard/tika-parsers-standard-modules/tika-parser-code-module/src/test/java/org/apache/tika/parser/sas/SAS7BDATParserTest.java,org.apache.tika.parser.sas.SAS7BDATParserTest,SAS7BDATParserTest,1534,unit
tika,697d7c047daf1f661a4ed067bbc8f9c58bb6faa2,1,2026-01-07T07:46:39.000,0.0,false,CONCRETE_CLASS,2,2,0.0,false,21,0,2.8667195268322187E-4,0,CONCRETE_CLASS,/data/tika/tika-parsers/tika-parsers-standard/tika-parsers-standard-modules/tika-parser-microsoft-module/src/main/java/org/apache/tika/parser/microsoft/onenote/ObjectDeclarationWithRefCountBody.java,tika-parsers/tika-parsers-standard/tika-parsers-standard-modules/tika-parser-microsoft-module/src/main/java/org/apache/tika/parser/microsoft/onenote/ObjectDeclarationWithRefCountBody.java,org.apache.tika.parser.microsoft.onenote.ObjectDeclarationWithRefCountBody,ObjectDeclarationWithRefCountBody,5631,unit
tika,697d7c047daf1f661a4ed067bbc8f9c58bb6faa2,1,2026-01-07T07:46:39.000,0.0,false,CONCRETE_CLASS,0,9,0.0,false,94,0,1.8787557434076361E-4,0,CONCRETE_CLASS,/data/tika/tika-parsers/tika-parsers-standard/tika-parsers-standard-package/src/test/java/org/apache/tika/parser/microsoft/ooxml/OOXMLParserTest.java,tika-parsers/tika-parsers-standard/tika-parsers-standard-package/src/test/java/org/apache/tika/parser/microsoft/ooxml/OOXMLParserTest.java,org.apache.tika.parser.microsoft.ooxml.OOXMLParserTest,OOXMLParserTest,26114,unit
tika,697d7c047daf1f661a4ed067bbc8f9c58bb6faa2,1,2026-01-07T07:46:39.000,0.0,false,INTERFACE,4,1,0.0,false,57,0,2.624287826861025E-4,0,INTERFACE,/data/tika/tika-core/src/main/java/org/apache/tika/metadata/MachineMetadata.java,tika-core/src/main/java/org/apache/tika/metadata/MachineMetadata.java,org.apache.tika.metadata.MachineMetadata,MachineMetadata,1540,unit
tika,697d7c047daf1f661a4ed067bbc8f9c58bb6faa2,1,2026-01-07T07:46:39.000,0.0,false,CONCRETE_CLASS,1,2,0.0,false,37,0,2.011951183545919E-4,0,CONCRETE_CLASS,/data/tika/tika-parsers/tika-parsers-standard/tika-parsers-standard-modules/tika-parser-microsoft-module/src/main/java/org/apache/tika/parser/microsoft/xml/HyperlinkHandler.java,tika-parsers/tika-parsers-standard/tika-parsers-standard-modules/tika-parser-microsoft-module/src/main/java/org/apache/tika/parser/microsoft/xml/HyperlinkHandler.java,org.apache.tika.parser.microsoft.xml.HyperlinkHandler,HyperlinkHandler,17924,unit
tika,697d7c047daf1f661a4ed067bbc8f9c58bb6faa2,1,2026-01-07T07:46:39.000,0.0,false,CONCRETE_CLASS,2,11,0.0,false,63,0,2.677928384237333E-4,0,CONCRETE_CLASS,/data/tika/tika-pipes/tika-pipes-plugins/tika-pipes-kafka/src/main/java/org/apache/tika/pipes/iterator/kafka/KafkaPipesIterator.java,tika-pipes/tika-pipes-plugins/tika-pipes-kafka/src/main/java/org/apache/tika/pipes/iterator/kafka/KafkaPipesIterator.java,org.apache.tika.pipes.iterator.kafka.KafkaPipesIterator,KafkaPipesIterator,30213,unit
tika,697d7c047daf1f661a4ed067bbc8f9c58bb6faa2,1,2026-01-07T07:46:39.000,0.0,false,CONCRETE_CLASS,0,12,0.0,false,85,0,1.8787557434076361E-4,0,CONCRETE_CLASS,/data/tika/tika-server/tika-server-core/src/test/java/org/apache/tika/server/core/StackTraceOffTest.java,tika-server/tika-server-core/src/test/java/org/apache/tika/server/core/StackTraceOffTest.java,org.apache.tika.server.core.StackTraceOffTest,StackTraceOffTest,9734,unit
tika,697d7c047daf1f661a4ed067bbc8f9c58bb6faa2,1,2026-01-07T07:46:39.000,0.0,false,CONCRETE_CLASS,0,12,0.0,false,249,0,1.8787557434076361E-4,0,CONCRETE_CLASS,/data/tika/tika-eval/tika-eval-app/src/test/java/org/apache/tika/eval/app/SimpleComparerTest.java,tika-eval/tika-eval-app/src/test/java/org/apache/tika/eval/app/SimpleComparerTest.java,org.apache.tika.eval.app.SimpleComparerTest,SimpleComparerTest,13830,unit
tika,697d7c047daf1f661a4ed067bbc8f9c58bb6faa2,1,2026-01-07T07:46:39.000,0.0,false,CONCRETE_CLASS,0,4,0.0,false,188,0,1.8787557434076361E-4,0,CONCRETE_CLASS,/data/tika/tika-parsers/tika-parsers-standard/tika-parsers-standard-modules/tika-parser-microsoft-module/src/test/java/org/apache/tika/parser/microsoft/onenote/OneNoteParserTest.java,tika-parsers/tika-parsers-standard/tika-parsers-standard-modules/tika-parser-microsoft-module/src/test/java/org/apache/tika/parser/microsoft/onenote/OneNoteParserTest.java,org.apache.tika.parser.microsoft.onenote.OneNoteParserTest,OneNoteParserTest,5643,unit
tika,697d7c047daf1f661a4ed067bbc8f9c58bb6faa2,1,2026-01-07T07:46:39.000,0.0,false,CONCRETE_CLASS,0,8,0.0,false,38,0,1.8787557434076361E-4,0,CONCRETE_CLASS,/data/tika/tika-parsers/tika-parsers-standard/tika-parsers-standard-modules/tika-parser-microsoft-module/src/test/java/org/apache/tika/parser/microsoft/xml/XML2003ParserTest.java,tika-parsers/tika-parsers-standard/tika-parsers-standard-modules/tika-parser-microsoft-module/src/test/java/org/apache/tika/parser/microsoft/xml/XML2003ParserTest.java,org.apache.tika.parser.microsoft.xml.XML2003ParserTest,XML2003ParserTest,17935,unit
tika,697d7c047daf1f661a4ed067bbc8f9c58bb6faa2,1,2026-01-07T07:46:39.000,0.0,false,CONCRETE_CLASS,1,14,0.0,false,78,0,2.001705380458359E-4,0,CONCRETE_CLASS,/data/tika/tika-parsers/tika-parsers-standard/tika-parsers-standard-modules/tika-parser-code-module/src/main/java/org/apache/tika/parser/sas/SAS7BDATParser.java,tika-parsers/tika-parsers-standard/tika-parsers-standard-modules/tika-parser-code-module/src/main/java/org/apache/tika/parser/sas/SAS7BDATParser.java,org.apache.tika.parser.sas.SAS7BDATParser,SAS7BDATParser,1552,unit
tika,697d7c047daf1f661a4ed067bbc8f9c58bb6faa2,1,2026-01-07T07:46:39.000,0.0,false,CONCRETE_CLASS,10,14,0.0,false,111,0,3.631025332010904E-4,0,CONCRETE_CLASS,/data/tika/tika-server/tika-server-core/src/main/java/org/apache/tika/server/core/resource/RecursiveMetadataResource.java,tika-server/tika-server-core/src/main/java/org/apache/tika/server/core/resource/RecursiveMetadataResource.java,org.apache.tika.server.core.resource.RecursiveMetadataResource,RecursiveMetadataResource,9744,unit
tika,697d7c047daf1f661a4ed067bbc8f9c58bb6faa2,1,2026-01-07T07:46:39.000,0.0,false,CONCRETE_CLASS,1,3,0.0,false,27,0,2.011951183545919E-4,0,CONCRETE_CLASS,/data/tika/tika-eval/tika-eval-app/src/test/java/org/apache/tika/eval/app/MockDBWriter.java,tika-eval/tika-eval-app/src/test/java/org/apache/tika/eval/app/MockDBWriter.java,org.apache.tika.eval.app.MockDBWriter,MockDBWriter,13843,unit
tika,697d7c047daf1f661a4ed067bbc8f9c58bb6faa2,1,2026-01-07T07:46:39.000,0.0,false,CONCRETE_CLASS,1,2,0.0,false,54,0,2.0858812918118143E-4,0,CONCRETE_CLASS,/data/tika/tika-pipes/tika-pipes-plugins/tika-pipes-kafka/src/main/java/org/apache/tika/pipes/iterator/kafka/KafkaPipesIteratorConfig.java,tika-pipes/tika-pipes-plugins/tika-pipes-kafka/src/main/java/org/apache/tika/pipes/iterator/kafka/KafkaPipesIteratorConfig.java,org.apache.tika.pipes.iterator.kafka.KafkaPipesIteratorConfig,KafkaPipesIteratorConfig,30229,unit
tika,697d7c047daf1f661a4ed067bbc8f9c58bb6faa2,1,2026-01-07T07:46:39.000,0.0,false,ABSTRACT_CLASS,2,0,0.0,false,110,0,5.864615733696456E-4,0,ABSTRACT_CLASS,/data/tika/tika-parsers/tika-parsers-standard/tika-parsers-standard-modules/tika-parser-microsoft-module/src/main/java/org/apache/tika/parser/microsoft/AbstractListManager.java,tika-parsers/tika-parsers-standard/tika-parsers-standard-modules/tika-parser-microsoft-module/src/main/java/org/apache/tika/parser/microsoft/AbstractListManager.java,org.apache.tika.parser.microsoft.AbstractListManager,AbstractListManager,26134,unit
tika,697d7c047daf1f661a4ed067bbc8f9c58bb6faa2,1,2026-01-07T07:46:39.000,0.0,false,INTERFACE,5,2,0.0,false,6,0,2.777941880996394E-4,0,INTERFACE,/data/tika/tika-core/src/main/java/org/apache/tika/metadata/Database.java,tika-core/src/main/java/org/apache/tika/metadata/Database.java,org.apache.tika.metadata.Database,Database,1560,unit
tika,697d7c047daf1f661a4ed067bbc8f9c58bb6faa2,1,2026-01-07T07:46:39.000,0.0,false,CONCRETE_CLASS,6,17,0.0,false,184,0,3.453425867761665E-4,0,CONCRETE_CLASS,/data/tika/tika-server/tika-server-core/src/main/java/org/apache/tika/server/core/resource/UnpackerResource.java,tika-server/tika-server-core/src/main/java/org/apache/tika/server/core/resource/UnpackerResource.java,org.apache.tika.server.core.resource.UnpackerResource,UnpackerResource,9755,unit
tika,697d7c047daf1f661a4ed067bbc8f9c58bb6faa2,1,2026-01-07T07:46:39.000,0.0,false,CONCRETE_CLASS,3,0,0.0,false,119,0,2.428795338635115E-4,0,CONCRETE_CLASS,/data/tika/tika-parsers/tika-parsers-standard/tika-parsers-standard-modules/tika-parser-microsoft-module/src/main/java/org/apache/tika/parser/microsoft/onenote/FndStructureConstants.java,tika-parsers/tika-parsers-standard/tika-parsers-standard-modules/tika-parser-microsoft-module/src/main/java/org/apache/tika/parser/microsoft/onenote/FndStructureConstants.java,org.apache.tika.parser.microsoft.onenote.FndStructureConstants,FndStructureConstants,5665,unit
tika,697d7c047daf1f661a4ed067bbc8f9c58bb6faa2,1,2026-01-07T07:46:39.000,0.0,false,CONCRETE_CLASS,0,4,0.0,false,12,0,1.8787557434076361E-4,0,CONCRETE_CLASS,/data/tika/tika-pipes/tika-pipes-plugins/tika-pipes-kafka/src/main/java/org/apache/tika/pipes/iterator/kafka/KafkaPipesIteratorFactory.java,tika-pipes/tika-pipes-plugins/tika-pipes-kafka/src/main/java/org/apache/tika/pipes/iterator/kafka/KafkaPipesIteratorFactory.java,org.apache.tika.pipes.iterator.kafka.KafkaPipesIteratorFactory,KafkaPipesIteratorFactory,30242,unit
tika,697d7c047daf1f661a4ed067bbc8f9c58bb6faa2,1,2026-01-07T07:46:39.000,0.0,false,INTERFACE,9,1,0.0,false,2,0,2.9850624605442795E-4,0,INTERFACE,/data/tika/tika-core/src/main/java/org/apache/tika/metadata/PagedText.java,tika-core/src/main/java/org/apache/tika/metadata/PagedText.java,org.apache.tika.metadata.PagedText,PagedText,1572,unit
tika,697d7c047daf1f661a4ed067bbc8f9c58bb6faa2,1,2026-01-07T07:46:39.000,0.0,false,CONCRETE_CLASS,0,5,0.0,false,114,0,1.8787557434076361E-4,0,CONCRETE_CLASS,/data/tika/tika-eval/tika-eval-app/src/test/java/org/apache/tika/eval/app/ProfilerBatchTest.java,tika-eval/tika-eval-app/src/test/java/org/apache/tika/eval/app/ProfilerBatchTest.java,org.apache.tika.eval.app.ProfilerBatchTest,ProfilerBatchTest,13863,unit
tika,697d7c047daf1f661a4ed067bbc8f9c58bb6faa2,1,2026-01-07T07:46:39.000,0.0,false,INTERFACE,25,2,0.0,false,37,0,0.002983819911785948,0,INTERFACE,/data/tika/tika-core/src/main/java/org/apache/tika/metadata/OfficeOpenXMLExtended.java,tika-core/src/main/java/org/apache/tika/metadata/OfficeOpenXMLExtended.java,org.apache.tika.metadata.OfficeOpenXMLExtended,OfficeOpenXMLExtended,1580,unit
tika,697d7c047daf1f661a4ed067bbc8f9c58bb6faa2,1,2026-01-07T07:46:39.000,0.0,false,CONCRETE_CLASS,0,2,0.0,false,53,0,1.8787557434076361E-4,0,CONCRETE_CLASS,/data/tika/tika-server/tika-server-core/src/test/java/org/apache/tika/server/core/TikaMimeTypesTest.java,tika-server/tika-server-core/src/test/java/org/apache/tika/server/core/TikaMimeTypesTest.java,org.apache.tika.server.core.TikaMimeTypesTest,TikaMimeTypesTest,9774,unit
tika,697d7c047daf1f661a4ed067bbc8f9c58bb6faa2,1,2026-01-07T07:46:39.000,0.0,false,CONCRETE_CLASS,3,2,0.0,false,25,0,2.2565260898922256E-4,0,CONCRETE_CLASS,/data/tika/tika-parsers/tika-parsers-standard/tika-parsers-standard-modules/tika-parser-microsoft-module/src/main/java/org/apache/tika/parser/microsoft/onenote/OneNotePropertyId.java,tika-parsers/tika-parsers-standard/tika-parsers-standard-modules/tika-parser-microsoft-module/src/main/java/org/apache/tika/parser/microsoft/onenote/OneNotePropertyId.java,org.apache.tika.parser.microsoft.onenote.OneNotePropertyId,OneNotePropertyId,5681,unit
tika,697d7c047daf1f661a4ed067bbc8f9c58bb6faa2,1,2026-01-07T07:46:39.000,0.0,false,CONCRETE_CLASS,0,4,0.0,false,50,0,1.8787557434076361E-4,0,CONCRETE_CLASS,/data/tika/tika-pipes/tika-pipes-plugins/tika-pipes-kafka/src/test/java/org/apache/tika/pipes/iterator/kafka/TestKafkaPipesIterator.java,tika-pipes/tika-pipes-plugins/tika-pipes-kafka/src/test/java/org/apache/tika/pipes/iterator/kafka/TestKafkaPipesIterator.java,org.apache.tika.pipes.iterator.kafka.TestKafkaPipesIterator,TestKafkaPipesIterator,30257,unit
tika,697d7c047daf1f661a4ed067bbc8f9c58bb6faa2,1,2026-01-07T07:46:39.000,0.0,false,CONCRETE_CLASS,1,3,0.0,false,16,0,1.9494757890637393E-4,0,CONCRETE_CLASS,/data/tika/tika-parsers/tika-parsers-standard/tika-parsers-standard-modules/tika-parser-microsoft-module/src/main/java/org/apache/tika/parser/microsoft/ooxml/POIXMLTextExtractorDecorator.java,tika-parsers/tika-parsers-standard/tika-parsers-standard-modules/tika-parser-microsoft-module/src/main/java/org/apache/tika/parser/microsoft/ooxml/POIXMLTextExtractorDecorator.java,org.apache.tika.parser.microsoft.ooxml.POIXMLTextExtractorDecorator,POIXMLTextExtractorDecorator,26163,unit
tika,697d7c047daf1f661a4ed067bbc8f9c58bb6faa2,1,2026-01-07T07:46:39.000,0.0,false,CONCRETE_CLASS,3,11,0.0,false,237,0,3.5287211319659517E-4,0,CONCRETE_CLASS,/data/tika/tika-server/tika-server-core/src/main/java/org/apache/tika/server/core/resource/TikaMimeTypes.java,tika-server/tika-server-core/src/main/java/org/apache/tika/server/core/resource/TikaMimeTypes.java,org.apache.tika.server.core.resource.TikaMimeTypes,TikaMimeTypes,9781,unit
tika,697d7c047daf1f661a4ed067bbc8f9c58bb6faa2,1,2026-01-07T07:46:39.000,0.0,false,CONCRETE_CLASS,0,12,0.0,false,128,0,1.8787557434076361E-4,0,CONCRETE_CLASS,/data/tika/tika-parsers/tika-parsers-standard/tika-parsers-standard-modules/tika-parser-microsoft-module/src/main/java/org/apache/tika/parser/microsoft/xml/WordMLParser.java,tika-parsers/tika-parsers-standard/tika-parsers-standard-modules/tika-parser-microsoft-module/src/main/java/org/apache/tika/parser/microsoft/xml/WordMLParser.java,org.apache.tika.parser.microsoft.xml.WordMLParser,WordMLParser,17976,unit
tika,697d7c047daf1f661a4ed067bbc8f9c58bb6faa2,1,2026-01-07T07:46:39.000,0.0,false,CONCRETE_CLASS,2,0,0.0,false,4,0,2.547952993103836E-4,0,CONCRETE_CLASS,/data/tika/tika-parsers/tika-parsers-standard/tika-parsers-standard-modules/tika-parser-microsoft-module/src/main/java/org/apache/tika/parser/microsoft/onenote/IndentUtil.java,tika-parsers/tika-parsers-standard/tika-parsers-standard-modules/tika-parser-microsoft-module/src/main/java/org/apache/tika/parser/microsoft/onenote/IndentUtil.java,org.apache.tika.parser.microsoft.onenote.IndentUtil,IndentUtil,5689,unit
tika,697d7c047daf1f661a4ed067bbc8f9c58bb6faa2,1,2026-01-07T07:46:39.000,0.0,false,CONCRETE_CLASS,1,3,0.0,false,20,0,2.0465156442708168E-4,0,CONCRETE_CLASS,/data/tika/tika-parsers/tika-parsers-standard/tika-parsers-standard-modules/tika-parser-microsoft-module/src/main/java/org/apache/tika/parser/microsoft/onenote/fsshttpb/streamobj/basic/AdapterHelper.java,tika-parsers/tika-parsers-standard/tika-parsers-standard-modules/tika-parser-microsoft-module/src/main/java/org/apache/tika/parser/microsoft/onenote/fsshttpb/streamobj/basic/AdapterHelper.java,org.apache.tika.parser.microsoft.onenote.fsshttpb.streamobj.basic.AdapterHelper,AdapterHelper,22074,unit
tika,697d7c047daf1f661a4ed067bbc8f9c58bb6faa2,1,2026-01-07T07:46:39.000,0.0,false,CONCRETE_CLASS,2,1,0.0,false,19,0,2.41521112725546E-4,0,CONCRETE_CLASS,/data/tika/tika-eval/tika-eval-core/src/main/java/org/apache/tika/eval/core/tokens/ContrastStatistics.java,tika-eval/tika-eval-core/src/main/java/org/apache/tika/eval/core/tokens/ContrastStatistics.java,org.apache.tika.eval.core.tokens.ContrastStatistics,ContrastStatistics,13884,unit
tika,697d7c047daf1f661a4ed067bbc8f9c58bb6faa2,1,2026-01-07T07:46:39.000,0.0,false,CONCRETE_CLASS,0,9,0.0,false,123,0,1.8787557434076361E-4,0,CONCRETE_CLASS,/data/tika/tika-parsers/tika-parsers-standard/tika-parsers-standard-modules/tika-parser-microsoft-module/src/test/java/org/apache/tika/parser/microsoft/ooxml/OOXMLContainerExtractionTest.java,tika-parsers/tika-parsers-standard/tika-parsers-standard-modules/tika-parser-microsoft-module/src/test/java/org/apache/tika/parser/microsoft/ooxml/OOXMLContainerExtractionTest.java,org.apache.tika.parser.microsoft.ooxml.OOXMLContainerExtractionTest,OOXMLContainerExtractionTest,26177,unit
tika,697d7c047daf1f661a4ed067bbc8f9c58bb6faa2,1,2026-01-07T07:46:39.000,0.0,false,INTERFACE,1,2,0.0,false,3,0,1.930375850306557E-4,0,INTERFACE,/data/tika/tika-server/tika-server-core/src/main/java/org/apache/tika/server/core/ServerStatusResource.java,tika-server/tika-server-core/src/main/java/org/apache/tika/server/core/ServerStatusResource.java,org.apache.tika.server.core.ServerStatusResource,ServerStatusResource,9794,unit
tika,697d7c047daf1f661a4ed067bbc8f9c58bb6faa2,1,2026-01-07T07:46:39.000,0.0,false,CONCRETE_CLASS,1,0,0.0,false,7,0,1.9502138477386113E-4,0,CONCRETE_CLASS,/data/tika/tika-parsers/tika-parsers-standard/tika-parsers-standard-modules/tika-parser-microsoft-module/src/main/java/org/apache/tika/parser/microsoft/onenote/ObjectStreamCounters.java,tika-parsers/tika-parsers-standard/tika-parsers-standard-modules/tika-parser-microsoft-module/src/main/java/org/apache/tika/parser/microsoft/onenote/ObjectStreamCounters.java,org.apache.tika.parser.microsoft.onenote.ObjectStreamCounters,ObjectStreamCounters,5701,unit
tika,697d7c047daf1f661a4ed067bbc8f9c58bb6faa2,1,2026-01-07T07:46:39.000,0.0,false,CONCRETE_CLASS,2,0,0.0,false,3,0,2.1971931408299537E-4,0,CONCRETE_CLASS,/data/tika/tika-parsers/tika-parsers-standard/tika-parsers-standard-modules/tika-parser-microsoft-module/src/main/java/org/apache/tika/parser/microsoft/onenote/fsshttpb/streamobj/basic/ZipHeader.java,tika-parsers/tika-parsers-standard/tika-parsers-standard-modules/tika-parser-microsoft-module/src/main/java/org/apache/tika/parser/microsoft/onenote/fsshttpb/streamobj/basic/ZipHeader.java,org.apache.tika.parser.microsoft.onenote.fsshttpb.streamobj.basic.ZipHeader,ZipHeader,22086,unit
tika,697d7c047daf1f661a4ed067bbc8f9c58bb6faa2,1,2026-01-07T07:46:39.000,0.0,false,INTERFACE,3,0,0.0,false,1,0,3.0938497274531E-4,0,INTERFACE,/data/tika/tika-server/tika-server-core/src/main/java/org/apache/tika/server/core/resource/TikaServerResource.java,tika-server/tika-server-core/src/main/java/org/apache/tika/server/core/resource/TikaServerResource.java,org.apache.tika.server.core.resource.TikaServerResource,TikaServerResource,9801,unit
tika,697d7c047daf1f661a4ed067bbc8f9c58bb6faa2,1,2026-01-07T07:46:39.000,0.0,false,CONCRETE_CLASS,1,4,0.0,false,72,0,1.9916144723802675E-4,0,CONCRETE_CLASS,/data/tika/tika-eval/tika-eval-core/src/main/java/org/apache/tika/eval/core/tokens/TokenContraster.java,tika-eval/tika-eval-core/src/main/java/org/apache/tika/eval/core/tokens/TokenContraster.java,org.apache.tika.eval.core.tokens.TokenContraster,TokenContraster,13900,unit
tika,697d7c047daf1f661a4ed067bbc8f9c58bb6faa2,1,2026-01-07T07:46:39.000,0.0,false,ABSTRACT_CLASS,3,5,0.0,false,37,0,2.498968356974615E-4,0,ABSTRACT_CLASS,/data/tika/tika-parsers/tika-parsers-standard/tika-parsers-standard-modules/tika-parser-microsoft-module/src/test/java/org/apache/tika/parser/microsoft/AbstractPOIContainerExtractionTest.java,tika-parsers/tika-parsers-standard/tika-parsers-standard-modules/tika-parser-microsoft-module/src/test/java/org/apache/tika/parser/microsoft/AbstractPOIContainerExtractionTest.java,org.apache.tika.parser.microsoft.AbstractPOIContainerExtractionTest,AbstractPOIContainerExtractionTest,26189,unit
tika,697d7c047daf1f661a4ed067bbc8f9c58bb6faa2,1,2026-01-07T07:46:39.000,0.0,false,CONCRETE_CLASS,3,2,0.0,false,15,0,4.8246587143871574E-4,0,CONCRETE_CLASS,/data/tika/tika-parsers/tika-parsers-standard/tika-parsers-standard-modules/tika-parser-microsoft-module/src/main/java/org/apache/tika/parser/microsoft/onenote/fsshttpb/streamobj/basic/CompactID.java,tika-parsers/tika-parsers-standard/tika-parsers-standard-modules/tika-parser-microsoft-module/src/main/java/org/apache/tika/parser/microsoft/onenote/fsshttpb/streamobj/basic/CompactID.java,org.apache.tika.parser.microsoft.onenote.fsshttpb.streamobj.basic.CompactID,CompactID,22095,unit
tika,697d7c047daf1f661a4ed067bbc8f9c58bb6faa2,1,2026-01-07T07:46:39.000,0.0,false,CONCRETE_CLASS,1,10,0.0,false,58,0,2.1070907836446924E-4,0,CONCRETE_CLASS,/data/tika/tika-parsers/tika-parsers-extended/tika-parser-scientific-module/src/main/java/org/apache/tika/parser/isatab/ISArchiveParser.java,tika-parsers/tika-parsers-extended/tika-parser-scientific-module/src/main/java/org/apache/tika/parser/isatab/ISArchiveParser.java,org.apache.tika.parser.isatab.ISArchiveParser,ISArchiveParser,1619,unit
tika,697d7c047daf1f661a4ed067bbc8f9c58bb6faa2,1,2026-01-07T07:46:39.000,0.0,false,CONCRETE_CLASS,10,0,0.0,false,22,0,0.0014362735162363478,0,CONCRETE_CLASS,/data/tika/tika-eval/tika-eval-core/src/main/java/org/apache/tika/eval/core/tokens/TokenIntPair.java,tika-eval/tika-eval-core/src/main/java/org/apache/tika/eval/core/tokens/TokenIntPair.java,org.apache.tika.eval.core.tokens.TokenIntPair,TokenIntPair,13908,unit
tika,697d7c047daf1f661a4ed067bbc8f9c58bb6faa2,1,2026-01-07T07:46:39.000,0.0,false,CONCRETE_CLASS,3,0,0.0,false,5,0,2.575195415879916E-4,0,CONCRETE_CLASS,/data/tika/tika-parsers/tika-parsers-standard/tika-parsers-standard-modules/tika-parser-microsoft-module/src/main/java/org/apache/tika/parser/microsoft/onenote/RevisionRoleDeclaration.java,tika-parsers/tika-parsers-standard/tika-parsers-standard-modules/tika-parser-microsoft-module/src/main/java/org/apache/tika/parser/microsoft/onenote/RevisionRoleDeclaration.java,org.apache.tika.parser.microsoft.onenote.RevisionRoleDeclaration,RevisionRoleDeclaration,5717,unit
tika,697d7c047daf1f661a4ed067bbc8f9c58bb6faa2,1,2026-01-07T07:46:39.000,0.0,false,CONCRETE_CLASS,2,1,0.0,false,9,0,2.000143157676803E-4,0,CONCRETE_CLASS,/data/tika/tika-parsers/tika-parsers-standard/tika-parsers-standard-modules/tika-parser-pdf-module/src/main/java/org/apache/tika/parser/pdf/updates/IncrementalUpdateRecord.java,tika-parsers/tika-parsers-standard/tika-parsers-standard-modules/tika-parser-pdf-module/src/main/java/org/apache/tika/parser/pdf/updates/IncrementalUpdateRecord.java,org.apache.tika.parser.pdf.updates.IncrementalUpdateRecord,IncrementalUpdateRecord,18006,unit
tika,697d7c047daf1f661a4ed067bbc8f9c58bb6faa2,1,2026-01-07T07:46:39.000,0.0,false,CONCRETE_CLASS,5,0,0.0,false,16,0,5.727212672778128E-4,0,CONCRETE_CLASS,/data/tika/tika-parsers/tika-parsers-standard/tika-parsers-standard-modules/tika-parser-pdf-module/src/main/java/org/apache/tika/parser/pdf/updates/StartXRefOffset.java,tika-parsers/tika-parsers-standard/tika-parsers-standard-modules/tika-parser-pdf-module/src/main/java/org/apache/tika/parser/pdf/updates/StartXRefOffset.java,org.apache.tika.parser.pdf.updates.StartXRefOffset,StartXRefOffset,18012,unit
tika,697d7c047daf1f661a4ed067bbc8f9c58bb6faa2,1,2026-01-07T07:46:39.000,0.0,false,CONCRETE_CLASS,4,0,0.0,false,18,0,3.342279717652726E-4,0,CONCRETE_CLASS,/data/tika/tika-server/tika-server-core/src/main/java/org/apache/tika/server/core/HTMLHelper.java,tika-server/tika-server-core/src/main/java/org/apache/tika/server/core/HTMLHelper.java,org.apache.tika.server.core.HTMLHelper,HTMLHelper,9824,unit
tika,697d7c047daf1f661a4ed067bbc8f9c58bb6faa2,1,2026-01-07T07:46:39.000,0.0,false,CONCRETE_CLASS,4,1,0.0,false,16,0,3.0268056769777854E-4,0,CONCRETE_CLASS,/data/tika/tika-parsers/tika-parsers-standard/tika-parsers-standard-modules/tika-parser-microsoft-module/src/main/java/org/apache/tika/parser/microsoft/onenote/RevisionManifest.java,tika-parsers/tika-parsers-standard/tika-parsers-standard-modules/tika-parser-microsoft-module/src/main/java/org/apache/tika/parser/microsoft/onenote/RevisionManifest.java,org.apache.tika.parser.microsoft.onenote.RevisionManifest,RevisionManifest,5729,unit
tika,697d7c047daf1f661a4ed067bbc8f9c58bb6faa2,1,2026-01-07T07:46:39.000,0.0,false,CONCRETE_CLASS,1,8,0.0,false,108,0,2.0580198644531918E-4,0,CONCRETE_CLASS,/data/tika/tika-parsers/tika-parsers-extended/tika-parser-scientific-module/src/main/java/org/apache/tika/parser/isatab/ISATabUtils.java,tika-parsers/tika-parsers-extended/tika-parser-scientific-module/src/main/java/org/apache/tika/parser/isatab/ISATabUtils.java,org.apache.tika.parser.isatab.ISATabUtils,ISATabUtils,1634,unit
tika,697d7c047daf1f661a4ed067bbc8f9c58bb6faa2,1,2026-01-07T07:46:39.000,0.0,false,CONCRETE_CLASS,0,7,0.0,false,60,0,1.8787557434076361E-4,0,CONCRETE_CLASS,/data/tika/tika-parsers/tika-parsers-standard/tika-parsers-standard-package/src/test/java/org/apache/tika/parser/microsoft/ooxml/SXWPFExtractorTest.java,tika-parsers/tika-parsers-standard/tika-parsers-standard-package/src/test/java/org/apache/tika/parser/microsoft/ooxml/SXWPFExtractorTest.java,org.apache.tika.parser.microsoft.ooxml.SXWPFExtractorTest,SXWPFExtractorTest,26211,unit
tika,697d7c047daf1f661a4ed067bbc8f9c58bb6faa2,1,2026-01-07T07:46:39.000,0.0,false,CONCRETE_CLASS,2,0,0.0,false,2,0,2.000143157676803E-4,0,CONCRETE_CLASS,/data/tika/tika-parsers/tika-parsers-standard/tika-parsers-standard-modules/tika-parser-pdf-module/src/main/java/org/apache/tika/parser/pdf/updates/IsIncrementalUpdate.java,tika-parsers/tika-parsers-standard/tika-parsers-standard-modules/tika-parser-pdf-module/src/main/java/org/apache/tika/parser/pdf/updates/IsIncrementalUpdate.java,org.apache.tika.parser.pdf.updates.IsIncrementalUpdate,IsIncrementalUpdate,18023,unit
tika,697d7c047daf1f661a4ed067bbc8f9c58bb6faa2,1,2026-01-07T07:46:39.000,0.0,false,CONCRETE_CLASS,0,2,0.0,false,167,0,1.8787557434076361E-4,0,CONCRETE_CLASS,/data/tika/tika-eval/tika-eval-app/src/test/java/org/apache/tika/eval/app/TikaEvalCLITest.java,tika-eval/tika-eval-app/src/test/java/org/apache/tika/eval/app/TikaEvalCLITest.java,org.apache.tika.eval.app.TikaEvalCLITest,TikaEvalCLITest,13929,unit
tika,697d7c047daf1f661a4ed067bbc8f9c58bb6faa2,1,2026-01-07T07:46:39.000,0.0,false,CONCRETE_CLASS,4,12,0.0,false,60,0,2.880405599732984E-4,0,CONCRETE_CLASS,/data/tika/tika-parsers/tika-parsers-standard/tika-parsers-standard-modules/tika-parser-microsoft-module/src/main/java/org/apache/tika/parser/microsoft/onenote/FileNodeUnion.java,tika-parsers/tika-parsers-standard/tika-parsers-standard-modules/tika-parser-microsoft-module/src/main/java/org/apache/tika/parser/microsoft/onenote/FileNodeUnion.java,org.apache.tika.parser.microsoft.onenote.FileNodeUnion,FileNodeUnion,5739,unit
tika,697d7c047daf1f661a4ed067bbc8f9c58bb6faa2,1,2026-01-07T07:46:39.000,0.0,false,CONCRETE_CLASS,2,3,0.0,false,32,0,0.0014184894590587899,0,CONCRETE_CLASS,/data/tika/tika-server/tika-server-core/src/main/java/org/apache/tika/server/core/ServerStatusWatcher.java,tika-server/tika-server-core/src/main/java/org/apache/tika/server/core/ServerStatusWatcher.java,org.apache.tika.server.core.ServerStatusWatcher,ServerStatusWatcher,9838,unit
tika,697d7c047daf1f661a4ed067bbc8f9c58bb6faa2,1,2026-01-07T07:46:39.000,0.0,false,CONCRETE_CLASS,4,3,0.0,false,9,0,3.4374994306160046E-4,0,CONCRETE_CLASS,/data/tika/tika-core/src/main/java/org/apache/tika/detect/DefaultEncodingDetector.java,tika-core/src/main/java/org/apache/tika/detect/DefaultEncodingDetector.java,org.apache.tika.detect.DefaultEncodingDetector,DefaultEncodingDetector,1647,unit
tika,697d7c047daf1f661a4ed067bbc8f9c58bb6faa2,1,2026-01-07T07:46:39.000,0.0,false,CONCRETE_CLASS,2,1,0.0,false,74,0,2.1458479436359108E-4,0,CONCRETE_CLASS,/data/tika/tika-parsers/tika-parsers-standard/tika-parsers-standard-modules/tika-parser-pdf-module/src/main/java/org/apache/tika/parser/pdf/updates/StartXRefScanner.java,tika-parsers/tika-parsers-standard/tika-parsers-standard-modules/tika-parser-pdf-module/src/main/java/org/apache/tika/parser/pdf/updates/StartXRefScanner.java,org.apache.tika.parser.pdf.updates.StartXRefScanner,StartXRefScanner,18035,unit
tika,697d7c047daf1f661a4ed067bbc8f9c58bb6faa2,1,2026-01-07T07:46:39.000,0.0,false,CONCRETE_CLASS,0,12,0.0,false,321,0,1.8787557434076361E-4,0,CONCRETE_CLASS,/data/tika/tika-parsers/tika-parsers-standard/tika-parsers-standard-modules/tika-parser-microsoft-module/src/test/java/org/apache/tika/parser/microsoft/ooxml/SXSLFExtractorTest.java,tika-parsers/tika-parsers-standard/tika-parsers-standard-modules/tika-parser-microsoft-module/src/test/java/org/apache/tika/parser/microsoft/ooxml/SXSLFExtractorTest.java,org.apache.tika.parser.microsoft.ooxml.SXSLFExtractorTest,SXSLFExtractorTest,26229,unit
tika,697d7c047daf1f661a4ed067bbc8f9c58bb6faa2,1,2026-01-07T07:46:39.000,0.0,false,CONCRETE_CLASS,7,4,0.0,false,112,0,8.606047372001849E-4,0,CONCRETE_CLASS,/data/tika/tika-server/tika-server-core/src/main/java/org/apache/tika/server/core/TikaServerConfig.java,tika-server/tika-server-core/src/main/java/org/apache/tika/server/core/TikaServerConfig.java,org.apache.tika.server.core.TikaServerConfig,TikaServerConfig,9846,unit
tika,697d7c047daf1f661a4ed067bbc8f9c58bb6faa2,1,2026-01-07T07:46:39.000,0.0,false,CONCRETE_CLASS,8,10,0.0,false,51,0,4.8032368907969484E-4,0,CONCRETE_CLASS,/data/tika/tika-core/src/main/java/org/apache/tika/detect/AutoDetectReader.java,tika-core/src/main/java/org/apache/tika/detect/AutoDetectReader.java,org.apache.tika.detect.AutoDetectReader,AutoDetectReader,1657,unit
tika,697d7c047daf1f661a4ed067bbc8f9c58bb6faa2,1,2026-01-07T07:46:39.000,0.0,false,CONCRETE_CLASS,2,0,0.0,false,9,0,2.1544621666603716E-4,0,CONCRETE_CLASS,/data/tika/tika-parsers/tika-parsers-standard/tika-parsers-standard-modules/tika-parser-microsoft-module/src/main/java/org/apache/tika/parser/microsoft/onenote/GlobalIdTableEntry2FNDX.java,tika-parsers/tika-parsers-standard/tika-parsers-standard-modules/tika-parser-microsoft-module/src/main/java/org/apache/tika/parser/microsoft/onenote/GlobalIdTableEntry2FNDX.java,org.apache.tika.parser.microsoft.onenote.GlobalIdTableEntry2FNDX,GlobalIdTableEntry2FNDX,5753,unit
tika,697d7c047daf1f661a4ed067bbc8f9c58bb6faa2,1,2026-01-07T07:46:39.000,0.0,false,CONCRETE_CLASS,2,6,0.0,false,66,0,2.108236337501707E-4,0,CONCRETE_CLASS,/data/tika/tika-eval/tika-eval-app/src/main/java/org/apache/tika/eval/app/io/DBWriter.java,tika-eval/tika-eval-app/src/main/java/org/apache/tika/eval/app/io/DBWriter.java,org.apache.tika.eval.app.io.DBWriter,DBWriter,13947,unit
tika,697d7c047daf1f661a4ed067bbc8f9c58bb6faa2,1,2026-01-07T07:46:39.000,0.0,false,ENUM,0,0,0.0,false,12,0,1.8787557434076361E-4,0,ENUM,/data/tika/tika-parsers/tika-parsers-standard/tika-parsers-standard-modules/tika-parser-microsoft-module/src/main/java/org/apache/tika/parser/microsoft/onenote/fsshttpb/streamobj/basic/RequestTypes.java,tika-parsers/tika-parsers-standard/tika-parsers-standard-modules/tika-parser-microsoft-module/src/main/java/org/apache/tika/parser/microsoft/onenote/fsshttpb/streamobj/basic/RequestTypes.java,org.apache.tika.parser.microsoft.onenote.fsshttpb.streamobj.basic.RequestTypes,RequestTypes,22143,unit
tika,697d7c047daf1f661a4ed067bbc8f9c58bb6faa2,1,2026-01-07T07:46:39.000,0.0,false,CONCRETE_CLASS,0,4,0.0,false,63,0,1.8787557434076361E-4,0,CONCRETE_CLASS,/data/tika/tika-eval/tika-eval-app/src/test/java/org/apache/tika/eval/app/io/ExtractReaderTest.java,tika-eval/tika-eval-app/src/test/java/org/apache/tika/eval/app/io/ExtractReaderTest.java,org.apache.tika.eval.app.io.ExtractReaderTest,ExtractReaderTest,18048,unit
tika,697d7c047daf1f661a4ed067bbc8f9c58bb6faa2,1,2026-01-07T07:46:39.000,0.0,false,CONCRETE_CLASS,2,2,0.0,false,21,0,2.1544621666603716E-4,0,CONCRETE_CLASS,/data/tika/tika-parsers/tika-parsers-standard/tika-parsers-standard-modules/tika-parser-microsoft-module/src/main/java/org/apache/tika/parser/microsoft/onenote/ObjectRevisionWithRefCountFNDX.java,tika-parsers/tika-parsers-standard/tika-parsers-standard-modules/tika-parser-microsoft-module/src/main/java/org/apache/tika/parser/microsoft/onenote/ObjectRevisionWithRefCountFNDX.java,org.apache.tika.parser.microsoft.onenote.ObjectRevisionWithRefCountFNDX,ObjectRevisionWithRefCountFNDX,5762,unit
tika,697d7c047daf1f661a4ed067bbc8f9c58bb6faa2,1,2026-01-07T07:46:39.000,0.0,false,CONCRETE_CLASS,3,14,0.0,false,106,0,2.5078226579165557E-4,0,CONCRETE_CLASS,/data/tika/tika-pipes/tika-pipes-plugins/tika-pipes-file-system/src/main/java/org/apache/tika/pipes/iterator/fs/FileSystemPipesIterator.java,tika-pipes/tika-pipes-plugins/tika-pipes-file-system/src/main/java/org/apache/tika/pipes/iterator/fs/FileSystemPipesIterator.java,org.apache.tika.pipes.iterator.fs.FileSystemPipesIterator,FileSystemPipesIterator,13955,unit
tika,697d7c047daf1f661a4ed067bbc8f9c58bb6faa2,1,2026-01-07T07:46:39.000,0.0,false,INTERFACE,28,4,0.0,false,10,0,0.001072388913199115,0,INTERFACE,/data/tika/tika-core/src/main/java/org/apache/tika/detect/EncodingDetector.java,tika-core/src/main/java/org/apache/tika/detect/EncodingDetector.java,org.apache.tika.detect.EncodingDetector,EncodingDetector,1667,unit
tika,697d7c047daf1f661a4ed067bbc8f9c58bb6faa2,1,2026-01-07T07:46:39.000,0.0,false,CONCRETE_CLASS,3,2,0.0,false,10,0,2.2123104083373303E-4,0,CONCRETE_CLASS,/data/tika/tika-parsers/tika-parsers-standard/tika-parsers-standard-modules/tika-parser-microsoft-module/src/main/java/org/apache/tika/parser/microsoft/onenote/RootObjectReference.java,tika-parsers/tika-parsers-standard/tika-parsers-standard-modules/tika-parser-microsoft-module/src/main/java/org/apache/tika/parser/microsoft/onenote/RootObjectReference.java,org.apache.tika.parser.microsoft.onenote.RootObjectReference,RootObjectReference,5770,unit
tika,697d7c047daf1f661a4ed067bbc8f9c58bb6faa2,1,2026-01-07T07:46:39.000,0.0,false,CONCRETE_CLASS,1,16,0.0,false,124,0,1.9494757890637393E-4,0,CONCRETE_CLASS,/data/tika/tika-parsers/tika-parsers-standard/tika-parsers-standard-modules/tika-parser-microsoft-module/src/main/java/org/apache/tika/parser/microsoft/ooxml/SXWPFWordExtractorDecorator.java,tika-parsers/tika-parsers-standard/tika-parsers-standard-modules/tika-parser-microsoft-module/src/main/java/org/apache/tika/parser/microsoft/ooxml/SXWPFWordExtractorDecorator.java,org.apache.tika.parser.microsoft.ooxml.SXWPFWordExtractorDecorator,SXWPFWordExtractorDecorator,26252,unit
tika,697d7c047daf1f661a4ed067bbc8f9c58bb6faa2,1,2026-01-07T07:46:39.000,0.0,false,CONCRETE_CLASS,0,4,0.0,false,60,0,1.8787557434076361E-4,0,CONCRETE_CLASS,/data/tika/tika-server/tika-server-core/src/test/java/org/apache/tika/server/core/TikaServerConfigTest.java,tika-server/tika-server-core/src/test/java/org/apache/tika/server/core/TikaServerConfigTest.java,org.apache.tika.server.core.TikaServerConfigTest,TikaServerConfigTest,9870,unit
tika,697d7c047daf1f661a4ed067bbc8f9c58bb6faa2,1,2026-01-07T07:46:39.000,0.0,false,CONCRETE_CLASS,0,7,0.0,false,33,0,1.8787557434076361E-4,0,CONCRETE_CLASS,/data/tika/tika-parsers/tika-parsers-extended/tika-parser-scientific-module/src/test/java/org/apache/tika/parser/isatab/ISArchiveParserTest.java,tika-parsers/tika-parsers-extended/tika-parser-scientific-module/src/test/java/org/apache/tika/parser/isatab/ISArchiveParserTest.java,org.apache.tika.parser.isatab.ISArchiveParserTest,ISArchiveParserTest,1679,unit
tika,697d7c047daf1f661a4ed067bbc8f9c58bb6faa2,1,2026-01-07T07:46:39.000,0.0,false,CONCRETE_CLASS,2,1,0.0,false,9,0,2.1544621666603716E-4,0,CONCRETE_CLASS,/data/tika/tika-parsers/tika-parsers-standard/tika-parsers-standard-modules/tika-parser-microsoft-module/src/main/java/org/apache/tika/parser/microsoft/onenote/GlobalIdTableEntryFNDX.java,tika-parsers/tika-parsers-standard/tika-parsers-standard-modules/tika-parser-microsoft-module/src/main/java/org/apache/tika/parser/microsoft/onenote/GlobalIdTableEntryFNDX.java,org.apache.tika.parser.microsoft.onenote.GlobalIdTableEntryFNDX,GlobalIdTableEntryFNDX,5778,unit
tika,697d7c047daf1f661a4ed067bbc8f9c58bb6faa2,1,2026-01-07T07:46:39.000,0.0,false,CONCRETE_CLASS,3,2,0.0,false,44,0,4.1606538664857933E-4,0,CONCRETE_CLASS,/data/tika/tika-server/tika-server-core/src/main/java/org/apache/tika/server/core/TlsConfig.java,tika-server/tika-server-core/src/main/java/org/apache/tika/server/core/TlsConfig.java,org.apache.tika.server.core.TlsConfig,TlsConfig,9878,unit
tika,697d7c047daf1f661a4ed067bbc8f9c58bb6faa2,1,2026-01-07T07:46:39.000,0.0,false,CONCRETE_CLASS,2,2,0.0,false,48,0,2.108236337501707E-4,0,CONCRETE_CLASS,/data/tika/tika-eval/tika-eval-app/src/main/java/org/apache/tika/eval/app/StatusReporter.java,tika-eval/tika-eval-app/src/main/java/org/apache/tika/eval/app/StatusReporter.java,org.apache.tika.eval.app.StatusReporter,StatusReporter,13974,unit
tika,697d7c047daf1f661a4ed067bbc8f9c58bb6faa2,1,2026-01-07T07:46:39.000,0.0,false,CONCRETE_CLASS,2,0,0.0,false,6,0,2.875292754691408E-4,0,CONCRETE_CLASS,/data/tika/tika-pipes/tika-pipes-plugins/tika-pipes-opensearch/src/main/java/org/apache/tika/pipes/reporter/opensearch/HttpClientConfig.java,tika-pipes/tika-pipes-plugins/tika-pipes-opensearch/src/main/java/org/apache/tika/pipes/reporter/opensearch/HttpClientConfig.java,org.apache.tika.pipes.reporter.opensearch.HttpClientConfig,HttpClientConfig,30358,unit
tika,697d7c047daf1f661a4ed067bbc8f9c58bb6faa2,1,2026-01-07T07:46:39.000,0.0,false,CONCRETE_CLASS,2,0,0.0,false,5,0,2.1544621666603716E-4,0,CONCRETE_CLASS,/data/tika/tika-parsers/tika-parsers-standard/tika-parsers-standard-modules/tika-parser-microsoft-module/src/main/java/org/apache/tika/parser/microsoft/onenote/GlobalIdTableStartFNDX.java,tika-parsers/tika-parsers-standard/tika-parsers-standard-modules/tika-parser-microsoft-module/src/main/java/org/apache/tika/parser/microsoft/onenote/GlobalIdTableStartFNDX.java,org.apache.tika.parser.microsoft.onenote.GlobalIdTableStartFNDX,GlobalIdTableStartFNDX,5786,unit
tika,697d7c047daf1f661a4ed067bbc8f9c58bb6faa2,1,2026-01-07T07:46:39.000,0.0,false,CONCRETE_CLASS,1,14,0.0,false,66,0,2.2783420638224848E-4,0,CONCRETE_CLASS,/data/tika/tika-pipes/tika-pipes-plugins/tika-pipes-opensearch/src/main/java/org/apache/tika/pipes/reporter/opensearch/OpenSearchPipesReporter.java,tika-pipes/tika-pipes-plugins/tika-pipes-opensearch/src/main/java/org/apache/tika/pipes/reporter/opensearch/OpenSearchPipesReporter.java,org.apache.tika.pipes.reporter.opensearch.OpenSearchPipesReporter,OpenSearchPipesReporter,30367,unit
tika,697d7c047daf1f661a4ed067bbc8f9c58bb6faa2,1,2026-01-07T07:46:39.000,0.0,false,CONCRETE_CLASS,3,7,0.0,false,57,0,2.4071747859947146E-4,0,CONCRETE_CLASS,/data/tika/tika-eval/tika-eval-app/src/main/java/org/apache/tika/eval/app/db/MimeBuffer.java,tika-eval/tika-eval-app/src/main/java/org/apache/tika/eval/app/db/MimeBuffer.java,org.apache.tika.eval.app.db.MimeBuffer,MimeBuffer,13985,unit
tika,697d7c047daf1f661a4ed067bbc8f9c58bb6faa2,1,2026-01-07T07:46:39.000,0.0,false,CONCRETE_CLASS,2,1,0.0,false,5,0,2.1544621666603716E-4,0,CONCRETE_CLASS,/data/tika/tika-parsers/tika-parsers-standard/tika-parsers-standard-modules/tika-parser-microsoft-module/src/main/java/org/apache/tika/parser/microsoft/onenote/ObjectInfoDependencyOverrides.java,tika-parsers/tika-parsers-standard/tika-parsers-standard-modules/tika-parser-microsoft-module/src/main/java/org/apache/tika/parser/microsoft/onenote/ObjectInfoDependencyOverrides.java,org.apache.tika.parser.microsoft.onenote.ObjectInfoDependencyOverrides,ObjectInfoDependencyOverrides,5794,unit
tika,697d7c047daf1f661a4ed067bbc8f9c58bb6faa2,1,2026-01-07T07:46:39.000,0.0,false,CONCRETE_CLASS,1,10,0.0,false,191,0,1.9494757890637393E-4,0,CONCRETE_CLASS,/data/tika/tika-parsers/tika-parsers-standard/tika-parsers-standard-modules/tika-parser-microsoft-module/src/main/java/org/apache/tika/parser/microsoft/ooxml/XSLFPowerPointExtractorDecorator.java,tika-parsers/tika-parsers-standard/tika-parsers-standard-modules/tika-parser-microsoft-module/src/main/java/org/apache/tika/parser/microsoft/ooxml/XSLFPowerPointExtractorDecorator.java,org.apache.tika.parser.microsoft.ooxml.XSLFPowerPointExtractorDecorator,XSLFPowerPointExtractorDecorator,26279,unit
tika,697d7c047daf1f661a4ed067bbc8f9c58bb6faa2,1,2026-01-07T07:46:39.000,0.0,false,CONCRETE_CLASS,0,7,0.0,false,33,0,1.8787557434076361E-4,0,CONCRETE_CLASS,/data/tika/tika-parsers/tika-parsers-standard/tika-parsers-standard-modules/tika-parser-code-module/src/test/java/org/apache/tika/parser/mat/MatParserTest.java,tika-parsers/tika-parsers-standard/tika-parsers-standard-modules/tika-parser-code-module/src/test/java/org/apache/tika/parser/mat/MatParserTest.java,org.apache.tika.parser.mat.MatParserTest,MatParserTest,1704,unit
tika,697d7c047daf1f661a4ed067bbc8f9c58bb6faa2,1,2026-01-07T07:46:39.000,0.0,false,CONCRETE_CLASS,3,11,0.0,false,70,0,2.096866882942185E-4,0,CONCRETE_CLASS,/data/tika/tika-server/tika-server-core/src/main/java/org/apache/tika/server/core/resource/PipesResource.java,tika-server/tika-server-core/src/main/java/org/apache/tika/server/core/resource/PipesResource.java,org.apache.tika.server.core.resource.PipesResource,PipesResource,9900,unit
tika,697d7c047daf1f661a4ed067bbc8f9c58bb6faa2,1,2026-01-07T07:46:39.000,0.0,false,CONCRETE_CLASS,0,2,0.0,false,52,0,1.8787557434076361E-4,0,CONCRETE_CLASS,/data/tika/tika-eval/tika-eval-app/src/test/java/org/apache/tika/eval/app/AnalyzerManagerTest.java,tika-eval/tika-eval-app/src/test/java/org/apache/tika/eval/app/AnalyzerManagerTest.java,org.apache.tika.eval.app.AnalyzerManagerTest,AnalyzerManagerTest,13997,unit
tika,697d7c047daf1f661a4ed067bbc8f9c58bb6faa2,1,2026-01-07T07:46:39.000,0.0,false,CONCRETE_CLASS,1,4,0.0,false,76,0,2.0172102546256844E-4,0,CONCRETE_CLASS,/data/tika/tika-pipes/tika-pipes-plugins/tika-pipes-opensearch/src/main/java/org/apache/tika/pipes/reporter/opensearch/OpenSearchClient.java,tika-pipes/tika-pipes-plugins/tika-pipes-opensearch/src/main/java/org/apache/tika/pipes/reporter/opensearch/OpenSearchClient.java,org.apache.tika.pipes.reporter.opensearch.OpenSearchClient,OpenSearchClient,30382,unit
tika,697d7c047daf1f661a4ed067bbc8f9c58bb6faa2,1,2026-01-07T07:46:39.000,0.0,false,CONCRETE_CLASS,13,1,0.0,false,93,0,0.0011944927498321225,0,CONCRETE_CLASS,/data/tika/tika-core/src/main/java/org/apache/tika/sax/ToXMLContentHandler.java,tika-core/src/main/java/org/apache/tika/sax/ToXMLContentHandler.java,org.apache.tika.sax.ToXMLContentHandler,ToXMLContentHandler,1715,unit
tika,697d7c047daf1f661a4ed067bbc8f9c58bb6faa2,1,2026-01-07T07:46:39.000,0.0,false,CONCRETE_CLASS,2,0,0.0,false,29,0,3.0490396586491206E-4,0,CONCRETE_CLASS,/data/tika/tika-eval/tika-eval-core/src/main/java/org/apache/tika/eval/core/tokens/AlphaIdeographFilterFactory.java,tika-eval/tika-eval-core/src/main/java/org/apache/tika/eval/core/tokens/AlphaIdeographFilterFactory.java,org.apache.tika.eval.core.tokens.AlphaIdeographFilterFactory,AlphaIdeographFilterFactory,14003,unit
tika,697d7c047daf1f661a4ed067bbc8f9c58bb6faa2,1,2026-01-07T07:46:39.000,0.0,false,INTERFACE,1,0,0.0,false,4,0,0.0026143802035979327,0,INTERFACE,/data/tika/tika-core/src/main/java/org/apache/tika/metadata/CreativeCommons.java,tika-core/src/main/java/org/apache/tika/metadata/CreativeCommons.java,org.apache.tika.metadata.CreativeCommons,CreativeCommons,22195,unit
tika,697d7c047daf1f661a4ed067bbc8f9c58bb6faa2,1,2026-01-07T07:46:39.000,0.0,false,CONCRETE_CLASS,0,4,0.0,false,48,0,1.8787557434076361E-4,0,CONCRETE_CLASS,/data/tika/tika-parsers/tika-parsers-standard/tika-parsers-standard-modules/tika-parser-html-module/src/test/java/org/apache/tika/parser/html/HtmlEncodingDetectorTest.java,tika-parsers/tika-parsers-standard/tika-parsers-standard-modules/tika-parser-html-module/src/test/java/org/apache/tika/parser/html/HtmlEncodingDetectorTest.java,org.apache.tika.parser.html.HtmlEncodingDetectorTest,HtmlEncodingDetectorTest,18101,unit
tika,697d7c047daf1f661a4ed067bbc8f9c58bb6faa2,1,2026-01-07T07:46:39.000,0.0,false,CONCRETE_CLASS,1,2,0.0,false,12,0,2.0172102546256844E-4,0,CONCRETE_CLASS,/data/tika/tika-pipes/tika-pipes-plugins/tika-pipes-opensearch/src/main/java/org/apache/tika/pipes/reporter/opensearch/OpenSearchReporterConfig.java,tika-pipes/tika-pipes-plugins/tika-pipes-opensearch/src/main/java/org/apache/tika/pipes/reporter/opensearch/OpenSearchReporterConfig.java,org.apache.tika.pipes.reporter.opensearch.OpenSearchReporterConfig,OpenSearchReporterConfig,30391,unit
tika,697d7c047daf1f661a4ed067bbc8f9c58bb6faa2,1,2026-01-07T07:46:39.000,0.0,false,CONCRETE_CLASS,1,8,0.0,false,56,0,2.1070907836446924E-4,0,CONCRETE_CLASS,/data/tika/tika-parsers/tika-parsers-standard/tika-parsers-standard-modules/tika-parser-code-module/src/main/java/org/apache/tika/parser/mat/MatParser.java,tika-parsers/tika-parsers-standard/tika-parsers-standard-modules/tika-parser-code-module/src/main/java/org/apache/tika/parser/mat/MatParser.java,org.apache.tika.parser.mat.MatParser,MatParser,1723,unit
tika,697d7c047daf1f661a4ed067bbc8f9c58bb6faa2,1,2026-01-07T07:46:39.000,0.0,false,CONCRETE_CLASS,1,0,0.0,false,11,0,1.9502138477386113E-4,0,CONCRETE_CLASS,/data/tika/tika-parsers/tika-parsers-standard/tika-parsers-standard-modules/tika-parser-microsoft-module/src/main/java/org/apache/tika/parser/microsoft/onenote/Int24.java,tika-parsers/tika-parsers-standard/tika-parsers-standard-modules/tika-parser-microsoft-module/src/main/java/org/apache/tika/parser/microsoft/onenote/Int24.java,org.apache.tika.parser.microsoft.onenote.Int24,Int24,5819,unit
tika,697d7c047daf1f661a4ed067bbc8f9c58bb6faa2,1,2026-01-07T07:46:39.000,0.0,false,CONCRETE_CLASS,3,8,0.0,false,71,0,2.435041421187228E-4,0,CONCRETE_CLASS,/data/tika/tika-parsers/tika-parsers-standard/tika-parsers-standard-modules/tika-parser-html-module/src/main/java/org/apache/tika/parser/html/HtmlEncodingDetector.java,tika-parsers/tika-parsers-standard/tika-parsers-standard-modules/tika-parser-html-module/src/main/java/org/apache/tika/parser/html/HtmlEncodingDetector.java,org.apache.tika.parser.html.HtmlEncodingDetector,HtmlEncodingDetector,18110,unit
tika,697d7c047daf1f661a4ed067bbc8f9c58bb6faa2,1,2026-01-07T07:46:39.000,0.0,false,CONCRETE_CLASS,1,25,0.0,false,135,0,2.0781156351091888E-4,0,CONCRETE_CLASS,/data/tika/tika-parsers/tika-parsers-standard/tika-parsers-standard-modules/tika-parser-microsoft-module/src/main/java/org/apache/tika/parser/microsoft/ooxml/OOXMLExtractorFactory.java,tika-parsers/tika-parsers-standard/tika-parsers-standard-modules/tika-parser-microsoft-module/src/main/java/org/apache/tika/parser/microsoft/ooxml/OOXMLExtractorFactory.java,org.apache.tika.parser.microsoft.ooxml.OOXMLExtractorFactory,OOXMLExtractorFactory,26303,unit
tika,697d7c047daf1f661a4ed067bbc8f9c58bb6faa2,1,2026-01-07T07:46:39.000,0.0,false,CONCRETE_CLASS,2,1,0.0,false,3,0,2.1576953591312463E-4,0,CONCRETE_CLASS,/data/tika/tika-eval/tika-eval-core/src/main/java/org/apache/tika/eval/core/textstats/ContentLengthCalculator.java,tika-eval/tika-eval-core/src/main/java/org/apache/tika/eval/core/textstats/ContentLengthCalculator.java,org.apache.tika.eval.core.textstats.ContentLengthCalculator,ContentLengthCalculator,14020,unit
tika,697d7c047daf1f661a4ed067bbc8f9c58bb6faa2,1,2026-01-07T07:46:39.000,0.0,false,CONCRETE_CLASS,2,2,0.0,false,28,0,3.9941539719070976E-4,0,CONCRETE_CLASS,/data/tika/tika-parsers/tika-parsers-standard/tika-parsers-standard-modules/tika-parser-microsoft-module/src/main/java/org/apache/tika/parser/microsoft/onenote/FileNodeListHeader.java,tika-parsers/tika-parsers-standard/tika-parsers-standard-modules/tika-parser-microsoft-module/src/main/java/org/apache/tika/parser/microsoft/onenote/FileNodeListHeader.java,org.apache.tika.parser.microsoft.onenote.FileNodeListHeader,FileNodeListHeader,5829,unit
tika,697d7c047daf1f661a4ed067bbc8f9c58bb6faa2,1,2026-01-07T07:46:39.000,0.0,false,CONCRETE_CLASS,0,6,0.0,false,101,0,1.8787557434076361E-4,0,CONCRETE_CLASS,/data/tika/tika-server/tika-server-core/src/test/java/org/apache/tika/server/core/RecursiveMetadataResourceTest.java,tika-server/tika-server-core/src/test/java/org/apache/tika/server/core/RecursiveMetadataResourceTest.java,org.apache.tika.server.core.RecursiveMetadataResourceTest,RecursiveMetadataResourceTest,9928,unit
tika,697d7c047daf1f661a4ed067bbc8f9c58bb6faa2,1,2026-01-07T07:46:39.000,0.0,false,INTERFACE,1,0,0.0,false,16,0,0.0026143802035979327,0,INTERFACE,/data/tika/tika-core/src/main/java/org/apache/tika/metadata/ClimateForcast.java,tika-core/src/main/java/org/apache/tika/metadata/ClimateForcast.java,org.apache.tika.metadata.ClimateForcast,ClimateForcast,22216,unit
tika,697d7c047daf1f661a4ed067bbc8f9c58bb6faa2,1,2026-01-07T07:46:39.000,0.0,false,CONCRETE_CLASS,1,0,0.0,false,19,0,2.3077969934404976E-4,0,CONCRETE_CLASS,/data/tika/tika-pipes/tika-pipes-plugins/tika-pipes-opensearch/src/main/java/org/apache/tika/pipes/reporter/opensearch/JsonResponse.java,tika-pipes/tika-pipes-plugins/tika-pipes-opensearch/src/main/java/org/apache/tika/pipes/reporter/opensearch/JsonResponse.java,org.apache.tika.pipes.reporter.opensearch.JsonResponse,JsonResponse,30408,unit
tika,697d7c047daf1f661a4ed067bbc8f9c58bb6faa2,1,2026-01-07T07:46:39.000,0.0,false,CONCRETE_CLASS,0,5,0.0,false,162,0,1.8787557434076361E-4,0,CONCRETE_CLASS,/data/tika/tika-parsers/tika-parsers-standard/tika-parsers-standard-modules/tika-parser-html-module/src/test/java/org/apache/tika/parser/html/StandardHtmlEncodingDetectorTest.java,tika-parsers/tika-parsers-standard/tika-parsers-standard-modules/tika-parser-html-module/src/test/java/org/apache/tika/parser/html/StandardHtmlEncodingDetectorTest.java,org.apache.tika.parser.html.StandardHtmlEncodingDetectorTest,StandardHtmlEncodingDetectorTest,18121,unit
tika,697d7c047daf1f661a4ed067bbc8f9c58bb6faa2,1,2026-01-07T07:46:39.000,0.0,false,CONCRETE_CLASS,1,7,0.0,false,32,0,2.198424799739515E-4,0,CONCRETE_CLASS,/data/tika/tika-parsers/tika-parsers-standard/tika-parsers-standard-modules/tika-parser-html-module/src/main/java/org/apache/tika/parser/html/charsetdetector/StandardHtmlEncodingDetector.java,tika-parsers/tika-parsers-standard/tika-parsers-standard-modules/tika-parser-html-module/src/main/java/org/apache/tika/parser/html/charsetdetector/StandardHtmlEncodingDetector.java,org.apache.tika.parser.html.charsetdetector.StandardHtmlEncodingDetector,StandardHtmlEncodingDetector,18127,unit
tika,697d7c047daf1f661a4ed067bbc8f9c58bb6faa2,1,2026-01-07T07:46:39.000,0.0,false,CONCRETE_CLASS,3,0,0.0,false,5,0,2.9491804178304547E-4,0,CONCRETE_CLASS,/data/tika/tika-parsers/tika-parsers-standard/tika-parsers-standard-modules/tika-parser-microsoft-module/src/main/java/org/apache/tika/parser/microsoft/onenote/RootObjectReferenceBase.java,tika-parsers/tika-parsers-standard/tika-parsers-standard-modules/tika-parser-microsoft-module/src/main/java/org/apache/tika/parser/microsoft/onenote/RootObjectReferenceBase.java,org.apache.tika.parser.microsoft.onenote.RootObjectReferenceBase,RootObjectReferenceBase,5840,unit
tika,697d7c047daf1f661a4ed067bbc8f9c58bb6faa2,1,2026-01-07T07:46:39.000,0.0,false,CONCRETE_CLASS,6,0,0.0,false,35,0,0.00294080926595318,0,CONCRETE_CLASS,/data/tika/tika-core/src/main/java/org/apache/tika/utils/DateUtils.java,tika-core/src/main/java/org/apache/tika/utils/DateUtils.java,org.apache.tika.utils.DateUtils,DateUtils,22224,unit
tika,697d7c047daf1f661a4ed067bbc8f9c58bb6faa2,1,2026-01-07T07:46:39.000,0.0,false,CONCRETE_CLASS,1,1,0.0,false,12,0,1.997860830965307E-4,0,CONCRETE_CLASS,/data/tika/tika-eval/tika-eval-core/src/main/java/org/apache/tika/eval/core/util/EvalExceptionUtils.java,tika-eval/tika-eval-core/src/main/java/org/apache/tika/eval/core/util/EvalExceptionUtils.java,org.apache.tika.eval.core.util.EvalExceptionUtils,EvalExceptionUtils,14033,unit
tika,697d7c047daf1f661a4ed067bbc8f9c58bb6faa2,1,2026-01-07T07:46:39.000,0.0,false,CONCRETE_CLASS,0,4,0.0,false,12,0,1.8787557434076361E-4,0,CONCRETE_CLASS,/data/tika/tika-pipes/tika-pipes-plugins/tika-pipes-opensearch/src/main/java/org/apache/tika/pipes/reporter/opensearch/OpenSearchReporterFactory.java,tika-pipes/tika-pipes-plugins/tika-pipes-opensearch/src/main/java/org/apache/tika/pipes/reporter/opensearch/OpenSearchReporterFactory.java,org.apache.tika.pipes.reporter.opensearch.OpenSearchReporterFactory,OpenSearchReporterFactory,30420,unit
tika,697d7c047daf1f661a4ed067bbc8f9c58bb6faa2,1,2026-01-07T07:46:39.000,0.0,false,CONCRETE_CLASS,2,0,0.0,false,20,0,4.868540378796265E-4,0,CONCRETE_CLASS,/data/tika/tika-parsers/tika-parsers-standard/tika-parsers-standard-modules/tika-parser-html-module/src/main/java/org/apache/tika/parser/html/charsetdetector/charsets/ReplacementCharset.java,tika-parsers/tika-parsers-standard/tika-parsers-standard-modules/tika-parser-html-module/src/main/java/org/apache/tika/parser/html/charsetdetector/charsets/ReplacementCharset.java,org.apache.tika.parser.html.charsetdetector.charsets.ReplacementCharset,ReplacementCharset,18135,unit
tika,697d7c047daf1f661a4ed067bbc8f9c58bb6faa2,1,2026-01-07T07:46:39.000,0.0,false,CONCRETE_CLASS,1,8,0.0,false,78,0,1.9494757890637393E-4,0,CONCRETE_CLASS,/data/tika/tika-parsers/tika-parsers-standard/tika-parsers-standard-modules/tika-parser-microsoft-module/src/main/java/org/apache/tika/parser/microsoft/ooxml/XSSFBExcelExtractorDecorator.java,tika-parsers/tika-parsers-standard/tika-parsers-standard-modules/tika-parser-microsoft-module/src/main/java/org/apache/tika/parser/microsoft/ooxml/XSSFBExcelExtractorDecorator.java,org.apache.tika.parser.microsoft.ooxml.XSSFBExcelExtractorDecorator,XSSFBExcelExtractorDecorator,26328,unit
tika,697d7c047daf1f661a4ed067bbc8f9c58bb6faa2,1,2026-01-07T07:46:39.000,0.0,false,CONCRETE_CLASS,0,4,0.0,false,46,0,1.8787557434076361E-4,0,CONCRETE_CLASS,/data/tika/tika-server/tika-server-core/src/test/java/org/apache/tika/server/core/TikaServerStatusTest.java,tika-server/tika-server-core/src/test/java/org/apache/tika/server/core/TikaServerStatusTest.java,org.apache.tika.server.core.TikaServerStatusTest,TikaServerStatusTest,9945,unit
tika,697d7c047daf1f661a4ed067bbc8f9c58bb6faa2,1,2026-01-07T07:46:39.000,0.0,false,CONCRETE_CLASS,1,4,0.0,false,15,0,1.997860830965307E-4,0,CONCRETE_CLASS,/data/tika/tika-eval/tika-eval-core/src/main/java/org/apache/tika/eval/core/textstats/TopNTokens.java,tika-eval/tika-eval-core/src/main/java/org/apache/tika/eval/core/textstats/TopNTokens.java,org.apache.tika.eval.core.textstats.TopNTokens,TopNTokens,14041,unit
tika,697d7c047daf1f661a4ed067bbc8f9c58bb6faa2,1,2026-01-07T07:46:39.000,0.0,false,INTERFACE,1,0,0.0,false,3,0,0.0026143802035979327,0,INTERFACE,/data/tika/tika-core/src/main/java/org/apache/tika/metadata/TikaMimeKeys.java,tika-core/src/main/java/org/apache/tika/metadata/TikaMimeKeys.java,org.apache.tika.metadata.TikaMimeKeys,TikaMimeKeys,22234,unit
tika,697d7c047daf1f661a4ed067bbc8f9c58bb6faa2,1,2026-01-07T07:46:39.000,0.0,false,CONCRETE_CLASS,2,0,0.0,false,23,0,3.7832252059258266E-4,0,CONCRETE_CLASS,/data/tika/tika-parsers/tika-parsers-standard/tika-parsers-standard-modules/tika-parser-microsoft-module/src/main/java/org/apache/tika/parser/microsoft/onenote/ObjectInfoDependencyOverrideData.java,tika-parsers/tika-parsers-standard/tika-parsers-standard-modules/tika-parser-microsoft-module/src/main/java/org/apache/tika/parser/microsoft/onenote/ObjectInfoDependencyOverrideData.java,org.apache.tika.parser.microsoft.onenote.ObjectInfoDependencyOverrideData,ObjectInfoDependencyOverrideData,5852,unit
tika,697d7c047daf1f661a4ed067bbc8f9c58bb6faa2,1,2026-01-07T07:46:39.000,0.0,false,CONCRETE_CLASS,0,0,0.0,false,16,0,1.8787557434076361E-4,0,CONCRETE_CLASS,/data/tika/tika-pipes/tika-pipes-plugins/tika-pipes-google-drive/src/main/java/org/apache/tika/pipes/plugin/googledrive/GoogleDrivePipesPlugin.java,tika-pipes/tika-pipes-plugins/tika-pipes-google-drive/src/main/java/org/apache/tika/pipes/plugin/googledrive/GoogleDrivePipesPlugin.java,org.apache.tika.pipes.plugin.googledrive.GoogleDrivePipesPlugin,GoogleDrivePipesPlugin,1756,unit
tika,697d7c047daf1f661a4ed067bbc8f9c58bb6faa2,1,2026-01-07T07:46:39.000,0.0,false,CONCRETE_CLASS,2,1,0.0,false,17,0,2.3299621707214055E-4,0,CONCRETE_CLASS,/data/tika/tika-server/tika-server-core/src/main/java/org/apache/tika/server/core/resource/TikaServerStatus.java,tika-server/tika-server-core/src/main/java/org/apache/tika/server/core/resource/TikaServerStatus.java,org.apache.tika.server.core.resource.TikaServerStatus,TikaServerStatus,9954,unit
tika,697d7c047daf1f661a4ed067bbc8f9c58bb6faa2,1,2026-01-07T07:46:39.000,0.0,false,CONCRETE_CLASS,2,2,0.0,false,13,0,2.1576953591312463E-4,0,CONCRETE_CLASS,/data/tika/tika-eval/tika-eval-core/src/main/java/org/apache/tika/eval/core/textstats/TokenEntropy.java,tika-eval/tika-eval-core/src/main/java/org/apache/tika/eval/core/textstats/TokenEntropy.java,org.apache.tika.eval.core.textstats.TokenEntropy,TokenEntropy,14051,unit
tika,697d7c047daf1f661a4ed067bbc8f9c58bb6faa2,1,2026-01-07T07:46:39.000,0.0,false,CONCRETE_CLASS,1,12,0.0,false,212,0,1.9494757890637393E-4,0,CONCRETE_CLASS,/data/tika/tika-parsers/tika-parsers-standard/tika-parsers-standard-modules/tika-parser-microsoft-module/src/main/java/org/apache/tika/parser/microsoft/ooxml/SXSLFPowerPointExtractorDecorator.java,tika-parsers/tika-parsers-standard/tika-parsers-standard-modules/tika-parser-microsoft-module/src/main/java/org/apache/tika/parser/microsoft/ooxml/SXSLFPowerPointExtractorDecorator.java,org.apache.tika.parser.microsoft.ooxml.SXSLFPowerPointExtractorDecorator,SXSLFPowerPointExtractorDecorator,26340,unit
tika,697d7c047daf1f661a4ed067bbc8f9c58bb6faa2,1,2026-01-07T07:46:39.000,0.0,false,CONCRETE_CLASS,2,3,0.0,false,38,0,2.3810229208629232E-4,0,CONCRETE_CLASS,/data/tika/tika-parsers/tika-parsers-standard/tika-parsers-standard-modules/tika-parser-html-module/src/main/java/org/apache/tika/parser/html/DataURISchemeUtil.java,tika-parsers/tika-parsers-standard/tika-parsers-standard-modules/tika-parser-html-module/src/main/java/org/apache/tika/parser/html/DataURISchemeUtil.java,org.apache.tika.parser.html.DataURISchemeUtil,DataURISchemeUtil,18149,unit
tika,697d7c047daf1f661a4ed067bbc8f9c58bb6faa2,1,2026-01-07T07:46:39.000,0.0,false,CONCRETE_CLASS,3,1,0.0,false,27,0,3.0562694521921304E-4,0,CONCRETE_CLASS,/data/tika/tika-parsers/tika-parsers-standard/tika-parsers-standard-modules/tika-parser-html-module/src/main/java/org/apache/tika/parser/html/DataURIScheme.java,tika-parsers/tika-parsers-standard/tika-parsers-standard-modules/tika-parser-html-module/src/main/java/org/apache/tika/parser/html/DataURIScheme.java,org.apache.tika.parser.html.DataURIScheme,DataURIScheme,18155,unit
tika,697d7c047daf1f661a4ed067bbc8f9c58bb6faa2,1,2026-01-07T07:46:39.000,0.0,false,CONCRETE_CLASS,1,2,0.0,false,64,0,2.061258129933128E-4,0,CONCRETE_CLASS,/data/tika/tika-parsers/tika-parsers-standard/tika-parsers-standard-modules/tika-parser-xml-module/src/main/java/org/apache/tika/parser/tmx/TMXContentHandler.java,tika-parsers/tika-parsers-standard/tika-parsers-standard-modules/tika-parser-xml-module/src/main/java/org/apache/tika/parser/tmx/TMXContentHandler.java,org.apache.tika.parser.tmx.TMXContentHandler,TMXContentHandler,1772,unit
tika,697d7c047daf1f661a4ed067bbc8f9c58bb6faa2,1,2026-01-07T07:46:39.000,0.0,false,CONCRETE_CLASS,2,2,0.0,false,37,0,3.1697658721614746E-4,0,CONCRETE_CLASS,/data/tika/tika-parsers/tika-parsers-standard/tika-parsers-standard-modules/tika-parser-microsoft-module/src/main/java/org/apache/tika/parser/microsoft/onenote/JCID.java,tika-parsers/tika-parsers-standard/tika-parsers-standard-modules/tika-parser-microsoft-module/src/main/java/org/apache/tika/parser/microsoft/onenote/JCID.java,org.apache.tika.parser.microsoft.onenote.JCID,JCID,5870,unit
tika,697d7c047daf1f661a4ed067bbc8f9c58bb6faa2,1,2026-01-07T07:46:39.000,0.0,false,CONCRETE_CLASS,0,17,0.0,false,195,0,1.8787557434076361E-4,0,CONCRETE_CLASS,/data/tika/tika-pipes/tika-pipes-plugins/tika-pipes-http/src/test/java/org/apache/tika/pipes/fetcher/http/HttpFetcherTest.java,tika-pipes/tika-pipes-plugins/tika-pipes-http/src/test/java/org/apache/tika/pipes/fetcher/http/HttpFetcherTest.java,org.apache.tika.pipes.fetcher.http.HttpFetcherTest,HttpFetcherTest,30446,unit
tika,697d7c047daf1f661a4ed067bbc8f9c58bb6faa2,1,2026-01-07T07:46:39.000,0.0,false,CONCRETE_CLASS,1,45,0.0,false,284,0,2.730238826605531E-4,0,CONCRETE_CLASS,/data/tika/tika-server/tika-server-core/src/main/java/org/apache/tika/server/core/TikaServerProcess.java,tika-server/tika-server-core/src/main/java/org/apache/tika/server/core/TikaServerProcess.java,org.apache.tika.server.core.TikaServerProcess,TikaServerProcess,9967,unit
tika,697d7c047daf1f661a4ed067bbc8f9c58bb6faa2,1,2026-01-07T07:46:39.000,0.0,false,CONCRETE_CLASS,1,1,0.0,false,31,0,1.997860830965307E-4,0,CONCRETE_CLASS,/data/tika/tika-eval/tika-eval-core/src/main/java/org/apache/tika/eval/core/textstats/UnicodeBlockCounter.java,tika-eval/tika-eval-core/src/main/java/org/apache/tika/eval/core/textstats/UnicodeBlockCounter.java,org.apache.tika.eval.core.textstats.UnicodeBlockCounter,UnicodeBlockCounter,14063,unit
tika,697d7c047daf1f661a4ed067bbc8f9c58bb6faa2,1,2026-01-07T07:46:39.000,0.0,false,CONCRETE_CLASS,2,1,0.0,false,3,0,2.6566831317772815E-4,0,CONCRETE_CLASS,/data/tika/tika-parsers/tika-parsers-standard/tika-parsers-standard-modules/tika-parser-html-module/src/main/java/org/apache/tika/parser/html/DataURISchemeParseException.java,tika-parsers/tika-parsers-standard/tika-parsers-standard-modules/tika-parser-html-module/src/main/java/org/apache/tika/parser/html/DataURISchemeParseException.java,org.apache.tika.parser.html.DataURISchemeParseException,DataURISchemeParseException,18164,unit
tika,697d7c047daf1f661a4ed067bbc8f9c58bb6faa2,1,2026-01-07T07:46:39.000,0.0,false,CONCRETE_CLASS,0,6,0.0,false,25,0,1.8787557434076361E-4,0,CONCRETE_CLASS,/data/tika/tika-parsers/tika-parsers-standard/tika-parsers-standard-modules/tika-parser-xml-module/src/test/java/org/apache/tika/parser/tmx/TMXParserTest.java,tika-parsers/tika-parsers-standard/tika-parsers-standard-modules/tika-parser-xml-module/src/test/java/org/apache/tika/parser/tmx/TMXParserTest.java,org.apache.tika.parser.tmx.TMXParserTest,TMXParserTest,1783,unit
tika,697d7c047daf1f661a4ed067bbc8f9c58bb6faa2,1,2026-01-07T07:46:39.000,0.0,false,CONCRETE_CLASS,1,2,0.0,false,11,0,1.997860830965307E-4,0,CONCRETE_CLASS,/data/tika/tika-eval/tika-eval-core/src/main/java/org/apache/tika/eval/core/textstats/TokenLengths.java,tika-eval/tika-eval-core/src/main/java/org/apache/tika/eval/core/textstats/TokenLengths.java,org.apache.tika.eval.core.textstats.TokenLengths,TokenLengths,14071,unit
tika,697d7c047daf1f661a4ed067bbc8f9c58bb6faa2,1,2026-01-07T07:46:39.000,0.0,false,CONCRETE_CLASS,2,21,0.0,false,256,0,2.3084459516203398E-4,0,CONCRETE_CLASS,/data/tika/tika-pipes/tika-pipes-plugins/tika-pipes-http/src/main/java/org/apache/tika/pipes/fetcher/http/HttpFetcher.java,tika-pipes/tika-pipes-plugins/tika-pipes-http/src/main/java/org/apache/tika/pipes/fetcher/http/HttpFetcher.java,org.apache.tika.pipes.fetcher.http.HttpFetcher,HttpFetcher,30455,unit
tika,697d7c047daf1f661a4ed067bbc8f9c58bb6faa2,1,2026-01-07T07:46:39.000,0.0,false,CONCRETE_CLASS,1,15,0.0,false,93,0,1.930375850306557E-4,0,CONCRETE_CLASS,/data/tika/tika-server/tika-server-core/src/main/java/org/apache/tika/server/core/resource/AsyncResource.java,tika-server/tika-server-core/src/main/java/org/apache/tika/server/core/resource/AsyncResource.java,org.apache.tika.server.core.resource.AsyncResource,AsyncResource,9984,unit
tika,697d7c047daf1f661a4ed067bbc8f9c58bb6faa2,1,2026-01-07T07:46:39.000,0.0,false,CONCRETE_CLASS,1,10,0.0,false,28,0,2.145146623684202E-4,0,CONCRETE_CLASS,/data/tika/tika-parsers/tika-parsers-standard/tika-parsers-standard-modules/tika-parser-xml-module/src/main/java/org/apache/tika/parser/tmx/TMXParser.java,tika-parsers/tika-parsers-standard/tika-parsers-standard-modules/tika-parser-xml-module/src/main/java/org/apache/tika/parser/tmx/TMXParser.java,org.apache.tika.parser.tmx.TMXParser,TMXParser,1794,unit
tika,697d7c047daf1f661a4ed067bbc8f9c58bb6faa2,1,2026-01-07T07:46:39.000,0.0,false,CONCRETE_CLASS,1,5,0.0,false,13,0,1.972776054093483E-4,0,CONCRETE_CLASS,/data/tika/tika-pipes/tika-pipes-plugins/tika-pipes-http/src/main/java/org/apache/tika/pipes/fetcher/http/HttpFetcherFactory.java,tika-pipes/tika-pipes-plugins/tika-pipes-http/src/main/java/org/apache/tika/pipes/fetcher/http/HttpFetcherFactory.java,org.apache.tika.pipes.fetcher.http.HttpFetcherFactory,HttpFetcherFactory,30467,unit
tika,697d7c047daf1f661a4ed067bbc8f9c58bb6faa2,1,2026-01-07T07:46:39.000,0.0,false,INTERFACE,8,2,0.0,false,70,0,2.786566300565957E-4,0,INTERFACE,/data/tika/tika-core/src/main/java/org/apache/tika/metadata/PDF.java,tika-core/src/main/java/org/apache/tika/metadata/PDF.java,org.apache.tika.metadata.PDF,PDF,14084,unit
tika,697d7c047daf1f661a4ed067bbc8f9c58bb6faa2,1,2026-01-07T07:46:39.000,0.0,false,CONCRETE_CLASS,15,1,0.0,false,5,0,4.7259215910862653E-4,0,CONCRETE_CLASS,/data/tika/tika-core/src/main/java/org/apache/tika/exception/TikaMemoryLimitException.java,tika-core/src/main/java/org/apache/tika/exception/TikaMemoryLimitException.java,org.apache.tika.exception.TikaMemoryLimitException,TikaMemoryLimitException,5897,unit
tika,697d7c047daf1f661a4ed067bbc8f9c58bb6faa2,1,2026-01-07T07:46:39.000,0.0,false,CONCRETE_CLASS,2,9,0.0,false,144,0,2.250044906638436E-4,0,CONCRETE_CLASS,/data/tika/tika-server/tika-server-core/src/main/java/org/apache/tika/server/core/resource/TikaParsers.java,tika-server/tika-server-core/src/main/java/org/apache/tika/server/core/resource/TikaParsers.java,org.apache.tika.server.core.resource.TikaParsers,TikaParsers,9995,unit
tika,697d7c047daf1f661a4ed067bbc8f9c58bb6faa2,1,2026-01-07T07:46:39.000,0.0,false,CONCRETE_CLASS,1,17,0.0,false,196,0,2.0517623217315085E-4,0,CONCRETE_CLASS,/data/tika/tika-parsers/tika-parsers-standard/tika-parsers-standard-modules/tika-parser-html-module/src/main/java/org/apache/tika/parser/html/HtmlHandler.java,tika-parsers/tika-parsers-standard/tika-parsers-standard-modules/tika-parser-html-module/src/main/java/org/apache/tika/parser/html/HtmlHandler.java,org.apache.tika.parser.html.HtmlHandler,HtmlHandler,18188,unit
tika,697d7c047daf1f661a4ed067bbc8f9c58bb6faa2,1,2026-01-07T07:46:39.000,0.0,false,CONCRETE_CLASS,1,5,0.0,false,88,0,1.997860830965307E-4,0,CONCRETE_CLASS,/data/tika/tika-eval/tika-eval-core/src/main/java/org/apache/tika/eval/core/util/ContentTagParser.java,tika-eval/tika-eval-core/src/main/java/org/apache/tika/eval/core/util/ContentTagParser.java,org.apache.tika.eval.core.util.ContentTagParser,ContentTagParser,14095,unit
tika,697d7c047daf1f661a4ed067bbc8f9c58bb6faa2,1,2026-01-07T07:46:39.000,0.0,false,CONCRETE_CLASS,2,5,0.0,false,75,0,2.1967667305831227E-4,0,CONCRETE_CLASS,/data/tika/tika-server/tika-server-core/src/main/java/org/apache/tika/server/core/resource/TikaDetectors.java,tika-server/tika-server-core/src/main/java/org/apache/tika/server/core/resource/TikaDetectors.java,org.apache.tika.server.core.resource.TikaDetectors,TikaDetectors,10005,unit
tika,697d7c047daf1f661a4ed067bbc8f9c58bb6faa2,1,2026-01-07T07:46:39.000,0.0,false,CONCRETE_CLASS,1,0,0.0,false,22,0,2.775571088886659E-4,0,CONCRETE_CLASS,/data/tika/tika-core/src/main/java/org/apache/tika/utils/DurationFormatUtils.java,tika-core/src/main/java/org/apache/tika/utils/DurationFormatUtils.java,org.apache.tika.utils.DurationFormatUtils,DurationFormatUtils,14107,unit
tika,697d7c047daf1f661a4ed067bbc8f9c58bb6faa2,1,2026-01-07T07:46:39.000,0.0,false,CONCRETE_CLASS,1,1,0.0,false,5,0,1.9502138477386113E-4,0,CONCRETE_CLASS,/data/tika/tika-parsers/tika-parsers-standard/tika-parsers-standard-modules/tika-parser-microsoft-module/src/main/java/org/apache/tika/parser/microsoft/onenote/FileNodePtrBackPush.java,tika-parsers/tika-parsers-standard/tika-parsers-standard-modules/tika-parser-microsoft-module/src/main/java/org/apache/tika/parser/microsoft/onenote/FileNodePtrBackPush.java,org.apache.tika.parser.microsoft.onenote.FileNodePtrBackPush,FileNodePtrBackPush,5916,unit
tika,697d7c047daf1f661a4ed067bbc8f9c58bb6faa2,1,2026-01-07T07:46:39.000,0.0,false,CONCRETE_CLASS,0,7,0.0,false,294,0,1.8787557434076361E-4,0,CONCRETE_CLASS,/data/tika/tika-core/src/test/java/org/apache/tika/metadata/TestMetadata.java,tika-core/src/test/java/org/apache/tika/metadata/TestMetadata.java,org.apache.tika.metadata.TestMetadata,TestMetadata,22302,unit
tika,697d7c047daf1f661a4ed067bbc8f9c58bb6faa2,1,2026-01-07T07:46:39.000,0.0,false,INTERFACE,1,2,0.0,false,4,0,1.9814366004480746E-4,0,INTERFACE,/data/tika/tika-core/src/main/java/org/apache/tika/metadata/HTML.java,tika-core/src/main/java/org/apache/tika/metadata/HTML.java,org.apache.tika.metadata.HTML,HTML,18209,unit
tika,697d7c047daf1f661a4ed067bbc8f9c58bb6faa2,1,2026-01-07T07:46:39.000,0.0,false,CONCRETE_CLASS,1,0,0.0,false,18,0,1.930375850306557E-4,0,CONCRETE_CLASS,/data/tika/tika-server/tika-server-core/src/main/java/org/apache/tika/server/core/TikaLoggingFilter.java,tika-server/tika-server-core/src/main/java/org/apache/tika/server/core/TikaLoggingFilter.java,org.apache.tika.server.core.TikaLoggingFilter,TikaLoggingFilter,10029,unit
tika,697d7c047daf1f661a4ed067bbc8f9c58bb6faa2,1,2026-01-07T07:46:39.000,0.0,false,CONCRETE_CLASS,0,9,0.0,false,313,0,1.8787557434076361E-4,0,CONCRETE_CLASS,/data/tika/tika-parsers/tika-parsers-standard/tika-parsers-standard-modules/tika-parser-news-module/src/main/java/org/apache/tika/parser/iptc/IptcAnpaParser.java,tika-parsers/tika-parsers-standard/tika-parsers-standard-modules/tika-parser-news-module/src/main/java/org/apache/tika/parser/iptc/IptcAnpaParser.java,org.apache.tika.parser.iptc.IptcAnpaParser,IptcAnpaParser,1844,unit
tika,697d7c047daf1f661a4ed067bbc8f9c58bb6faa2,1,2026-01-07T07:46:39.000,0.0,false,ENUM,1,0,0.0,false,23,0,3.227280003884722E-4,0,ENUM,/data/tika/tika-parsers/tika-parsers-standard/tika-parsers-standard-modules/tika-parser-microsoft-module/src/main/java/org/apache/tika/parser/microsoft/onenote/JCIDPropertySetTypeEnum.java,tika-parsers/tika-parsers-standard/tika-parsers-standard-modules/tika-parser-microsoft-module/src/main/java/org/apache/tika/parser/microsoft/onenote/JCIDPropertySetTypeEnum.java,org.apache.tika.parser.microsoft.onenote.JCIDPropertySetTypeEnum,JCIDPropertySetTypeEnum,5941,unit
tika,697d7c047daf1f661a4ed067bbc8f9c58bb6faa2,1,2026-01-07T07:46:39.000,0.0,false,CONCRETE_CLASS,1,1,0.0,false,74,0,2.0517623217315085E-4,0,CONCRETE_CLASS,/data/tika/tika-parsers/tika-parsers-standard/tika-parsers-standard-modules/tika-parser-html-module/src/main/java/org/apache/tika/parser/html/DefaultHtmlMapper.java,tika-parsers/tika-parsers-standard/tika-parsers-standard-modules/tika-parser-html-module/src/main/java/org/apache/tika/parser/html/DefaultHtmlMapper.java,org.apache.tika.parser.html.DefaultHtmlMapper,DefaultHtmlMapper,18232,unit
tika,697d7c047daf1f661a4ed067bbc8f9c58bb6faa2,1,2026-01-07T07:46:39.000,0.0,false,CONCRETE_CLASS,0,5,0.0,false,13,0,1.8787557434076361E-4,0,CONCRETE_CLASS,/data/tika/tika-pipes/tika-pipes-plugins/tika-pipes-kafka/src/main/java/org/apache/tika/pipes/emitter/kafka/KafkaEmitterFactory.java,tika-pipes/tika-pipes-plugins/tika-pipes-kafka/src/main/java/org/apache/tika/pipes/emitter/kafka/KafkaEmitterFactory.java,org.apache.tika.pipes.emitter.kafka.KafkaEmitterFactory,KafkaEmitterFactory,26424,unit
tika,697d7c047daf1f661a4ed067bbc8f9c58bb6faa2,1,2026-01-07T07:46:39.000,0.0,false,CONCRETE_CLASS,2,0,0.0,false,50,0,2.8818963428046696E-4,0,CONCRETE_CLASS,/data/tika/tika-server/tika-server-core/src/main/java/org/apache/tika/server/core/ProduceTypeResourceComparator.java,tika-server/tika-server-core/src/main/java/org/apache/tika/server/core/ProduceTypeResourceComparator.java,org.apache.tika.server.core.ProduceTypeResourceComparator,ProduceTypeResourceComparator,10043,unit
tika,697d7c047daf1f661a4ed067bbc8f9c58bb6faa2,1,2026-01-07T07:46:39.000,0.0,false,INTERFACE,0,1,0.0,false,4,0,1.8787557434076361E-4,0,INTERFACE,/data/tika/tika-core/src/main/java/org/apache/tika/metadata/XMPIdq.java,tika-core/src/main/java/org/apache/tika/metadata/XMPIdq.java,org.apache.tika.metadata.XMPIdq,XMPIdq,22332,unit
tika,697d7c047daf1f661a4ed067bbc8f9c58bb6faa2,1,2026-01-07T07:46:39.000,0.0,false,CONCRETE_CLASS,1,6,0.0,false,65,0,2.198424799739515E-4,0,CONCRETE_CLASS,/data/tika/tika-pipes/tika-pipes-plugins/tika-pipes-kafka/src/main/java/org/apache/tika/pipes/emitter/kafka/KafkaEmitter.java,tika-pipes/tika-pipes-plugins/tika-pipes-kafka/src/main/java/org/apache/tika/pipes/emitter/kafka/KafkaEmitter.java,org.apache.tika.pipes.emitter.kafka.KafkaEmitter,KafkaEmitter,26430,unit
tika,697d7c047daf1f661a4ed067bbc8f9c58bb6faa2,1,2026-01-07T07:46:39.000,0.0,false,CONCRETE_CLASS,0,11,0.0,false,100,0,1.8787557434076361E-4,0,CONCRETE_CLASS,/data/tika/tika-server/tika-server-core/src/test/java/org/apache/tika/server/core/TikaResourceFetcherTest.java,tika-server/tika-server-core/src/test/java/org/apache/tika/server/core/TikaResourceFetcherTest.java,org.apache.tika.server.core.TikaResourceFetcherTest,TikaResourceFetcherTest,10061,unit
tika,697d7c047daf1f661a4ed067bbc8f9c58bb6faa2,1,2026-01-07T07:46:39.000,0.0,false,ABSTRACT_CLASS,14,5,0.0,false,63,0,5.876871624214626E-4,0,ABSTRACT_CLASS,/data/tika/tika-pipes/tika-pipes-iterator-commons/src/main/java/org/apache/tika/pipes/pipesiterator/PipesIteratorBase.java,tika-pipes/tika-pipes-iterator-commons/src/main/java/org/apache/tika/pipes/pipesiterator/PipesIteratorBase.java,org.apache.tika.pipes.pipesiterator.PipesIteratorBase,PipesIteratorBase,1871,unit
tika,697d7c047daf1f661a4ed067bbc8f9c58bb6faa2,1,2026-01-07T07:46:39.000,0.0,false,CONCRETE_CLASS,1,1,0.0,false,9,0,2.099431297824187E-4,0,CONCRETE_CLASS,/data/tika/tika-server/tika-server-core/src/main/java/org/apache/tika/server/core/resource/ServerHandlerConfig.java,tika-server/tika-server-core/src/main/java/org/apache/tika/server/core/resource/ServerHandlerConfig.java,org.apache.tika.server.core.resource.ServerHandlerConfig,ServerHandlerConfig,30543,unit
tika,697d7c047daf1f661a4ed067bbc8f9c58bb6faa2,1,2026-01-07T07:46:39.000,0.0,false,CONCRETE_CLASS,1,1,0.0,false,25,0,2.0517623217315085E-4,0,CONCRETE_CLASS,/data/tika/tika-parsers/tika-parsers-standard/tika-parsers-standard-modules/tika-parser-html-module/src/main/java/org/apache/tika/parser/html/XHTMLDowngradeHandler.java,tika-parsers/tika-parsers-standard/tika-parsers-standard-modules/tika-parser-html-module/src/main/java/org/apache/tika/parser/html/XHTMLDowngradeHandler.java,org.apache.tika.parser.html.XHTMLDowngradeHandler,XHTMLDowngradeHandler,18256,unit
tika,697d7c047daf1f661a4ed067bbc8f9c58bb6faa2,1,2026-01-07T07:46:39.000,0.0,false,INTERFACE,2,2,0.0,false,7,0,2.0266115821998163E-4,0,INTERFACE,/data/tika/tika-core/src/main/java/org/apache/tika/metadata/XMPPDF.java,tika-core/src/main/java/org/apache/tika/metadata/XMPPDF.java,org.apache.tika.metadata.XMPPDF,XMPPDF,22354,unit
tika,697d7c047daf1f661a4ed067bbc8f9c58bb6faa2,1,2026-01-07T07:46:39.000,0.0,false,CONCRETE_CLASS,1,1,0.0,false,36,0,2.1904823404033063E-4,0,CONCRETE_CLASS,/data/tika/tika-pipes/tika-pipes-plugins/tika-pipes-kafka/src/main/java/org/apache/tika/pipes/emitter/kafka/KafkaEmitterConfig.java,tika-pipes/tika-pipes-plugins/tika-pipes-kafka/src/main/java/org/apache/tika/pipes/emitter/kafka/KafkaEmitterConfig.java,org.apache.tika.pipes.emitter.kafka.KafkaEmitterConfig,KafkaEmitterConfig,26452,unit
tika,697d7c047daf1f661a4ed067bbc8f9c58bb6faa2,1,2026-01-07T07:46:39.000,0.0,false,CONCRETE_CLASS,18,2,0.0,false,4,0,6.691925973333349E-4,0,CONCRETE_CLASS,/data/tika/tika-plugins-core/src/main/java/org/apache/tika/plugins/AbstractTikaExtension.java,tika-plugins-core/src/main/java/org/apache/tika/plugins/AbstractTikaExtension.java,org.apache.tika.plugins.AbstractTikaExtension,AbstractTikaExtension,1877,unit
tika,697d7c047daf1f661a4ed067bbc8f9c58bb6faa2,1,2026-01-07T07:46:39.000,0.0,false,CONCRETE_CLASS,0,7,0.0,false,88,0,1.8787557434076361E-4,0,CONCRETE_CLASS,/data/tika/tika-e2e-tests/tika-grpc/src/test/java/org/apache/tika/pipes/filesystem/FileSystemFetcherTest.java,tika-e2e-tests/tika-grpc/src/test/java/org/apache/tika/pipes/filesystem/FileSystemFetcherTest.java,org.apache.tika.pipes.filesystem.FileSystemFetcherTest,FileSystemFetcherTest,14168,unit
tika,697d7c047daf1f661a4ed067bbc8f9c58bb6faa2,1,2026-01-07T07:46:39.000,0.0,false,CONCRETE_CLASS,63,4,0.0,false,50,0,0.0024578245413720383,0,CONCRETE_CLASS,/data/tika/tika-pipes/tika-pipes-api/src/main/java/org/apache/tika/pipes/api/FetchEmitTuple.java,tika-pipes/tika-pipes-api/src/main/java/org/apache/tika/pipes/api/FetchEmitTuple.java,org.apache.tika.pipes.api.FetchEmitTuple,FetchEmitTuple,1885,unit
tika,697d7c047daf1f661a4ed067bbc8f9c58bb6faa2,1,2026-01-07T07:46:39.000,0.0,false,CONCRETE_CLASS,5,2,0.0,false,399,0,2.8465345807072735E-4,0,CONCRETE_CLASS,/data/tika/tika-grpc/target/generated-sources/protobuf/java/org/apache/tika/FetchAndParseRequest.java,tika-grpc/target/generated-sources/protobuf/java/org/apache/tika/FetchAndParseRequest.java,org.apache.tika.FetchAndParseRequest,FetchAndParseRequest,14176,unit
tika,697d7c047daf1f661a4ed067bbc8f9c58bb6faa2,1,2026-01-07T07:46:39.000,0.0,false,INTERFACE,2,2,0.0,false,37,0,2.0266115821998163E-4,0,INTERFACE,/data/tika/tika-core/src/main/java/org/apache/tika/metadata/XMPDC.java,tika-core/src/main/java/org/apache/tika/metadata/XMPDC.java,org.apache.tika.metadata.XMPDC,XMPDC,22370,unit
tika,697d7c047daf1f661a4ed067bbc8f9c58bb6faa2,1,2026-01-07T07:46:39.000,0.0,false,CONCRETE_CLASS,0,12,0.0,false,85,0,1.8787557434076361E-4,0,CONCRETE_CLASS,/data/tika/tika-server/tika-server-core/src/test/java/org/apache/tika/server/core/StackTraceTest.java,tika-server/tika-server-core/src/test/java/org/apache/tika/server/core/StackTraceTest.java,org.apache.tika.server.core.StackTraceTest,StackTraceTest,10083,unit
tika,697d7c047daf1f661a4ed067bbc8f9c58bb6faa2,1,2026-01-07T07:46:39.000,0.0,false,INTERFACE,14,2,0.0,false,6,0,8.958623386097908E-4,0,INTERFACE,/data/tika/tika-pipes/tika-pipes-api/src/main/java/org/apache/tika/pipes/api/pipesiterator/PipesIterator.java,tika-pipes/tika-pipes-api/src/main/java/org/apache/tika/pipes/api/pipesiterator/PipesIterator.java,org.apache.tika.pipes.api.pipesiterator.PipesIterator,PipesIterator,1893,unit
tika,697d7c047daf1f661a4ed067bbc8f9c58bb6faa2,1,2026-01-07T07:46:39.000,0.0,false,CONCRETE_CLASS,0,3,0.0,false,15,0,1.8787557434076361E-4,0,CONCRETE_CLASS,/data/tika/tika-parsers/tika-parsers-standard/tika-parsers-standard-modules/tika-parser-html-module/src/test/java/org/apache/tika/parser/html/SrcDocTest.java,tika-parsers/tika-parsers-standard/tika-parsers-standard-modules/tika-parser-html-module/src/test/java/org/apache/tika/parser/html/SrcDocTest.java,org.apache.tika.parser.html.SrcDocTest,SrcDocTest,18280,unit
tika,697d7c047daf1f661a4ed067bbc8f9c58bb6faa2,1,2026-01-07T07:46:39.000,0.0,false,CONCRETE_CLASS,0,3,0.0,false,14,0,1.8787557434076361E-4,0,CONCRETE_CLASS,/data/tika/tika-parsers/tika-parsers-standard/tika-parsers-standard-package/src/test/java/org/apache/tika/parser/microsoft/PowerPointParserTest.java,tika-parsers/tika-parsers-standard/tika-parsers-standard-package/src/test/java/org/apache/tika/parser/microsoft/PowerPointParserTest.java,org.apache.tika.parser.microsoft.PowerPointParserTest,PowerPointParserTest,26472,unit
tika,697d7c047daf1f661a4ed067bbc8f9c58bb6faa2,1,2026-01-07T07:46:39.000,0.0,false,CONCRETE_CLASS,4,2,0.0,false,399,0,2.446948260292425E-4,0,CONCRETE_CLASS,/data/tika/tika-grpc/target/generated-sources/protobuf/java/org/apache/tika/SaveFetcherRequest.java,tika-grpc/target/generated-sources/protobuf/java/org/apache/tika/SaveFetcherRequest.java,org.apache.tika.SaveFetcherRequest,SaveFetcherRequest,14185,unit
tika,697d7c047daf1f661a4ed067bbc8f9c58bb6faa2,1,2026-01-07T07:46:39.000,0.0,false,CONCRETE_CLASS,4,0,0.0,false,2,0,3.1958466662464707E-4,0,CONCRETE_CLASS,/data/tika/tika-core/src/main/java/org/apache/tika/exception/TikaTimeoutException.java,tika-core/src/main/java/org/apache/tika/exception/TikaTimeoutException.java,org.apache.tika.exception.TikaTimeoutException,TikaTimeoutException,1901,unit
tika,697d7c047daf1f661a4ed067bbc8f9c58bb6faa2,1,2026-01-07T07:46:39.000,0.0,false,CONCRETE_CLASS,3,19,0.0,false,591,0,2.6398725441978237E-4,0,CONCRETE_CLASS,/data/tika/tika-grpc/target/generated-sources/protobuf/grpc-java/org/apache/tika/TikaGrpc.java,tika-grpc/target/generated-sources/protobuf/grpc-java/org/apache/tika/TikaGrpc.java,org.apache.tika.TikaGrpc,TikaGrpc,14193,unit
tika,697d7c047daf1f661a4ed067bbc8f9c58bb6faa2,1,2026-01-07T07:46:39.000,0.0,false,CONCRETE_CLASS,0,6,0.0,false,16,0,1.8787557434076361E-4,0,CONCRETE_CLASS,/data/tika/tika-parsers/tika-parsers-standard/tika-parsers-standard-modules/tika-parser-microsoft-module/src/test/java/org/apache/tika/parser/microsoft/WriteProtectedParserTest.java,tika-parsers/tika-parsers-standard/tika-parsers-standard-modules/tika-parser-microsoft-module/src/test/java/org/apache/tika/parser/microsoft/WriteProtectedParserTest.java,org.apache.tika.parser.microsoft.WriteProtectedParserTest,WriteProtectedParserTest,26486,unit
tika,697d7c047daf1f661a4ed067bbc8f9c58bb6faa2,1,2026-01-07T07:46:39.000,0.0,false,CONCRETE_CLASS,4,2,0.0,false,267,0,2.446948260292425E-4,0,CONCRETE_CLASS,/data/tika/tika-grpc/target/generated-sources/protobuf/java/org/apache/tika/SaveFetcherReply.java,tika-grpc/target/generated-sources/protobuf/java/org/apache/tika/SaveFetcherReply.java,org.apache.tika.SaveFetcherReply,SaveFetcherReply,14201,unit
tika,697d7c047daf1f661a4ed067bbc8f9c58bb6faa2,1,2026-01-07T07:46:39.000,0.0,false,CONCRETE_CLASS,0,5,0.0,false,41,0,1.8787557434076361E-4,0,CONCRETE_CLASS,/data/tika/tika-parsers/tika-parsers-standard/tika-parsers-standard-package/src/test/java/org/apache/tika/parser/html/HtmlParserTest.java,tika-parsers/tika-parsers-standard/tika-parsers-standard-package/src/test/java/org/apache/tika/parser/html/HtmlParserTest.java,org.apache.tika.parser.html.HtmlParserTest,HtmlParserTest,18300,unit
tika,697d7c047daf1f661a4ed067bbc8f9c58bb6faa2,1,2026-01-07T07:46:39.000,0.0,false,ABSTRACT_CLASS,10,0,0.0,false,15,0,0.0010754816664233717,0,ABSTRACT_CLASS,/data/tika/tika-pipes/tika-pipes-iterator-commons/src/main/java/org/apache/tika/pipes/pipesiterator/PipesIteratorConfig.java,tika-pipes/tika-pipes-iterator-commons/src/main/java/org/apache/tika/pipes/pipesiterator/PipesIteratorConfig.java,org.apache.tika.pipes.pipesiterator.PipesIteratorConfig,PipesIteratorConfig,1917,unit
tika,697d7c047daf1f661a4ed067bbc8f9c58bb6faa2,1,2026-01-07T07:46:39.000,0.0,false,CONCRETE_CLASS,0,8,0.0,false,56,0,1.8787557434076361E-4,0,CONCRETE_CLASS,/data/tika/tika-server/tika-server-core/src/test/java/org/apache/tika/server/core/TikaResourceNoStackTest.java,tika-server/tika-server-core/src/test/java/org/apache/tika/server/core/TikaResourceNoStackTest.java,org.apache.tika.server.core.TikaResourceNoStackTest,TikaResourceNoStackTest,10109,unit
tika,697d7c047daf1f661a4ed067bbc8f9c58bb6faa2,1,2026-01-07T07:46:39.000,0.0,false,ENUM,0,0,0.0,false,2,0,1.8787557434076361E-4,0,ENUM,/data/tika/tika-parsers/tika-parsers-standard/tika-parsers-standard-modules/tika-parser-microsoft-module/src/main/java/org/apache/tika/parser/microsoft/onenote/PropertyIDType.java,tika-parsers/tika-parsers-standard/tika-parsers-standard-modules/tika-parser-microsoft-module/src/main/java/org/apache/tika/parser/microsoft/onenote/PropertyIDType.java,org.apache.tika.parser.microsoft.onenote.PropertyIDType,PropertyIDType,6021,unit
tika,697d7c047daf1f661a4ed067bbc8f9c58bb6faa2,1,2026-01-07T07:46:39.000,0.0,false,INTERFACE,2,2,0.0,false,4,0,1.9844036428707718E-4,0,INTERFACE,/data/tika/tika-core/src/main/java/org/apache/tika/metadata/Font.java,tika-core/src/main/java/org/apache/tika/metadata/Font.java,org.apache.tika.metadata.Font,Font,22406,unit
tika,697d7c047daf1f661a4ed067bbc8f9c58bb6faa2,1,2026-01-07T07:46:39.000,0.0,false,CONCRETE_CLASS,0,10,0.0,false,51,0,1.8787557434076361E-4,0,CONCRETE_CLASS,/data/tika/tika-parsers/tika-parsers-standard/tika-parsers-standard-modules/tika-parser-microsoft-module/src/test/java/org/apache/tika/parser/microsoft/OldExcelParserTest.java,tika-parsers/tika-parsers-standard/tika-parsers-standard-modules/tika-parser-microsoft-module/src/test/java/org/apache/tika/parser/microsoft/OldExcelParserTest.java,org.apache.tika.parser.microsoft.OldExcelParserTest,OldExcelParserTest,26503,unit
tika,697d7c047daf1f661a4ed067bbc8f9c58bb6faa2,1,2026-01-07T07:46:39.000,0.0,false,CONCRETE_CLASS,0,4,0.0,false,38,0,1.8787557434076361E-4,0,CONCRETE_CLASS,/data/tika/tika-parsers/tika-parsers-standard/tika-parsers-standard-modules/tika-parser-html-module/src/test/java/org/apache/tika/parser/html/DataURISchemeParserTest.java,tika-parsers/tika-parsers-standard/tika-parsers-standard-modules/tika-parser-html-module/src/test/java/org/apache/tika/parser/html/DataURISchemeParserTest.java,org.apache.tika.parser.html.DataURISchemeParserTest,DataURISchemeParserTest,18316,unit
tika,697d7c047daf1f661a4ed067bbc8f9c58bb6faa2,1,2026-01-07T07:46:39.000,0.0,false,CONCRETE_CLASS,0,2,0.0,false,11,0,1.8787557434076361E-4,0,CONCRETE_CLASS,/data/tika/tika-parsers/tika-parsers-standard/tika-parsers-standard-modules/tika-parser-webarchive-module/src/test/java/org/apache/tika/parser/wacz/WACZParserTest.java,tika-parsers/tika-parsers-standard/tika-parsers-standard-modules/tika-parser-webarchive-module/src/test/java/org/apache/tika/parser/wacz/WACZParserTest.java,org.apache.tika.parser.wacz.WACZParserTest,WACZParserTest,14221,unit
tika,697d7c047daf1f661a4ed067bbc8f9c58bb6faa2,1,2026-01-07T07:46:39.000,0.0,false,CONCRETE_CLASS,2,8,0.0,false,41,0,2.1474067556967322E-4,0,CONCRETE_CLASS,/data/tika/tika-parsers/tika-parsers-standard/tika-parsers-standard-modules/tika-parser-microsoft-module/src/main/java/org/apache/tika/parser/microsoft/OldExcelParser.java,tika-parsers/tika-parsers-standard/tika-parsers-standard-modules/tika-parser-microsoft-module/src/main/java/org/apache/tika/parser/microsoft/OldExcelParser.java,org.apache.tika.parser.microsoft.OldExcelParser,OldExcelParser,26515,unit
tika,697d7c047daf1f661a4ed067bbc8f9c58bb6faa2,1,2026-01-07T07:46:39.000,0.0,false,CONCRETE_CLASS,1,11,0.0,false,79,0,2.198424799739515E-4,0,CONCRETE_CLASS,/data/tika/tika-parsers/tika-parsers-standard/tika-parsers-standard-modules/tika-parser-miscoffice-module/src/main/java/org/apache/tika/parser/indesign/IDMLParser.java,tika-parsers/tika-parsers-standard/tika-parsers-standard-modules/tika-parser-miscoffice-module/src/main/java/org/apache/tika/parser/indesign/IDMLParser.java,org.apache.tika.parser.indesign.IDMLParser,IDMLParser,1941,unit
tika,697d7c047daf1f661a4ed067bbc8f9c58bb6faa2,1,2026-01-07T07:46:39.000,0.0,false,CONCRETE_CLASS,0,11,0.0,false,77,0,1.8787557434076361E-4,0,CONCRETE_CLASS,/data/tika/tika-parsers/tika-parsers-standard/tika-parsers-standard-modules/tika-parser-webarchive-module/src/main/java/org/apache/tika/parser/wacz/WACZParser.java,tika-parsers/tika-parsers-standard/tika-parsers-standard-modules/tika-parser-webarchive-module/src/main/java/org/apache/tika/parser/wacz/WACZParser.java,org.apache.tika.parser.wacz.WACZParser,WACZParser,14234,unit
tika,697d7c047daf1f661a4ed067bbc8f9c58bb6faa2,1,2026-01-07T07:46:39.000,0.0,false,CONCRETE_CLASS,0,13,0.0,false,95,0,1.8787557434076361E-4,0,CONCRETE_CLASS,/data/tika/tika-server/tika-server-core/src/test/java/org/apache/tika/server/core/TikaServerAsyncIntegrationTest.java,tika-server/tika-server-core/src/test/java/org/apache/tika/server/core/TikaServerAsyncIntegrationTest.java,org.apache.tika.server.core.TikaServerAsyncIntegrationTest,TikaServerAsyncIntegrationTest,10140,unit
tika,697d7c047daf1f661a4ed067bbc8f9c58bb6faa2,1,2026-01-07T07:46:39.000,0.0,false,CONCRETE_CLASS,1,0,0.0,false,0,0,2.1287857952423207E-4,0,CONCRETE_CLASS,.,.,StandardCharsets,StandardCharsets,30620,unit
tika,697d7c047daf1f661a4ed067bbc8f9c58bb6faa2,1,2026-01-07T07:46:39.000,0.0,false,CONCRETE_CLASS,1,5,0.0,false,48,0,2.0487884326780018E-4,0,CONCRETE_CLASS,/data/tika/tika-parsers/tika-parsers-standard/tika-parsers-standard-modules/tika-parser-xmp-commons/src/main/java/org/apache/tika/parser/xmp/XMPMetadataExtractor.java,tika-parsers/tika-parsers-standard/tika-parsers-standard-modules/tika-parser-xmp-commons/src/main/java/org/apache/tika/parser/xmp/XMPMetadataExtractor.java,org.apache.tika.parser.xmp.XMPMetadataExtractor,XMPMetadataExtractor,1952,unit
tika,697d7c047daf1f661a4ed067bbc8f9c58bb6faa2,1,2026-01-07T07:46:39.000,0.0,false,CONCRETE_CLASS,3,8,0.0,false,27,0,2.4308593651175859E-4,0,CONCRETE_CLASS,/data/tika/tika-pipes/tika-pipes-core/src/main/java/org/apache/tika/pipes/core/serialization/JsonFetchEmitTupleList.java,tika-pipes/tika-pipes-core/src/main/java/org/apache/tika/pipes/core/serialization/JsonFetchEmitTupleList.java,org.apache.tika.pipes.core.serialization.JsonFetchEmitTupleList,JsonFetchEmitTupleList,10147,unit
tika,697d7c047daf1f661a4ed067bbc8f9c58bb6faa2,1,2026-01-07T07:46:39.000,0.0,false,CONCRETE_CLASS,1,16,0.0,false,329,0,2.0464458382308E-4,0,CONCRETE_CLASS,/data/tika/tika-parsers/tika-parsers-standard/tika-parsers-standard-modules/tika-parser-microsoft-module/src/main/java/org/apache/tika/parser/microsoft/ExcelExtractor.java,tika-parsers/tika-parsers-standard/tika-parsers-standard-modules/tika-parser-microsoft-module/src/main/java/org/apache/tika/parser/microsoft/ExcelExtractor.java,org.apache.tika.parser.microsoft.ExcelExtractor,ExcelExtractor,26531,unit
tika,697d7c047daf1f661a4ed067bbc8f9c58bb6faa2,1,2026-01-07T07:46:39.000,0.0,false,CONCRETE_CLASS,0,24,0.0,false,264,0,1.8787557434076361E-4,0,CONCRETE_CLASS,/data/tika/tika-parsers/tika-parsers-standard/tika-parsers-standard-modules/tika-parser-microsoft-module/src/main/java/org/apache/tika/parser/microsoft/onenote/fsshttpb/util/DataElementUtils.java,tika-parsers/tika-parsers-standard/tika-parsers-standard-modules/tika-parser-microsoft-module/src/main/java/org/apache/tika/parser/microsoft/onenote/fsshttpb/util/DataElementUtils.java,org.apache.tika.parser.microsoft.onenote.fsshttpb.util.DataElementUtils,DataElementUtils,18342,unit
tika,697d7c047daf1f661a4ed067bbc8f9c58bb6faa2,1,2026-01-07T07:46:39.000,0.0,false,CONCRETE_CLASS,1,2,0.0,false,7,0,1.9875722275307928E-4,0,CONCRETE_CLASS,/data/tika/tika-parsers/tika-parsers-standard/tika-parsers-standard-modules/tika-parser-microsoft-module/src/main/java/org/apache/tika/parser/microsoft/TextCell.java,tika-parsers/tika-parsers-standard/tika-parsers-standard-modules/tika-parser-microsoft-module/src/main/java/org/apache/tika/parser/microsoft/TextCell.java,org.apache.tika.parser.microsoft.TextCell,TextCell,26537,unit
tika,697d7c047daf1f661a4ed067bbc8f9c58bb6faa2,1,2026-01-07T07:46:39.000,0.0,false,CONCRETE_CLASS,1,5,0.0,false,34,0,2.0487884326780018E-4,0,CONCRETE_CLASS,/data/tika/tika-parsers/tika-parsers-standard/tika-parsers-standard-modules/tika-parser-miscoffice-module/src/main/java/org/apache/tika/parser/indesign/ContentAndMetadataExtractor.java,tika-parsers/tika-parsers-standard/tika-parsers-standard-modules/tika-parser-miscoffice-module/src/main/java/org/apache/tika/parser/indesign/ContentAndMetadataExtractor.java,org.apache.tika.parser.indesign.ContentAndMetadataExtractor,ContentAndMetadataExtractor,1962,unit
tika,697d7c047daf1f661a4ed067bbc8f9c58bb6faa2,1,2026-01-07T07:46:39.000,0.0,false,CONCRETE_CLASS,3,0,0.0,false,3,0,4.7857456768770734E-4,0,CONCRETE_CLASS,/data/tika/tika-parsers/tika-parsers-standard/tika-parsers-standard-modules/tika-parser-microsoft-module/src/main/java/org/apache/tika/parser/microsoft/onenote/fsshttpb/util/GuidUtil.java,tika-parsers/tika-parsers-standard/tika-parsers-standard-modules/tika-parser-microsoft-module/src/main/java/org/apache/tika/parser/microsoft/onenote/fsshttpb/util/GuidUtil.java,org.apache.tika.parser.microsoft.onenote.fsshttpb.util.GuidUtil,GuidUtil,18349,unit
tika,697d7c047daf1f661a4ed067bbc8f9c58bb6faa2,1,2026-01-07T07:46:39.000,0.0,false,CONCRETE_CLASS,0,2,0.0,false,26,0,1.8787557434076361E-4,0,CONCRETE_CLASS,/data/tika/tika-eval/tika-eval-core/src/test/java/org/apache/tika/eval/core/langid/LangIdTest.java,tika-eval/tika-eval-core/src/test/java/org/apache/tika/eval/core/langid/LangIdTest.java,org.apache.tika.eval.core.langid.LangIdTest,LangIdTest,6067,unit
tika,697d7c047daf1f661a4ed067bbc8f9c58bb6faa2,1,2026-01-07T07:46:39.000,0.0,false,CONCRETE_CLASS,4,1,0.0,false,10,0,2.47054822370935E-4,0,CONCRETE_CLASS,/data/tika/tika-core/src/main/java/org/apache/tika/sax/EndDocumentShieldingContentHandler.java,tika-core/src/main/java/org/apache/tika/sax/EndDocumentShieldingContentHandler.java,org.apache.tika.sax.EndDocumentShieldingContentHandler,EndDocumentShieldingContentHandler,1971,unit
tika,697d7c047daf1f661a4ed067bbc8f9c58bb6faa2,1,2026-01-07T07:46:39.000,0.0,false,CONCRETE_CLASS,0,10,0.0,false,160,0,1.8787557434076361E-4,0,CONCRETE_CLASS,/data/tika/tika-parsers/tika-parsers-ml/tika-transcribe-aws/src/main/java/org/apache/tika/parser/transcribe/aws/AmazonTranscribe.java,tika-parsers/tika-parsers-ml/tika-transcribe-aws/src/main/java/org/apache/tika/parser/transcribe/aws/AmazonTranscribe.java,org.apache.tika.parser.transcribe.aws.AmazonTranscribe,AmazonTranscribe,14259,unit
tika,697d7c047daf1f661a4ed067bbc8f9c58bb6faa2,1,2026-01-07T07:46:39.000,0.0,false,CONCRETE_CLASS,1,2,0.0,false,31,0,2.001705380458359E-4,0,CONCRETE_CLASS,/data/tika/tika-server/tika-server-core/src/main/java/org/apache/tika/server/core/TikaServerCli.java,tika-server/tika-server-core/src/main/java/org/apache/tika/server/core/TikaServerCli.java,org.apache.tika.server.core.TikaServerCli,TikaServerCli,10165,unit
tika,697d7c047daf1f661a4ed067bbc8f9c58bb6faa2,1,2026-01-07T07:46:39.000,0.0,false,CONCRETE_CLASS,1,3,0.0,false,10,0,1.9875722275307928E-4,0,CONCRETE_CLASS,/data/tika/tika-parsers/tika-parsers-standard/tika-parsers-standard-modules/tika-parser-microsoft-module/src/main/java/org/apache/tika/parser/microsoft/LinkedCell.java,tika-parsers/tika-parsers-standard/tika-parsers-standard-modules/tika-parser-microsoft-module/src/main/java/org/apache/tika/parser/microsoft/LinkedCell.java,org.apache.tika.parser.microsoft.LinkedCell,LinkedCell,26549,unit
tika,697d7c047daf1f661a4ed067bbc8f9c58bb6faa2,1,2026-01-07T07:46:39.000,0.0,false,CONCRETE_CLASS,9,1,0.0,false,83,0,6.364835309525579E-4,0,CONCRETE_CLASS,/data/tika/tika-eval/tika-eval-core/src/main/java/org/apache/tika/eval/core/tokens/CommonTokenCountManager.java,tika-eval/tika-eval-core/src/main/java/org/apache/tika/eval/core/tokens/CommonTokenCountManager.java,org.apache.tika.eval.core.tokens.CommonTokenCountManager,CommonTokenCountManager,6073,unit
tika,697d7c047daf1f661a4ed067bbc8f9c58bb6faa2,1,2026-01-07T07:46:39.000,0.0,false,ABSTRACT_CLASS,6,18,0.0,false,188,0,2.6712038495564454E-4,0,ABSTRACT_CLASS,/data/tika/tika-parsers/tika-parsers-standard/tika-parsers-standard-modules/tika-parser-microsoft-module/src/main/java/org/apache/tika/parser/microsoft/AbstractPOIFSExtractor.java,tika-parsers/tika-parsers-standard/tika-parsers-standard-modules/tika-parser-microsoft-module/src/main/java/org/apache/tika/parser/microsoft/AbstractPOIFSExtractor.java,org.apache.tika.parser.microsoft.AbstractPOIFSExtractor,AbstractPOIFSExtractor,26558,unit
tika,697d7c047daf1f661a4ed067bbc8f9c58bb6faa2,1,2026-01-07T07:46:39.000,0.0,false,CONCRETE_CLASS,6,3,0.0,false,13,0,4.200546041608754E-4,0,CONCRETE_CLASS,/data/tika/tika-eval/tika-eval-core/src/main/java/org/apache/tika/eval/core/langid/LanguageIDWrapper.java,tika-eval/tika-eval-core/src/main/java/org/apache/tika/eval/core/langid/LanguageIDWrapper.java,org.apache.tika.eval.core.langid.LanguageIDWrapper,LanguageIDWrapper,6081,unit
tika,697d7c047daf1f661a4ed067bbc8f9c58bb6faa2,1,2026-01-07T07:46:39.000,0.0,false,CONCRETE_CLASS,1,1,0.0,false,6,0,1.9882406717349843E-4,0,CONCRETE_CLASS,/data/tika/tika-server/tika-server-core/src/main/java/org/apache/tika/server/core/resource/AsyncRequest.java,tika-server/tika-server-core/src/main/java/org/apache/tika/server/core/resource/AsyncRequest.java,org.apache.tika.server.core.resource.AsyncRequest,AsyncRequest,30657,unit
tika,697d7c047daf1f661a4ed067bbc8f9c58bb6faa2,1,2026-01-07T07:46:39.000,0.0,false,CONCRETE_CLASS,0,5,0.0,false,26,0,1.8787557434076361E-4,0,CONCRETE_CLASS,/data/tika/tika-parsers/tika-parsers-standard/tika-parsers-standard-modules/tika-parser-miscoffice-module/src/test/java/org/apache/tika/parser/indesign/IDMLParserTest.java,tika-parsers/tika-parsers-standard/tika-parsers-standard-modules/tika-parser-miscoffice-module/src/test/java/org/apache/tika/parser/indesign/IDMLParserTest.java,org.apache.tika.parser.indesign.IDMLParserTest,IDMLParserTest,1992,unit
tika,697d7c047daf1f661a4ed067bbc8f9c58bb6faa2,1,2026-01-07T07:46:39.000,0.0,false,INTERFACE,5,1,0.0,false,4,0,5.281151412282893E-4,0,INTERFACE,/data/tika/tika-parsers/tika-parsers-standard/tika-parsers-standard-modules/tika-parser-microsoft-module/src/main/java/org/apache/tika/parser/microsoft/Cell.java,tika-parsers/tika-parsers-standard/tika-parsers-standard-modules/tika-parser-microsoft-module/src/main/java/org/apache/tika/parser/microsoft/Cell.java,org.apache.tika.parser.microsoft.Cell,Cell,26568,unit
tika,697d7c047daf1f661a4ed067bbc8f9c58bb6faa2,1,2026-01-07T07:46:39.000,0.0,false,CONCRETE_CLASS,0,7,0.0,false,40,0,1.8787557434076361E-4,0,CONCRETE_CLASS,/data/tika/tika-server/tika-server-core/src/test/java/org/apache/tika/server/core/TikaResourceMetadataFilterTest.java,tika-server/tika-server-core/src/test/java/org/apache/tika/server/core/TikaResourceMetadataFilterTest.java,org.apache.tika.server.core.TikaResourceMetadataFilterTest,TikaResourceMetadataFilterTest,10185,unit
tika,697d7c047daf1f661a4ed067bbc8f9c58bb6faa2,1,2026-01-07T07:46:39.000,0.0,false,CONCRETE_CLASS,0,4,0.0,false,126,0,1.8787557434076361E-4,0,CONCRETE_CLASS,/data/tika/tika-parsers/tika-parsers-ml/tika-transcribe-aws/src/test/java/org/apache/tika/parser/transcribe/aws/AmazonTranscribeTest.java,tika-parsers/tika-parsers-ml/tika-transcribe-aws/src/test/java/org/apache/tika/parser/transcribe/aws/AmazonTranscribeTest.java,org.apache.tika.parser.transcribe.aws.AmazonTranscribeTest,AmazonTranscribeTest,14282,unit
tika,697d7c047daf1f661a4ed067bbc8f9c58bb6faa2,1,2026-01-07T07:46:39.000,0.0,false,INTERFACE,4,1,0.0,false,2,0,6.894196830392789E-4,0,INTERFACE,/data/tika/tika-eval/tika-eval-core/src/main/java/org/apache/tika/eval/core/textstats/StringStatsCalculator.java,tika-eval/tika-eval-core/src/main/java/org/apache/tika/eval/core/textstats/StringStatsCalculator.java,org.apache.tika.eval.core.textstats.StringStatsCalculator,StringStatsCalculator,6092,unit
tika,697d7c047daf1f661a4ed067bbc8f9c58bb6faa2,1,2026-01-07T07:46:39.000,0.0,false,CONCRETE_CLASS,1,0,0.0,false,4,0,6.036359186387993E-4,0,CONCRETE_CLASS,/data/tika/tika-parsers/tika-parsers-standard/tika-parsers-standard-modules/tika-parser-microsoft-module/src/main/java/org/apache/tika/parser/microsoft/onenote/fsshttpb/util/Bit.java,tika-parsers/tika-parsers-standard/tika-parsers-standard-modules/tika-parser-microsoft-module/src/main/java/org/apache/tika/parser/microsoft/onenote/fsshttpb/util/Bit.java,org.apache.tika.parser.microsoft.onenote.fsshttpb.util.Bit,Bit,18382,unit
tika,697d7c047daf1f661a4ed067bbc8f9c58bb6faa2,1,2026-01-07T07:46:39.000,0.0,false,INTERFACE,9,2,0.0,false,14,0,0.0027631132823137013,0,INTERFACE,/data/tika/tika-core/src/main/java/org/apache/tika/metadata/XMP.java,tika-core/src/main/java/org/apache/tika/metadata/XMP.java,org.apache.tika.metadata.XMP,XMP,2001,unit
tika,697d7c047daf1f661a4ed067bbc8f9c58bb6faa2,1,2026-01-07T07:46:39.000,0.0,false,CONCRETE_CLASS,1,2,0.0,false,10,0,1.9875722275307928E-4,0,CONCRETE_CLASS,/data/tika/tika-parsers/tika-parsers-standard/tika-parsers-standard-modules/tika-parser-microsoft-module/src/main/java/org/apache/tika/parser/microsoft/NumberCell.java,tika-parsers/tika-parsers-standard/tika-parsers-standard-modules/tika-parser-microsoft-module/src/main/java/org/apache/tika/parser/microsoft/NumberCell.java,org.apache.tika.parser.microsoft.NumberCell,NumberCell,26580,unit
tika,697d7c047daf1f661a4ed067bbc8f9c58bb6faa2,1,2026-01-07T07:46:39.000,0.0,false,CONCRETE_CLASS,3,5,0.0,false,78,0,3.8692874000191893E-4,0,CONCRETE_CLASS,/data/tika/tika-langdetect/tika-langdetect-opennlp/src/main/java/org/apache/tika/langdetect/opennlp/OpenNLPDetector.java,tika-langdetect/tika-langdetect-opennlp/src/main/java/org/apache/tika/langdetect/opennlp/OpenNLPDetector.java,org.apache.tika.langdetect.opennlp.OpenNLPDetector,OpenNLPDetector,6101,unit
tika,697d7c047daf1f661a4ed067bbc8f9c58bb6faa2,1,2026-01-07T07:46:39.000,0.0,false,CONCRETE_CLASS,1,0,0.0,false,11,0,6.036359186387993E-4,0,CONCRETE_CLASS,/data/tika/tika-parsers/tika-parsers-standard/tika-parsers-standard-modules/tika-parser-microsoft-module/src/main/java/org/apache/tika/parser/microsoft/onenote/fsshttpb/util/UuidUtils.java,tika-parsers/tika-parsers-standard/tika-parsers-standard-modules/tika-parser-microsoft-module/src/main/java/org/apache/tika/parser/microsoft/onenote/fsshttpb/util/UuidUtils.java,org.apache.tika.parser.microsoft.onenote.fsshttpb.util.UuidUtils,UuidUtils,18392,unit
tika,697d7c047daf1f661a4ed067bbc8f9c58bb6faa2,1,2026-01-07T07:46:39.000,0.0,false,CONCRETE_CLASS,1,1,0.0,false,239,0,2.2783420638224848E-4,0,CONCRETE_CLASS,/data/tika/tika-langdetect/tika-langdetect-tika/src/main/java/org/apache/tika/langdetect/tika/LanguageProfilerBuilder.java,tika-langdetect/tika-langdetect-tika/src/main/java/org/apache/tika/langdetect/tika/LanguageProfilerBuilder.java,org.apache.tika.langdetect.tika.LanguageProfilerBuilder,LanguageProfilerBuilder,14304,unit
tika,697d7c047daf1f661a4ed067bbc8f9c58bb6faa2,1,2026-01-07T07:46:39.000,0.0,false,CONCRETE_CLASS,0,5,0.0,false,101,0,1.8787557434076361E-4,0,CONCRETE_CLASS,/data/tika/tika-parsers/tika-parsers-standard/tika-parsers-standard-package/src/test/java/org/apache/tika/parser/microsoft/POIContainerExtractionTest.java,tika-parsers/tika-parsers-standard/tika-parsers-standard-package/src/test/java/org/apache/tika/parser/microsoft/POIContainerExtractionTest.java,org.apache.tika.parser.microsoft.POIContainerExtractionTest,POIContainerExtractionTest,26593,unit
tika,697d7c047daf1f661a4ed067bbc8f9c58bb6faa2,1,2026-01-07T07:46:39.000,0.0,false,CONCRETE_CLASS,0,4,0.0,false,51,0,1.8787557434076361E-4,0,CONCRETE_CLASS,/data/tika/tika-pipes/tika-pipes-plugins/tika-pipes-az-blob/src/test/java/org/apache/tika/pipes/iterator/azblob/TestAZBlobPipesIterator.java,tika-pipes/tika-pipes-plugins/tika-pipes-az-blob/src/test/java/org/apache/tika/pipes/iterator/azblob/TestAZBlobPipesIterator.java,org.apache.tika.pipes.iterator.azblob.TestAZBlobPipesIterator,TestAZBlobPipesIterator,2022,unit
tika,697d7c047daf1f661a4ed067bbc8f9c58bb6faa2,1,2026-01-07T07:46:39.000,0.0,false,CONCRETE_CLASS,0,8,0.0,false,93,0,1.8787557434076361E-4,0,CONCRETE_CLASS,/data/tika/tika-parsers/tika-parsers-standard/tika-parsers-standard-modules/tika-parser-miscoffice-module/src/test/java/org/apache/tika/parser/epub/EpubParserTest.java,tika-parsers/tika-parsers-standard/tika-parsers-standard-modules/tika-parser-miscoffice-module/src/test/java/org/apache/tika/parser/epub/EpubParserTest.java,org.apache.tika.parser.epub.EpubParserTest,EpubParserTest,6121,unit
tika,697d7c047daf1f661a4ed067bbc8f9c58bb6faa2,1,2026-01-07T07:46:39.000,0.0,false,CONCRETE_CLASS,0,4,0.0,false,9,0,1.8787557434076361E-4,0,CONCRETE_CLASS,/data/tika/tika-langdetect/tika-langdetect-tika/src/test/java/org/apache/tika/langdetect/tika/ProfilingHandler.java,tika-langdetect/tika-langdetect-tika/src/test/java/org/apache/tika/langdetect/tika/ProfilingHandler.java,org.apache.tika.langdetect.tika.ProfilingHandler,ProfilingHandler,14314,unit
tika,697d7c047daf1f661a4ed067bbc8f9c58bb6faa2,1,2026-01-07T07:46:39.000,0.0,false,CONCRETE_CLASS,2,12,0.0,false,71,0,2.677928384237333E-4,0,CONCRETE_CLASS,/data/tika/tika-pipes/tika-pipes-plugins/tika-pipes-az-blob/src/main/java/org/apache/tika/pipes/iterator/azblob/AZBlobPipesIterator.java,tika-pipes/tika-pipes-plugins/tika-pipes-az-blob/src/main/java/org/apache/tika/pipes/iterator/azblob/AZBlobPipesIterator.java,org.apache.tika.pipes.iterator.azblob.AZBlobPipesIterator,AZBlobPipesIterator,2031,unit
tika,697d7c047daf1f661a4ed067bbc8f9c58bb6faa2,1,2026-01-07T07:46:39.000,0.0,false,CONCRETE_CLASS,5,1,0.0,false,72,0,0.0017406799587770282,0,CONCRETE_CLASS,/data/tika/tika-langdetect/tika-langdetect-tika/src/main/java/org/apache/tika/langdetect/tika/LanguageIdentifier.java,tika-langdetect/tika-langdetect-tika/src/main/java/org/apache/tika/langdetect/tika/LanguageIdentifier.java,org.apache.tika.langdetect.tika.LanguageIdentifier,LanguageIdentifier,14320,unit
tika,697d7c047daf1f661a4ed067bbc8f9c58bb6faa2,1,2026-01-07T07:46:39.000,0.0,false,CONCRETE_CLASS,1,5,0.0,false,97,0,2.0265941986511113E-4,0,CONCRETE_CLASS,/data/tika/tika-parsers/tika-parsers-standard/tika-parsers-standard-modules/tika-parser-apple-module/src/main/java/org/apache/tika/parser/iwork/NumbersContentHandler.java,tika-parsers/tika-parsers-standard/tika-parsers-standard-modules/tika-parser-apple-module/src/main/java/org/apache/tika/parser/iwork/NumbersContentHandler.java,org.apache.tika.parser.iwork.NumbersContentHandler,NumbersContentHandler,22512,unit
tika,697d7c047daf1f661a4ed067bbc8f9c58bb6faa2,1,2026-01-07T07:46:39.000,0.0,false,CONCRETE_CLASS,0,9,0.0,false,42,0,1.8787557434076361E-4,0,CONCRETE_CLASS,/data/tika/tika-parsers/tika-parsers-standard/tika-parsers-standard-modules/tika-parser-microsoft-module/src/main/java/org/apache/tika/parser/microsoft/MSOwnerFileParser.java,tika-parsers/tika-parsers-standard/tika-parsers-standard-modules/tika-parser-microsoft-module/src/main/java/org/apache/tika/parser/microsoft/MSOwnerFileParser.java,org.apache.tika.parser.microsoft.MSOwnerFileParser,MSOwnerFileParser,26609,unit
tika,697d7c047daf1f661a4ed067bbc8f9c58bb6faa2,1,2026-01-07T07:46:39.000,0.0,false,INTERFACE,2,2,0.0,false,5,0,2.3158409306383725E-4,0,INTERFACE,/data/tika/tika-core/src/main/java/org/apache/tika/metadata/Epub.java,tika-core/src/main/java/org/apache/tika/metadata/Epub.java,org.apache.tika.metadata.Epub,Epub,6133,unit
tika,697d7c047daf1f661a4ed067bbc8f9c58bb6faa2,1,2026-01-07T07:46:39.000,0.0,false,CONCRETE_CLASS,4,2,0.0,false,22,0,0.003256092072580606,0,CONCRETE_CLASS,/data/tika/tika-langdetect/tika-langdetect-tika/src/main/java/org/apache/tika/langdetect/tika/ProfilingWriter.java,tika-langdetect/tika-langdetect-tika/src/main/java/org/apache/tika/langdetect/tika/ProfilingWriter.java,org.apache.tika.langdetect.tika.ProfilingWriter,ProfilingWriter,14328,unit
tika,697d7c047daf1f661a4ed067bbc8f9c58bb6faa2,1,2026-01-07T07:46:39.000,0.0,false,CONCRETE_CLASS,1,2,0.0,false,38,0,2.0686208294447996E-4,0,CONCRETE_CLASS,/data/tika/tika-pipes/tika-pipes-plugins/tika-pipes-az-blob/src/main/java/org/apache/tika/pipes/iterator/azblob/AZBlobPipesIteratorConfig.java,tika-pipes/tika-pipes-plugins/tika-pipes-az-blob/src/main/java/org/apache/tika/pipes/iterator/azblob/AZBlobPipesIteratorConfig.java,org.apache.tika.pipes.iterator.azblob.AZBlobPipesIteratorConfig,AZBlobPipesIteratorConfig,2042,unit
tika,697d7c047daf1f661a4ed067bbc8f9c58bb6faa2,1,2026-01-07T07:46:39.000,0.0,false,CONCRETE_CLASS,0,10,0.0,false,76,0,1.8787557434076361E-4,0,CONCRETE_CLASS,/data/tika/tika-parsers/tika-parsers-standard/tika-parsers-standard-package/src/test/java/org/apache/tika/parser/digest/SkipContainerDocumentDigestTest.java,tika-parsers/tika-parsers-standard/tika-parsers-standard-package/src/test/java/org/apache/tika/parser/digest/SkipContainerDocumentDigestTest.java,org.apache.tika.parser.digest.SkipContainerDocumentDigestTest,SkipContainerDocumentDigestTest,10234,unit
tika,697d7c047daf1f661a4ed067bbc8f9c58bb6faa2,1,2026-01-07T07:46:39.000,0.0,false,CONCRETE_CLASS,4,1,0.0,false,55,0,0.002064450475260986,0,CONCRETE_CLASS,/data/tika/tika-parsers/tika-parsers-standard/tika-parsers-standard-modules/tika-parser-microsoft-module/src/main/java/org/apache/tika/parser/microsoft/onenote/fsshttpb/unsigned/UByte.java,tika-parsers/tika-parsers-standard/tika-parsers-standard-modules/tika-parser-microsoft-module/src/main/java/org/apache/tika/parser/microsoft/onenote/fsshttpb/unsigned/UByte.java,org.apache.tika.parser.microsoft.onenote.fsshttpb.unsigned.UByte,UByte,18426,unit
tika,697d7c047daf1f661a4ed067bbc8f9c58bb6faa2,1,2026-01-07T07:46:39.000,0.0,false,CONCRETE_CLASS,1,24,0.0,false,269,0,2.0785489036150603E-4,0,CONCRETE_CLASS,/data/tika/tika-parsers/tika-parsers-standard/tika-parsers-standard-modules/tika-parser-miscoffice-module/src/main/java/org/apache/tika/parser/epub/EpubParser.java,tika-parsers/tika-parsers-standard/tika-parsers-standard-modules/tika-parser-miscoffice-module/src/main/java/org/apache/tika/parser/epub/EpubParser.java,org.apache.tika.parser.epub.EpubParser,EpubParser,6141,unit
tika,697d7c047daf1f661a4ed067bbc8f9c58bb6faa2,1,2026-01-07T07:46:39.000,0.0,false,CONCRETE_CLASS,0,15,0.0,false,240,0,1.8787557434076361E-4,0,CONCRETE_CLASS,/data/tika/tika-parsers/tika-parsers-standard/tika-parsers-standard-modules/tika-parser-apple-module/src/test/java/org/apache/tika/parser/iwork/IWorkParserTest.java,tika-parsers/tika-parsers-standard/tika-parsers-standard-modules/tika-parser-apple-module/src/test/java/org/apache/tika/parser/iwork/IWorkParserTest.java,org.apache.tika.parser.iwork.IWorkParserTest,IWorkParserTest,22526,unit
tika,697d7c047daf1f661a4ed067bbc8f9c58bb6faa2,1,2026-01-07T07:46:39.000,0.0,false,CONCRETE_CLASS,7,1,0.0,false,113,0,0.0034158075864991764,0,CONCRETE_CLASS,/data/tika/tika-langdetect/tika-langdetect-tika/src/main/java/org/apache/tika/langdetect/tika/LanguageProfile.java,tika-langdetect/tika-langdetect-tika/src/main/java/org/apache/tika/langdetect/tika/LanguageProfile.java,org.apache.tika.langdetect.tika.LanguageProfile,LanguageProfile,14336,unit
tika,697d7c047daf1f661a4ed067bbc8f9c58bb6faa2,1,2026-01-07T07:46:39.000,0.0,false,CONCRETE_CLASS,1,2,0.0,false,6,0,2.442403626033197E-4,0,CONCRETE_CLASS,/data/tika/tika-parsers/tika-parsers-standard/tika-parsers-standard-modules/tika-parser-microsoft-module/src/main/java/org/apache/tika/parser/microsoft/CellDecorator.java,tika-parsers/tika-parsers-standard/tika-parsers-standard-modules/tika-parser-microsoft-module/src/main/java/org/apache/tika/parser/microsoft/CellDecorator.java,org.apache.tika.parser.microsoft.CellDecorator,CellDecorator,26629,unit
tika,697d7c047daf1f661a4ed067bbc8f9c58bb6faa2,1,2026-01-07T07:46:39.000,0.0,false,CONCRETE_CLASS,0,4,0.0,false,12,0,1.8787557434076361E-4,0,CONCRETE_CLASS,/data/tika/tika-pipes/tika-pipes-plugins/tika-pipes-az-blob/src/main/java/org/apache/tika/pipes/iterator/azblob/AZBlobPipesIteratorFactory.java,tika-pipes/tika-pipes-plugins/tika-pipes-az-blob/src/main/java/org/apache/tika/pipes/iterator/azblob/AZBlobPipesIteratorFactory.java,org.apache.tika.pipes.iterator.azblob.AZBlobPipesIteratorFactory,AZBlobPipesIteratorFactory,2055,unit
tika,697d7c047daf1f661a4ed067bbc8f9c58bb6faa2,1,2026-01-07T07:46:39.000,0.0,false,CONCRETE_CLASS,1,2,0.0,false,120,0,2.145949969403925E-4,0,CONCRETE_CLASS,/data/tika/tika-parsers/tika-parsers-standard/tika-parsers-standard-modules/tika-parser-html-module/src/main/java/org/apache/tika/parser/html/charsetdetector/PreScanner.java,tika-parsers/tika-parsers-standard/tika-parsers-standard-modules/tika-parser-html-module/src/main/java/org/apache/tika/parser/html/charsetdetector/PreScanner.java,org.apache.tika.parser.html.charsetdetector.PreScanner,PreScanner,18440,unit
tika,697d7c047daf1f661a4ed067bbc8f9c58bb6faa2,1,2026-01-07T07:46:39.000,0.0,false,CONCRETE_CLASS,2,7,0.0,false,50,0,2.2517029757948283E-4,0,CONCRETE_CLASS,/data/tika/tika-parsers/tika-parsers-standard/tika-parsers-standard-modules/tika-parser-apple-module/src/main/java/org/apache/tika/detect/apple/IWorkDetector.java,tika-parsers/tika-parsers-standard/tika-parsers-standard-modules/tika-parser-apple-module/src/main/java/org/apache/tika/detect/apple/IWorkDetector.java,org.apache.tika.detect.apple.IWorkDetector,IWorkDetector,22536,unit
tika,697d7c047daf1f661a4ed067bbc8f9c58bb6faa2,1,2026-01-07T07:46:39.000,0.0,false,CONCRETE_CLASS,1,7,0.0,false,36,0,1.9524371692141376E-4,0,CONCRETE_CLASS,/data/tika/tika-parsers/tika-parsers-standard/tika-parsers-standard-modules/tika-parser-miscoffice-module/src/main/java/org/apache/tika/parser/epub/OPFParser.java,tika-parsers/tika-parsers-standard/tika-parsers-standard-modules/tika-parser-miscoffice-module/src/main/java/org/apache/tika/parser/epub/OPFParser.java,org.apache.tika.parser.epub.OPFParser,OPFParser,6154,unit
tika,697d7c047daf1f661a4ed067bbc8f9c58bb6faa2,1,2026-01-07T07:46:39.000,0.0,false,INTERFACE,10,2,0.0,false,2,0,5.861301999642842E-4,0,INTERFACE,/data/tika/tika-pipes/tika-pipes-api/src/main/java/org/apache/tika/pipes/api/pipesiterator/PipesIteratorFactory.java,tika-pipes/tika-pipes-api/src/main/java/org/apache/tika/pipes/api/pipesiterator/PipesIteratorFactory.java,org.apache.tika.pipes.api.pipesiterator.PipesIteratorFactory,PipesIteratorFactory,2062,unit
tika,697d7c047daf1f661a4ed067bbc8f9c58bb6faa2,1,2026-01-07T07:46:39.000,0.0,false,CONCRETE_CLASS,2,1,0.0,false,17,0,5.166762037732399E-4,0,CONCRETE_CLASS,/data/tika/tika-parsers/tika-parsers-standard/tika-parsers-standard-modules/tika-parser-html-module/src/main/java/org/apache/tika/parser/html/charsetdetector/CharsetDetectionResult.java,tika-parsers/tika-parsers-standard/tika-parsers-standard-modules/tika-parser-html-module/src/main/java/org/apache/tika/parser/html/charsetdetector/CharsetDetectionResult.java,org.apache.tika.parser.html.charsetdetector.CharsetDetectionResult,CharsetDetectionResult,18446,unit
tika,697d7c047daf1f661a4ed067bbc8f9c58bb6faa2,1,2026-01-07T07:46:39.000,0.0,false,CONCRETE_CLASS,0,5,0.0,false,93,0,1.8787557434076361E-4,0,CONCRETE_CLASS,/data/tika/tika-parsers/tika-parsers-standard/tika-parsers-standard-package/src/test/java/org/apache/tika/parser/digest/DigestConfigTest.java,tika-parsers/tika-parsers-standard/tika-parsers-standard-package/src/test/java/org/apache/tika/parser/digest/DigestConfigTest.java,org.apache.tika.parser.digest.DigestConfigTest,DigestConfigTest,10255,unit
tika,697d7c047daf1f661a4ed067bbc8f9c58bb6faa2,1,2026-01-07T07:46:39.000,0.0,false,CONCRETE_CLASS,2,4,0.0,false,87,0,2.1331505507617376E-4,0,CONCRETE_CLASS,/data/tika/tika-parsers/tika-parsers-standard/tika-parsers-standard-modules/tika-parser-apple-module/src/main/java/org/apache/tika/parser/iwork/KeynoteContentHandler.java,tika-parsers/tika-parsers-standard/tika-parsers-standard-modules/tika-parser-apple-module/src/main/java/org/apache/tika/parser/iwork/KeynoteContentHandler.java,org.apache.tika.parser.iwork.KeynoteContentHandler,KeynoteContentHandler,22545,unit
tika,697d7c047daf1f661a4ed067bbc8f9c58bb6faa2,1,2026-01-07T07:46:39.000,0.0,false,CONCRETE_CLASS,0,4,0.0,false,28,0,1.8787557434076361E-4,0,CONCRETE_CLASS,/data/tika/tika-langdetect/tika-langdetect-tika/src/main/java/org/apache/tika/langdetect/tika/TikaLanguageDetector.java,tika-langdetect/tika-langdetect-tika/src/main/java/org/apache/tika/langdetect/tika/TikaLanguageDetector.java,org.apache.tika.langdetect.tika.TikaLanguageDetector,TikaLanguageDetector,14354,unit
tika,697d7c047daf1f661a4ed067bbc8f9c58bb6faa2,1,2026-01-07T07:46:39.000,0.0,false,CONCRETE_CLASS,1,15,0.0,false,209,0,1.9998173337455554E-4,0,CONCRETE_CLASS,/data/tika/tika-parsers/tika-parsers-standard/tika-parsers-standard-modules/tika-parser-microsoft-module/src/main/java/org/apache/tika/parser/microsoft/JackcessExtractor.java,tika-parsers/tika-parsers-standard/tika-parsers-standard-modules/tika-parser-microsoft-module/src/main/java/org/apache/tika/parser/microsoft/JackcessExtractor.java,org.apache.tika.parser.microsoft.JackcessExtractor,JackcessExtractor,26642,unit
tika,697d7c047daf1f661a4ed067bbc8f9c58bb6faa2,1,2026-01-07T07:46:39.000,0.0,false,CONCRETE_CLASS,1,1,0.0,false,23,0,2.7916137518945914E-4,0,CONCRETE_CLASS,/data/tika/tika-parsers/tika-parsers-standard/tika-parsers-standard-modules/tika-parser-html-module/src/main/java/org/apache/tika/parser/html/charsetdetector/MetaProcessor.java,tika-parsers/tika-parsers-standard/tika-parsers-standard-modules/tika-parser-html-module/src/main/java/org/apache/tika/parser/html/charsetdetector/MetaProcessor.java,org.apache.tika.parser.html.charsetdetector.MetaProcessor,MetaProcessor,18454,unit
tika,697d7c047daf1f661a4ed067bbc8f9c58bb6faa2,1,2026-01-07T07:46:39.000,0.0,false,CONCRETE_CLASS,2,13,0.0,false,99,0,2.2589828524744232E-4,0,CONCRETE_CLASS,/data/tika/tika-parsers/tika-parsers-standard/tika-parsers-standard-modules/tika-parser-apple-module/src/main/java/org/apache/tika/parser/iwork/IWorkPackageParser.java,tika-parsers/tika-parsers-standard/tika-parsers-standard-modules/tika-parser-apple-module/src/main/java/org/apache/tika/parser/iwork/IWorkPackageParser.java,org.apache.tika.parser.iwork.IWorkPackageParser,IWorkPackageParser,22553,unit
tika,697d7c047daf1f661a4ed067bbc8f9c58bb6faa2,1,2026-01-07T07:46:39.000,0.0,false,CONCRETE_CLASS,1,7,0.0,false,17,0,1.9524371692141376E-4,0,CONCRETE_CLASS,/data/tika/tika-parsers/tika-parsers-standard/tika-parsers-standard-modules/tika-parser-miscoffice-module/src/main/java/org/apache/tika/parser/epub/EpubContentParser.java,tika-parsers/tika-parsers-standard/tika-parsers-standard-modules/tika-parser-miscoffice-module/src/main/java/org/apache/tika/parser/epub/EpubContentParser.java,org.apache.tika.parser.epub.EpubContentParser,EpubContentParser,6172,unit
tika,697d7c047daf1f661a4ed067bbc8f9c58bb6faa2,1,2026-01-07T07:46:39.000,0.0,false,CONCRETE_CLASS,1,14,0.0,false,63,0,1.9921798249270366E-4,0,CONCRETE_CLASS,/data/tika/tika-parsers/tika-parsers-standard/tika-parsers-standard-modules/tika-parser-microsoft-module/src/main/java/org/apache/tika/parser/microsoft/JackcessParser.java,tika-parsers/tika-parsers-standard/tika-parsers-standard-modules/tika-parser-microsoft-module/src/main/java/org/apache/tika/parser/microsoft/JackcessParser.java,org.apache.tika.parser.microsoft.JackcessParser,JackcessParser,26659,unit
tika,697d7c047daf1f661a4ed067bbc8f9c58bb6faa2,1,2026-01-07T07:46:39.000,0.0,false,CONCRETE_CLASS,7,2,0.0,false,10,0,3.162427170541751E-4,0,CONCRETE_CLASS,/data/tika/tika-core/src/main/java/org/apache/tika/config/ConfigValidator.java,tika-core/src/main/java/org/apache/tika/config/ConfigValidator.java,org.apache.tika.config.ConfigValidator,ConfigValidator,2085,unit
tika,697d7c047daf1f661a4ed067bbc8f9c58bb6faa2,1,2026-01-07T07:46:39.000,0.0,false,CONCRETE_CLASS,2,9,0.0,false,56,0,2.5980111201543636E-4,0,CONCRETE_CLASS,/data/tika/tika-pipes/tika-pipes-plugins/tika-pipes-gcs/src/main/java/org/apache/tika/pipes/emitter/gcs/GCSEmitter.java,tika-pipes/tika-pipes-plugins/tika-pipes-gcs/src/main/java/org/apache/tika/pipes/emitter/gcs/GCSEmitter.java,org.apache.tika.pipes.emitter.gcs.GCSEmitter,GCSEmitter,10278,unit
tika,697d7c047daf1f661a4ed067bbc8f9c58bb6faa2,1,2026-01-07T07:46:39.000,0.0,false,CONCRETE_CLASS,0,3,0.0,false,91,0,1.8787557434076361E-4,0,CONCRETE_CLASS,/data/tika/tika-langdetect/tika-langdetect-tika/src/test/java/org/apache/tika/langdetect/tika/LanguageIdentifierTest.java,tika-langdetect/tika-langdetect-tika/src/test/java/org/apache/tika/langdetect/tika/LanguageIdentifierTest.java,org.apache.tika.langdetect.tika.LanguageIdentifierTest,LanguageIdentifierTest,14374,unit
tika,697d7c047daf1f661a4ed067bbc8f9c58bb6faa2,1,2026-01-07T07:46:39.000,0.0,false,CONCRETE_CLASS,1,2,0.0,false,80,0,6.275178748420683E-4,0,CONCRETE_CLASS,/data/tika/tika-parsers/tika-parsers-standard/tika-parsers-standard-modules/tika-parser-html-module/src/main/java/org/apache/tika/parser/html/charsetdetector/CharsetAliases.java,tika-parsers/tika-parsers-standard/tika-parsers-standard-modules/tika-parser-html-module/src/main/java/org/apache/tika/parser/html/charsetdetector/CharsetAliases.java,org.apache.tika.parser.html.charsetdetector.CharsetAliases,CharsetAliases,18477,unit
tika,697d7c047daf1f661a4ed067bbc8f9c58bb6faa2,1,2026-01-07T07:46:39.000,0.0,false,CONCRETE_CLASS,0,1,0.0,false,25,0,1.8787557434076361E-4,0,CONCRETE_CLASS,/data/tika/tika-parsers/tika-parsers-standard/tika-parsers-standard-modules/tika-parser-apple-module/src/test/java/org/apache/tika/parser/iwork/AutoPageNumberUtilsTest.java,tika-parsers/tika-parsers-standard/tika-parsers-standard-modules/tika-parser-apple-module/src/test/java/org/apache/tika/parser/iwork/AutoPageNumberUtilsTest.java,org.apache.tika.parser.iwork.AutoPageNumberUtilsTest,AutoPageNumberUtilsTest,22573,unit
tika,697d7c047daf1f661a4ed067bbc8f9c58bb6faa2,1,2026-01-07T07:46:39.000,0.0,false,CONCRETE_CLASS,30,0,0.0,false,29,0,0.0011718784198414735,0,CONCRETE_CLASS,/data/tika/tika-pipes/tika-pipes-api/src/main/java/org/apache/tika/pipes/api/fetcher/FetchKey.java,tika-pipes/tika-pipes-api/src/main/java/org/apache/tika/pipes/api/fetcher/FetchKey.java,org.apache.tika.pipes.api.fetcher.FetchKey,FetchKey,2094,unit
tika,697d7c047daf1f661a4ed067bbc8f9c58bb6faa2,1,2026-01-07T07:46:39.000,0.0,false,CONCRETE_CLASS,28,0,0.0,false,61,0,0.00534219210417311,0,CONCRETE_CLASS,/data/tika/tika-core/src/main/java/org/apache/tika/sax/ContentHandlerDecorator.java,tika-core/src/main/java/org/apache/tika/sax/ContentHandlerDecorator.java,org.apache.tika.sax.ContentHandlerDecorator,ContentHandlerDecorator,6191,unit
tika,697d7c047daf1f661a4ed067bbc8f9c58bb6faa2,1,2026-01-07T07:46:39.000,0.0,false,ABSTRACT_CLASS,4,5,0.0,false,8,0,2.7466177975106595E-4,0,ABSTRACT_CLASS,/data/tika/tika-pipes/tika-pipes-api/src/main/java/org/apache/tika/pipes/api/emitter/AbstractStreamEmitter.java,tika-pipes/tika-pipes-api/src/main/java/org/apache/tika/pipes/api/emitter/AbstractStreamEmitter.java,org.apache.tika.pipes.api.emitter.AbstractStreamEmitter,AbstractStreamEmitter,10290,unit
tika,697d7c047daf1f661a4ed067bbc8f9c58bb6faa2,1,2026-01-07T07:46:39.000,0.0,false,CONCRETE_CLASS,0,1,0.0,false,24,0,1.8787557434076361E-4,0,CONCRETE_CLASS,/data/tika/tika-langdetect/tika-langdetect-tika/src/test/java/org/apache/tika/langdetect/tika/LanguageProfileTest.java,tika-langdetect/tika-langdetect-tika/src/test/java/org/apache/tika/langdetect/tika/LanguageProfileTest.java,org.apache.tika.langdetect.tika.LanguageProfileTest,LanguageProfileTest,14386,unit
tika,697d7c047daf1f661a4ed067bbc8f9c58bb6faa2,1,2026-01-07T07:46:39.000,0.0,false,CONCRETE_CLASS,2,0,0.0,false,33,0,3.7644595203341726E-4,0,CONCRETE_CLASS,/data/tika/tika-parsers/tika-parsers-standard/tika-parsers-standard-modules/tika-parser-apple-module/src/main/java/org/apache/tika/parser/iwork/AutoPageNumberUtils.java,tika-parsers/tika-parsers-standard/tika-parsers-standard-modules/tika-parser-apple-module/src/main/java/org/apache/tika/parser/iwork/AutoPageNumberUtils.java,org.apache.tika.parser.iwork.AutoPageNumberUtils,AutoPageNumberUtils,22579,unit
tika,697d7c047daf1f661a4ed067bbc8f9c58bb6faa2,1,2026-01-07T07:46:39.000,0.0,false,CONCRETE_CLASS,30,0,0.0,false,23,0,0.0011936233453807784,0,CONCRETE_CLASS,/data/tika/tika-pipes/tika-pipes-api/src/main/java/org/apache/tika/pipes/api/emitter/EmitKey.java,tika-pipes/tika-pipes-api/src/main/java/org/apache/tika/pipes/api/emitter/EmitKey.java,org.apache.tika.pipes.api.emitter.EmitKey,EmitKey,2102,unit
tika,697d7c047daf1f661a4ed067bbc8f9c58bb6faa2,1,2026-01-07T07:46:39.000,0.0,false,CONCRETE_CLASS,1,0,0.0,false,19,0,4.548871322464386E-4,0,CONCRETE_CLASS,/data/tika/tika-parsers/tika-parsers-standard/tika-parsers-standard-modules/tika-parser-html-module/src/main/java/org/apache/tika/parser/html/charsetdetector/charsets/XUserDefinedCharset.java,tika-parsers/tika-parsers-standard/tika-parsers-standard-modules/tika-parser-html-module/src/main/java/org/apache/tika/parser/html/charsetdetector/charsets/XUserDefinedCharset.java,org.apache.tika.parser.html.charsetdetector.charsets.XUserDefinedCharset,XUserDefinedCharset,18489,unit
tika,697d7c047daf1f661a4ed067bbc8f9c58bb6faa2,1,2026-01-07T07:46:39.000,0.0,false,CONCRETE_CLASS,1,1,0.0,false,20,0,2.12435323867067E-4,0,CONCRETE_CLASS,/data/tika/tika-pipes/tika-pipes-plugins/tika-pipes-gcs/src/main/java/org/apache/tika/pipes/emitter/gcs/GCSEmitterConfig.java,tika-pipes/tika-pipes-plugins/tika-pipes-gcs/src/main/java/org/apache/tika/pipes/emitter/gcs/GCSEmitterConfig.java,org.apache.tika.pipes.emitter.gcs.GCSEmitterConfig,GCSEmitterConfig,10298,unit
tika,697d7c047daf1f661a4ed067bbc8f9c58bb6faa2,1,2026-01-07T07:46:39.000,0.0,false,CONCRETE_CLASS,0,2,0.0,false,18,0,1.8787557434076361E-4,0,CONCRETE_CLASS,/data/tika/tika-langdetect/tika-langdetect-tika/src/test/java/org/apache/tika/langdetect/tika/ProfilingWriterTest.java,tika-langdetect/tika-langdetect-tika/src/test/java/org/apache/tika/langdetect/tika/ProfilingWriterTest.java,org.apache.tika.langdetect.tika.ProfilingWriterTest,ProfilingWriterTest,14400,unit
tika,697d7c047daf1f661a4ed067bbc8f9c58bb6faa2,1,2026-01-07T07:46:39.000,0.0,false,CONCRETE_CLASS,2,1,0.0,false,44,0,2.023157214870241E-4,0,CONCRETE_CLASS,/data/tika/tika-parsers/tika-parsers-standard/tika-parsers-standard-modules/tika-parser-zip-commons/src/main/java/org/apache/tika/zip/utils/ZipSalvager.java,tika-parsers/tika-parsers-standard/tika-parsers-standard-modules/tika-parser-zip-commons/src/main/java/org/apache/tika/zip/utils/ZipSalvager.java,org.apache.tika.zip.utils.ZipSalvager,ZipSalvager,6209,unit
tika,697d7c047daf1f661a4ed067bbc8f9c58bb6faa2,1,2026-01-07T07:46:39.000,0.0,false,CONCRETE_CLASS,2,25,0.0,false,450,0,2.1326257568487605E-4,0,CONCRETE_CLASS,/data/tika/tika-parsers/tika-parsers-standard/tika-parsers-standard-modules/tika-parser-microsoft-module/src/main/java/org/apache/tika/parser/microsoft/OutlookExtractor.java,tika-parsers/tika-parsers-standard/tika-parsers-standard-modules/tika-parser-microsoft-module/src/main/java/org/apache/tika/parser/microsoft/OutlookExtractor.java,org.apache.tika.parser.microsoft.OutlookExtractor,OutlookExtractor,26691,unit
tika,697d7c047daf1f661a4ed067bbc8f9c58bb6faa2,1,2026-01-07T07:46:39.000,0.0,false,CONCRETE_CLASS,0,5,0.0,false,9,0,1.8787557434076361E-4,0,CONCRETE_CLASS,/data/tika/tika-core/src/test/java/org/apache/custom/detect/MyCustomDetector.java,tika-core/src/test/java/org/apache/custom/detect/MyCustomDetector.java,org.apache.custom.detect.MyCustomDetector,MyCustomDetector,30789,unit
tika,697d7c047daf1f661a4ed067bbc8f9c58bb6faa2,1,2026-01-07T07:46:39.000,0.0,false,CONCRETE_CLASS,0,5,0.0,false,13,0,1.8787557434076361E-4,0,CONCRETE_CLASS,/data/tika/tika-pipes/tika-pipes-plugins/tika-pipes-gcs/src/main/java/org/apache/tika/pipes/emitter/gcs/GCSEmitterFactory.java,tika-pipes/tika-pipes-plugins/tika-pipes-gcs/src/main/java/org/apache/tika/pipes/emitter/gcs/GCSEmitterFactory.java,org.apache.tika.pipes.emitter.gcs.GCSEmitterFactory,GCSEmitterFactory,10312,unit
tika,697d7c047daf1f661a4ed067bbc8f9c58bb6faa2,1,2026-01-07T07:46:39.000,0.0,false,CONCRETE_CLASS,1,6,0.0,false,179,0,2.0265941986511113E-4,0,CONCRETE_CLASS,/data/tika/tika-parsers/tika-parsers-standard/tika-parsers-standard-modules/tika-parser-apple-module/src/main/java/org/apache/tika/parser/iwork/PagesContentHandler.java,tika-parsers/tika-parsers-standard/tika-parsers-standard-modules/tika-parser-apple-module/src/main/java/org/apache/tika/parser/iwork/PagesContentHandler.java,org.apache.tika.parser.iwork.PagesContentHandler,PagesContentHandler,22600,unit
tika,697d7c047daf1f661a4ed067bbc8f9c58bb6faa2,1,2026-01-07T07:46:39.000,0.0,false,CONCRETE_CLASS,1,1,0.0,false,78,0,1.9956532172810124E-4,0,CONCRETE_CLASS,/data/tika/tika-pipes/tika-pipes-plugins/tika-pipes-atlassian-jwt/src/main/java/org/apache/tika/pipes/fetcher/atlassianjwt/config/AtlassianJwtFetcherConfig.java,tika-pipes/tika-pipes-plugins/tika-pipes-atlassian-jwt/src/main/java/org/apache/tika/pipes/fetcher/atlassianjwt/config/AtlassianJwtFetcherConfig.java,org.apache.tika.pipes.fetcher.atlassianjwt.config.AtlassianJwtFetcherConfig,AtlassianJwtFetcherConfig,2122,unit
tika,697d7c047daf1f661a4ed067bbc8f9c58bb6faa2,1,2026-01-07T07:46:39.000,0.0,false,CONCRETE_CLASS,0,4,0.0,false,44,0,1.8787557434076361E-4,0,CONCRETE_CLASS,/data/tika/tika-langdetect/tika-langdetect-tika/src/test/java/org/apache/tika/langdetect/tika/LanguageProfilerBuilderTest.java,tika-langdetect/tika-langdetect-tika/src/test/java/org/apache/tika/langdetect/tika/LanguageProfilerBuilderTest.java,org.apache.tika.langdetect.tika.LanguageProfilerBuilderTest,LanguageProfilerBuilderTest,14411,unit
tika,697d7c047daf1f661a4ed067bbc8f9c58bb6faa2,1,2026-01-07T07:46:39.000,0.0,false,CONCRETE_CLASS,1,13,0.0,false,287,0,2.0464458382308E-4,0,CONCRETE_CLASS,/data/tika/tika-parsers/tika-parsers-standard/tika-parsers-standard-modules/tika-parser-microsoft-module/src/main/java/org/apache/tika/parser/microsoft/HSLFExtractor.java,tika-parsers/tika-parsers-standard/tika-parsers-standard-modules/tika-parser-microsoft-module/src/main/java/org/apache/tika/parser/microsoft/HSLFExtractor.java,org.apache.tika.parser.microsoft.HSLFExtractor,HSLFExtractor,26702,unit
tika,697d7c047daf1f661a4ed067bbc8f9c58bb6faa2,1,2026-01-07T07:46:39.000,0.0,false,CONCRETE_CLASS,17,0,0.0,false,21,0,0.0011828154793362888,0,CONCRETE_CLASS,/data/tika/tika-core/src/main/java/org/apache/tika/exception/WriteLimitReachedException.java,tika-core/src/main/java/org/apache/tika/exception/WriteLimitReachedException.java,org.apache.tika.exception.WriteLimitReachedException,WriteLimitReachedException,6225,unit
tika,697d7c047daf1f661a4ed067bbc8f9c58bb6faa2,1,2026-01-07T07:46:39.000,0.0,false,INTERFACE,9,2,0.0,false,2,0,4.7222062727902145E-4,0,INTERFACE,/data/tika/tika-pipes/tika-pipes-api/src/main/java/org/apache/tika/pipes/api/emitter/EmitterFactory.java,tika-pipes/tika-pipes-api/src/main/java/org/apache/tika/pipes/api/emitter/EmitterFactory.java,org.apache.tika.pipes.api.emitter.EmitterFactory,EmitterFactory,10322,unit
tika,697d7c047daf1f661a4ed067bbc8f9c58bb6faa2,1,2026-01-07T07:46:39.000,0.0,false,CONCRETE_CLASS,1,1,0.0,false,24,0,2.0997934891443665E-4,0,CONCRETE_CLASS,/data/tika/tika-pipes/tika-pipes-plugins/tika-pipes-az-blob/src/main/java/org/apache/tika/pipes/emitter/azblob/AZBlobEmitterConfig.java,tika-pipes/tika-pipes-plugins/tika-pipes-az-blob/src/main/java/org/apache/tika/pipes/emitter/azblob/AZBlobEmitterConfig.java,org.apache.tika.pipes.emitter.azblob.AZBlobEmitterConfig,AZBlobEmitterConfig,30808,unit
tika,697d7c047daf1f661a4ed067bbc8f9c58bb6faa2,1,2026-01-07T07:46:39.000,0.0,false,CONCRETE_CLASS,1,4,0.0,false,9,0,2.1070907836446924E-4,0,CONCRETE_CLASS,/data/tika/tika-parsers/tika-parsers-standard/tika-parsers-standard-modules/tika-parser-xml-module/src/main/java/org/apache/tika/parser/xml/TextAndAttributeXMLParser.java,tika-parsers/tika-parsers-standard/tika-parsers-standard-modules/tika-parser-xml-module/src/main/java/org/apache/tika/parser/xml/TextAndAttributeXMLParser.java,org.apache.tika.parser.xml.TextAndAttributeXMLParser,TextAndAttributeXMLParser,2139,unit
tika,697d7c047daf1f661a4ed067bbc8f9c58bb6faa2,1,2026-01-07T07:46:39.000,0.0,false,CONCRETE_CLASS,1,5,0.0,false,27,0,2.2655045159560662E-4,0,CONCRETE_CLASS,/data/tika/tika-pipes/tika-pipes-core/src/main/java/org/apache/tika/pipes/core/config/FileBasedConfigStoreFactory.java,tika-pipes/tika-pipes-core/src/main/java/org/apache/tika/pipes/core/config/FileBasedConfigStoreFactory.java,org.apache.tika.pipes.core.config.FileBasedConfigStoreFactory,FileBasedConfigStoreFactory,14427,unit
tika,697d7c047daf1f661a4ed067bbc8f9c58bb6faa2,1,2026-01-07T07:46:39.000,0.0,false,CONCRETE_CLASS,2,1,0.0,false,2,0,2.25592281920434E-4,0,CONCRETE_CLASS,/data/tika/tika-pipes/tika-pipes-core/src/main/java/org/apache/tika/pipes/core/async/EmitDataPair.java,tika-pipes/tika-pipes-core/src/main/java/org/apache/tika/pipes/core/async/EmitDataPair.java,org.apache.tika.pipes.core.async.EmitDataPair,EmitDataPair,18526,unit
tika,697d7c047daf1f661a4ed067bbc8f9c58bb6faa2,1,2026-01-07T07:46:39.000,0.0,false,CONCRETE_CLASS,0,8,0.0,false,53,0,1.8787557434076361E-4,0,CONCRETE_CLASS,/data/tika/tika-parsers/tika-parsers-standard/tika-parsers-standard-modules/tika-parser-microsoft-module/src/main/java/org/apache/tika/parser/microsoft/WMFParser.java,tika-parsers/tika-parsers-standard/tika-parsers-standard-modules/tika-parser-microsoft-module/src/main/java/org/apache/tika/parser/microsoft/WMFParser.java,org.apache.tika.parser.microsoft.WMFParser,WMFParser,26720,unit
tika,697d7c047daf1f661a4ed067bbc8f9c58bb6faa2,1,2026-01-07T07:46:39.000,0.0,false,CONCRETE_CLASS,1,1,0.0,false,17,0,2.326916046021525E-4,0,CONCRETE_CLASS,/data/tika/tika-core/src/main/java/org/apache/tika/sax/TextAndAttributeContentHandler.java,tika-core/src/main/java/org/apache/tika/sax/TextAndAttributeContentHandler.java,org.apache.tika.sax.TextAndAttributeContentHandler,TextAndAttributeContentHandler,2145,unit
tika,697d7c047daf1f661a4ed067bbc8f9c58bb6faa2,1,2026-01-07T07:46:39.000,0.0,false,CONCRETE_CLASS,2,10,0.0,false,78,0,2.5980111201543636E-4,0,CONCRETE_CLASS,/data/tika/tika-pipes/tika-pipes-plugins/tika-pipes-az-blob/src/main/java/org/apache/tika/pipes/emitter/azblob/AZBlobEmitter.java,tika-pipes/tika-pipes-plugins/tika-pipes-az-blob/src/main/java/org/apache/tika/pipes/emitter/azblob/AZBlobEmitter.java,org.apache.tika.pipes.emitter.azblob.AZBlobEmitter,AZBlobEmitter,30818,unit
tika,697d7c047daf1f661a4ed067bbc8f9c58bb6faa2,1,2026-01-07T07:46:39.000,0.0,false,CONCRETE_CLASS,0,4,0.0,false,28,0,1.8787557434076361E-4,0,CONCRETE_CLASS,/data/tika/tika-pipes/tika-pipes-plugins/tika-pipes-gcs/src/test/java/org/apache/tika/pipes/emitter/gcs/TestGCSEmitter.java,tika-pipes/tika-pipes-plugins/tika-pipes-gcs/src/test/java/org/apache/tika/pipes/emitter/gcs/TestGCSEmitter.java,org.apache.tika.pipes.emitter.gcs.TestGCSEmitter,TestGCSEmitter,10339,unit
tika,697d7c047daf1f661a4ed067bbc8f9c58bb6faa2,1,2026-01-07T07:46:39.000,0.0,false,CONCRETE_CLASS,1,2,0.0,false,66,0,2.2642501422801461E-4,0,CONCRETE_CLASS,/data/tika/tika-pipes/tika-pipes-core/src/main/java/org/apache/tika/pipes/core/config/FileBasedConfigStore.java,tika-pipes/tika-pipes-core/src/main/java/org/apache/tika/pipes/core/config/FileBasedConfigStore.java,org.apache.tika.pipes.core.config.FileBasedConfigStore,FileBasedConfigStore,14435,unit
tika,697d7c047daf1f661a4ed067bbc8f9c58bb6faa2,1,2026-01-07T07:46:39.000,0.0,false,CONCRETE_CLASS,0,2,0.0,false,11,0,1.8787557434076361E-4,0,CONCRETE_CLASS,/data/tika/tika-parsers/tika-parsers-standard/tika-parsers-standard-modules/tika-parser-code-module/src/test/java/org/apache/tika/parser/executable/UniversalExecutableParserTest.java,tika-parsers/tika-parsers-standard/tika-parsers-standard-modules/tika-parser-code-module/src/test/java/org/apache/tika/parser/executable/UniversalExecutableParserTest.java,org.apache.tika.parser.executable.UniversalExecutableParserTest,UniversalExecutableParserTest,6247,unit
tika,697d7c047daf1f661a4ed067bbc8f9c58bb6faa2,1,2026-01-07T07:46:39.000,0.0,false,CONCRETE_CLASS,2,0,0.0,false,10,0,2.0852570420341331E-4,0,CONCRETE_CLASS,/data/tika/tika-pipes/tika-pipes-core/src/main/java/org/apache/tika/pipes/core/async/OfferLargerThanQueueSize.java,tika-pipes/tika-pipes-core/src/main/java/org/apache/tika/pipes/core/async/OfferLargerThanQueueSize.java,org.apache.tika.pipes.core.async.OfferLargerThanQueueSize,OfferLargerThanQueueSize,18536,unit
tika,697d7c047daf1f661a4ed067bbc8f9c58bb6faa2,1,2026-01-07T07:46:39.000,0.0,false,CONCRETE_CLASS,8,12,0.0,false,44,0,3.5053952499546195E-4,0,CONCRETE_CLASS,/data/tika/tika-parsers/tika-parsers-standard/tika-parsers-standard-modules/tika-parser-xml-module/src/main/java/org/apache/tika/parser/xml/XMLParser.java,tika-parsers/tika-parsers-standard/tika-parsers-standard-modules/tika-parser-xml-module/src/main/java/org/apache/tika/parser/xml/XMLParser.java,org.apache.tika.parser.xml.XMLParser,XMLParser,2155,unit
tika,697d7c047daf1f661a4ed067bbc8f9c58bb6faa2,1,2026-01-07T07:46:39.000,0.0,false,INTERFACE,2,1,0.0,false,3,0,2.1281755827318798E-4,0,INTERFACE,/data/tika/tika-pipes/tika-pipes-api/src/main/java/org/apache/tika/pipes/api/pipesiterator/TotalCounter.java,tika-pipes/tika-pipes-api/src/main/java/org/apache/tika/pipes/api/pipesiterator/TotalCounter.java,org.apache.tika.pipes.api.pipesiterator.TotalCounter,TotalCounter,18544,unit
tika,697d7c047daf1f661a4ed067bbc8f9c58bb6faa2,1,2026-01-07T07:46:39.000,0.0,false,CONCRETE_CLASS,0,3,0.0,false,9,0,1.8787557434076361E-4,0,CONCRETE_CLASS,/data/tika/tika-parsers/tika-parsers-standard/tika-parsers-standard-package/src/test/java/org/apache/tika/parser/microsoft/ExcelParserTest.java,tika-parsers/tika-parsers-standard/tika-parsers-standard-package/src/test/java/org/apache/tika/parser/microsoft/ExcelParserTest.java,org.apache.tika.parser.microsoft.ExcelParserTest,ExcelParserTest,26739,unit
tika,697d7c047daf1f661a4ed067bbc8f9c58bb6faa2,1,2026-01-07T07:46:39.000,0.0,false,CONCRETE_CLASS,0,5,0.0,false,40,0,1.8787557434076361E-4,0,CONCRETE_CLASS,/data/tika/tika-parsers/tika-parsers-standard/tika-parsers-standard-modules/tika-parser-code-module/src/test/java/org/apache/tika/parser/executable/ExecutableParserTest.java,tika-parsers/tika-parsers-standard/tika-parsers-standard-modules/tika-parser-code-module/src/test/java/org/apache/tika/parser/executable/ExecutableParserTest.java,org.apache.tika.parser.executable.ExecutableParserTest,ExecutableParserTest,6260,unit
tika,697d7c047daf1f661a4ed067bbc8f9c58bb6faa2,1,2026-01-07T07:46:39.000,0.0,false,CONCRETE_CLASS,1,0,0.0,false,28,0,2.1827782481934868E-4,0,CONCRETE_CLASS,/data/tika/tika-parsers/tika-parsers-standard/tika-parsers-standard-modules/tika-parser-xmp-commons/src/main/java/org/apache/tika/parser/xmp/XMPPacketScanner.java,tika-parsers/tika-parsers-standard/tika-parsers-standard-modules/tika-parser-xmp-commons/src/main/java/org/apache/tika/parser/xmp/XMPPacketScanner.java,org.apache.tika.parser.xmp.XMPPacketScanner,XMPPacketScanner,22644,unit
tika,697d7c047daf1f661a4ed067bbc8f9c58bb6faa2,1,2026-01-07T07:46:39.000,0.0,false,CONCRETE_CLASS,4,0,0.0,false,28,0,4.5436115909585815E-4,0,CONCRETE_CLASS,/data/tika/tika-pipes/tika-pipes-plugins/tika-pipes-http/src/main/java/org/apache/tika/pipes/fetcher/http/config/HttpHeaders.java,tika-pipes/tika-pipes-plugins/tika-pipes-http/src/main/java/org/apache/tika/pipes/fetcher/http/config/HttpHeaders.java,org.apache.tika.pipes.fetcher.http.config.HttpHeaders,HttpHeaders,10359,unit
tika,697d7c047daf1f661a4ed067bbc8f9c58bb6faa2,1,2026-01-07T07:46:39.000,0.0,false,CONCRETE_CLASS,5,3,0.0,false,85,0,2.800495853248448E-4,0,CONCRETE_CLASS,/data/tika/tika-parsers/tika-parsers-standard/tika-parsers-standard-modules/tika-parser-xml-module/src/main/java/org/apache/tika/parser/xml/ElementMetadataHandler.java,tika-parsers/tika-parsers-standard/tika-parsers-standard-modules/tika-parser-xml-module/src/main/java/org/apache/tika/parser/xml/ElementMetadataHandler.java,org.apache.tika.parser.xml.ElementMetadataHandler,ElementMetadataHandler,2168,unit
tika,697d7c047daf1f661a4ed067bbc8f9c58bb6faa2,1,2026-01-07T07:46:39.000,0.0,false,CONCRETE_CLASS,0,4,0.0,false,69,0,1.8787557434076361E-4,0,CONCRETE_CLASS,/data/tika/tika-pipes/tika-pipes-core/src/test/java/org/apache/tika/pipes/core/config/ConfigStoreTest.java,tika-pipes/tika-pipes-core/src/test/java/org/apache/tika/pipes/core/config/ConfigStoreTest.java,org.apache.tika.pipes.core.config.ConfigStoreTest,ConfigStoreTest,14457,unit
tika,697d7c047daf1f661a4ed067bbc8f9c58bb6faa2,1,2026-01-07T07:46:39.000,0.0,false,CONCRETE_CLASS,0,4,0.0,false,29,0,1.8787557434076361E-4,0,CONCRETE_CLASS,/data/tika/tika-pipes/tika-pipes-plugins/tika-pipes-az-blob/src/test/java/org/apache/tika/pipes/emitter/azblob/TestAZBlobEmitter.java,tika-pipes/tika-pipes-plugins/tika-pipes-az-blob/src/test/java/org/apache/tika/pipes/emitter/azblob/TestAZBlobEmitter.java,org.apache.tika.pipes.emitter.azblob.TestAZBlobEmitter,TestAZBlobEmitter,30841,unit
tika,697d7c047daf1f661a4ed067bbc8f9c58bb6faa2,1,2026-01-07T07:46:39.000,0.0,false,CONCRETE_CLASS,2,11,0.0,false,364,0,2.3437289162540054E-4,0,CONCRETE_CLASS,/data/tika/tika-parsers/tika-parsers-standard/tika-parsers-standard-modules/tika-parser-code-module/src/main/java/org/apache/tika/parser/executable/ExecutableParser.java,tika-parsers/tika-parsers-standard/tika-parsers-standard-modules/tika-parser-code-module/src/main/java/org/apache/tika/parser/executable/ExecutableParser.java,org.apache.tika.parser.executable.ExecutableParser,ExecutableParser,6270,unit
tika,697d7c047daf1f661a4ed067bbc8f9c58bb6faa2,1,2026-01-07T07:46:39.000,0.0,false,CONCRETE_CLASS,1,6,0.0,false,65,0,1.975772113706785E-4,0,CONCRETE_CLASS,/data/tika/tika-pipes/tika-pipes-core/src/main/java/org/apache/tika/pipes/core/async/AsyncEmitter.java,tika-pipes/tika-pipes-core/src/main/java/org/apache/tika/pipes/core/async/AsyncEmitter.java,org.apache.tika.pipes.core.async.AsyncEmitter,AsyncEmitter,18559,unit
tika,697d7c047daf1f661a4ed067bbc8f9c58bb6faa2,1,2026-01-07T07:46:39.000,0.0,false,CONCRETE_CLASS,2,2,0.0,false,24,0,3.2294991386865393E-4,0,CONCRETE_CLASS,/data/tika/tika-parsers/tika-parsers-standard/tika-parsers-standard-modules/tika-parser-xml-module/src/main/java/org/apache/tika/parser/xml/AbstractMetadataHandler.java,tika-parsers/tika-parsers-standard/tika-parsers-standard-modules/tika-parser-xml-module/src/main/java/org/apache/tika/parser/xml/AbstractMetadataHandler.java,org.apache.tika.parser.xml.AbstractMetadataHandler,AbstractMetadataHandler,2176,unit
tika,697d7c047daf1f661a4ed067bbc8f9c58bb6faa2,1,2026-01-07T07:46:39.000,0.0,false,CONCRETE_CLASS,0,1,0.0,false,15,0,1.8787557434076361E-4,0,CONCRETE_CLASS,/data/tika/tika-pipes/tika-pipes-plugins/tika-pipes-http/src/test/java/org/apache/tika/pipes/fetcher/http/config/HttpHeadersTest.java,tika-pipes/tika-pipes-plugins/tika-pipes-http/src/test/java/org/apache/tika/pipes/fetcher/http/config/HttpHeadersTest.java,org.apache.tika.pipes.fetcher.http.config.HttpHeadersTest,HttpHeadersTest,10368,unit
tika,697d7c047daf1f661a4ed067bbc8f9c58bb6faa2,1,2026-01-07T07:46:39.000,0.0,false,CONCRETE_CLASS,1,0,0.0,false,34,0,3.667289986160494E-4,0,CONCRETE_CLASS,/data/tika/tika-parsers/tika-parsers-standard/tika-parsers-standard-modules/tika-parser-microsoft-module/src/main/java/org/apache/tika/parser/microsoft/TikaExcelGeneralFormat.java,tika-parsers/tika-parsers-standard/tika-parsers-standard-modules/tika-parser-microsoft-module/src/main/java/org/apache/tika/parser/microsoft/TikaExcelGeneralFormat.java,org.apache.tika.parser.microsoft.TikaExcelGeneralFormat,TikaExcelGeneralFormat,26753,unit
tika,697d7c047daf1f661a4ed067bbc8f9c58bb6faa2,1,2026-01-07T07:46:39.000,0.0,false,CONCRETE_CLASS,1,2,0.0,false,27,0,2.2783420638224848E-4,0,CONCRETE_CLASS,/data/tika/tika-pipes/tika-pipes-core/src/test/java/org/apache/tika/pipes/core/config/LoggingConfigStore.java,tika-pipes/tika-pipes-core/src/test/java/org/apache/tika/pipes/core/config/LoggingConfigStore.java,org.apache.tika.pipes.core.config.LoggingConfigStore,LoggingConfigStore,14466,unit
tika,697d7c047daf1f661a4ed067bbc8f9c58bb6faa2,1,2026-01-07T07:46:39.000,0.0,false,CONCRETE_CLASS,0,5,0.0,false,13,0,1.8787557434076361E-4,0,CONCRETE_CLASS,/data/tika/tika-pipes/tika-pipes-plugins/tika-pipes-az-blob/src/main/java/org/apache/tika/pipes/emitter/azblob/AZBlobEmitterFactory.java,tika-pipes/tika-pipes-plugins/tika-pipes-az-blob/src/main/java/org/apache/tika/pipes/emitter/azblob/AZBlobEmitterFactory.java,org.apache.tika.pipes.emitter.azblob.AZBlobEmitterFactory,AZBlobEmitterFactory,30854,unit
tika,697d7c047daf1f661a4ed067bbc8f9c58bb6faa2,1,2026-01-07T07:46:39.000,0.0,false,CONCRETE_CLASS,2,2,0.0,false,103,0,2.066299045804295E-4,0,CONCRETE_CLASS,/data/tika/tika-pipes/tika-pipes-plugins/tika-pipes-http/src/main/java/org/apache/tika/pipes/fetcher/http/config/HttpFetcherConfig.java,tika-pipes/tika-pipes-plugins/tika-pipes-http/src/main/java/org/apache/tika/pipes/fetcher/http/config/HttpFetcherConfig.java,org.apache.tika.pipes.fetcher.http.config.HttpFetcherConfig,HttpFetcherConfig,10378,unit
tika,697d7c047daf1f661a4ed067bbc8f9c58bb6faa2,1,2026-01-07T07:46:39.000,0.0,false,CONCRETE_CLASS,0,12,0.0,false,85,0,1.8787557434076361E-4,0,CONCRETE_CLASS,/data/tika/tika-parsers/tika-parsers-standard/tika-parsers-standard-modules/tika-parser-code-module/src/main/java/org/apache/tika/parser/executable/UniversalExecutableParser.java,tika-parsers/tika-parsers-standard/tika-parsers-standard-modules/tika-parser-code-module/src/main/java/org/apache/tika/parser/executable/UniversalExecutableParser.java,org.apache.tika.parser.executable.UniversalExecutableParser,UniversalExecutableParser,6283,unit
tika,697d7c047daf1f661a4ed067bbc8f9c58bb6faa2,1,2026-01-07T07:46:39.000,0.0,false,CONCRETE_CLASS,0,14,0.0,false,235,0,1.8787557434076361E-4,0,CONCRETE_CLASS,/data/tika/tika-parsers/tika-parsers-standard/tika-parsers-standard-modules/tika-parser-microsoft-module/src/test/java/org/apache/tika/parser/microsoft/OutlookParserTest.java,tika-parsers/tika-parsers-standard/tika-parsers-standard-modules/tika-parser-microsoft-module/src/test/java/org/apache/tika/parser/microsoft/OutlookParserTest.java,org.apache.tika.parser.microsoft.OutlookParserTest,OutlookParserTest,26764,unit
tika,697d7c047daf1f661a4ed067bbc8f9c58bb6faa2,1,2026-01-07T07:46:39.000,0.0,false,CONCRETE_CLASS,0,10,0.0,false,54,0,1.8787557434076361E-4,0,CONCRETE_CLASS,/data/tika/tika-parsers/tika-parsers-standard/tika-parsers-standard-modules/tika-parser-xml-module/src/test/java/org/apache/tika/parser/xml/EmptyAndDuplicateElementsXMLParserTest.java,tika-parsers/tika-parsers-standard/tika-parsers-standard-modules/tika-parser-xml-module/src/test/java/org/apache/tika/parser/xml/EmptyAndDuplicateElementsXMLParserTest.java,org.apache.tika.parser.xml.EmptyAndDuplicateElementsXMLParserTest,EmptyAndDuplicateElementsXMLParserTest,2189,unit
tika,697d7c047daf1f661a4ed067bbc8f9c58bb6faa2,1,2026-01-07T07:46:39.000,0.0,false,CONCRETE_CLASS,1,5,0.0,false,23,0,2.0240598599221267E-4,0,CONCRETE_CLASS,/data/tika/tika-pipes/tika-pipes-integration-tests/src/test/java/org/apache/tika/pipes/core/async/MockReporter.java,tika-pipes/tika-pipes-integration-tests/src/test/java/org/apache/tika/pipes/core/async/MockReporter.java,org.apache.tika.pipes.core.async.MockReporter,MockReporter,18574,unit
tika,697d7c047daf1f661a4ed067bbc8f9c58bb6faa2,1,2026-01-07T07:46:39.000,0.0,false,CONCRETE_CLASS,0,7,0.0,false,84,0,1.8787557434076361E-4,0,CONCRETE_CLASS,/data/tika/tika-parsers/tika-parsers-standard/tika-parsers-standard-modules/tika-parser-xmp-commons/src/test/java/org/apache/tika/parser/xmp/JempboxExtractorTest.java,tika-parsers/tika-parsers-standard/tika-parsers-standard-modules/tika-parser-xmp-commons/src/test/java/org/apache/tika/parser/xmp/JempboxExtractorTest.java,org.apache.tika.parser.xmp.JempboxExtractorTest,JempboxExtractorTest,22673,unit
tika,697d7c047daf1f661a4ed067bbc8f9c58bb6faa2,1,2026-01-07T07:46:39.000,0.0,false,CONCRETE_CLASS,7,1,0.0,false,2,0,3.763812574901549E-4,0,CONCRETE_CLASS,/data/tika/tika-core/src/main/java/org/apache/tika/exception/UnsupportedFormatException.java,tika-core/src/main/java/org/apache/tika/exception/UnsupportedFormatException.java,org.apache.tika.exception.UnsupportedFormatException,UnsupportedFormatException,6297,unit
tika,697d7c047daf1f661a4ed067bbc8f9c58bb6faa2,1,2026-01-07T07:46:39.000,0.0,false,CONCRETE_CLASS,11,1,0.0,false,119,0,6.519333230726434E-4,0,CONCRETE_CLASS,/data/tika/tika-core/src/main/java/org/apache/tika/io/EndianUtils.java,tika-core/src/main/java/org/apache/tika/io/EndianUtils.java,org.apache.tika.io.EndianUtils,EndianUtils,6306,unit
tika,697d7c047daf1f661a4ed067bbc8f9c58bb6faa2,1,2026-01-07T07:46:39.000,0.0,false,CONCRETE_CLASS,1,2,0.0,false,27,0,1.9623952772545168E-4,0,CONCRETE_CLASS,/data/tika/tika-parsers/tika-parsers-standard/tika-parsers-standard-modules/tika-parser-xml-module/src/main/java/org/apache/tika/parser/xml/MetadataHandler.java,tika-parsers/tika-parsers-standard/tika-parsers-standard-modules/tika-parser-xml-module/src/main/java/org/apache/tika/parser/xml/MetadataHandler.java,org.apache.tika.parser.xml.MetadataHandler,MetadataHandler,2210,unit
tika,697d7c047daf1f661a4ed067bbc8f9c58bb6faa2,1,2026-01-07T07:46:39.000,0.0,false,CONCRETE_CLASS,0,4,0.0,false,134,0,1.8787557434076361E-4,0,CONCRETE_CLASS,/data/tika/tika-integration-tests/tika-pipes-kafka-integration-tests/src/test/java/org/apache/tika/pipes/kafka/tests/TikaPipesKafkaTest.java,tika-integration-tests/tika-pipes-kafka-integration-tests/src/test/java/org/apache/tika/pipes/kafka/tests/TikaPipesKafkaTest.java,org.apache.tika.pipes.kafka.tests.TikaPipesKafkaTest,TikaPipesKafkaTest,10403,unit
tika,697d7c047daf1f661a4ed067bbc8f9c58bb6faa2,1,2026-01-07T07:46:39.000,0.0,false,CONCRETE_CLASS,7,46,0.0,false,599,0,6.632094669795083E-4,0,CONCRETE_CLASS,/data/tika/tika-app/src/main/java/org/apache/tika/cli/TikaCLI.java,tika-app/src/main/java/org/apache/tika/cli/TikaCLI.java,org.apache.tika.cli.TikaCLI,TikaCLI,10410,unit
tika,697d7c047daf1f661a4ed067bbc8f9c58bb6faa2,1,2026-01-07T07:46:39.000,0.0,false,CONCRETE_CLASS,2,9,0.0,false,112,0,2.464815680016081E-4,0,CONCRETE_CLASS,/data/tika/tika-pipes/tika-pipes-plugins/tika-pipes-solr/src/main/java/org/apache/tika/pipes/emitter/solr/SolrEmitter.java,tika-pipes/tika-pipes-plugins/tika-pipes-solr/src/main/java/org/apache/tika/pipes/emitter/solr/SolrEmitter.java,org.apache.tika.pipes.emitter.solr.SolrEmitter,SolrEmitter,22698,unit
tika,697d7c047daf1f661a4ed067bbc8f9c58bb6faa2,1,2026-01-07T07:46:39.000,0.0,false,CONCRETE_CLASS,0,11,0.0,false,130,0,1.8787557434076361E-4,0,CONCRETE_CLASS,/data/tika/tika-pipes/tika-pipes-integration-tests/src/test/java/org/apache/tika/pipes/core/async/AsyncChaosMonkeyTest.java,tika-pipes/tika-pipes-integration-tests/src/test/java/org/apache/tika/pipes/core/async/AsyncChaosMonkeyTest.java,org.apache.tika.pipes.core.async.AsyncChaosMonkeyTest,AsyncChaosMonkeyTest,18606,unit
tika,697d7c047daf1f661a4ed067bbc8f9c58bb6faa2,1,2026-01-07T07:46:39.000,0.0,false,CONCRETE_CLASS,0,11,0.0,false,77,0,1.8787557434076361E-4,0,CONCRETE_CLASS,/data/tika/tika-parsers/tika-parsers-standard/tika-parsers-standard-modules/tika-parser-microsoft-module/src/test/java/org/apache/tika/parser/microsoft/JackcessParserTest.java,tika-parsers/tika-parsers-standard/tika-parsers-standard-modules/tika-parser-microsoft-module/src/test/java/org/apache/tika/parser/microsoft/JackcessParserTest.java,org.apache.tika.parser.microsoft.JackcessParserTest,JackcessParserTest,26801,unit
tika,697d7c047daf1f661a4ed067bbc8f9c58bb6faa2,1,2026-01-07T07:46:39.000,0.0,false,CONCRETE_CLASS,0,9,0.0,false,63,0,1.8787557434076361E-4,0,CONCRETE_CLASS,/data/tika/tika-parsers/tika-parsers-standard/tika-parsers-standard-modules/tika-parser-xml-module/src/main/java/org/apache/tika/parser/xml/XMLProfiler.java,tika-parsers/tika-parsers-standard/tika-parsers-standard-modules/tika-parser-xml-module/src/main/java/org/apache/tika/parser/xml/XMLProfiler.java,org.apache.tika.parser.xml.XMLProfiler,XMLProfiler,2226,unit
tika,697d7c047daf1f661a4ed067bbc8f9c58bb6faa2,1,2026-01-07T07:46:39.000,0.0,false,CONCRETE_CLASS,0,2,0.0,false,14,0,1.8787557434076361E-4,0,CONCRETE_CLASS,/data/tika/tika-eval/tika-eval-core/src/test/java/org/apache/tika/eval/core/util/LanguageIdTest.java,tika-eval/tika-eval-core/src/test/java/org/apache/tika/eval/core/util/LanguageIdTest.java,org.apache.tika.eval.core.util.LanguageIdTest,LanguageIdTest,14515,unit
tika,697d7c047daf1f661a4ed067bbc8f9c58bb6faa2,1,2026-01-07T07:46:39.000,0.0,false,CONCRETE_CLASS,0,6,0.0,false,42,0,1.8787557434076361E-4,0,CONCRETE_CLASS,/data/tika/tika-pipes/tika-pipes-plugins/tika-pipes-solr/src/test/java/org/apache/tika/pipes/emitter/solr/SolrEmitterDevTest.java,tika-pipes/tika-pipes-plugins/tika-pipes-solr/src/test/java/org/apache/tika/pipes/emitter/solr/SolrEmitterDevTest.java,org.apache.tika.pipes.emitter.solr.SolrEmitterDevTest,SolrEmitterDevTest,22718,unit
tika,697d7c047daf1f661a4ed067bbc8f9c58bb6faa2,1,2026-01-07T07:46:39.000,0.0,false,CONCRETE_CLASS,1,14,0.0,false,142,0,2.0563496635920132E-4,0,CONCRETE_CLASS,/data/tika/tika-parsers/tika-parsers-standard/tika-parsers-standard-modules/tika-parser-audiovideo-module/src/main/java/org/apache/tika/parser/mp4/MP4Parser.java,tika-parsers/tika-parsers-standard/tika-parsers-standard-modules/tika-parser-audiovideo-module/src/main/java/org/apache/tika/parser/mp4/MP4Parser.java,org.apache.tika.parser.mp4.MP4Parser,MP4Parser,30912,unit
tika,697d7c047daf1f661a4ed067bbc8f9c58bb6faa2,1,2026-01-07T07:46:39.000,0.0,false,CONCRETE_CLASS,0,7,0.0,false,25,0,1.8787557434076361E-4,0,CONCRETE_CLASS,/data/tika/tika-parsers/tika-parsers-standard/tika-parsers-standard-modules/tika-parser-xml-module/src/test/java/org/apache/tika/parser/xml/TextAndAttributeXMLParserTest.java,tika-parsers/tika-parsers-standard/tika-parsers-standard-modules/tika-parser-xml-module/src/test/java/org/apache/tika/parser/xml/TextAndAttributeXMLParserTest.java,org.apache.tika.parser.xml.TextAndAttributeXMLParserTest,TextAndAttributeXMLParserTest,2246,unit
tika,697d7c047daf1f661a4ed067bbc8f9c58bb6faa2,1,2026-01-07T07:46:39.000,0.0,false,CONCRETE_CLASS,0,3,0.0,false,17,0,1.8787557434076361E-4,0,CONCRETE_CLASS,/data/tika/tika-parsers/tika-parsers-standard/tika-parsers-standard-modules/tika-parser-microsoft-module/src/test/java/org/apache/tika/parser/microsoft/WMFParserTest.java,tika-parsers/tika-parsers-standard/tika-parsers-standard-modules/tika-parser-microsoft-module/src/test/java/org/apache/tika/parser/microsoft/WMFParserTest.java,org.apache.tika.parser.microsoft.WMFParserTest,WMFParserTest,26823,unit
tika,697d7c047daf1f661a4ed067bbc8f9c58bb6faa2,1,2026-01-07T07:46:39.000,0.0,false,CONCRETE_CLASS,0,4,0.0,false,12,0,1.8787557434076361E-4,0,CONCRETE_CLASS,/data/tika/tika-parsers/tika-parsers-standard/tika-parsers-standard-modules/tika-parser-image-module/src/test/java/org/apache/tika/parser/image/JXLTest.java,tika-parsers/tika-parsers-standard/tika-parsers-standard-modules/tika-parser-image-module/src/test/java/org/apache/tika/parser/image/JXLTest.java,org.apache.tika.parser.image.JXLTest,JXLTest,6345,unit
tika,697d7c047daf1f661a4ed067bbc8f9c58bb6faa2,1,2026-01-07T07:46:39.000,0.0,false,CONCRETE_CLASS,0,5,0.0,false,11,0,1.8787557434076361E-4,0,CONCRETE_CLASS,/data/tika/tika-serialization/src/test/java/org/apache/tika/digest/MockDigesterFactory.java,tika-serialization/src/test/java/org/apache/tika/digest/MockDigesterFactory.java,org.apache.tika.digest.MockDigesterFactory,MockDigesterFactory,10441,unit
tika,697d7c047daf1f661a4ed067bbc8f9c58bb6faa2,1,2026-01-07T07:46:39.000,0.0,false,CONCRETE_CLASS,0,7,0.0,false,56,0,1.8787557434076361E-4,0,CONCRETE_CLASS,/data/tika/tika-parsers/tika-parsers-standard/tika-parsers-standard-modules/tika-parser-font-module/src/test/java/org/apache/tika/parser/font/FontParsersTest.java,tika-parsers/tika-parsers-standard/tika-parsers-standard-modules/tika-parser-font-module/src/test/java/org/apache/tika/parser/font/FontParsersTest.java,org.apache.tika.parser.font.FontParsersTest,FontParsersTest,18633,unit
tika,697d7c047daf1f661a4ed067bbc8f9c58bb6faa2,1,2026-01-07T07:46:39.000,0.0,false,CONCRETE_CLASS,0,6,0.0,false,19,0,1.8787557434076361E-4,0,CONCRETE_CLASS,/data/tika/tika-langdetect/tika-langdetect-opennlp/src/main/java/org/apache/tika/langdetect/opennlp/metadatafilter/OpenNLPMetadataFilter.java,tika-langdetect/tika-langdetect-opennlp/src/main/java/org/apache/tika/langdetect/opennlp/metadatafilter/OpenNLPMetadataFilter.java,org.apache.tika.langdetect.opennlp.metadatafilter.OpenNLPMetadataFilter,OpenNLPMetadataFilter,14541,unit
tika,697d7c047daf1f661a4ed067bbc8f9c58bb6faa2,1,2026-01-07T07:46:39.000,0.0,false,CONCRETE_CLASS,0,5,0.0,false,13,0,1.8787557434076361E-4,0,CONCRETE_CLASS,/data/tika/tika-pipes/tika-pipes-plugins/tika-pipes-solr/src/main/java/org/apache/tika/pipes/emitter/solr/SolrEmitterFactory.java,tika-pipes/tika-pipes-plugins/tika-pipes-solr/src/main/java/org/apache/tika/pipes/emitter/solr/SolrEmitterFactory.java,org.apache.tika.pipes.emitter.solr.SolrEmitterFactory,SolrEmitterFactory,22733,unit
tika,697d7c047daf1f661a4ed067bbc8f9c58bb6faa2,1,2026-01-07T07:46:39.000,0.0,false,CONCRETE_CLASS,1,3,0.0,false,31,0,2.003717481792618E-4,0,CONCRETE_CLASS,/data/tika/tika-parsers/tika-parsers-standard/tika-parsers-standard-modules/tika-parser-audiovideo-module/src/main/java/org/apache/tika/parser/mp4/TikaMp4BoxHandler.java,tika-parsers/tika-parsers-standard/tika-parsers-standard-modules/tika-parser-audiovideo-module/src/main/java/org/apache/tika/parser/mp4/TikaMp4BoxHandler.java,org.apache.tika.parser.mp4.TikaMp4BoxHandler,TikaMp4BoxHandler,30926,unit
tika,697d7c047daf1f661a4ed067bbc8f9c58bb6faa2,1,2026-01-07T07:46:39.000,0.0,false,INTERFACE,6,1,0.0,false,16,0,3.1851571707590783E-4,0,INTERFACE,/data/tika/tika-core/src/main/java/org/apache/tika/metadata/XMPMM.java,tika-core/src/main/java/org/apache/tika/metadata/XMPMM.java,org.apache.tika.metadata.XMPMM,XMPMM,6352,unit
tika,697d7c047daf1f661a4ed067bbc8f9c58bb6faa2,1,2026-01-07T07:46:39.000,0.0,false,CONCRETE_CLASS,2,10,0.0,false,70,0,2.2669253118106318E-4,0,CONCRETE_CLASS,/data/tika/tika-parsers/tika-parsers-standard/tika-parsers-standard-modules/tika-parser-font-module/src/main/java/org/apache/tika/parser/font/AdobeFontMetricParser.java,tika-parsers/tika-parsers-standard/tika-parsers-standard-modules/tika-parser-font-module/src/main/java/org/apache/tika/parser/font/AdobeFontMetricParser.java,org.apache.tika.parser.font.AdobeFontMetricParser,AdobeFontMetricParser,18645,unit
tika,697d7c047daf1f661a4ed067bbc8f9c58bb6faa2,1,2026-01-07T07:46:39.000,0.0,false,CONCRETE_CLASS,0,14,0.0,false,368,0,1.8787557434076361E-4,0,CONCRETE_CLASS,/data/tika/tika-parsers/tika-parsers-standard/tika-parsers-standard-modules/tika-parser-microsoft-module/src/test/java/org/apache/tika/parser/microsoft/WordParserTest.java,tika-parsers/tika-parsers-standard/tika-parsers-standard-modules/tika-parser-microsoft-module/src/test/java/org/apache/tika/parser/microsoft/WordParserTest.java,org.apache.tika.parser.microsoft.WordParserTest,WordParserTest,26837,unit
tika,697d7c047daf1f661a4ed067bbc8f9c58bb6faa2,1,2026-01-07T07:46:39.000,0.0,false,CONCRETE_CLASS,1,3,0.0,false,18,0,1.9623952772545168E-4,0,CONCRETE_CLASS,/data/tika/tika-parsers/tika-parsers-standard/tika-parsers-standard-modules/tika-parser-xml-module/src/main/java/org/apache/tika/parser/xml/AttributeMetadataHandler.java,tika-parsers/tika-parsers-standard/tika-parsers-standard-modules/tika-parser-xml-module/src/main/java/org/apache/tika/parser/xml/AttributeMetadataHandler.java,org.apache.tika.parser.xml.AttributeMetadataHandler,AttributeMetadataHandler,2264,unit
tika,697d7c047daf1f661a4ed067bbc8f9c58bb6faa2,1,2026-01-07T07:46:39.000,0.0,false,CONCRETE_CLASS,11,11,0.0,false,233,0,4.569832875022448E-4,0,CONCRETE_CLASS,/data/tika/tika-parsers/tika-parsers-standard/tika-parsers-standard-modules/tika-parser-image-module/src/main/java/org/apache/tika/parser/image/ImageMetadataExtractor.java,tika-parsers/tika-parsers-standard/tika-parsers-standard-modules/tika-parser-image-module/src/main/java/org/apache/tika/parser/image/ImageMetadataExtractor.java,org.apache.tika.parser.image.ImageMetadataExtractor,ImageMetadataExtractor,6368,unit
tika,697d7c047daf1f661a4ed067bbc8f9c58bb6faa2,1,2026-01-07T07:46:39.000,0.0,false,CONCRETE_CLASS,0,9,0.0,false,194,0,1.8787557434076361E-4,0,CONCRETE_CLASS,/data/tika/tika-parsers/tika-parsers-standard/tika-parsers-standard-modules/tika-parser-audiovideo-module/src/test/java/org/apache/tika/parser/mp4/MP4ParserTest.java,tika-parsers/tika-parsers-standard/tika-parsers-standard-modules/tika-parser-audiovideo-module/src/test/java/org/apache/tika/parser/mp4/MP4ParserTest.java,org.apache.tika.parser.mp4.MP4ParserTest,MP4ParserTest,30944,unit
tika,697d7c047daf1f661a4ed067bbc8f9c58bb6faa2,1,2026-01-07T07:46:39.000,0.0,false,CONCRETE_CLASS,1,2,0.0,false,35,0,2.1065938466522323E-4,0,CONCRETE_CLASS,/data/tika/tika-pipes/tika-pipes-plugins/tika-pipes-csv/src/main/java/org/apache/tika/pipes/iterator/csv/CSVPipesIteratorConfig.java,tika-pipes/tika-pipes-plugins/tika-pipes-csv/src/main/java/org/apache/tika/pipes/iterator/csv/CSVPipesIteratorConfig.java,org.apache.tika.pipes.iterator.csv.CSVPipesIteratorConfig,CSVPipesIteratorConfig,22756,unit
tika,697d7c047daf1f661a4ed067bbc8f9c58bb6faa2,1,2026-01-07T07:46:39.000,0.0,false,CONCRETE_CLASS,1,1,0.0,false,7,0,2.4115375039607676E-4,0,CONCRETE_CLASS,/data/tika/tika-core/src/main/java/org/apache/tika/concurrent/SimpleThreadPoolExecutor.java,tika-core/src/main/java/org/apache/tika/concurrent/SimpleThreadPoolExecutor.java,org.apache.tika.concurrent.SimpleThreadPoolExecutor,SimpleThreadPoolExecutor,14565,unit
tika,697d7c047daf1f661a4ed067bbc8f9c58bb6faa2,1,2026-01-07T07:46:39.000,0.0,false,CONCRETE_CLASS,0,5,0.0,false,18,0,1.8787557434076361E-4,0,CONCRETE_CLASS,/data/tika/tika-parsers/tika-parsers-standard/tika-parsers-standard-package/src/test/java/org/apache/tika/parser/xml/FictionBookParserTest.java,tika-parsers/tika-parsers-standard/tika-parsers-standard-package/src/test/java/org/apache/tika/parser/xml/FictionBookParserTest.java,org.apache.tika.parser.xml.FictionBookParserTest,FictionBookParserTest,2278,unit
tika,697d7c047daf1f661a4ed067bbc8f9c58bb6faa2,1,2026-01-07T07:46:39.000,0.0,false,INTERFACE,2,0,0.0,false,6,0,5.528803473917469E-4,0,INTERFACE,/data/tika/tika-core/src/main/java/org/apache/tika/concurrent/ConfigurableThreadPoolExecutor.java,tika-core/src/main/java/org/apache/tika/concurrent/ConfigurableThreadPoolExecutor.java,org.apache.tika.concurrent.ConfigurableThreadPoolExecutor,ConfigurableThreadPoolExecutor,14571,unit
tika,697d7c047daf1f661a4ed067bbc8f9c58bb6faa2,1,2026-01-07T07:46:39.000,0.0,false,CONCRETE_CLASS,0,10,0.0,false,51,0,1.8787557434076361E-4,0,CONCRETE_CLASS,/data/tika/tika-parsers/tika-parsers-standard/tika-parsers-standard-modules/tika-parser-font-module/src/main/java/org/apache/tika/parser/font/TrueTypeParser.java,tika-parsers/tika-parsers-standard/tika-parsers-standard-modules/tika-parser-font-module/src/main/java/org/apache/tika/parser/font/TrueTypeParser.java,org.apache.tika.parser.font.TrueTypeParser,TrueTypeParser,18673,unit
tika,697d7c047daf1f661a4ed067bbc8f9c58bb6faa2,1,2026-01-07T07:46:39.000,0.0,false,CONCRETE_CLASS,2,10,0.0,false,86,0,2.677928384237333E-4,0,CONCRETE_CLASS,/data/tika/tika-pipes/tika-pipes-plugins/tika-pipes-csv/src/main/java/org/apache/tika/pipes/iterator/csv/CSVPipesIterator.java,tika-pipes/tika-pipes-plugins/tika-pipes-csv/src/main/java/org/apache/tika/pipes/iterator/csv/CSVPipesIterator.java,org.apache.tika.pipes.iterator.csv.CSVPipesIterator,CSVPipesIterator,22769,unit
tika,697d7c047daf1f661a4ed067bbc8f9c58bb6faa2,1,2026-01-07T07:46:39.000,0.0,false,CONCRETE_CLASS,1,9,0.0,false,25,0,2.3120514721395466E-4,0,CONCRETE_CLASS,/data/tika/tika-core/src/main/java/org/apache/tika/digest/DigestHelper.java,tika-core/src/main/java/org/apache/tika/digest/DigestHelper.java,org.apache.tika.digest.DigestHelper,DigestHelper,10482,unit
tika,697d7c047daf1f661a4ed067bbc8f9c58bb6faa2,1,2026-01-07T07:46:39.000,0.0,false,CONCRETE_CLASS,0,3,0.0,false,22,0,1.8787557434076361E-4,0,CONCRETE_CLASS,/data/tika/tika-parsers/tika-parsers-standard/tika-parsers-standard-modules/tika-parser-image-module/src/test/java/org/apache/tika/parser/image/WebPParserTest.java,tika-parsers/tika-parsers-standard/tika-parsers-standard-modules/tika-parser-image-module/src/test/java/org/apache/tika/parser/image/WebPParserTest.java,org.apache.tika.parser.image.WebPParserTest,WebPParserTest,6388,unit
tika,697d7c047daf1f661a4ed067bbc8f9c58bb6faa2,1,2026-01-07T07:46:39.000,0.0,false,CONCRETE_CLASS,3,9,0.0,false,28,0,2.4180642364745057E-4,0,CONCRETE_CLASS,/data/tika/tika-parsers/tika-parsers-standard/tika-parsers-standard-modules/tika-parser-xml-module/src/main/java/org/apache/tika/parser/xml/DcXMLParser.java,tika-parsers/tika-parsers-standard/tika-parsers-standard-modules/tika-parser-xml-module/src/main/java/org/apache/tika/parser/xml/DcXMLParser.java,org.apache.tika.parser.xml.DcXMLParser,DcXMLParser,2292,unit
tika,697d7c047daf1f661a4ed067bbc8f9c58bb6faa2,1,2026-01-07T07:46:39.000,0.0,false,CONCRETE_CLASS,0,4,0.0,false,49,0,1.8787557434076361E-4,0,CONCRETE_CLASS,/data/tika/tika-parsers/tika-parsers-standard/tika-parsers-standard-package/src/test/java/org/apache/tika/parser/microsoft/XML2003ParserTest.java,tika-parsers/tika-parsers-standard/tika-parsers-standard-package/src/test/java/org/apache/tika/parser/microsoft/XML2003ParserTest.java,org.apache.tika.parser.microsoft.XML2003ParserTest,XML2003ParserTest,26872,unit
tika,697d7c047daf1f661a4ed067bbc8f9c58bb6faa2,1,2026-01-07T07:46:39.000,0.0,false,INTERFACE,19,2,0.0,false,37,0,0.00400578452627955,0,INTERFACE,/data/tika/tika-core/src/main/java/org/apache/tika/metadata/DublinCore.java,tika-core/src/main/java/org/apache/tika/metadata/DublinCore.java,org.apache.tika.metadata.DublinCore,DublinCore,2298,unit
tika,697d7c047daf1f661a4ed067bbc8f9c58bb6faa2,1,2026-01-07T07:46:39.000,0.0,false,CONCRETE_CLASS,0,5,0.0,false,13,0,1.8787557434076361E-4,0,CONCRETE_CLASS,/data/tika/tika-pipes/tika-pipes-plugins/tika-pipes-s3/src/main/java/org/apache/tika/pipes/emitter/s3/S3EmitterFactory.java,tika-pipes/tika-pipes-plugins/tika-pipes-s3/src/main/java/org/apache/tika/pipes/emitter/s3/S3EmitterFactory.java,org.apache.tika.pipes.emitter.s3.S3EmitterFactory,S3EmitterFactory,30977,unit
tika,697d7c047daf1f661a4ed067bbc8f9c58bb6faa2,1,2026-01-07T07:46:39.000,0.0,false,ABSTRACT_CLASS,1,3,0.0,false,27,0,2.2322343987314538E-4,0,ABSTRACT_CLASS,/data/tika/tika-parsers/tika-parsers-standard/tika-parsers-standard-modules/tika-parser-image-module/src/main/java/org/apache/tika/parser/image/MetadataFields.java,tika-parsers/tika-parsers-standard/tika-parsers-standard-modules/tika-parser-image-module/src/main/java/org/apache/tika/parser/image/MetadataFields.java,org.apache.tika.parser.image.MetadataFields,MetadataFields,6402,unit
tika,697d7c047daf1f661a4ed067bbc8f9c58bb6faa2,1,2026-01-07T07:46:39.000,0.0,false,CONCRETE_CLASS,0,5,0.0,false,231,0,1.8787557434076361E-4,0,CONCRETE_CLASS,/data/tika/tika-plugins-core/src/test/java/org/apache/tika/plugins/PluginComponentLoaderTest.java,tika-plugins-core/src/test/java/org/apache/tika/plugins/PluginComponentLoaderTest.java,org.apache.tika.plugins.PluginComponentLoaderTest,PluginComponentLoaderTest,14594,unit
tika,697d7c047daf1f661a4ed067bbc8f9c58bb6faa2,1,2026-01-07T07:46:39.000,0.0,false,CONCRETE_CLASS,0,4,0.0,false,12,0,1.8787557434076361E-4,0,CONCRETE_CLASS,/data/tika/tika-pipes/tika-pipes-plugins/tika-pipes-csv/src/main/java/org/apache/tika/pipes/iterator/csv/CSVPipesIteratorFactory.java,tika-pipes/tika-pipes-plugins/tika-pipes-csv/src/main/java/org/apache/tika/pipes/iterator/csv/CSVPipesIteratorFactory.java,org.apache.tika.pipes.iterator.csv.CSVPipesIteratorFactory,CSVPipesIteratorFactory,22790,unit
tika,697d7c047daf1f661a4ed067bbc8f9c58bb6faa2,1,2026-01-07T07:46:39.000,0.0,false,CONCRETE_CLASS,0,6,0.0,false,21,0,1.8787557434076361E-4,0,CONCRETE_CLASS,/data/tika/tika-parsers/tika-parsers-standard/tika-parsers-standard-modules/tika-parser-microsoft-module/src/test/java/org/apache/tika/parser/microsoft/PublisherParserTest.java,tika-parsers/tika-parsers-standard/tika-parsers-standard-modules/tika-parser-microsoft-module/src/test/java/org/apache/tika/parser/microsoft/PublisherParserTest.java,org.apache.tika.parser.microsoft.PublisherParserTest,PublisherParserTest,26887,unit
tika,697d7c047daf1f661a4ed067bbc8f9c58bb6faa2,1,2026-01-07T07:46:39.000,0.0,false,CONCRETE_CLASS,3,6,0.0,false,19,0,3.3673872513853684E-4,0,CONCRETE_CLASS,/data/tika/tika-parsers/tika-parsers-standard/tika-parsers-standard-modules/tika-parser-pdf-module/src/main/java/org/apache/tika/parser/pdf/image/ImageGraphicsEngineFactory.java,tika-parsers/tika-parsers-standard/tika-parsers-standard-modules/tika-parser-pdf-module/src/main/java/org/apache/tika/parser/pdf/image/ImageGraphicsEngineFactory.java,org.apache.tika.parser.pdf.image.ImageGraphicsEngineFactory,ImageGraphicsEngineFactory,18701,unit
tika,697d7c047daf1f661a4ed067bbc8f9c58bb6faa2,1,2026-01-07T07:46:39.000,0.0,false,CONCRETE_CLASS,0,8,0.0,false,23,0,1.8787557434076361E-4,0,CONCRETE_CLASS,/data/tika/tika-parsers/tika-parsers-standard/tika-parsers-standard-modules/tika-parser-image-module/src/main/java/org/apache/tika/parser/image/JXLParser.java,tika-parsers/tika-parsers-standard/tika-parsers-standard-modules/tika-parser-image-module/src/main/java/org/apache/tika/parser/image/JXLParser.java,org.apache.tika.parser.image.JXLParser,JXLParser,6414,unit
tika,697d7c047daf1f661a4ed067bbc8f9c58bb6faa2,1,2026-01-07T07:46:39.000,0.0,false,CONCRETE_CLASS,0,9,0.0,false,59,0,1.8787557434076361E-4,0,CONCRETE_CLASS,/data/tika/tika-parsers/tika-parsers-standard/tika-parsers-standard-modules/tika-parser-xml-module/src/main/java/org/apache/tika/parser/xml/FictionBookParser.java,tika-parsers/tika-parsers-standard/tika-parsers-standard-modules/tika-parser-xml-module/src/main/java/org/apache/tika/parser/xml/FictionBookParser.java,org.apache.tika.parser.xml.FictionBookParser,FictionBookParser,2319,unit
tika,697d7c047daf1f661a4ed067bbc8f9c58bb6faa2,1,2026-01-07T07:46:39.000,0.0,false,CONCRETE_CLASS,0,5,0.0,false,27,0,1.8787557434076361E-4,0,CONCRETE_CLASS,/data/tika/tika-pipes/tika-pipes-core/src/test/java/org/apache/tika/pipes/core/serialization/JsonFetchEmitTupleListTest.java,tika-pipes/tika-pipes-core/src/test/java/org/apache/tika/pipes/core/serialization/JsonFetchEmitTupleListTest.java,org.apache.tika.pipes.core.serialization.JsonFetchEmitTupleListTest,JsonFetchEmitTupleListTest,10513,unit
tika,697d7c047daf1f661a4ed067bbc8f9c58bb6faa2,1,2026-01-07T07:46:39.000,0.0,false,CONCRETE_CLASS,1,1,0.0,false,35,0,2.0852212944846545E-4,0,CONCRETE_CLASS,/data/tika/tika-pipes/tika-pipes-plugins/tika-pipes-s3/src/main/java/org/apache/tika/pipes/emitter/s3/S3EmitterConfig.java,tika-pipes/tika-pipes-plugins/tika-pipes-s3/src/main/java/org/apache/tika/pipes/emitter/s3/S3EmitterConfig.java,org.apache.tika.pipes.emitter.s3.S3EmitterConfig,S3EmitterConfig,30993,unit
tika,697d7c047daf1f661a4ed067bbc8f9c58bb6faa2,1,2026-01-07T07:46:39.000,0.0,false,CONCRETE_CLASS,0,4,0.0,false,74,0,1.8787557434076361E-4,0,CONCRETE_CLASS,/data/tika/tika-pipes/tika-pipes-plugins/tika-pipes-csv/src/test/java/org/apache/tika/pipes/iterator/csv/TestCSVPipesIterator.java,tika-pipes/tika-pipes-plugins/tika-pipes-csv/src/test/java/org/apache/tika/pipes/iterator/csv/TestCSVPipesIterator.java,org.apache.tika.pipes.iterator.csv.TestCSVPipesIterator,TestCSVPipesIterator,22805,unit
tika,697d7c047daf1f661a4ed067bbc8f9c58bb6faa2,1,2026-01-07T07:46:39.000,0.0,false,CONCRETE_CLASS,3,15,0.0,false,237,0,2.782029189157775E-4,0,CONCRETE_CLASS,/data/tika/tika-parsers/tika-parsers-standard/tika-parsers-standard-modules/tika-parser-pdf-module/src/main/java/org/apache/tika/parser/pdf/image/ImageGraphicsEngine.java,tika-parsers/tika-parsers-standard/tika-parsers-standard-modules/tika-parser-pdf-module/src/main/java/org/apache/tika/parser/pdf/image/ImageGraphicsEngine.java,org.apache.tika.parser.pdf.image.ImageGraphicsEngine,ImageGraphicsEngine,18712,unit
tika,697d7c047daf1f661a4ed067bbc8f9c58bb6faa2,1,2026-01-07T07:46:39.000,0.0,false,CONCRETE_CLASS,7,9,0.0,false,81,0,3.2158847150081185E-4,0,CONCRETE_CLASS,/data/tika/tika-parsers/tika-parsers-standard/tika-parsers-standard-modules/tika-parser-xmp-commons/src/main/java/org/apache/tika/parser/xmp/JempboxExtractor.java,tika-parsers/tika-parsers-standard/tika-parsers-standard-modules/tika-parser-xmp-commons/src/main/java/org/apache/tika/parser/xmp/JempboxExtractor.java,org.apache.tika.parser.xmp.JempboxExtractor,JempboxExtractor,6426,unit
tika,697d7c047daf1f661a4ed067bbc8f9c58bb6faa2,1,2026-01-07T07:46:39.000,0.0,false,CONCRETE_CLASS,1,1,0.0,false,43,0,4.583481830587223E-4,0,CONCRETE_CLASS,/data/tika/tika-plugins-core/src/main/java/org/apache/tika/plugins/ThreadSafeUnzipper.java,tika-plugins-core/src/main/java/org/apache/tika/plugins/ThreadSafeUnzipper.java,org.apache.tika.plugins.ThreadSafeUnzipper,ThreadSafeUnzipper,14619,unit
tika,697d7c047daf1f661a4ed067bbc8f9c58bb6faa2,1,2026-01-07T07:46:39.000,0.0,false,CONCRETE_CLASS,2,9,0.0,false,66,0,2.8106442458272215E-4,0,CONCRETE_CLASS,/data/tika/tika-pipes/tika-pipes-core/src/main/java/org/apache/tika/pipes/core/serialization/FetchEmitTupleDeserializer.java,tika-pipes/tika-pipes-core/src/main/java/org/apache/tika/pipes/core/serialization/FetchEmitTupleDeserializer.java,org.apache.tika.pipes.core.serialization.FetchEmitTupleDeserializer,FetchEmitTupleDeserializer,10527,unit
tika,697d7c047daf1f661a4ed067bbc8f9c58bb6faa2,1,2026-01-07T07:46:39.000,0.0,false,CONCRETE_CLASS,1,1,0.0,false,23,0,1.9623952772545168E-4,0,CONCRETE_CLASS,/data/tika/tika-parsers/tika-parsers-standard/tika-parsers-standard-modules/tika-parser-xml-module/src/main/java/org/apache/tika/parser/xml/AttributeDependantMetadataHandler.java,tika-parsers/tika-parsers-standard/tika-parsers-standard-modules/tika-parser-xml-module/src/main/java/org/apache/tika/parser/xml/AttributeDependantMetadataHandler.java,org.apache.tika.parser.xml.AttributeDependantMetadataHandler,AttributeDependantMetadataHandler,2339,unit
tika,697d7c047daf1f661a4ed067bbc8f9c58bb6faa2,1,2026-01-07T07:46:39.000,0.0,false,CONCRETE_CLASS,3,20,0.0,false,206,0,2.263694687008033E-4,0,CONCRETE_CLASS,/data/tika/tika-parsers/tika-parsers-standard/tika-parsers-standard-modules/tika-parser-pdf-module/src/main/java/org/apache/tika/parser/pdf/PDMetadataExtractor.java,tika-parsers/tika-parsers-standard/tika-parsers-standard-modules/tika-parser-pdf-module/src/main/java/org/apache/tika/parser/pdf/PDMetadataExtractor.java,org.apache.tika.parser.pdf.PDMetadataExtractor,PDMetadataExtractor,18723,unit
tika,697d7c047daf1f661a4ed067bbc8f9c58bb6faa2,1,2026-01-07T07:46:39.000,0.0,false,CONCRETE_CLASS,1,1,0.0,false,3,0,2.436748741907747E-4,0,CONCRETE_CLASS,/data/tika/tika-core/src/main/java/org/apache/tika/sax/xpath/AttributeMatcher.java,tika-core/src/main/java/org/apache/tika/sax/xpath/AttributeMatcher.java,org.apache.tika.sax.xpath.AttributeMatcher,AttributeMatcher,22821,unit
tika,697d7c047daf1f661a4ed067bbc8f9c58bb6faa2,1,2026-01-07T07:46:39.000,0.0,false,ABSTRACT_CLASS,6,12,0.0,false,54,0,2.9740222042233766E-4,0,ABSTRACT_CLASS,/data/tika/tika-parsers/tika-parsers-standard/tika-parsers-standard-modules/tika-parser-image-module/src/main/java/org/apache/tika/parser/image/AbstractImageParser.java,tika-parsers/tika-parsers-standard/tika-parsers-standard-modules/tika-parser-image-module/src/main/java/org/apache/tika/parser/image/AbstractImageParser.java,org.apache.tika.parser.image.AbstractImageParser,AbstractImageParser,6440,unit
tika,697d7c047daf1f661a4ed067bbc8f9c58bb6faa2,1,2026-01-07T07:46:39.000,0.0,false,CONCRETE_CLASS,4,6,0.0,false,30,0,3.3046901195238836E-4,0,CONCRETE_CLASS,/data/tika/tika-pipes/tika-pipes-core/src/main/java/org/apache/tika/pipes/core/serialization/FetchEmitTupleSerializer.java,tika-pipes/tika-pipes-core/src/main/java/org/apache/tika/pipes/core/serialization/FetchEmitTupleSerializer.java,org.apache.tika.pipes.core.serialization.FetchEmitTupleSerializer,FetchEmitTupleSerializer,10537,unit
tika,697d7c047daf1f661a4ed067bbc8f9c58bb6faa2,1,2026-01-07T07:46:39.000,0.0,false,CONCRETE_CLASS,0,7,0.0,false,45,0,1.8787557434076361E-4,0,CONCRETE_CLASS,/data/tika/tika-parsers/tika-parsers-standard/tika-parsers-standard-modules/tika-parser-xml-module/src/test/java/org/apache/tika/parser/xml/DcXMLParserTest.java,tika-parsers/tika-parsers-standard/tika-parsers-standard-modules/tika-parser-xml-module/src/test/java/org/apache/tika/parser/xml/DcXMLParserTest.java,org.apache.tika.parser.xml.DcXMLParserTest,DcXMLParserTest,2349,unit
tika,697d7c047daf1f661a4ed067bbc8f9c58bb6faa2,1,2026-01-07T07:46:39.000,0.0,false,CONCRETE_CLASS,0,2,0.0,false,8,0,1.8787557434076361E-4,0,CONCRETE_CLASS,/data/tika/tika-parsers/tika-parsers-standard/tika-parsers-standard-modules/tika-parser-microsoft-module/src/test/java/org/apache/tika/parser/microsoft/MSOwnerFileParserTest.java,tika-parsers/tika-parsers-standard/tika-parsers-standard-modules/tika-parser-microsoft-module/src/test/java/org/apache/tika/parser/microsoft/MSOwnerFileParserTest.java,org.apache.tika.parser.microsoft.MSOwnerFileParserTest,MSOwnerFileParserTest,26928,unit
tika,697d7c047daf1f661a4ed067bbc8f9c58bb6faa2,1,2026-01-07T07:46:39.000,0.0,false,CONCRETE_CLASS,1,1,0.0,false,8,0,2.436748741907747E-4,0,CONCRETE_CLASS,/data/tika/tika-core/src/main/java/org/apache/tika/sax/xpath/NodeMatcher.java,tika-core/src/main/java/org/apache/tika/sax/xpath/NodeMatcher.java,org.apache.tika.sax.xpath.NodeMatcher,NodeMatcher,22833,unit
tika,697d7c047daf1f661a4ed067bbc8f9c58bb6faa2,1,2026-01-07T07:46:39.000,0.0,false,CONCRETE_CLASS,9,3,0.0,false,38,0,4.6786758585025195E-4,0,CONCRETE_CLASS,/data/tika/tika-serialization/src/main/java/org/apache/tika/serialization/serdes/ParseContextSerializer.java,tika-serialization/src/main/java/org/apache/tika/serialization/serdes/ParseContextSerializer.java,org.apache.tika.serialization.serdes.ParseContextSerializer,ParseContextSerializer,10549,unit
tika,697d7c047daf1f661a4ed067bbc8f9c58bb6faa2,1,2026-01-07T07:46:39.000,0.0,false,CONCRETE_CLASS,0,1,0.0,false,20,0,1.8787557434076361E-4,0,CONCRETE_CLASS,/data/tika/tika-plugins-core/src/test/java/org/apache/tika/plugins/TikaPluginManagerTest.java,tika-plugins-core/src/test/java/org/apache/tika/plugins/TikaPluginManagerTest.java,org.apache.tika.plugins.TikaPluginManagerTest,TikaPluginManagerTest,14648,unit
tika,697d7c047daf1f661a4ed067bbc8f9c58bb6faa2,1,2026-01-07T07:46:39.000,0.0,false,CONCRETE_CLASS,7,4,0.0,false,56,0,3.48944836361469E-4,0,CONCRETE_CLASS,/data/tika/tika-serialization/src/main/java/org/apache/tika/serialization/serdes/ParseContextDeserializer.java,tika-serialization/src/main/java/org/apache/tika/serialization/serdes/ParseContextDeserializer.java,org.apache.tika.serialization.serdes.ParseContextDeserializer,ParseContextDeserializer,10557,unit
tika,697d7c047daf1f661a4ed067bbc8f9c58bb6faa2,1,2026-01-07T07:46:39.000,0.0,false,CONCRETE_CLASS,1,2,0.0,false,13,0,2.436748741907747E-4,0,CONCRETE_CLASS,/data/tika/tika-core/src/main/java/org/apache/tika/sax/xpath/SubtreeMatcher.java,tika-core/src/main/java/org/apache/tika/sax/xpath/SubtreeMatcher.java,org.apache.tika.sax.xpath.SubtreeMatcher,SubtreeMatcher,22846,unit
tika,697d7c047daf1f661a4ed067bbc8f9c58bb6faa2,1,2026-01-07T07:46:39.000,0.0,false,CONCRETE_CLASS,0,6,0.0,false,23,0,1.8787557434076361E-4,0,CONCRETE_CLASS,/data/tika/tika-parsers/tika-parsers-standard/tika-parsers-standard-modules/tika-parser-image-module/src/test/java/org/apache/tika/parser/image/ICNSParserTest.java,tika-parsers/tika-parsers-standard/tika-parsers-standard-modules/tika-parser-image-module/src/test/java/org/apache/tika/parser/image/ICNSParserTest.java,org.apache.tika.parser.image.ICNSParserTest,ICNSParserTest,6463,unit
tika,697d7c047daf1f661a4ed067bbc8f9c58bb6faa2,1,2026-01-07T07:46:39.000,0.0,false,CONCRETE_CLASS,4,1,0.0,false,14,0,4.782040470890015E-4,0,CONCRETE_CLASS,/data/tika/tika-core/src/main/java/org/apache/tika/sax/xpath/CompositeMatcher.java,tika-core/src/main/java/org/apache/tika/sax/xpath/CompositeMatcher.java,org.apache.tika.sax.xpath.CompositeMatcher,CompositeMatcher,22854,unit
tika,697d7c047daf1f661a4ed067bbc8f9c58bb6faa2,1,2026-01-07T07:46:39.000,0.0,false,CONCRETE_CLASS,6,2,0.0,false,11,0,3.430375179132238E-4,0,CONCRETE_CLASS,/data/tika/tika-core/src/main/java/org/apache/tika/sax/TaggedContentHandler.java,tika-core/src/main/java/org/apache/tika/sax/TaggedContentHandler.java,org.apache.tika.sax.TaggedContentHandler,TaggedContentHandler,2375,unit
tika,697d7c047daf1f661a4ed067bbc8f9c58bb6faa2,1,2026-01-07T07:46:39.000,0.0,false,CONCRETE_CLASS,0,18,0.0,false,83,0,1.8787557434076361E-4,0,CONCRETE_CLASS,/data/tika/tika-parsers/tika-parsers-standard/tika-parsers-standard-modules/tika-parser-pdf-module/src/main/java/org/apache/tika/renderer/pdf/mutool/MuPDFRenderer.java,tika-parsers/tika-parsers-standard/tika-parsers-standard-modules/tika-parser-pdf-module/src/main/java/org/apache/tika/renderer/pdf/mutool/MuPDFRenderer.java,org.apache.tika.renderer.pdf.mutool.MuPDFRenderer,MuPDFRenderer,14667,unit
tika,697d7c047daf1f661a4ed067bbc8f9c58bb6faa2,1,2026-01-07T07:46:39.000,0.0,false,CONCRETE_CLASS,0,9,0.0,false,55,0,1.8787557434076361E-4,0,CONCRETE_CLASS,/data/tika/tika-pipes/tika-pipes-core/src/test/java/org/apache/tika/pipes/core/serialization/JsonFetchEmitTupleTest.java,tika-pipes/tika-pipes-core/src/test/java/org/apache/tika/pipes/core/serialization/JsonFetchEmitTupleTest.java,org.apache.tika.pipes.core.serialization.JsonFetchEmitTupleTest,JsonFetchEmitTupleTest,10574,unit
tika,697d7c047daf1f661a4ed067bbc8f9c58bb6faa2,1,2026-01-07T07:46:39.000,0.0,false,CONCRETE_CLASS,2,1,0.0,false,3,0,3.661722300461382E-4,0,CONCRETE_CLASS,/data/tika/tika-core/src/main/java/org/apache/tika/sax/xpath/ElementMatcher.java,tika-core/src/main/java/org/apache/tika/sax/xpath/ElementMatcher.java,org.apache.tika.sax.xpath.ElementMatcher,ElementMatcher,22863,unit
tika,697d7c047daf1f661a4ed067bbc8f9c58bb6faa2,1,2026-01-07T07:46:39.000,0.0,false,CONCRETE_CLASS,4,0,0.0,false,25,0,4.4088693076661757E-4,0,CONCRETE_CLASS,/data/tika/tika-core/src/main/java/org/apache/tika/sax/TextContentHandler.java,tika-core/src/main/java/org/apache/tika/sax/TextContentHandler.java,org.apache.tika.sax.TextContentHandler,TextContentHandler,2385,unit
tika,697d7c047daf1f661a4ed067bbc8f9c58bb6faa2,1,2026-01-07T07:46:39.000,0.0,false,CONCRETE_CLASS,2,0,0.0,false,323,0,4.26003370167939E-4,0,CONCRETE_CLASS,/data/tika/tika-parsers/tika-parsers-standard/tika-parsers-standard-modules/tika-parser-miscoffice-module/src/main/java/org/apache/tika/parser/wordperfect/WP6Charsets.java,tika-parsers/tika-parsers-standard/tika-parsers-standard-modules/tika-parser-miscoffice-module/src/main/java/org/apache/tika/parser/wordperfect/WP6Charsets.java,org.apache.tika.parser.wordperfect.WP6Charsets,WP6Charsets,18770,unit
tika,697d7c047daf1f661a4ed067bbc8f9c58bb6faa2,1,2026-01-07T07:46:39.000,0.0,false,CONCRETE_CLASS,1,1,0.0,false,7,0,2.436748741907747E-4,0,CONCRETE_CLASS,/data/tika/tika-core/src/main/java/org/apache/tika/sax/xpath/NamedAttributeMatcher.java,tika-core/src/main/java/org/apache/tika/sax/xpath/NamedAttributeMatcher.java,org.apache.tika.sax.xpath.NamedAttributeMatcher,NamedAttributeMatcher,22872,unit
tika,697d7c047daf1f661a4ed067bbc8f9c58bb6faa2,1,2026-01-07T07:46:39.000,0.0,false,INTERFACE,3,2,0.0,false,38,0,2.523669029518595E-4,0,INTERFACE,/data/tika/tika-core/src/main/java/org/apache/tika/metadata/Photoshop.java,tika-core/src/main/java/org/apache/tika/metadata/Photoshop.java,org.apache.tika.metadata.Photoshop,Photoshop,6489,unit
tika,697d7c047daf1f661a4ed067bbc8f9c58bb6faa2,1,2026-01-07T07:46:39.000,0.0,false,CONCRETE_CLASS,7,0,0.0,false,55,0,5.908545419656379E-4,0,CONCRETE_CLASS,/data/tika/tika-parsers/tika-parsers-standard/tika-parsers-standard-modules/tika-parser-miscoffice-module/src/main/java/org/apache/tika/parser/wordperfect/WPInputStream.java,tika-parsers/tika-parsers-standard/tika-parsers-standard-modules/tika-parser-miscoffice-module/src/main/java/org/apache/tika/parser/wordperfect/WPInputStream.java,org.apache.tika.parser.wordperfect.WPInputStream,WPInputStream,18779,unit
tika,697d7c047daf1f661a4ed067bbc8f9c58bb6faa2,1,2026-01-07T07:46:39.000,0.0,false,CONCRETE_CLASS,1,1,0.0,false,3,0,2.436748741907747E-4,0,CONCRETE_CLASS,/data/tika/tika-core/src/main/java/org/apache/tika/sax/xpath/TextMatcher.java,tika-core/src/main/java/org/apache/tika/sax/xpath/TextMatcher.java,org.apache.tika.sax.xpath.TextMatcher,TextMatcher,22880,unit
tika,697d7c047daf1f661a4ed067bbc8f9c58bb6faa2,1,2026-01-07T07:46:39.000,0.0,false,INTERFACE,5,1,0.0,false,21,0,0.002690766281205037,0,INTERFACE,/data/tika/tika-core/src/main/java/org/apache/tika/metadata/TIFF.java,tika-core/src/main/java/org/apache/tika/metadata/TIFF.java,org.apache.tika.metadata.TIFF,TIFF,6497,unit
tika,697d7c047daf1f661a4ed067bbc8f9c58bb6faa2,1,2026-01-07T07:46:39.000,0.0,false,CONCRETE_CLASS,5,3,0.0,false,27,0,6.7882849160191E-4,0,CONCRETE_CLASS,/data/tika/tika-serialization/src/main/java/org/apache/tika/serialization/serdes/MetadataSerializer.java,tika-serialization/src/main/java/org/apache/tika/serialization/serdes/MetadataSerializer.java,org.apache.tika.serialization.serdes.MetadataSerializer,MetadataSerializer,10596,unit
tika,697d7c047daf1f661a4ed067bbc8f9c58bb6faa2,1,2026-01-07T07:46:39.000,0.0,false,CONCRETE_CLASS,0,4,0.0,false,16,0,1.8787557434076361E-4,0,CONCRETE_CLASS,/data/tika/tika-parsers/tika-parsers-standard/tika-parsers-standard-modules/tika-parser-miscoffice-module/src/test/java/org/apache/tika/parser/wordperfect/QuattroProTest.java,tika-parsers/tika-parsers-standard/tika-parsers-standard-modules/tika-parser-miscoffice-module/src/test/java/org/apache/tika/parser/wordperfect/QuattroProTest.java,org.apache.tika.parser.wordperfect.QuattroProTest,QuattroProTest,18788,unit
tika,697d7c047daf1f661a4ed067bbc8f9c58bb6faa2,1,2026-01-07T07:46:39.000,0.0,false,CONCRETE_CLASS,1,1,0.0,false,35,0,2.0657917016050383E-4,0,CONCRETE_CLASS,/data/tika/tika-pipes/tika-pipes-plugins/tika-pipes-google-drive/src/main/java/org/apache/tika/pipes/fetcher/googledrive/config/GoogleDriveFetcherConfig.java,tika-pipes/tika-pipes-plugins/tika-pipes-google-drive/src/main/java/org/apache/tika/pipes/fetcher/googledrive/config/GoogleDriveFetcherConfig.java,org.apache.tika.pipes.fetcher.googledrive.config.GoogleDriveFetcherConfig,GoogleDriveFetcherConfig,2405,unit
tika,697d7c047daf1f661a4ed067bbc8f9c58bb6faa2,1,2026-01-07T07:46:39.000,0.0,false,CONCRETE_CLASS,2,1,0.0,false,4,0,3.4734273784894996E-4,0,CONCRETE_CLASS,/data/tika/tika-core/src/main/java/org/apache/tika/sax/xpath/ChildMatcher.java,tika-core/src/main/java/org/apache/tika/sax/xpath/ChildMatcher.java,org.apache.tika.sax.xpath.ChildMatcher,ChildMatcher,22888,unit
tika,697d7c047daf1f661a4ed067bbc8f9c58bb6faa2,1,2026-01-07T07:46:39.000,0.0,false,CONCRETE_CLASS,1,1,0.0,false,82,0,2.054917968097359E-4,0,CONCRETE_CLASS,/data/tika/tika-parsers/tika-parsers-standard/tika-parsers-standard-modules/tika-parser-microsoft-module/src/main/java/org/apache/tika/parser/microsoft/ListManager.java,tika-parsers/tika-parsers-standard/tika-parsers-standard-modules/tika-parser-microsoft-module/src/main/java/org/apache/tika/parser/microsoft/ListManager.java,org.apache.tika.parser.microsoft.ListManager,ListManager,26987,unit
tika,697d7c047daf1f661a4ed067bbc8f9c58bb6faa2,1,2026-01-07T07:46:39.000,0.0,false,CONCRETE_CLASS,1,9,0.0,false,30,0,2.2783420638224848E-4,0,CONCRETE_CLASS,/data/tika/tika-parsers/tika-parsers-standard/tika-parsers-standard-modules/tika-parser-miscoffice-module/src/main/java/org/apache/tika/parser/wordperfect/QuattroProParser.java,tika-parsers/tika-parsers-standard/tika-parsers-standard-modules/tika-parser-miscoffice-module/src/main/java/org/apache/tika/parser/wordperfect/QuattroProParser.java,org.apache.tika.parser.wordperfect.QuattroProParser,QuattroProParser,18797,unit
tika,697d7c047daf1f661a4ed067bbc8f9c58bb6faa2,1,2026-01-07T07:46:39.000,0.0,false,CONCRETE_CLASS,1,0,0.0,false,105,0,2.0680584874409934E-4,0,CONCRETE_CLASS,/data/tika/tika-parsers/tika-parsers-standard/tika-parsers-standard-modules/tika-parser-image-module/src/main/java/org/apache/tika/parser/image/ICNSType.java,tika-parsers/tika-parsers-standard/tika-parsers-standard-modules/tika-parser-image-module/src/main/java/org/apache/tika/parser/image/ICNSType.java,org.apache.tika.parser.image.ICNSType,ICNSType,6511,unit
tika,697d7c047daf1f661a4ed067bbc8f9c58bb6faa2,1,2026-01-07T07:46:39.000,0.0,false,CONCRETE_CLASS,0,8,0.0,false,56,0,1.8787557434076361E-4,0,CONCRETE_CLASS,/data/tika/tika-parsers/tika-parsers-standard/tika-parsers-standard-modules/tika-parser-apple-module/src/test/java/org/apache/tika/parser/iwork/iwana/IWork13ParserTest.java,tika-parsers/tika-parsers-standard/tika-parsers-standard-modules/tika-parser-apple-module/src/test/java/org/apache/tika/parser/iwork/iwana/IWork13ParserTest.java,org.apache.tika.parser.iwork.iwana.IWork13ParserTest,IWork13ParserTest,14703,unit
tika,697d7c047daf1f661a4ed067bbc8f9c58bb6faa2,1,2026-01-07T07:46:39.000,0.0,false,CONCRETE_CLASS,1,2,0.0,false,9,0,2.436748741907747E-4,0,CONCRETE_CLASS,/data/tika/tika-core/src/main/java/org/apache/tika/sax/xpath/NamedElementMatcher.java,tika-core/src/main/java/org/apache/tika/sax/xpath/NamedElementMatcher.java,org.apache.tika.sax.xpath.NamedElementMatcher,NamedElementMatcher,22896,unit
tika,697d7c047daf1f661a4ed067bbc8f9c58bb6faa2,1,2026-01-07T07:46:39.000,0.0,false,ABSTRACT_CLASS,1,1,0.0,false,111,0,2.1070907836446924E-4,0,ABSTRACT_CLASS,/data/tika/tika-e2e-tests/tika-grpc/src/test/java/org/apache/tika/pipes/ExternalTestBase.java,tika-e2e-tests/tika-grpc/src/test/java/org/apache/tika/pipes/ExternalTestBase.java,org.apache.tika.pipes.ExternalTestBase,ExternalTestBase,2422,unit
tika,697d7c047daf1f661a4ed067bbc8f9c58bb6faa2,1,2026-01-07T07:46:39.000,0.0,false,CONCRETE_CLASS,1,2,0.0,false,8,0,1.988776895288461E-4,0,CONCRETE_CLASS,/data/tika/tika-parsers/tika-parsers-standard/tika-parsers-standard-modules/tika-parser-miscoffice-module/src/main/java/org/apache/tika/parser/wordperfect/WPPrefixAreaExtractor.java,tika-parsers/tika-parsers-standard/tika-parsers-standard-modules/tika-parser-miscoffice-module/src/main/java/org/apache/tika/parser/wordperfect/WPPrefixAreaExtractor.java,org.apache.tika.parser.wordperfect.WPPrefixAreaExtractor,WPPrefixAreaExtractor,18810,unit
tika,697d7c047daf1f661a4ed067bbc8f9c58bb6faa2,1,2026-01-07T07:46:39.000,0.0,false,CONCRETE_CLASS,0,7,0.0,false,18,0,1.8787557434076361E-4,0,CONCRETE_CLASS,/data/tika/tika-pipes/tika-pipes-core/src/main/java/org/apache/tika/pipes/core/serialization/JsonEmitData.java,tika-pipes/tika-pipes-core/src/main/java/org/apache/tika/pipes/core/serialization/JsonEmitData.java,org.apache.tika.pipes.core.serialization.JsonEmitData,JsonEmitData,10619,unit
tika,697d7c047daf1f661a4ed067bbc8f9c58bb6faa2,1,2026-01-07T07:46:39.000,0.0,false,CONCRETE_CLASS,6,2,0.0,false,544,0,4.639175791162829E-4,0,CONCRETE_CLASS,/data/tika/tika-grpc/target/generated-sources/protobuf/java/org/apache/tika/FetchAndParseReply.java,tika-grpc/target/generated-sources/protobuf/java/org/apache/tika/FetchAndParseReply.java,org.apache.tika.FetchAndParseReply,FetchAndParseReply,2428,unit
tika,697d7c047daf1f661a4ed067bbc8f9c58bb6faa2,1,2026-01-07T07:46:39.000,0.0,false,CONCRETE_CLASS,2,0,0.0,false,71,0,2.834761158094676E-4,0,CONCRETE_CLASS,/data/tika/tika-parsers/tika-parsers-standard/tika-parsers-standard-modules/tika-parser-miscoffice-module/src/main/java/org/apache/tika/parser/wordperfect/WPPrefixArea.java,tika-parsers/tika-parsers-standard/tika-parsers-standard-modules/tika-parser-miscoffice-module/src/main/java/org/apache/tika/parser/wordperfect/WPPrefixArea.java,org.apache.tika.parser.wordperfect.WPPrefixArea,WPPrefixArea,18817,unit
tika,697d7c047daf1f661a4ed067bbc8f9c58bb6faa2,1,2026-01-07T07:46:39.000,0.0,false,CONCRETE_CLASS,1,12,0.0,false,58,0,2.001705380458359E-4,0,CONCRETE_CLASS,/data/tika/tika-parsers/tika-parsers-standard/tika-parsers-standard-modules/tika-parser-microsoft-module/src/main/java/org/apache/tika/parser/microsoft/TNEFParser.java,tika-parsers/tika-parsers-standard/tika-parsers-standard-modules/tika-parser-microsoft-module/src/main/java/org/apache/tika/parser/microsoft/TNEFParser.java,org.apache.tika.parser.microsoft.TNEFParser,TNEFParser,27010,unit
tika,697d7c047daf1f661a4ed067bbc8f9c58bb6faa2,1,2026-01-07T07:46:39.000,0.0,false,CONCRETE_CLASS,1,8,0.0,false,91,0,2.0941294275246005E-4,0,CONCRETE_CLASS,/data/tika/tika-parsers/tika-parsers-standard/tika-parsers-standard-modules/tika-parser-miscoffice-module/src/main/java/org/apache/tika/parser/wordperfect/QPWTextExtractor.java,tika-parsers/tika-parsers-standard/tika-parsers-standard-modules/tika-parser-miscoffice-module/src/main/java/org/apache/tika/parser/wordperfect/QPWTextExtractor.java,org.apache.tika.parser.wordperfect.QPWTextExtractor,QPWTextExtractor,18830,unit
tika,697d7c047daf1f661a4ed067bbc8f9c58bb6faa2,1,2026-01-07T07:46:39.000,0.0,false,CONCRETE_CLASS,1,5,0.0,false,32,0,2.011951183545919E-4,0,CONCRETE_CLASS,/data/tika/tika-server/tika-server-standard/src/main/java/org/apache/tika/server/standard/resource/XMPMetadataResource.java,tika-server/tika-server-standard/src/main/java/org/apache/tika/server/standard/resource/XMPMetadataResource.java,org.apache.tika.server.standard.resource.XMPMetadataResource,XMPMetadataResource,10642,unit
tika,697d7c047daf1f661a4ed067bbc8f9c58bb6faa2,1,2026-01-07T07:46:39.000,0.0,false,CONCRETE_CLASS,0,3,0.0,false,88,0,1.8787557434076361E-4,0,CONCRETE_CLASS,/data/tika/tika-parsers/tika-parsers-standard/tika-parsers-standard-modules/tika-parser-image-module/src/test/java/org/apache/tika/parser/image/ImageMetadataExtractorTest.java,tika-parsers/tika-parsers-standard/tika-parsers-standard-modules/tika-parser-image-module/src/test/java/org/apache/tika/parser/image/ImageMetadataExtractorTest.java,org.apache.tika.parser.image.ImageMetadataExtractorTest,ImageMetadataExtractorTest,6547,unit
tika,697d7c047daf1f661a4ed067bbc8f9c58bb6faa2,1,2026-01-07T07:46:39.000,0.0,false,CONCRETE_CLASS,0,2,0.0,false,86,0,1.8787557434076361E-4,0,CONCRETE_CLASS,/data/tika/tika-core/src/test/java/org/apache/tika/sax/xpath/XPathParserTest.java,tika-core/src/test/java/org/apache/tika/sax/xpath/XPathParserTest.java,org.apache.tika.sax.xpath.XPathParserTest,XPathParserTest,22936,unit
tika,697d7c047daf1f661a4ed067bbc8f9c58bb6faa2,1,2026-01-07T07:46:39.000,0.0,false,CONCRETE_CLASS,0,8,0.0,false,25,0,1.8787557434076361E-4,0,CONCRETE_CLASS,/data/tika/tika-parsers/tika-parsers-standard/tika-parsers-standard-modules/tika-parser-image-module/src/test/java/org/apache/tika/parser/image/HeifParserTest.java,tika-parsers/tika-parsers-standard/tika-parsers-standard-modules/tika-parser-image-module/src/test/java/org/apache/tika/parser/image/HeifParserTest.java,org.apache.tika.parser.image.HeifParserTest,HeifParserTest,6559,unit
tika,697d7c047daf1f661a4ed067bbc8f9c58bb6faa2,1,2026-01-07T07:46:39.000,0.0,false,CONCRETE_CLASS,0,4,0.0,false,28,0,1.8787557434076361E-4,0,CONCRETE_CLASS,/data/tika/tika-parsers/tika-parsers-standard/tika-parsers-standard-modules/tika-parser-microsoft-module/src/test/java/org/apache/tika/parser/microsoft/EMFParserTest.java,tika-parsers/tika-parsers-standard/tika-parsers-standard-modules/tika-parser-microsoft-module/src/test/java/org/apache/tika/parser/microsoft/EMFParserTest.java,org.apache.tika.parser.microsoft.EMFParserTest,EMFParserTest,27039,unit
tika,697d7c047daf1f661a4ed067bbc8f9c58bb6faa2,1,2026-01-07T07:46:39.000,0.0,false,CONCRETE_CLASS,0,2,0.0,false,35,0,1.8787557434076361E-4,0,CONCRETE_CLASS,/data/tika/tika-parsers/tika-parsers-standard/tika-parsers-standard-modules/tika-parser-miscoffice-module/src/test/java/org/apache/tika/parser/wordperfect/WPInputStreamTest.java,tika-parsers/tika-parsers-standard/tika-parsers-standard-modules/tika-parser-miscoffice-module/src/test/java/org/apache/tika/parser/wordperfect/WPInputStreamTest.java,org.apache.tika.parser.wordperfect.WPInputStreamTest,WPInputStreamTest,18849,unit
tika,697d7c047daf1f661a4ed067bbc8f9c58bb6faa2,1,2026-01-07T07:46:39.000,0.0,false,CONCRETE_CLASS,0,7,0.0,false,29,0,1.8787557434076361E-4,0,CONCRETE_CLASS,/data/tika/tika-parsers/tika-parsers-extended/tika-parser-scientific-module/src/test/java/org/apache/tika/parser/hdf/HDFParserTest.java,tika-parsers/tika-parsers-extended/tika-parser-scientific-module/src/test/java/org/apache/tika/parser/hdf/HDFParserTest.java,org.apache.tika.parser.hdf.HDFParserTest,HDFParserTest,14759,unit
tika,697d7c047daf1f661a4ed067bbc8f9c58bb6faa2,1,2026-01-07T07:46:39.000,0.0,false,INTERFACE,5,1,0.0,false,5,0,0.005075644984624617,0,INTERFACE,/data/tika/tika-core/src/main/java/org/apache/tika/metadata/Geographic.java,tika-core/src/main/java/org/apache/tika/metadata/Geographic.java,org.apache.tika.metadata.Geographic,Geographic,6569,unit
tika,697d7c047daf1f661a4ed067bbc8f9c58bb6faa2,1,2026-01-07T07:46:39.000,0.0,false,CONCRETE_CLASS,0,1,0.0,false,33,0,1.8787557434076361E-4,0,CONCRETE_CLASS,/data/tika/tika-annotation-processor/src/test/java/org/apache/tika/annotation/KebabCaseConverterTest.java,tika-annotation-processor/src/test/java/org/apache/tika/annotation/KebabCaseConverterTest.java,org.apache.tika.annotation.KebabCaseConverterTest,KebabCaseConverterTest,10667,unit
tika,697d7c047daf1f661a4ed067bbc8f9c58bb6faa2,1,2026-01-07T07:46:39.000,0.0,false,ABSTRACT_CLASS,3,2,0.0,false,28,0,2.834761158094676E-4,0,ABSTRACT_CLASS,/data/tika/tika-parsers/tika-parsers-standard/tika-parsers-standard-modules/tika-parser-miscoffice-module/src/main/java/org/apache/tika/parser/wordperfect/WPDocumentAreaExtractor.java,tika-parsers/tika-parsers-standard/tika-parsers-standard-modules/tika-parser-miscoffice-module/src/main/java/org/apache/tika/parser/wordperfect/WPDocumentAreaExtractor.java,org.apache.tika.parser.wordperfect.WPDocumentAreaExtractor,WPDocumentAreaExtractor,18860,unit
tika,697d7c047daf1f661a4ed067bbc8f9c58bb6faa2,1,2026-01-07T07:46:39.000,0.0,false,CONCRETE_CLASS,2,0,0.0,false,10,0,4.2762736658967277E-4,0,CONCRETE_CLASS,/data/tika/tika-annotation-processor/src/main/java/org/apache/tika/annotation/KebabCaseConverter.java,tika-annotation-processor/src/main/java/org/apache/tika/annotation/KebabCaseConverter.java,org.apache.tika.annotation.KebabCaseConverter,KebabCaseConverter,10673,unit
tika,697d7c047daf1f661a4ed067bbc8f9c58bb6faa2,1,2026-01-07T07:46:39.000,0.0,false,CONCRETE_CLASS,1,9,0.0,false,42,0,2.1070907836446924E-4,0,CONCRETE_CLASS,/data/tika/tika-parsers/tika-parsers-extended/tika-parser-scientific-module/src/main/java/org/apache/tika/parser/hdf/HDFParser.java,tika-parsers/tika-parsers-extended/tika-parser-scientific-module/src/main/java/org/apache/tika/parser/hdf/HDFParser.java,org.apache.tika.parser.hdf.HDFParser,HDFParser,14771,unit
tika,697d7c047daf1f661a4ed067bbc8f9c58bb6faa2,1,2026-01-07T07:46:39.000,0.0,false,CONCRETE_CLASS,0,2,0.0,false,162,0,1.8787557434076361E-4,0,CONCRETE_CLASS,/data/tika/tika-annotation-processor/src/main/java/org/apache/tika/annotation/TikaComponentProcessor.java,tika-annotation-processor/src/main/java/org/apache/tika/annotation/TikaComponentProcessor.java,org.apache.tika.annotation.TikaComponentProcessor,TikaComponentProcessor,10684,unit
tika,697d7c047daf1f661a4ed067bbc8f9c58bb6faa2,1,2026-01-07T07:46:39.000,0.0,false,INTERFACE,1,2,0.0,false,13,0,2.1014582933179593E-4,0,INTERFACE,/data/tika/tika-core/src/main/java/org/apache/tika/metadata/QuattroPro.java,tika-core/src/main/java/org/apache/tika/metadata/QuattroPro.java,org.apache.tika.metadata.QuattroPro,QuattroPro,18878,unit
tika,697d7c047daf1f661a4ed067bbc8f9c58bb6faa2,1,2026-01-07T07:46:39.000,0.0,false,CONCRETE_CLASS,0,6,0.0,false,21,0,1.8787557434076361E-4,0,CONCRETE_CLASS,/data/tika/tika-parsers/tika-parsers-standard/tika-parsers-standard-modules/tika-parser-microsoft-module/src/test/java/org/apache/tika/parser/microsoft/VisioParserTest.java,tika-parsers/tika-parsers-standard/tika-parsers-standard-modules/tika-parser-microsoft-module/src/test/java/org/apache/tika/parser/microsoft/VisioParserTest.java,org.apache.tika.parser.microsoft.VisioParserTest,VisioParserTest,27072,unit
tika,697d7c047daf1f661a4ed067bbc8f9c58bb6faa2,1,2026-01-07T07:46:39.000,0.0,false,CONCRETE_CLASS,0,1,0.0,false,77,0,1.8787557434076361E-4,0,CONCRETE_CLASS,/data/tika/tika-parsers/tika-parsers-ml/tika-parser-nlp-module/src/main/java/org/apache/tika/parser/ner/corenlp/CoreNLPNERecogniser.java,tika-parsers/tika-parsers-ml/tika-parser-nlp-module/src/main/java/org/apache/tika/parser/ner/corenlp/CoreNLPNERecogniser.java,org.apache.tika.parser.ner.corenlp.CoreNLPNERecogniser,CoreNLPNERecogniser,22977,unit
tika,697d7c047daf1f661a4ed067bbc8f9c58bb6faa2,1,2026-01-07T07:46:39.000,0.0,false,CONCRETE_CLASS,1,17,0.0,false,64,0,2.198424799739515E-4,0,CONCRETE_CLASS,/data/tika/tika-parsers/tika-parsers-standard/tika-parsers-standard-modules/tika-parser-miscoffice-module/src/main/java/org/apache/tika/parser/wordperfect/WordPerfectParser.java,tika-parsers/tika-parsers-standard/tika-parsers-standard-modules/tika-parser-miscoffice-module/src/main/java/org/apache/tika/parser/wordperfect/WordPerfectParser.java,org.apache.tika.parser.wordperfect.WordPerfectParser,WordPerfectParser,18892,unit
tika,697d7c047daf1f661a4ed067bbc8f9c58bb6faa2,1,2026-01-07T07:46:39.000,0.0,false,CONCRETE_CLASS,0,11,0.0,false,148,0,1.8787557434076361E-4,0,CONCRETE_CLASS,/data/tika/tika-parsers/tika-parsers-standard/tika-parsers-standard-modules/tika-parser-image-module/src/test/java/org/apache/tika/parser/image/JpegParserTest.java,tika-parsers/tika-parsers-standard/tika-parsers-standard-modules/tika-parser-image-module/src/test/java/org/apache/tika/parser/image/JpegParserTest.java,org.apache.tika.parser.image.JpegParserTest,JpegParserTest,6606,unit
tika,697d7c047daf1f661a4ed067bbc8f9c58bb6faa2,1,2026-01-07T07:46:39.000,0.0,false,CONCRETE_CLASS,1,5,0.0,false,17,0,2.0785489036150603E-4,0,CONCRETE_CLASS,/data/tika/tika-parsers/tika-parsers-extended/tika-parser-sqlite3-module/src/main/java/org/apache/tika/parser/geopkg/GeoPkgDBParser.java,tika-parsers/tika-parsers-extended/tika-parser-sqlite3-module/src/main/java/org/apache/tika/parser/geopkg/GeoPkgDBParser.java,org.apache.tika.parser.geopkg.GeoPkgDBParser,GeoPkgDBParser,10705,unit
tika,697d7c047daf1f661a4ed067bbc8f9c58bb6faa2,1,2026-01-07T07:46:39.000,0.0,false,CONCRETE_CLASS,4,7,0.0,false,157,0,3.180767039632957E-4,0,CONCRETE_CLASS,/data/tika/tika-parsers/tika-parsers-standard/tika-parsers-standard-modules/tika-parser-jdbc-commons/src/main/java/org/apache/tika/parser/jdbc/JDBCTableReader.java,tika-parsers/tika-parsers-standard/tika-parsers-standard-modules/tika-parser-jdbc-commons/src/main/java/org/apache/tika/parser/jdbc/JDBCTableReader.java,org.apache.tika.parser.jdbc.JDBCTableReader,JDBCTableReader,10711,unit
tika,697d7c047daf1f661a4ed067bbc8f9c58bb6faa2,1,2026-01-07T07:46:39.000,0.0,false,INTERFACE,1,2,0.0,false,23,0,1.988776895288461E-4,0,INTERFACE,/data/tika/tika-core/src/main/java/org/apache/tika/metadata/WordPerfect.java,tika-core/src/main/java/org/apache/tika/metadata/WordPerfect.java,org.apache.tika.metadata.WordPerfect,WordPerfect,18906,unit
tika,697d7c047daf1f661a4ed067bbc8f9c58bb6faa2,1,2026-01-07T07:46:39.000,0.0,false,CONCRETE_CLASS,1,3,0.0,false,30,0,2.2324265872788432E-4,0,CONCRETE_CLASS,/data/tika/tika-parsers/tika-parsers-extended/tika-parser-sqlite3-module/src/main/java/org/apache/tika/parser/geopkg/GeoPkgTableReader.java,tika-parsers/tika-parsers-extended/tika-parser-sqlite3-module/src/main/java/org/apache/tika/parser/geopkg/GeoPkgTableReader.java,org.apache.tika.parser.geopkg.GeoPkgTableReader,GeoPkgTableReader,10719,unit
tika,697d7c047daf1f661a4ed067bbc8f9c58bb6faa2,1,2026-01-07T07:46:39.000,0.0,false,CONCRETE_CLASS,0,9,0.0,false,42,0,1.8787557434076361E-4,0,CONCRETE_CLASS,/data/tika/tika-parsers/tika-parsers-standard/tika-parsers-standard-modules/tika-parser-image-module/src/test/java/org/apache/tika/parser/image/PSDParserTest.java,tika-parsers/tika-parsers-standard/tika-parsers-standard-modules/tika-parser-image-module/src/test/java/org/apache/tika/parser/image/PSDParserTest.java,org.apache.tika.parser.image.PSDParserTest,PSDParserTest,6628,unit
tika,697d7c047daf1f661a4ed067bbc8f9c58bb6faa2,1,2026-01-07T07:46:39.000,0.0,false,CONCRETE_CLASS,1,4,0.0,false,44,0,1.988776895288461E-4,0,CONCRETE_CLASS,/data/tika/tika-parsers/tika-parsers-standard/tika-parsers-standard-modules/tika-parser-miscoffice-module/src/main/java/org/apache/tika/parser/wordperfect/WP6DocumentAreaExtractor.java,tika-parsers/tika-parsers-standard/tika-parsers-standard-modules/tika-parser-miscoffice-module/src/main/java/org/apache/tika/parser/wordperfect/WP6DocumentAreaExtractor.java,org.apache.tika.parser.wordperfect.WP6DocumentAreaExtractor,WP6DocumentAreaExtractor,18918,unit
tika,697d7c047daf1f661a4ed067bbc8f9c58bb6faa2,1,2026-01-07T07:46:39.000,0.0,false,CONCRETE_CLASS,2,10,0.0,false,64,0,2.448608461889382E-4,0,CONCRETE_CLASS,/data/tika/tika-parsers/tika-parsers-extended/tika-parser-sqlite3-module/src/main/java/org/apache/tika/parser/sqlite3/SQLite3DBParser.java,tika-parsers/tika-parsers-extended/tika-parser-sqlite3-module/src/main/java/org/apache/tika/parser/sqlite3/SQLite3DBParser.java,org.apache.tika.parser.sqlite3.SQLite3DBParser,SQLite3DBParser,10729,unit
tika,697d7c047daf1f661a4ed067bbc8f9c58bb6faa2,1,2026-01-07T07:46:39.000,0.0,false,CONCRETE_CLASS,0,5,0.0,false,99,0,1.8787557434076361E-4,0,CONCRETE_CLASS,/data/tika/tika-serialization/src/test/java/org/apache/tika/serialization/JsonMetadataListTest.java,tika-serialization/src/test/java/org/apache/tika/serialization/JsonMetadataListTest.java,org.apache.tika.serialization.JsonMetadataListTest,JsonMetadataListTest,23019,unit
tika,697d7c047daf1f661a4ed067bbc8f9c58bb6faa2,1,2026-01-07T07:46:39.000,0.0,false,CONCRETE_CLASS,1,4,0.0,false,17,0,1.988776895288461E-4,0,CONCRETE_CLASS,/data/tika/tika-parsers/tika-parsers-standard/tika-parsers-standard-modules/tika-parser-miscoffice-module/src/main/java/org/apache/tika/parser/wordperfect/WP5DocumentAreaExtractor.java,tika-parsers/tika-parsers-standard/tika-parsers-standard-modules/tika-parser-miscoffice-module/src/main/java/org/apache/tika/parser/wordperfect/WP5DocumentAreaExtractor.java,org.apache.tika.parser.wordperfect.WP5DocumentAreaExtractor,WP5DocumentAreaExtractor,18928,unit
tika,697d7c047daf1f661a4ed067bbc8f9c58bb6faa2,1,2026-01-07T07:46:39.000,0.0,false,CONCRETE_CLASS,0,6,0.0,false,69,0,1.8787557434076361E-4,0,CONCRETE_CLASS,/data/tika/tika-parsers/tika-parsers-extended/tika-parser-scientific-module/src/test/java/org/apache/tika/parser/envi/EnviHeaderParserTest.java,tika-parsers/tika-parsers-extended/tika-parser-scientific-module/src/test/java/org/apache/tika/parser/envi/EnviHeaderParserTest.java,org.apache.tika.parser.envi.EnviHeaderParserTest,EnviHeaderParserTest,14835,unit
tika,697d7c047daf1f661a4ed067bbc8f9c58bb6faa2,1,2026-01-07T07:46:39.000,0.0,false,CONCRETE_CLASS,0,5,0.0,false,13,0,1.8787557434076361E-4,0,CONCRETE_CLASS,/data/tika/tika-parsers/tika-parsers-standard/tika-parsers-standard-modules/tika-parser-microsoft-module/src/test/java/org/apache/tika/parser/microsoft/OfficeParserTest.java,tika-parsers/tika-parsers-standard/tika-parsers-standard-modules/tika-parser-microsoft-module/src/test/java/org/apache/tika/parser/microsoft/OfficeParserTest.java,org.apache.tika.parser.microsoft.OfficeParserTest,OfficeParserTest,27125,unit
tika,697d7c047daf1f661a4ed067bbc8f9c58bb6faa2,1,2026-01-07T07:46:39.000,0.0,false,CONCRETE_CLASS,2,4,0.0,false,22,0,2.7201822067737146E-4,0,CONCRETE_CLASS,/data/tika/tika-parsers/tika-parsers-extended/tika-parser-sqlite3-module/src/main/java/org/apache/tika/parser/sqlite3/SQLite3TableReader.java,tika-parsers/tika-parsers-extended/tika-parser-sqlite3-module/src/main/java/org/apache/tika/parser/sqlite3/SQLite3TableReader.java,org.apache.tika.parser.sqlite3.SQLite3TableReader,SQLite3TableReader,10742,unit
tika,697d7c047daf1f661a4ed067bbc8f9c58bb6faa2,1,2026-01-07T07:46:39.000,0.0,false,CONCRETE_CLASS,0,10,0.0,false,168,0,1.8787557434076361E-4,0,CONCRETE_CLASS,/data/tika/tika-parsers/tika-parsers-standard/tika-parsers-standard-modules/tika-parser-image-module/src/test/java/org/apache/tika/parser/image/ImageParserTest.java,tika-parsers/tika-parsers-standard/tika-parsers-standard-modules/tika-parser-image-module/src/test/java/org/apache/tika/parser/image/ImageParserTest.java,org.apache.tika.parser.image.ImageParserTest,ImageParserTest,6648,unit
tika,697d7c047daf1f661a4ed067bbc8f9c58bb6faa2,1,2026-01-07T07:46:39.000,0.0,false,CONCRETE_CLASS,0,3,0.0,false,124,0,1.8787557434076361E-4,0,CONCRETE_CLASS,/data/tika/tika-serialization/src/test/java/org/apache/tika/serialization/ConfigDeserializerTest.java,tika-serialization/src/test/java/org/apache/tika/serialization/ConfigDeserializerTest.java,org.apache.tika.serialization.ConfigDeserializerTest,ConfigDeserializerTest,23033,unit
tika,697d7c047daf1f661a4ed067bbc8f9c58bb6faa2,1,2026-01-07T07:46:39.000,0.0,false,CONCRETE_CLASS,1,10,0.0,false,120,0,2.145146623684202E-4,0,CONCRETE_CLASS,/data/tika/tika-parsers/tika-parsers-extended/tika-parser-scientific-module/src/main/java/org/apache/tika/parser/envi/EnviHeaderParser.java,tika-parsers/tika-parsers-extended/tika-parser-scientific-module/src/main/java/org/apache/tika/parser/envi/EnviHeaderParser.java,org.apache.tika.parser.envi.EnviHeaderParser,EnviHeaderParser,14846,unit
tika,697d7c047daf1f661a4ed067bbc8f9c58bb6faa2,1,2026-01-07T07:46:39.000,0.0,false,CONCRETE_CLASS,2,4,0.0,false,23,0,2.5055578146466144E-4,0,CONCRETE_CLASS,/data/tika/tika-serialization/src/main/java/org/apache/tika/serialization/ConfigDeserializer.java,tika-serialization/src/main/java/org/apache/tika/serialization/ConfigDeserializer.java,org.apache.tika.serialization.ConfigDeserializer,ConfigDeserializer,23040,unit
tika,697d7c047daf1f661a4ed067bbc8f9c58bb6faa2,1,2026-01-07T07:46:39.000,0.0,false,CONCRETE_CLASS,0,8,0.0,false,30,0,1.8787557434076361E-4,0,CONCRETE_CLASS,/data/tika/tika-parsers/tika-parsers-extended/tika-parser-sqlite3-module/src/main/java/org/apache/tika/parser/geopkg/GeoPkgParser.java,tika-parsers/tika-parsers-extended/tika-parser-sqlite3-module/src/main/java/org/apache/tika/parser/geopkg/GeoPkgParser.java,org.apache.tika.parser.geopkg.GeoPkgParser,GeoPkgParser,10757,unit
tika,697d7c047daf1f661a4ed067bbc8f9c58bb6faa2,1,2026-01-07T07:46:39.000,0.0,false,CONCRETE_CLASS,1,1,0.0,false,117,0,2.3017478748107436E-4,0,CONCRETE_CLASS,/data/tika/tika-parsers/tika-parsers-standard/tika-parsers-standard-modules/tika-parser-miscoffice-module/src/main/java/org/apache/tika/parser/wordperfect/WP5Charsets.java,tika-parsers/tika-parsers-standard/tika-parsers-standard-modules/tika-parser-miscoffice-module/src/main/java/org/apache/tika/parser/wordperfect/WP5Charsets.java,org.apache.tika.parser.wordperfect.WP5Charsets,WP5Charsets,18950,unit
tika,697d7c047daf1f661a4ed067bbc8f9c58bb6faa2,1,2026-01-07T07:46:39.000,0.0,false,CONCRETE_CLASS,3,29,0.0,false,203,0,8.439293699738612E-4,0,CONCRETE_CLASS,/data/tika/tika-serialization/src/main/java/org/apache/tika/serialization/TikaModule.java,tika-serialization/src/main/java/org/apache/tika/serialization/TikaModule.java,org.apache.tika.serialization.TikaModule,TikaModule,23054,unit
tika,697d7c047daf1f661a4ed067bbc8f9c58bb6faa2,1,2026-01-07T07:46:39.000,0.0,false,CONCRETE_CLASS,2,9,0.0,false,30,0,2.2868753544219453E-4,0,CONCRETE_CLASS,/data/tika/tika-parsers/tika-parsers-extended/tika-parser-sqlite3-module/src/main/java/org/apache/tika/parser/sqlite3/SQLite3Parser.java,tika-parsers/tika-parsers-extended/tika-parser-sqlite3-module/src/main/java/org/apache/tika/parser/sqlite3/SQLite3Parser.java,org.apache.tika.parser.sqlite3.SQLite3Parser,SQLite3Parser,10770,unit
tika,697d7c047daf1f661a4ed067bbc8f9c58bb6faa2,1,2026-01-07T07:46:39.000,0.0,false,CONCRETE_CLASS,0,9,0.0,false,48,0,1.8787557434076361E-4,0,CONCRETE_CLASS,/data/tika/tika-parsers/tika-parsers-standard/tika-parsers-standard-modules/tika-parser-microsoft-module/src/test/java/org/apache/tika/parser/microsoft/ProjectParserTest.java,tika-parsers/tika-parsers-standard/tika-parsers-standard-modules/tika-parser-microsoft-module/src/test/java/org/apache/tika/parser/microsoft/ProjectParserTest.java,org.apache.tika.parser.microsoft.ProjectParserTest,ProjectParserTest,27154,unit
tika,697d7c047daf1f661a4ed067bbc8f9c58bb6faa2,1,2026-01-07T07:46:39.000,0.0,false,CONCRETE_CLASS,0,5,0.0,false,32,0,1.8787557434076361E-4,0,CONCRETE_CLASS,/data/tika/tika-parsers/tika-parsers-standard/tika-parsers-standard-modules/tika-parser-miscoffice-module/src/test/java/org/apache/tika/parser/wordperfect/WordPerfectTest.java,tika-parsers/tika-parsers-standard/tika-parsers-standard-modules/tika-parser-miscoffice-module/src/test/java/org/apache/tika/parser/wordperfect/WordPerfectTest.java,org.apache.tika.parser.wordperfect.WordPerfectTest,WordPerfectTest,18969,unit
tika,697d7c047daf1f661a4ed067bbc8f9c58bb6faa2,1,2026-01-07T07:46:39.000,0.0,false,CONCRETE_CLASS,2,2,0.0,false,47,0,5.159239384627788E-4,0,CONCRETE_CLASS,/data/tika/tika-serialization/src/main/java/org/apache/tika/serialization/ComponentConfig.java,tika-serialization/src/main/java/org/apache/tika/serialization/ComponentConfig.java,org.apache.tika.serialization.ComponentConfig,ComponentConfig,23065,unit
tika,697d7c047daf1f661a4ed067bbc8f9c58bb6faa2,1,2026-01-07T07:46:39.000,0.0,false,ABSTRACT_CLASS,3,2,0.0,false,8,0,3.2750515846543876E-4,0,ABSTRACT_CLASS,/data/tika/tika-parsers/tika-parsers-standard/tika-parsers-standard-modules/tika-parser-microsoft-module/src/main/java/org/apache/tika/parser/microsoft/ooxml/xwpf/ml2006/AbstractPartHandler.java,tika-parsers/tika-parsers-standard/tika-parsers-standard-modules/tika-parser-microsoft-module/src/main/java/org/apache/tika/parser/microsoft/ooxml/xwpf/ml2006/AbstractPartHandler.java,org.apache.tika.parser.microsoft.ooxml.xwpf.ml2006.AbstractPartHandler,AbstractPartHandler,2586,unit
tika,697d7c047daf1f661a4ed067bbc8f9c58bb6faa2,1,2026-01-07T07:46:39.000,0.0,false,CONCRETE_CLASS,0,9,0.0,false,46,0,1.8787557434076361E-4,0,CONCRETE_CLASS,/data/tika/tika-parsers/tika-parsers-standard/tika-parsers-standard-modules/tika-parser-audiovideo-module/src/main/java/org/apache/tika/parser/ogg/SpeexParser.java,tika-parsers/tika-parsers-standard/tika-parsers-standard-modules/tika-parser-audiovideo-module/src/main/java/org/apache/tika/parser/ogg/SpeexParser.java,org.apache.tika.parser.ogg.SpeexParser,SpeexParser,14879,unit
tika,697d7c047daf1f661a4ed067bbc8f9c58bb6faa2,1,2026-01-07T07:46:39.000,0.0,false,INTERFACE,2,3,0.0,false,4,0,4.5116600033579847E-4,0,INTERFACE,/data/tika/tika-serialization/src/main/java/org/apache/tika/config/loader/ComponentLoader.java,tika-serialization/src/main/java/org/apache/tika/config/loader/ComponentLoader.java,org.apache.tika.config.loader.ComponentLoader,ComponentLoader,23071,unit
tika,697d7c047daf1f661a4ed067bbc8f9c58bb6faa2,1,2026-01-07T07:46:39.000,0.0,false,INTERFACE,1,5,0.0,false,245,0,2.2322343987314538E-4,0,INTERFACE,/data/tika/tika-core/src/main/java/org/apache/tika/metadata/IPTC.java,tika-core/src/main/java/org/apache/tika/metadata/IPTC.java,org.apache.tika.metadata.IPTC,IPTC,6688,unit
tika,697d7c047daf1f661a4ed067bbc8f9c58bb6faa2,1,2026-01-07T07:46:39.000,0.0,false,INTERFACE,3,1,0.0,false,8,0,3.676604352598195E-4,0,INTERFACE,/data/tika/tika-parsers/tika-parsers-standard/tika-parsers-standard-modules/tika-parser-microsoft-module/src/main/java/org/apache/tika/parser/microsoft/ooxml/xwpf/ml2006/PartHandler.java,tika-parsers/tika-parsers-standard/tika-parsers-standard-modules/tika-parser-microsoft-module/src/main/java/org/apache/tika/parser/microsoft/ooxml/xwpf/ml2006/PartHandler.java,org.apache.tika.parser.microsoft.ooxml.xwpf.ml2006.PartHandler,PartHandler,2593,unit
tika,697d7c047daf1f661a4ed067bbc8f9c58bb6faa2,1,2026-01-07T07:46:39.000,0.0,false,ABSTRACT_CLASS,5,7,0.0,false,70,0,2.778960181903437E-4,0,ABSTRACT_CLASS,/data/tika/tika-parsers/tika-parsers-standard/tika-parsers-standard-modules/tika-parser-audiovideo-module/src/main/java/org/apache/tika/parser/ogg/OggAudioParser.java,tika-parsers/tika-parsers-standard/tika-parsers-standard-modules/tika-parser-audiovideo-module/src/main/java/org/apache/tika/parser/ogg/OggAudioParser.java,org.apache.tika.parser.ogg.OggAudioParser,OggAudioParser,14886,unit
tika,697d7c047daf1f661a4ed067bbc8f9c58bb6faa2,1,2026-01-07T07:46:39.000,0.0,false,CONCRETE_CLASS,9,4,0.0,false,37,0,0.0012840094565404355,0,CONCRETE_CLASS,/data/tika/tika-serialization/src/main/java/org/apache/tika/serialization/ComponentNameResolver.java,tika-serialization/src/main/java/org/apache/tika/serialization/ComponentNameResolver.java,org.apache.tika.serialization.ComponentNameResolver,ComponentNameResolver,23079,unit
tika,697d7c047daf1f661a4ed067bbc8f9c58bb6faa2,1,2026-01-07T07:46:39.000,0.0,false,CONCRETE_CLASS,0,11,0.0,false,33,0,1.8787557434076361E-4,0,CONCRETE_CLASS,/data/tika/tika-parsers/tika-parsers-standard/tika-parsers-standard-modules/tika-parser-microsoft-module/src/main/java/org/apache/tika/parser/microsoft/ooxml/xwpf/ml2006/Word2006MLParser.java,tika-parsers/tika-parsers-standard/tika-parsers-standard-modules/tika-parser-microsoft-module/src/main/java/org/apache/tika/parser/microsoft/ooxml/xwpf/ml2006/Word2006MLParser.java,org.apache.tika.parser.microsoft.ooxml.xwpf.ml2006.Word2006MLParser,Word2006MLParser,2606,unit
tika,697d7c047daf1f661a4ed067bbc8f9c58bb6faa2,1,2026-01-07T07:46:39.000,0.0,false,CONCRETE_CLASS,2,2,0.0,false,52,0,2.2345210131738521E-4,0,CONCRETE_CLASS,/data/tika/tika-parsers/tika-parsers-ml/tika-parser-nlp-module/src/main/java/org/apache/tika/parser/ner/opennlp/OpenNLPNERecogniser.java,tika-parsers/tika-parsers-ml/tika-parser-nlp-module/src/main/java/org/apache/tika/parser/ner/opennlp/OpenNLPNERecogniser.java,org.apache.tika.parser.ner.opennlp.OpenNLPNERecogniser,OpenNLPNERecogniser,18992,unit
tika,697d7c047daf1f661a4ed067bbc8f9c58bb6faa2,1,2026-01-07T07:46:39.000,0.0,false,ABSTRACT_CLASS,3,3,0.0,false,32,0,2.3911098464468432E-4,0,ABSTRACT_CLASS,/data/tika/tika-parsers/tika-parsers-standard/tika-parsers-standard-modules/tika-parser-microsoft-module/src/main/java/org/apache/tika/parser/microsoft/AbstractOfficeParser.java,tika-parsers/tika-parsers-standard/tika-parsers-standard-modules/tika-parser-microsoft-module/src/main/java/org/apache/tika/parser/microsoft/AbstractOfficeParser.java,org.apache.tika.parser.microsoft.AbstractOfficeParser,AbstractOfficeParser,2612,unit
tika,697d7c047daf1f661a4ed067bbc8f9c58bb6faa2,1,2026-01-07T07:46:39.000,0.0,false,CONCRETE_CLASS,6,0,0.0,false,6,0,8.869513824030706E-4,0,CONCRETE_CLASS,/data/tika/tika-serialization/src/main/java/org/apache/tika/config/loader/ComponentInfo.java,tika-serialization/src/main/java/org/apache/tika/config/loader/ComponentInfo.java,org.apache.tika.config.loader.ComponentInfo,ComponentInfo,23092,unit
tika,697d7c047daf1f661a4ed067bbc8f9c58bb6faa2,1,2026-01-07T07:46:39.000,0.0,false,CONCRETE_CLASS,1,1,0.0,false,43,0,2.829298071032843E-4,0,CONCRETE_CLASS,/data/tika/tika-parsers/tika-parsers-ml/tika-parser-nlp-module/src/main/java/org/apache/tika/parser/ner/opennlp/OpenNLPNameFinder.java,tika-parsers/tika-parsers-ml/tika-parser-nlp-module/src/main/java/org/apache/tika/parser/ner/opennlp/OpenNLPNameFinder.java,org.apache.tika.parser.ner.opennlp.OpenNLPNameFinder,OpenNLPNameFinder,18998,unit
tika,697d7c047daf1f661a4ed067bbc8f9c58bb6faa2,1,2026-01-07T07:46:39.000,0.0,false,CONCRETE_CLASS,0,4,0.0,false,26,0,1.8787557434076361E-4,0,CONCRETE_CLASS,/data/tika/tika-parsers/tika-parsers-standard/tika-parsers-standard-modules/tika-parser-microsoft-module/src/test/java/org/apache/tika/parser/microsoft/OLE2CasingTest.java,tika-parsers/tika-parsers-standard/tika-parsers-standard-modules/tika-parser-microsoft-module/src/test/java/org/apache/tika/parser/microsoft/OLE2CasingTest.java,org.apache.tika.parser.microsoft.OLE2CasingTest,OLE2CasingTest,27194,unit
tika,697d7c047daf1f661a4ed067bbc8f9c58bb6faa2,1,2026-01-07T07:46:39.000,0.0,false,ABSTRACT_CLASS,4,5,0.0,false,12,0,2.719225007558416E-4,0,ABSTRACT_CLASS,/data/tika/tika-core/src/main/java/org/apache/tika/parser/AbstractParser.java,tika-core/src/main/java/org/apache/tika/parser/AbstractParser.java,org.apache.tika.parser.AbstractParser,AbstractParser,14907,unit
tika,697d7c047daf1f661a4ed067bbc8f9c58bb6faa2,1,2026-01-07T07:46:39.000,0.0,false,CONCRETE_CLASS,5,3,0.0,false,80,0,8.189227517172105E-4,0,CONCRETE_CLASS,/data/tika/tika-serialization/src/main/java/org/apache/tika/config/loader/ComponentRegistry.java,tika-serialization/src/main/java/org/apache/tika/config/loader/ComponentRegistry.java,org.apache.tika.config.loader.ComponentRegistry,ComponentRegistry,23101,unit
tika,697d7c047daf1f661a4ed067bbc8f9c58bb6faa2,1,2026-01-07T07:46:39.000,0.0,false,CONCRETE_CLASS,2,12,0.0,false,76,0,2.216512137309717E-4,0,CONCRETE_CLASS,/data/tika/tika-parsers/tika-parsers-standard/tika-parsers-standard-modules/tika-parser-microsoft-module/src/main/java/org/apache/tika/parser/microsoft/ooxml/xwpf/ml2006/Word2006MLDocHandler.java,tika-parsers/tika-parsers-standard/tika-parsers-standard-modules/tika-parser-microsoft-module/src/main/java/org/apache/tika/parser/microsoft/ooxml/xwpf/ml2006/Word2006MLDocHandler.java,org.apache.tika.parser.microsoft.ooxml.xwpf.ml2006.Word2006MLDocHandler,Word2006MLDocHandler,2629,unit
tika,697d7c047daf1f661a4ed067bbc8f9c58bb6faa2,1,2026-01-07T07:46:39.000,0.0,false,CONCRETE_CLASS,2,6,0.0,false,59,0,3.192757639529213E-4,0,CONCRETE_CLASS,/data/tika/tika-serialization/src/main/java/org/apache/tika/config/loader/ComponentInstantiator.java,tika-serialization/src/main/java/org/apache/tika/config/loader/ComponentInstantiator.java,org.apache.tika.config.loader.ComponentInstantiator,ComponentInstantiator,23111,unit
tika,697d7c047daf1f661a4ed067bbc8f9c58bb6faa2,1,2026-01-07T07:46:39.000,0.0,false,CONCRETE_CLASS,0,7,0.0,false,101,0,1.8787557434076361E-4,0,CONCRETE_CLASS,/data/tika/tika-parsers/tika-parsers-standard/tika-parsers-standard-modules/tika-parser-microsoft-module/src/test/java/org/apache/tika/parser/microsoft/SolidworksParserTest.java,tika-parsers/tika-parsers-standard/tika-parsers-standard-modules/tika-parser-microsoft-module/src/test/java/org/apache/tika/parser/microsoft/SolidworksParserTest.java,org.apache.tika.parser.microsoft.SolidworksParserTest,SolidworksParserTest,27212,unit
tika,697d7c047daf1f661a4ed067bbc8f9c58bb6faa2,1,2026-01-07T07:46:39.000,0.0,false,CONCRETE_CLASS,2,1,0.0,false,5,0,1.9976143086433058E-4,0,CONCRETE_CLASS,/data/tika/tika-core/src/main/java/org/apache/tika/exception/AccessPermissionException.java,tika-core/src/main/java/org/apache/tika/exception/AccessPermissionException.java,org.apache.tika.exception.AccessPermissionException,AccessPermissionException,10829,unit
tika,697d7c047daf1f661a4ed067bbc8f9c58bb6faa2,1,2026-01-07T07:46:39.000,0.0,false,CONCRETE_CLASS,2,9,0.0,false,46,0,2.2623586110058909E-4,0,CONCRETE_CLASS,/data/tika/tika-parsers/tika-parsers-standard/tika-parsers-standard-modules/tika-parser-audiovideo-module/src/main/java/org/apache/tika/parser/ogg/OpusParser.java,tika-parsers/tika-parsers-standard/tika-parsers-standard-modules/tika-parser-audiovideo-module/src/main/java/org/apache/tika/parser/ogg/OpusParser.java,org.apache.tika.parser.ogg.OpusParser,OpusParser,14925,unit
tika,697d7c047daf1f661a4ed067bbc8f9c58bb6faa2,1,2026-01-07T07:46:39.000,0.0,false,CONCRETE_CLASS,1,14,0.0,false,113,0,2.2783420638224848E-4,0,CONCRETE_CLASS,/data/tika/tika-detectors/tika-detector-siegfried/src/main/java/org/apache/tika/detect/siegfried/SiegfriedDetector.java,tika-detectors/tika-detector-siegfried/src/main/java/org/apache/tika/detect/siegfried/SiegfriedDetector.java,org.apache.tika.detect.siegfried.SiegfriedDetector,SiegfriedDetector,19021,unit
tika,697d7c047daf1f661a4ed067bbc8f9c58bb6faa2,1,2026-01-07T07:46:39.000,0.0,false,CONCRETE_CLASS,1,2,0.0,false,25,0,2.0359019498424275E-4,0,CONCRETE_CLASS,/data/tika/tika-parsers/tika-parsers-standard/tika-parsers-standard-modules/tika-parser-microsoft-module/src/main/java/org/apache/tika/parser/microsoft/ooxml/xwpf/ml2006/RelationshipsHandler.java,tika-parsers/tika-parsers-standard/tika-parsers-standard-modules/tika-parser-microsoft-module/src/main/java/org/apache/tika/parser/microsoft/ooxml/xwpf/ml2006/RelationshipsHandler.java,org.apache.tika.parser.microsoft.ooxml.xwpf.ml2006.RelationshipsHandler,RelationshipsHandler,2642,unit
tika,697d7c047daf1f661a4ed067bbc8f9c58bb6faa2,1,2026-01-07T07:46:39.000,0.0,false,CONCRETE_CLASS,0,17,0.0,false,171,0,1.8787557434076361E-4,0,CONCRETE_CLASS,/data/tika/tika-serialization/src/test/java/org/apache/tika/serialization/TestParseContextSerialization.java,tika-serialization/src/test/java/org/apache/tika/serialization/TestParseContextSerialization.java,org.apache.tika.serialization.TestParseContextSerialization,TestParseContextSerialization,23123,unit
tika,697d7c047daf1f661a4ed067bbc8f9c58bb6faa2,1,2026-01-07T07:46:39.000,0.0,false,CONCRETE_CLASS,1,0,0.0,false,39,0,1.9328441176559525E-4,0,CONCRETE_CLASS,/data/tika/tika-parsers/tika-parsers-standard/tika-parsers-standard-modules/tika-parser-pdf-module/src/main/java/org/apache/tika/renderer/pdf/pdfbox/VectorGraphicsOnlyPDFRenderer.java,tika-parsers/tika-parsers-standard/tika-parsers-standard-modules/tika-parser-pdf-module/src/main/java/org/apache/tika/renderer/pdf/pdfbox/VectorGraphicsOnlyPDFRenderer.java,org.apache.tika.renderer.pdf.pdfbox.VectorGraphicsOnlyPDFRenderer,VectorGraphicsOnlyPDFRenderer,6741,unit
tika,697d7c047daf1f661a4ed067bbc8f9c58bb6faa2,1,2026-01-07T07:46:39.000,0.0,false,CONCRETE_CLASS,3,1,0.0,false,19,0,3.1493758404420584E-4,0,CONCRETE_CLASS,/data/tika/tika-parsers/tika-parsers-standard/tika-parsers-standard-modules/tika-parser-microsoft-module/src/main/java/org/apache/tika/parser/microsoft/ooxml/xwpf/ml2006/RelationshipsManager.java,tika-parsers/tika-parsers-standard/tika-parsers-standard-modules/tika-parser-microsoft-module/src/main/java/org/apache/tika/parser/microsoft/ooxml/xwpf/ml2006/RelationshipsManager.java,org.apache.tika.parser.microsoft.ooxml.xwpf.ml2006.RelationshipsManager,RelationshipsManager,2649,unit
tika,697d7c047daf1f661a4ed067bbc8f9c58bb6faa2,1,2026-01-07T07:46:39.000,0.0,false,CONCRETE_CLASS,3,3,0.0,false,10,0,2.191269599356942E-4,0,CONCRETE_CLASS,/data/tika/tika-parsers/tika-parsers-standard/tika-parsers-standard-modules/tika-parser-pdf-module/src/main/java/org/apache/tika/renderer/pdf/pdfbox/PDFRenderingState.java,tika-parsers/tika-parsers-standard/tika-parsers-standard-modules/tika-parser-pdf-module/src/main/java/org/apache/tika/renderer/pdf/pdfbox/PDFRenderingState.java,org.apache.tika.renderer.pdf.pdfbox.PDFRenderingState,PDFRenderingState,6750,unit
tika,697d7c047daf1f661a4ed067bbc8f9c58bb6faa2,1,2026-01-07T07:46:39.000,0.0,false,CONCRETE_CLASS,1,10,0.0,false,51,0,1.9426895546740118E-4,0,CONCRETE_CLASS,/data/tika/tika-parsers/tika-parsers-standard/tika-parsers-standard-modules/tika-parser-audiovideo-module/src/main/java/org/apache/tika/parser/ogg/FlacParser.java,tika-parsers/tika-parsers-standard/tika-parsers-standard-modules/tika-parser-audiovideo-module/src/main/java/org/apache/tika/parser/ogg/FlacParser.java,org.apache.tika.parser.ogg.FlacParser,FlacParser,14945,unit
tika,697d7c047daf1f661a4ed067bbc8f9c58bb6faa2,1,2026-01-07T07:46:39.000,0.0,false,CONCRETE_CLASS,1,3,0.0,false,10,0,1.972776054093483E-4,0,CONCRETE_CLASS,/data/tika/tika-core/src/main/java/org/apache/tika/parser/SimplePasswordProvider.java,tika-core/src/main/java/org/apache/tika/parser/SimplePasswordProvider.java,org.apache.tika.parser.SimplePasswordProvider,SimplePasswordProvider,23137,unit
tika,697d7c047daf1f661a4ed067bbc8f9c58bb6faa2,1,2026-01-07T07:46:39.000,0.0,false,CONCRETE_CLASS,0,13,0.0,false,47,0,1.8787557434076361E-4,0,CONCRETE_CLASS,/data/tika/tika-parsers/tika-parsers-standard/tika-parsers-standard-modules/tika-parser-microsoft-module/src/test/java/org/apache/tika/parser/microsoft/TNEFParserTest.java,tika-parsers/tika-parsers-standard/tika-parsers-standard-modules/tika-parser-microsoft-module/src/test/java/org/apache/tika/parser/microsoft/TNEFParserTest.java,org.apache.tika.parser.microsoft.TNEFParserTest,TNEFParserTest,27233,unit
tika,697d7c047daf1f661a4ed067bbc8f9c58bb6faa2,1,2026-01-07T07:46:39.000,0.0,false,CONCRETE_CLASS,9,2,0.0,false,14,0,4.595649413654207E-4,0,CONCRETE_CLASS,/data/tika/tika-core/src/main/java/org/apache/tika/renderer/RenderResults.java,tika-core/src/main/java/org/apache/tika/renderer/RenderResults.java,org.apache.tika.renderer.RenderResults,RenderResults,6756,unit
tika,697d7c047daf1f661a4ed067bbc8f9c58bb6faa2,1,2026-01-07T07:46:39.000,0.0,false,CONCRETE_CLASS,1,9,0.0,false,45,0,2.0359019498424275E-4,0,CONCRETE_CLASS,/data/tika/tika-parsers/tika-parsers-standard/tika-parsers-standard-modules/tika-parser-microsoft-module/src/main/java/org/apache/tika/parser/microsoft/ooxml/xwpf/ml2006/BinaryDataHandler.java,tika-parsers/tika-parsers-standard/tika-parsers-standard-modules/tika-parser-microsoft-module/src/main/java/org/apache/tika/parser/microsoft/ooxml/xwpf/ml2006/BinaryDataHandler.java,org.apache.tika.parser.microsoft.ooxml.xwpf.ml2006.BinaryDataHandler,BinaryDataHandler,2662,unit
tika,697d7c047daf1f661a4ed067bbc8f9c58bb6faa2,1,2026-01-07T07:46:39.000,0.0,false,CONCRETE_CLASS,0,4,0.0,false,16,0,1.8787557434076361E-4,0,CONCRETE_CLASS,/data/tika/tika-detectors/tika-detector-siegfried/src/test/java/org/apache/tika/detect/siegfried/TestSiegfriedIntegration.java,tika-detectors/tika-detector-siegfried/src/test/java/org/apache/tika/detect/siegfried/TestSiegfriedIntegration.java,org.apache.tika.detect.siegfried.TestSiegfriedIntegration,TestSiegfriedIntegration,19046,unit
tika,697d7c047daf1f661a4ed067bbc8f9c58bb6faa2,1,2026-01-07T07:46:39.000,0.0,false,CONCRETE_CLASS,1,0,0.0,false,1,0,2.5001943683803957E-4,0,CONCRETE_CLASS,/data/tika/tika-core/src/main/java/org/apache/tika/renderer/RenderingState.java,tika-core/src/main/java/org/apache/tika/renderer/RenderingState.java,org.apache.tika.renderer.RenderingState,RenderingState,6765,unit
tika,697d7c047daf1f661a4ed067bbc8f9c58bb6faa2,1,2026-01-07T07:46:39.000,0.0,false,CONCRETE_CLASS,0,6,0.0,false,58,0,1.8787557434076361E-4,0,CONCRETE_CLASS,/data/tika/tika-serialization/src/test/java/org/apache/tika/serialization/CustomClassSerializationTest.java,tika-serialization/src/test/java/org/apache/tika/serialization/CustomClassSerializationTest.java,org.apache.tika.serialization.CustomClassSerializationTest,CustomClassSerializationTest,23156,unit
tika,697d7c047daf1f661a4ed067bbc8f9c58bb6faa2,1,2026-01-07T07:46:39.000,0.0,false,CONCRETE_CLASS,0,4,0.0,false,54,0,1.8787557434076361E-4,0,CONCRETE_CLASS,/data/tika/tika-detectors/tika-detector-siegfried/src/test/java/org/apache/tika/detect/siegfried/TestSiegfriedJsonParsing.java,tika-detectors/tika-detector-siegfried/src/test/java/org/apache/tika/detect/siegfried/TestSiegfriedJsonParsing.java,org.apache.tika.detect.siegfried.TestSiegfriedJsonParsing,TestSiegfriedJsonParsing,19061,unit
tika,697d7c047daf1f661a4ed067bbc8f9c58bb6faa2,1,2026-01-07T07:46:39.000,0.0,false,CONCRETE_CLASS,0,10,0.0,false,43,0,1.8787557434076361E-4,0,CONCRETE_CLASS,/data/tika/tika-parsers/tika-parsers-standard/tika-parsers-standard-modules/tika-parser-audiovideo-module/src/main/java/org/apache/tika/parser/ogg/TheoraParser.java,tika-parsers/tika-parsers-standard/tika-parsers-standard-modules/tika-parser-audiovideo-module/src/main/java/org/apache/tika/parser/ogg/TheoraParser.java,org.apache.tika.parser.ogg.TheoraParser,TheoraParser,14966,unit
tika,697d7c047daf1f661a4ed067bbc8f9c58bb6faa2,1,2026-01-07T07:46:39.000,0.0,false,CONCRETE_CLASS,1,0,0.0,false,27,0,1.9328441176559525E-4,0,CONCRETE_CLASS,/data/tika/tika-parsers/tika-parsers-standard/tika-parsers-standard-modules/tika-parser-pdf-module/src/main/java/org/apache/tika/renderer/pdf/pdfbox/TextOnlyPDFRenderer.java,tika-parsers/tika-parsers-standard/tika-parsers-standard-modules/tika-parser-pdf-module/src/main/java/org/apache/tika/renderer/pdf/pdfbox/TextOnlyPDFRenderer.java,org.apache.tika.renderer.pdf.pdfbox.TextOnlyPDFRenderer,TextOnlyPDFRenderer,6778,unit
tika,697d7c047daf1f661a4ed067bbc8f9c58bb6faa2,1,2026-01-07T07:46:39.000,0.0,false,CONCRETE_CLASS,0,11,0.0,false,86,0,1.8787557434076361E-4,0,CONCRETE_CLASS,/data/tika/tika-parsers/tika-parsers-standard/tika-parsers-standard-modules/tika-parser-microsoft-module/src/test/java/org/apache/tika/parser/microsoft/ooxml/xwpf/ml2006/Word2006MLParserTest.java,tika-parsers/tika-parsers-standard/tika-parsers-standard-modules/tika-parser-microsoft-module/src/test/java/org/apache/tika/parser/microsoft/ooxml/xwpf/ml2006/Word2006MLParserTest.java,org.apache.tika.parser.microsoft.ooxml.xwpf.ml2006.Word2006MLParserTest,Word2006MLParserTest,2686,unit
tika,697d7c047daf1f661a4ed067bbc8f9c58bb6faa2,1,2026-01-07T07:46:39.000,0.0,false,CONCRETE_CLASS,1,6,0.0,false,91,0,2.3569295769870145E-4,0,CONCRETE_CLASS,/data/tika/tika-core/src/main/java/org/apache/tika/parser/external/ExternalParsersConfigReader.java,tika-core/src/main/java/org/apache/tika/parser/external/ExternalParsersConfigReader.java,org.apache.tika.parser.external.ExternalParsersConfigReader,ExternalParsersConfigReader,10879,unit
tika,697d7c047daf1f661a4ed067bbc8f9c58bb6faa2,1,2026-01-07T07:46:39.000,0.0,false,CONCRETE_CLASS,1,21,0.0,false,113,0,1.9460547834284866E-4,0,CONCRETE_CLASS,/data/tika/tika-parsers/tika-parsers-standard/tika-parsers-standard-modules/tika-parser-pdf-module/src/main/java/org/apache/tika/renderer/pdf/pdfbox/PDFBoxRenderer.java,tika-parsers/tika-parsers-standard/tika-parsers-standard-modules/tika-parser-pdf-module/src/main/java/org/apache/tika/renderer/pdf/pdfbox/PDFBoxRenderer.java,org.apache.tika.renderer.pdf.pdfbox.PDFBoxRenderer,PDFBoxRenderer,6787,unit
tika,697d7c047daf1f661a4ed067bbc8f9c58bb6faa2,1,2026-01-07T07:46:39.000,0.0,false,CONCRETE_CLASS,0,4,0.0,false,70,0,1.8787557434076361E-4,0,CONCRETE_CLASS,/data/tika/tika-serialization/src/test/java/org/apache/tika/serialization/JsonMetadataTest.java,tika-serialization/src/test/java/org/apache/tika/serialization/JsonMetadataTest.java,org.apache.tika.serialization.JsonMetadataTest,JsonMetadataTest,23171,unit
tika,697d7c047daf1f661a4ed067bbc8f9c58bb6faa2,1,2026-01-07T07:46:39.000,0.0,false,CONCRETE_CLASS,8,13,0.0,false,191,0,3.365528221314832E-4,0,CONCRETE_CLASS,/data/tika/tika-core/src/test/java/org/apache/tika/MultiThreadedTikaTest.java,tika-core/src/test/java/org/apache/tika/MultiThreadedTikaTest.java,org.apache.tika.MultiThreadedTikaTest,MultiThreadedTikaTest,2692,unit
tika,697d7c047daf1f661a4ed067bbc8f9c58bb6faa2,1,2026-01-07T07:46:39.000,0.0,false,CONCRETE_CLASS,8,41,0.0,false,434,0,3.2430026141181133E-4,0,CONCRETE_CLASS,/data/tika/tika-parsers/tika-parsers-standard/tika-parsers-standard-modules/tika-parser-pdf-module/src/main/java/org/apache/tika/parser/pdf/PDFParser.java,tika-parsers/tika-parsers-standard/tika-parsers-standard-modules/tika-parser-pdf-module/src/main/java/org/apache/tika/parser/pdf/PDFParser.java,org.apache.tika.parser.pdf.PDFParser,PDFParser,6793,unit
tika,697d7c047daf1f661a4ed067bbc8f9c58bb6faa2,1,2026-01-07T07:46:39.000,0.0,false,INTERFACE,1,0,0.0,false,11,0,2.2129649801078382E-4,0,INTERFACE,/data/tika/tika-core/src/main/java/org/apache/tika/parser/external/ExternalParsersConfigReaderMetKeys.java,tika-core/src/main/java/org/apache/tika/parser/external/ExternalParsersConfigReaderMetKeys.java,org.apache.tika.parser.external.ExternalParsersConfigReaderMetKeys,ExternalParsersConfigReaderMetKeys,10890,unit
tika,697d7c047daf1f661a4ed067bbc8f9c58bb6faa2,1,2026-01-07T07:46:39.000,0.0,false,CONCRETE_CLASS,0,9,0.0,false,85,0,1.8787557434076361E-4,0,CONCRETE_CLASS,/data/tika/tika-parsers/tika-parsers-standard/tika-parsers-standard-modules/tika-parser-audiovideo-module/src/main/java/org/apache/tika/parser/ogg/OggParser.java,tika-parsers/tika-parsers-standard/tika-parsers-standard-modules/tika-parser-audiovideo-module/src/main/java/org/apache/tika/parser/ogg/OggParser.java,org.apache.tika.parser.ogg.OggParser,OggParser,14987,unit
tika,697d7c047daf1f661a4ed067bbc8f9c58bb6faa2,1,2026-01-07T07:46:39.000,0.0,false,CONCRETE_CLASS,1,5,0.0,false,13,0,2.1070907836446924E-4,0,CONCRETE_CLASS,/data/tika/tika-pipes/tika-pipes-plugins/tika-pipes-file-system/src/main/java/org/apache/tika/pipes/fetcher/fs/FileSystemFetcherFactory.java,tika-pipes/tika-pipes-plugins/tika-pipes-file-system/src/main/java/org/apache/tika/pipes/fetcher/fs/FileSystemFetcherFactory.java,org.apache.tika.pipes.fetcher.fs.FileSystemFetcherFactory,FileSystemFetcherFactory,19083,unit
tika,697d7c047daf1f661a4ed067bbc8f9c58bb6faa2,1,2026-01-07T07:46:39.000,0.0,false,INTERFACE,15,3,0.0,false,18,0,4.5736984211287206E-4,0,INTERFACE,/data/tika/tika-core/src/main/java/org/apache/tika/metadata/OfficeOpenXMLCore.java,tika-core/src/main/java/org/apache/tika/metadata/OfficeOpenXMLCore.java,org.apache.tika.metadata.OfficeOpenXMLCore,OfficeOpenXMLCore,2700,unit
tika,697d7c047daf1f661a4ed067bbc8f9c58bb6faa2,1,2026-01-07T07:46:39.000,0.0,false,CONCRETE_CLASS,2,13,0.0,false,74,0,2.3704794256370303E-4,0,CONCRETE_CLASS,/data/tika/tika-pipes/tika-pipes-plugins/tika-pipes-file-system/src/main/java/org/apache/tika/pipes/fetcher/fs/FileSystemFetcher.java,tika-pipes/tika-pipes-plugins/tika-pipes-file-system/src/main/java/org/apache/tika/pipes/fetcher/fs/FileSystemFetcher.java,org.apache.tika.pipes.fetcher.fs.FileSystemFetcher,FileSystemFetcher,19091,unit
tika,697d7c047daf1f661a4ed067bbc8f9c58bb6faa2,1,2026-01-07T07:46:39.000,0.0,false,CONCRETE_CLASS,2,0,0.0,false,15,0,3.041265557602157E-4,0,CONCRETE_CLASS,/data/tika/tika-serialization/src/main/java/org/apache/tika/config/loader/JsonMergeUtils.java,tika-serialization/src/main/java/org/apache/tika/config/loader/JsonMergeUtils.java,org.apache.tika.config.loader.JsonMergeUtils,JsonMergeUtils,23187,unit
tika,697d7c047daf1f661a4ed067bbc8f9c58bb6faa2,1,2026-01-07T07:46:39.000,0.0,false,INTERFACE,38,3,0.0,false,57,0,0.0032912821524325657,0,INTERFACE,/data/tika/tika-core/src/main/java/org/apache/tika/metadata/Office.java,tika-core/src/main/java/org/apache/tika/metadata/Office.java,org.apache.tika.metadata.Office,Office,2708,unit
tika,697d7c047daf1f661a4ed067bbc8f9c58bb6faa2,1,2026-01-07T07:46:39.000,0.0,false,INTERFACE,6,1,0.0,false,4,0,2.7566002606482565E-4,0,INTERFACE,/data/tika/tika-core/src/main/java/org/apache/tika/metadata/TikaPagedText.java,tika-core/src/main/java/org/apache/tika/metadata/TikaPagedText.java,org.apache.tika.metadata.TikaPagedText,TikaPagedText,6806,unit
tika,697d7c047daf1f661a4ed067bbc8f9c58bb6faa2,1,2026-01-07T07:46:39.000,0.0,false,CONCRETE_CLASS,1,4,0.0,false,24,0,2.2481645575113325E-4,0,CONCRETE_CLASS,/data/tika/tika-core/src/main/java/org/apache/tika/parser/external/ExternalParsersFactory.java,tika-core/src/main/java/org/apache/tika/parser/external/ExternalParsersFactory.java,org.apache.tika.parser.external.ExternalParsersFactory,ExternalParsersFactory,10903,unit
tika,697d7c047daf1f661a4ed067bbc8f9c58bb6faa2,1,2026-01-07T07:46:39.000,0.0,false,CONCRETE_CLASS,2,6,0.0,false,82,0,2.322740543868579E-4,0,CONCRETE_CLASS,/data/tika/tika-parsers/tika-parsers-standard/tika-parsers-standard-modules/tika-parser-audiovideo-module/src/main/java/org/apache/tika/detect/ogg/OggDetector.java,tika-parsers/tika-parsers-standard/tika-parsers-standard-modules/tika-parser-audiovideo-module/src/main/java/org/apache/tika/detect/ogg/OggDetector.java,org.apache.tika.detect.ogg.OggDetector,OggDetector,15001,unit
tika,697d7c047daf1f661a4ed067bbc8f9c58bb6faa2,1,2026-01-07T07:46:39.000,0.0,false,CONCRETE_CLASS,5,1,0.0,false,16,0,2.3589055627276957E-4,0,CONCRETE_CLASS,/data/tika/tika-core/src/main/java/org/apache/tika/renderer/PageRangeRequest.java,tika-core/src/main/java/org/apache/tika/renderer/PageRangeRequest.java,org.apache.tika.renderer.PageRangeRequest,PageRangeRequest,6814,unit
tika,697d7c047daf1f661a4ed067bbc8f9c58bb6faa2,1,2026-01-07T07:46:39.000,0.0,false,CONCRETE_CLASS,0,1,0.0,false,9,0,1.8787557434076361E-4,0,CONCRETE_CLASS,/data/tika/tika-serialization/src/main/java/org/apache/tika/serialization/PrettyMetadataKeyComparator.java,tika-serialization/src/main/java/org/apache/tika/serialization/PrettyMetadataKeyComparator.java,org.apache.tika.serialization.PrettyMetadataKeyComparator,PrettyMetadataKeyComparator,23198,unit
tika,697d7c047daf1f661a4ed067bbc8f9c58bb6faa2,1,2026-01-07T07:46:39.000,0.0,false,CONCRETE_CLASS,23,0,0.0,false,46,0,5.898063743159374E-4,0,CONCRETE_CLASS,/data/tika/tika-parsers/tika-parsers-standard/tika-parsers-standard-modules/tika-parser-microsoft-module/src/main/java/org/apache/tika/parser/microsoft/OfficeParserConfig.java,tika-parsers/tika-parsers-standard/tika-parsers-standard-modules/tika-parser-microsoft-module/src/main/java/org/apache/tika/parser/microsoft/OfficeParserConfig.java,org.apache.tika.parser.microsoft.OfficeParserConfig,OfficeParserConfig,2722,unit
tika,697d7c047daf1f661a4ed067bbc8f9c58bb6faa2,1,2026-01-07T07:46:39.000,0.0,false,CONCRETE_CLASS,3,4,0.0,false,16,0,2.100480081026706E-4,0,CONCRETE_CLASS,/data/tika/tika-core/src/main/java/org/apache/tika/renderer/PageBasedRenderResults.java,tika-core/src/main/java/org/apache/tika/renderer/PageBasedRenderResults.java,org.apache.tika.renderer.PageBasedRenderResults,PageBasedRenderResults,6822,unit
tika,697d7c047daf1f661a4ed067bbc8f9c58bb6faa2,1,2026-01-07T07:46:39.000,0.0,false,CONCRETE_CLASS,1,9,0.0,false,44,0,1.9426895546740118E-4,0,CONCRETE_CLASS,/data/tika/tika-parsers/tika-parsers-standard/tika-parsers-standard-modules/tika-parser-audiovideo-module/src/main/java/org/apache/tika/parser/ogg/VorbisParser.java,tika-parsers/tika-parsers-standard/tika-parsers-standard-modules/tika-parser-audiovideo-module/src/main/java/org/apache/tika/parser/ogg/VorbisParser.java,org.apache.tika.parser.ogg.VorbisParser,VorbisParser,15014,unit
tika,697d7c047daf1f661a4ed067bbc8f9c58bb6faa2,1,2026-01-07T07:46:39.000,0.0,false,CONCRETE_CLASS,0,7,0.0,false,128,0,1.8787557434076361E-4,0,CONCRETE_CLASS,/data/tika/tika-serialization/src/test/java/org/apache/tika/serialization/RoundTripSerializationTest.java,tika-serialization/src/test/java/org/apache/tika/serialization/RoundTripSerializationTest.java,org.apache.tika.serialization.RoundTripSerializationTest,RoundTripSerializationTest,23208,unit
tika,697d7c047daf1f661a4ed067bbc8f9c58bb6faa2,1,2026-01-07T07:46:39.000,0.0,false,CONCRETE_CLASS,0,0,0.0,false,16,0,1.8787557434076361E-4,0,CONCRETE_CLASS,/data/tika/tika-pipes/tika-pipes-plugins/tika-pipes-atlassian-jwt/src/main/java/org/apache/tika/pipes/plugin/atlassianjwt/AtlassianJwtPipesPlugin.java,tika-pipes/tika-pipes-plugins/tika-pipes-atlassian-jwt/src/main/java/org/apache/tika/pipes/plugin/atlassianjwt/AtlassianJwtPipesPlugin.java,org.apache.tika.pipes.plugin.atlassianjwt.AtlassianJwtPipesPlugin,AtlassianJwtPipesPlugin,27304,unit
tika,697d7c047daf1f661a4ed067bbc8f9c58bb6faa2,1,2026-01-07T07:46:39.000,0.0,false,INTERFACE,1,1,0.0,false,4,0,1.957594746686201E-4,0,INTERFACE,/data/tika/tika-core/src/main/java/org/apache/tika/metadata/Rendering.java,tika-core/src/main/java/org/apache/tika/metadata/Rendering.java,org.apache.tika.metadata.Rendering,Rendering,6830,unit
tika,697d7c047daf1f661a4ed067bbc8f9c58bb6faa2,1,2026-01-07T07:46:39.000,0.0,false,INTERFACE,1,1,0.0,false,5,0,2.0338921803530314E-4,0,INTERFACE,/data/tika/tika-core/src/main/java/org/apache/tika/metadata/FileSystem.java,tika-core/src/main/java/org/apache/tika/metadata/FileSystem.java,org.apache.tika.metadata.FileSystem,FileSystem,19119,unit
tika,697d7c047daf1f661a4ed067bbc8f9c58bb6faa2,1,2026-01-07T07:46:39.000,0.0,false,CONCRETE_CLASS,2,6,0.0,false,60,0,2.3823160491400906E-4,0,CONCRETE_CLASS,/data/tika/tika-parsers/tika-parsers-standard/tika-parsers-standard-modules/tika-parser-microsoft-module/src/main/java/org/apache/tika/parser/microsoft/ooxml/xwpf/ml2006/CorePropertiesHandler.java,tika-parsers/tika-parsers-standard/tika-parsers-standard-modules/tika-parser-microsoft-module/src/main/java/org/apache/tika/parser/microsoft/ooxml/xwpf/ml2006/CorePropertiesHandler.java,org.apache.tika.parser.microsoft.ooxml.xwpf.ml2006.CorePropertiesHandler,CorePropertiesHandler,2736,unit
tika,697d7c047daf1f661a4ed067bbc8f9c58bb6faa2,1,2026-01-07T07:46:39.000,0.0,false,CONCRETE_CLASS,2,5,0.0,false,11,0,2.1710245949110683E-4,0,CONCRETE_CLASS,/data/tika/tika-core/src/main/java/org/apache/tika/parser/external/CompositeExternalParser.java,tika-core/src/main/java/org/apache/tika/parser/external/CompositeExternalParser.java,org.apache.tika.parser.external.CompositeExternalParser,CompositeExternalParser,10932,unit
tika,697d7c047daf1f661a4ed067bbc8f9c58bb6faa2,1,2026-01-07T07:46:39.000,0.0,false,INTERFACE,2,1,0.0,false,2,0,2.0116831209345177E-4,0,INTERFACE,/data/tika/tika-parsers/tika-parsers-standard/tika-parsers-standard-modules/tika-parser-pdf-module/src/main/java/org/apache/tika/renderer/pdf/pdfbox/PDDocumentRenderer.java,tika-parsers/tika-parsers-standard/tika-parsers-standard-modules/tika-parser-pdf-module/src/main/java/org/apache/tika/renderer/pdf/pdfbox/PDDocumentRenderer.java,org.apache.tika.renderer.pdf.pdfbox.PDDocumentRenderer,PDDocumentRenderer,6838,unit
tika,697d7c047daf1f661a4ed067bbc8f9c58bb6faa2,1,2026-01-07T07:46:39.000,0.0,false,CONCRETE_CLASS,0,1,0.0,false,204,0,1.8787557434076361E-4,0,CONCRETE_CLASS,/data/tika/tika-serialization/src/test/java/org/apache/tika/config/JsonConfigHelperTest.java,tika-serialization/src/test/java/org/apache/tika/config/JsonConfigHelperTest.java,org.apache.tika.config.JsonConfigHelperTest,JsonConfigHelperTest,27319,unit
tika,697d7c047daf1f661a4ed067bbc8f9c58bb6faa2,1,2026-01-07T07:46:39.000,0.0,false,CONCRETE_CLASS,0,1,0.0,false,4,0,1.8787557434076361E-4,0,CONCRETE_CLASS,/data/tika/tika-serialization/src/main/java/org/apache/tika/serialization/TikaSerializationException.java,tika-serialization/src/main/java/org/apache/tika/serialization/TikaSerializationException.java,org.apache.tika.serialization.TikaSerializationException,TikaSerializationException,23224,unit
tika,697d7c047daf1f661a4ed067bbc8f9c58bb6faa2,1,2026-01-07T07:46:39.000,0.0,false,CONCRETE_CLASS,1,5,0.0,false,32,0,2.0359019498424275E-4,0,CONCRETE_CLASS,/data/tika/tika-parsers/tika-parsers-standard/tika-parsers-standard-modules/tika-parser-microsoft-module/src/main/java/org/apache/tika/parser/microsoft/ooxml/xwpf/ml2006/ExtendedPropertiesHandler.java,tika-parsers/tika-parsers-standard/tika-parsers-standard-modules/tika-parser-microsoft-module/src/main/java/org/apache/tika/parser/microsoft/ooxml/xwpf/ml2006/ExtendedPropertiesHandler.java,org.apache.tika.parser.microsoft.ooxml.xwpf.ml2006.ExtendedPropertiesHandler,ExtendedPropertiesHandler,2753,unit
tika,697d7c047daf1f661a4ed067bbc8f9c58bb6faa2,1,2026-01-07T07:46:39.000,0.0,false,CONCRETE_CLASS,3,1,0.0,false,21,0,3.07188527978225E-4,0,CONCRETE_CLASS,/data/tika/tika-pipes/tika-pipes-plugins/tika-pipes-microsoft-graph/src/main/java/org/apache/tika/pipes/fetchers/microsoftgraph/config/ClientCertificateCredentialsConfig.java,tika-pipes/tika-pipes-plugins/tika-pipes-microsoft-graph/src/main/java/org/apache/tika/pipes/fetchers/microsoftgraph/config/ClientCertificateCredentialsConfig.java,org.apache.tika.pipes.fetchers.microsoftgraph.config.ClientCertificateCredentialsConfig,ClientCertificateCredentialsConfig,15041,unit
tika,697d7c047daf1f661a4ed067bbc8f9c58bb6faa2,1,2026-01-07T07:46:39.000,0.0,false,CONCRETE_CLASS,0,7,0.0,false,62,0,1.8787557434076361E-4,0,CONCRETE_CLASS,/data/tika/tika-pipes/tika-pipes-plugins/tika-pipes-file-system/src/test/java/org/apache/tika/pipes/fetcher/fs/FileSystemFetcherTest.java,tika-pipes/tika-pipes-plugins/tika-pipes-file-system/src/test/java/org/apache/tika/pipes/fetcher/fs/FileSystemFetcherTest.java,org.apache.tika.pipes.fetcher.fs.FileSystemFetcherTest,FileSystemFetcherTest,19137,unit
tika,697d7c047daf1f661a4ed067bbc8f9c58bb6faa2,1,2026-01-07T07:46:39.000,0.0,false,CONCRETE_CLASS,3,0,0.0,false,3,0,2.100480081026706E-4,0,CONCRETE_CLASS,/data/tika/tika-core/src/main/java/org/apache/tika/renderer/RenderingTracker.java,tika-core/src/main/java/org/apache/tika/renderer/RenderingTracker.java,org.apache.tika.renderer.RenderingTracker,RenderingTracker,6850,unit
tika,697d7c047daf1f661a4ed067bbc8f9c58bb6faa2,1,2026-01-07T07:46:39.000,0.0,false,CONCRETE_CLASS,0,3,0.0,false,27,0,1.8787557434076361E-4,0,CONCRETE_CLASS,/data/tika/tika-core/src/main/java/org/apache/tika/config/TikaActivator.java,tika-core/src/main/java/org/apache/tika/config/TikaActivator.java,org.apache.tika.config.TikaActivator,TikaActivator,27332,unit
tika,697d7c047daf1f661a4ed067bbc8f9c58bb6faa2,1,2026-01-07T07:46:39.000,0.0,false,INTERFACE,2,0,0.0,false,5,0,6.834052598831191E-4,0,INTERFACE,/data/tika/tika-pipes/tika-pipes-plugins/tika-pipes-microsoft-graph/src/main/java/org/apache/tika/pipes/fetchers/microsoftgraph/config/AadCredentialConfigBase.java,tika-pipes/tika-pipes-plugins/tika-pipes-microsoft-graph/src/main/java/org/apache/tika/pipes/fetchers/microsoftgraph/config/AadCredentialConfigBase.java,org.apache.tika.pipes.fetchers.microsoftgraph.config.AadCredentialConfigBase,AadCredentialConfigBase,15047,unit
tika,697d7c047daf1f661a4ed067bbc8f9c58bb6faa2,1,2026-01-07T07:46:39.000,0.0,false,INTERFACE,6,0,0.0,false,1,0,5.413030525153005E-4,0,INTERFACE,/data/tika/tika-core/src/main/java/org/apache/tika/renderer/RenderRequest.java,tika-core/src/main/java/org/apache/tika/renderer/RenderRequest.java,org.apache.tika.renderer.RenderRequest,RenderRequest,6858,unit
tika,697d7c047daf1f661a4ed067bbc8f9c58bb6faa2,1,2026-01-07T07:46:39.000,0.0,false,CONCRETE_CLASS,0,16,0.0,false,181,0,1.8787557434076361E-4,0,CONCRETE_CLASS,/data/tika/tika-bundles/tika-bundle-standard/src/test/java/org/apache/tika/bundle/BundleIT.java,tika-bundles/tika-bundle-standard/src/test/java/org/apache/tika/bundle/BundleIT.java,org.apache.tika.bundle.BundleIT,BundleIT,10955,unit
tika,697d7c047daf1f661a4ed067bbc8f9c58bb6faa2,1,2026-01-07T07:46:39.000,0.0,false,CONCRETE_CLASS,1,3,0.0,false,12,0,2.1264431456853114E-4,0,CONCRETE_CLASS,/data/tika/tika-serialization/src/main/java/org/apache/tika/serialization/serdes/DefaultDetectorSerializer.java,tika-serialization/src/main/java/org/apache/tika/serialization/serdes/DefaultDetectorSerializer.java,org.apache.tika.serialization.serdes.DefaultDetectorSerializer,DefaultDetectorSerializer,23246,unit
tika,697d7c047daf1f661a4ed067bbc8f9c58bb6faa2,1,2026-01-07T07:46:39.000,0.0,false,CONCRETE_CLASS,1,0,0.0,false,22,0,2.426984582803236E-4,0,CONCRETE_CLASS,/data/tika/tika-serialization/src/main/java/org/apache/tika/config/GlobalSettings.java,tika-serialization/src/main/java/org/apache/tika/config/GlobalSettings.java,org.apache.tika.config.GlobalSettings,GlobalSettings,27344,unit
tika,697d7c047daf1f661a4ed067bbc8f9c58bb6faa2,1,2026-01-07T07:46:39.000,0.0,false,CONCRETE_CLASS,1,0,0.0,false,12,0,4.5583314451871535E-4,0,CONCRETE_CLASS,/data/tika/tika-parsers/tika-parsers-standard/tika-parsers-standard-modules/tika-parser-microsoft-module/src/main/java/org/apache/tika/parser/microsoft/ooxml/xwpf/ml2006/Relationship.java,tika-parsers/tika-parsers-standard/tika-parsers-standard-modules/tika-parser-microsoft-module/src/main/java/org/apache/tika/parser/microsoft/ooxml/xwpf/ml2006/Relationship.java,org.apache.tika.parser.microsoft.ooxml.xwpf.ml2006.Relationship,Relationship,2769,unit
tika,697d7c047daf1f661a4ed067bbc8f9c58bb6faa2,1,2026-01-07T07:46:39.000,0.0,false,CONCRETE_CLASS,7,3,0.0,false,33,0,4.7609793037029055E-4,0,CONCRETE_CLASS,/data/tika/tika-core/src/main/java/org/apache/tika/renderer/RenderResult.java,tika-core/src/main/java/org/apache/tika/renderer/RenderResult.java,org.apache.tika.renderer.RenderResult,RenderResult,6868,unit
tika,697d7c047daf1f661a4ed067bbc8f9c58bb6faa2,1,2026-01-07T07:46:39.000,0.0,false,CONCRETE_CLASS,2,1,0.0,false,17,0,2.7522162234503713E-4,0,CONCRETE_CLASS,/data/tika/tika-pipes/tika-pipes-plugins/tika-pipes-microsoft-graph/src/main/java/org/apache/tika/pipes/fetchers/microsoftgraph/config/ClientSecretCredentialsConfig.java,tika-pipes/tika-pipes-plugins/tika-pipes-microsoft-graph/src/main/java/org/apache/tika/pipes/fetchers/microsoftgraph/config/ClientSecretCredentialsConfig.java,org.apache.tika.pipes.fetchers.microsoftgraph.config.ClientSecretCredentialsConfig,ClientSecretCredentialsConfig,15060,unit
tika,697d7c047daf1f661a4ed067bbc8f9c58bb6faa2,1,2026-01-07T07:46:39.000,0.0,false,CONCRETE_CLASS,0,5,0.0,false,14,0,1.8787557434076361E-4,0,CONCRETE_CLASS,/data/tika/tika-pipes/tika-pipes-config-store-ignite/src/main/java/org/apache/tika/pipes/ignite/IgniteConfigStoreFactory.java,tika-pipes/tika-pipes-config-store-ignite/src/main/java/org/apache/tika/pipes/ignite/IgniteConfigStoreFactory.java,org.apache.tika.pipes.ignite.IgniteConfigStoreFactory,IgniteConfigStoreFactory,19160,unit
tika,697d7c047daf1f661a4ed067bbc8f9c58bb6faa2,1,2026-01-07T07:46:39.000,0.0,false,CONCRETE_CLASS,12,3,0.0,false,125,0,4.184116743544626E-4,0,CONCRETE_CLASS,/data/tika/tika-parsers/tika-parsers-standard/tika-parsers-standard-modules/tika-parser-pdf-module/src/main/java/org/apache/tika/parser/pdf/PDFParserConfig.java,tika-parsers/tika-parsers-standard/tika-parsers-standard-modules/tika-parser-pdf-module/src/main/java/org/apache/tika/parser/pdf/PDFParserConfig.java,org.apache.tika.parser.pdf.PDFParserConfig,PDFParserConfig,6876,unit
tika,697d7c047daf1f661a4ed067bbc8f9c58bb6faa2,1,2026-01-07T07:46:39.000,0.0,false,CONCRETE_CLASS,1,3,0.0,false,12,0,2.1264431456853114E-4,0,CONCRETE_CLASS,/data/tika/tika-serialization/src/main/java/org/apache/tika/serialization/serdes/DefaultParserSerializer.java,tika-serialization/src/main/java/org/apache/tika/serialization/serdes/DefaultParserSerializer.java,org.apache.tika.serialization.serdes.DefaultParserSerializer,DefaultParserSerializer,23263,unit
tika,697d7c047daf1f661a4ed067bbc8f9c58bb6faa2,1,2026-01-07T07:46:39.000,0.0,false,CONCRETE_CLASS,2,5,0.0,false,87,0,2.9975974405692125E-4,0,CONCRETE_CLASS,/data/tika/tika-pipes/tika-pipes-config-store-ignite/src/main/java/org/apache/tika/pipes/ignite/IgniteConfigStore.java,tika-pipes/tika-pipes-config-store-ignite/src/main/java/org/apache/tika/pipes/ignite/IgniteConfigStore.java,org.apache.tika.pipes.ignite.IgniteConfigStore,IgniteConfigStore,19169,unit
tika,697d7c047daf1f661a4ed067bbc8f9c58bb6faa2,1,2026-01-07T07:46:39.000,0.0,false,CONCRETE_CLASS,0,19,0.0,false,161,0,1.8787557434076361E-4,0,CONCRETE_CLASS,/data/tika/tika-parsers/tika-parsers-standard/tika-parsers-standard-package/src/test/java/org/apache/tika/config/TikaEncodingDetectorTest.java,tika-parsers/tika-parsers-standard/tika-parsers-standard-package/src/test/java/org/apache/tika/config/TikaEncodingDetectorTest.java,org.apache.tika.config.TikaEncodingDetectorTest,TikaEncodingDetectorTest,27362,unit
tika,697d7c047daf1f661a4ed067bbc8f9c58bb6faa2,1,2026-01-07T07:46:39.000,0.0,false,CONCRETE_CLASS,2,3,0.0,false,33,0,2.3931860617657557E-4,0,CONCRETE_CLASS,/data/tika/tika-pipes/tika-pipes-plugins/tika-pipes-microsoft-graph/src/main/java/org/apache/tika/pipes/fetchers/microsoftgraph/config/MicrosoftGraphFetcherConfig.java,tika-pipes/tika-pipes-plugins/tika-pipes-microsoft-graph/src/main/java/org/apache/tika/pipes/fetchers/microsoftgraph/config/MicrosoftGraphFetcherConfig.java,org.apache.tika.pipes.fetchers.microsoftgraph.config.MicrosoftGraphFetcherConfig,MicrosoftGraphFetcherConfig,15075,unit
tika,697d7c047daf1f661a4ed067bbc8f9c58bb6faa2,1,2026-01-07T07:46:39.000,0.0,false,CONCRETE_CLASS,1,7,0.0,false,23,0,2.0359019498424275E-4,0,CONCRETE_CLASS,/data/tika/tika-parsers/tika-parsers-standard/tika-parsers-standard-modules/tika-parser-microsoft-module/src/main/java/org/apache/tika/parser/microsoft/ooxml/xwpf/ml2006/WordAndPowerPointTextPartHandler.java,tika-parsers/tika-parsers-standard/tika-parsers-standard-modules/tika-parser-microsoft-module/src/main/java/org/apache/tika/parser/microsoft/ooxml/xwpf/ml2006/WordAndPowerPointTextPartHandler.java,org.apache.tika.parser.microsoft.ooxml.xwpf.ml2006.WordAndPowerPointTextPartHandler,WordAndPowerPointTextPartHandler,2788,unit
tika,697d7c047daf1f661a4ed067bbc8f9c58bb6faa2,1,2026-01-07T07:46:39.000,0.0,false,CONCRETE_CLASS,1,1,0.0,false,25,0,2.1264431456853114E-4,0,CONCRETE_CLASS,/data/tika/tika-serialization/src/main/java/org/apache/tika/serialization/serdes/MetadataDeserializer.java,tika-serialization/src/main/java/org/apache/tika/serialization/serdes/MetadataDeserializer.java,org.apache.tika.serialization.serdes.MetadataDeserializer,MetadataDeserializer,23272,unit
tika,697d7c047daf1f661a4ed067bbc8f9c58bb6faa2,1,2026-01-07T07:46:39.000,0.0,false,CONCRETE_CLASS,1,0,0.0,false,21,0,1.9328441176559525E-4,0,CONCRETE_CLASS,/data/tika/tika-parsers/tika-parsers-standard/tika-parsers-standard-modules/tika-parser-pdf-module/src/main/java/org/apache/tika/renderer/pdf/pdfbox/NoTextPDFRenderer.java,tika-parsers/tika-parsers-standard/tika-parsers-standard-modules/tika-parser-pdf-module/src/main/java/org/apache/tika/renderer/pdf/pdfbox/NoTextPDFRenderer.java,org.apache.tika.renderer.pdf.pdfbox.NoTextPDFRenderer,NoTextPDFRenderer,6889,unit
tika,697d7c047daf1f661a4ed067bbc8f9c58bb6faa2,1,2026-01-07T07:46:39.000,0.0,false,CONCRETE_CLASS,0,3,0.0,false,24,0,1.8787557434076361E-4,0,CONCRETE_CLASS,/data/tika/tika-parsers/tika-parsers-standard/tika-parsers-standard-modules/tika-parser-miscoffice-module/src/test/java/org/apache/tika/parser/ibooks/iBooksParserTest.java,tika-parsers/tika-parsers-standard/tika-parsers-standard-modules/tika-parser-miscoffice-module/src/test/java/org/apache/tika/parser/ibooks/iBooksParserTest.java,org.apache.tika.parser.ibooks.iBooksParserTest,iBooksParserTest,10987,unit
tika,697d7c047daf1f661a4ed067bbc8f9c58bb6faa2,1,2026-01-07T07:46:39.000,0.0,false,CONCRETE_CLASS,0,0,0.0,false,13,0,1.8787557434076361E-4,0,CONCRETE_CLASS,/data/tika/tika-pipes/tika-pipes-plugins/tika-pipes-microsoft-graph/src/main/java/org/apache/tika/pipes/fetchers/microsoftgraph/config/Client2CertificateCredentialsConfig.java,tika-pipes/tika-pipes-plugins/tika-pipes-microsoft-graph/src/main/java/org/apache/tika/pipes/fetchers/microsoftgraph/config/Client2CertificateCredentialsConfig.java,org.apache.tika.pipes.fetchers.microsoftgraph.config.Client2CertificateCredentialsConfig,Client2CertificateCredentialsConfig,15087,unit
tika,697d7c047daf1f661a4ed067bbc8f9c58bb6faa2,1,2026-01-07T07:46:39.000,0.0,false,INTERFACE,14,8,0.0,false,20,0,8.964879277047658E-4,0,INTERFACE,/data/tika/tika-core/src/main/java/org/apache/tika/renderer/Renderer.java,tika-core/src/main/java/org/apache/tika/renderer/Renderer.java,org.apache.tika.renderer.Renderer,Renderer,6898,unit
tika,697d7c047daf1f661a4ed067bbc8f9c58bb6faa2,1,2026-01-07T07:46:39.000,0.0,false,CONCRETE_CLASS,2,1,0.0,false,20,0,4.062458040686869E-4,0,CONCRETE_CLASS,/data/tika/tika-pipes/tika-pipes-config-store-ignite/src/main/java/org/apache/tika/pipes/ignite/ExtensionConfigDTO.java,tika-pipes/tika-pipes-config-store-ignite/src/main/java/org/apache/tika/pipes/ignite/ExtensionConfigDTO.java,org.apache.tika.pipes.ignite.ExtensionConfigDTO,ExtensionConfigDTO,19187,unit
tika,697d7c047daf1f661a4ed067bbc8f9c58bb6faa2,1,2026-01-07T07:46:39.000,0.0,false,CONCRETE_CLASS,6,7,0.0,false,157,0,2.752256436194091E-4,0,CONCRETE_CLASS,/data/tika/tika-parsers/tika-parsers-standard/tika-parsers-standard-modules/tika-parser-microsoft-module/src/main/java/org/apache/tika/parser/microsoft/ooxml/OOXMLTikaBodyPartHandler.java,tika-parsers/tika-parsers-standard/tika-parsers-standard-modules/tika-parser-microsoft-module/src/main/java/org/apache/tika/parser/microsoft/ooxml/OOXMLTikaBodyPartHandler.java,org.apache.tika.parser.microsoft.ooxml.OOXMLTikaBodyPartHandler,OOXMLTikaBodyPartHandler,2807,unit
tika,697d7c047daf1f661a4ed067bbc8f9c58bb6faa2,1,2026-01-07T07:46:39.000,0.0,false,CONCRETE_CLASS,0,2,0.0,false,20,0,1.8787557434076361E-4,0,CONCRETE_CLASS,/data/tika/tika-core/src/test/java/org/apache/tika/parser/mock/VowelParser.java,tika-core/src/test/java/org/apache/tika/parser/mock/VowelParser.java,org.apache.tika.parser.mock.VowelParser,VowelParser,15103,unit
tika,697d7c047daf1f661a4ed067bbc8f9c58bb6faa2,1,2026-01-07T07:46:39.000,0.0,false,CONCRETE_CLASS,1,2,0.0,false,23,0,2.2438378669691484E-4,0,CONCRETE_CLASS,/data/tika/tika-pipes/tika-pipes-plugins/tika-pipes-jdbc/src/main/java/org/apache/tika/pipes/reporter/jdbc/JDBCPipesReporterConfig.java,tika-pipes/tika-pipes-plugins/tika-pipes-jdbc/src/main/java/org/apache/tika/pipes/reporter/jdbc/JDBCPipesReporterConfig.java,org.apache.tika.pipes.reporter.jdbc.JDBCPipesReporterConfig,JDBCPipesReporterConfig,11008,unit
tika,697d7c047daf1f661a4ed067bbc8f9c58bb6faa2,1,2026-01-07T07:46:39.000,0.0,false,CONCRETE_CLASS,0,2,0.0,false,42,0,1.8787557434076361E-4,0,CONCRETE_CLASS,/data/tika/tika-core/src/test/java/org/apache/tika/config/ParseContextConfigTest.java,tika-core/src/test/java/org/apache/tika/config/ParseContextConfigTest.java,org.apache.tika.config.ParseContextConfigTest,ParseContextConfigTest,27392,unit
tika,697d7c047daf1f661a4ed067bbc8f9c58bb6faa2,1,2026-01-07T07:46:39.000,0.0,false,CONCRETE_CLASS,8,3,0.0,false,269,0,3.454432117406006E-4,0,CONCRETE_CLASS,/data/tika/tika-parsers/tika-parsers-standard/tika-parsers-standard-modules/tika-parser-microsoft-module/src/main/java/org/apache/tika/parser/microsoft/ooxml/OOXMLWordAndPowerPointTextHandler.java,tika-parsers/tika-parsers-standard/tika-parsers-standard-modules/tika-parser-microsoft-module/src/main/java/org/apache/tika/parser/microsoft/ooxml/OOXMLWordAndPowerPointTextHandler.java,org.apache.tika.parser.microsoft.ooxml.OOXMLWordAndPowerPointTextHandler,OOXMLWordAndPowerPointTextHandler,2817,unit
tika,697d7c047daf1f661a4ed067bbc8f9c58bb6faa2,1,2026-01-07T07:46:39.000,0.0,false,CONCRETE_CLASS,0,2,0.0,false,118,0,1.8787557434076361E-4,0,CONCRETE_CLASS,/data/tika/tika-pipes/tika-pipes-config-store-ignite/src/test/java/org/apache/tika/pipes/ignite/IgniteConfigStoreTest.java,tika-pipes/tika-pipes-config-store-ignite/src/test/java/org/apache/tika/pipes/ignite/IgniteConfigStoreTest.java,org.apache.tika.pipes.ignite.IgniteConfigStoreTest,IgniteConfigStoreTest,19204,unit
tika,697d7c047daf1f661a4ed067bbc8f9c58bb6faa2,1,2026-01-07T07:46:39.000,0.0,false,INTERFACE,8,3,0.0,false,6,0,0.0011539871245360926,0,INTERFACE,/data/tika/tika-plugins-core/src/main/java/org/apache/tika/plugins/TikaExtensionFactory.java,tika-plugins-core/src/main/java/org/apache/tika/plugins/TikaExtensionFactory.java,org.apache.tika.plugins.TikaExtensionFactory,TikaExtensionFactory,6918,unit
tika,697d7c047daf1f661a4ed067bbc8f9c58bb6faa2,1,2026-01-07T07:46:39.000,0.0,false,CONCRETE_CLASS,3,8,0.0,false,149,0,3.4326585605086506E-4,0,CONCRETE_CLASS,/data/tika/tika-pipes/tika-pipes-plugins/tika-pipes-jdbc/src/main/java/org/apache/tika/pipes/reporter/jdbc/JDBCPipesReporter.java,tika-pipes/tika-pipes-plugins/tika-pipes-jdbc/src/main/java/org/apache/tika/pipes/reporter/jdbc/JDBCPipesReporter.java,org.apache.tika.pipes.reporter.jdbc.JDBCPipesReporter,JDBCPipesReporter,11015,unit
tika,697d7c047daf1f661a4ed067bbc8f9c58bb6faa2,1,2026-01-07T07:46:39.000,0.0,false,CONCRETE_CLASS,0,3,0.0,false,27,0,1.8787557434076361E-4,0,CONCRETE_CLASS,/data/tika/tika-parsers/tika-parsers-standard/tika-parsers-standard-package/src/test/java/org/apache/tika/config/TikaTranslatorConfigTest.java,tika-parsers/tika-parsers-standard/tika-parsers-standard-package/src/test/java/org/apache/tika/config/TikaTranslatorConfigTest.java,org.apache.tika.config.TikaTranslatorConfigTest,TikaTranslatorConfigTest,27406,unit
tika,697d7c047daf1f661a4ed067bbc8f9c58bb6faa2,1,2026-01-07T07:46:39.000,0.0,false,CONCRETE_CLASS,0,6,0.0,false,41,0,1.8787557434076361E-4,0,CONCRETE_CLASS,/data/tika/tika-parsers/tika-parsers-standard/tika-parsers-standard-modules/tika-parser-pkg-module/src/main/java/org/apache/tika/detect/gzip/GZipSpecializationDetector.java,tika-parsers/tika-parsers-standard/tika-parsers-standard-modules/tika-parser-pkg-module/src/main/java/org/apache/tika/detect/gzip/GZipSpecializationDetector.java,org.apache.tika.detect.gzip.GZipSpecializationDetector,GZipSpecializationDetector,23313,unit
tika,697d7c047daf1f661a4ed067bbc8f9c58bb6faa2,1,2026-01-07T07:46:39.000,0.0,false,CONCRETE_CLASS,0,4,0.0,false,12,0,1.8787557434076361E-4,0,CONCRETE_CLASS,/data/tika/tika-pipes/tika-pipes-plugins/tika-pipes-jdbc/src/main/java/org/apache/tika/pipes/reporter/jdbc/JDBCPipesReporterFactory.java,tika-pipes/tika-pipes-plugins/tika-pipes-jdbc/src/main/java/org/apache/tika/pipes/reporter/jdbc/JDBCPipesReporterFactory.java,org.apache.tika.pipes.reporter.jdbc.JDBCPipesReporterFactory,JDBCPipesReporterFactory,11026,unit
tika,697d7c047daf1f661a4ed067bbc8f9c58bb6faa2,1,2026-01-07T07:46:39.000,0.0,false,CONCRETE_CLASS,2,6,0.0,false,28,0,2.8111238243756163E-4,0,CONCRETE_CLASS,/data/tika/tika-pipes/tika-pipes-plugins/tika-pipes-json/src/main/java/org/apache/tika/pipes/pipesiterator/json/JsonPipesIterator.java,tika-pipes/tika-pipes-plugins/tika-pipes-json/src/main/java/org/apache/tika/pipes/pipesiterator/json/JsonPipesIterator.java,org.apache.tika.pipes.pipesiterator.json.JsonPipesIterator,JsonPipesIterator,2835,unit
tika,697d7c047daf1f661a4ed067bbc8f9c58bb6faa2,1,2026-01-07T07:46:39.000,0.0,false,INTERFACE,4,2,0.0,false,2,0,3.3601461152171037E-4,0,INTERFACE,/data/tika/tika-pipes/tika-pipes-api/src/main/java/org/apache/tika/pipes/api/reporter/PipesReporterFactory.java,tika-pipes/tika-pipes-api/src/main/java/org/apache/tika/pipes/api/reporter/PipesReporterFactory.java,org.apache.tika.pipes.api.reporter.PipesReporterFactory,PipesReporterFactory,11033,unit
tika,697d7c047daf1f661a4ed067bbc8f9c58bb6faa2,1,2026-01-07T07:46:39.000,0.0,false,CONCRETE_CLASS,7,4,0.0,false,20,0,3.1656983617248363E-4,0,CONCRETE_CLASS,/data/tika/tika-pipes/tika-pipes-core/src/main/java/org/apache/tika/pipes/core/serialization/JsonFetchEmitTuple.java,tika-pipes/tika-pipes-core/src/main/java/org/apache/tika/pipes/core/serialization/JsonFetchEmitTuple.java,org.apache.tika.pipes.core.serialization.JsonFetchEmitTuple,JsonFetchEmitTuple,2842,unit
tika,697d7c047daf1f661a4ed067bbc8f9c58bb6faa2,1,2026-01-07T07:46:39.000,0.0,false,CONCRETE_CLASS,0,5,0.0,false,119,0,1.8787557434076361E-4,0,CONCRETE_CLASS,/data/tika/tika-parsers/tika-parsers-standard/tika-parsers-standard-package/src/test/java/org/apache/tika/parser/mock/MockParserTest.java,tika-parsers/tika-parsers-standard/tika-parsers-standard-package/src/test/java/org/apache/tika/parser/mock/MockParserTest.java,org.apache.tika.parser.mock.MockParserTest,MockParserTest,15134,unit
tika,697d7c047daf1f661a4ed067bbc8f9c58bb6faa2,1,2026-01-07T07:46:39.000,0.0,false,CONCRETE_CLASS,0,0,0.0,false,38,0,1.8787557434076361E-4,0,CONCRETE_CLASS,/data/tika/tika-parsers/tika-parsers-standard/tika-parsers-standard-package/src/test/java/org/apache/tika/config/TikaConfigSerializerTest.java,tika-parsers/tika-parsers-standard/tika-parsers-standard-package/src/test/java/org/apache/tika/config/TikaConfigSerializerTest.java,org.apache.tika.config.TikaConfigSerializerTest,TikaConfigSerializerTest,27423,unit
tika,697d7c047daf1f661a4ed067bbc8f9c58bb6faa2,1,2026-01-07T07:46:39.000,0.0,false,CONCRETE_CLASS,0,4,0.0,false,51,0,1.8787557434076361E-4,0,CONCRETE_CLASS,/data/tika/tika-pipes/tika-pipes-plugins/tika-pipes-s3/src/test/java/org/apache/tika/pipes/iterator/s3/TestS3PipesIterator.java,tika-pipes/tika-pipes-plugins/tika-pipes-s3/src/test/java/org/apache/tika/pipes/iterator/s3/TestS3PipesIterator.java,org.apache.tika.pipes.iterator.s3.TestS3PipesIterator,TestS3PipesIterator,19234,unit
tika,697d7c047daf1f661a4ed067bbc8f9c58bb6faa2,1,2026-01-07T07:46:39.000,0.0,false,CONCRETE_CLASS,1,2,0.0,false,23,0,2.2773757974482565E-4,0,CONCRETE_CLASS,/data/tika/tika-pipes/tika-pipes-plugins/tika-pipes-json/src/main/java/org/apache/tika/pipes/pipesiterator/json/JsonPipesIteratorConfig.java,tika-pipes/tika-pipes-plugins/tika-pipes-json/src/main/java/org/apache/tika/pipes/pipesiterator/json/JsonPipesIteratorConfig.java,org.apache.tika.pipes.pipesiterator.json.JsonPipesIteratorConfig,JsonPipesIteratorConfig,2851,unit
tika,697d7c047daf1f661a4ed067bbc8f9c58bb6faa2,1,2026-01-07T07:46:39.000,0.0,false,INTERFACE,1,0,0.0,false,5,0,2.8225348540616274E-4,0,INTERFACE,/data/tika/tika-grpc/target/generated-sources/protobuf/java/org/apache/tika/DeleteFetcherRequestOrBuilder.java,tika-grpc/target/generated-sources/protobuf/java/org/apache/tika/DeleteFetcherRequestOrBuilder.java,org.apache.tika.DeleteFetcherRequestOrBuilder,DeleteFetcherRequestOrBuilder,23333,unit
tika,697d7c047daf1f661a4ed067bbc8f9c58bb6faa2,1,2026-01-07T07:46:39.000,0.0,false,CONCRETE_CLASS,0,8,0.0,false,161,0,1.8787557434076361E-4,0,CONCRETE_CLASS,/data/tika/tika-pipes/tika-pipes-plugins/tika-pipes-jdbc/src/test/java/org/apache/tika/pipes/reporter/jdbc/TestJDBCPipesReporter.java,tika-pipes/tika-pipes-plugins/tika-pipes-jdbc/src/test/java/org/apache/tika/pipes/reporter/jdbc/TestJDBCPipesReporter.java,org.apache.tika.pipes.reporter.jdbc.TestJDBCPipesReporter,TestJDBCPipesReporter,11048,unit
tika,697d7c047daf1f661a4ed067bbc8f9c58bb6faa2,1,2026-01-07T07:46:39.000,0.0,false,CONCRETE_CLASS,0,11,0.0,false,88,0,1.8787557434076361E-4,0,CONCRETE_CLASS,/data/tika/tika-parsers/tika-parsers-standard/tika-parsers-standard-package/src/test/java/org/apache/tika/config/TikaParserConfigTest.java,tika-parsers/tika-parsers-standard/tika-parsers-standard-package/src/test/java/org/apache/tika/config/TikaParserConfigTest.java,org.apache.tika.config.TikaParserConfigTest,TikaParserConfigTest,27432,unit
tika,697d7c047daf1f661a4ed067bbc8f9c58bb6faa2,1,2026-01-07T07:46:39.000,0.0,false,CONCRETE_CLASS,2,11,0.0,false,94,0,2.677928384237333E-4,0,CONCRETE_CLASS,/data/tika/tika-pipes/tika-pipes-plugins/tika-pipes-s3/src/main/java/org/apache/tika/pipes/iterator/s3/S3PipesIterator.java,tika-pipes/tika-pipes-plugins/tika-pipes-s3/src/main/java/org/apache/tika/pipes/iterator/s3/S3PipesIterator.java,org.apache.tika.pipes.iterator.s3.S3PipesIterator,S3PipesIterator,19243,unit
tika,697d7c047daf1f661a4ed067bbc8f9c58bb6faa2,1,2026-01-07T07:46:39.000,0.0,false,CONCRETE_CLASS,19,0,0.0,false,272,0,0.002007513203649194,0,CONCRETE_CLASS,/data/tika/tika-grpc/target/generated-sources/protobuf/java/org/apache/tika/TikaProto.java,tika-grpc/target/generated-sources/protobuf/java/org/apache/tika/TikaProto.java,org.apache.tika.TikaProto,TikaProto,23341,unit
tika,697d7c047daf1f661a4ed067bbc8f9c58bb6faa2,1,2026-01-07T07:46:39.000,0.0,false,CONCRETE_CLASS,13,0,0.0,false,15,0,7.991077399291779E-4,0,CONCRETE_CLASS,/data/tika/tika-pipes/tika-pipes-api/src/main/java/org/apache/tika/pipes/api/pipesiterator/TotalCountResult.java,tika-pipes/tika-pipes-api/src/main/java/org/apache/tika/pipes/api/pipesiterator/TotalCountResult.java,org.apache.tika.pipes.api.pipesiterator.TotalCountResult,TotalCountResult,11057,unit
tika,697d7c047daf1f661a4ed067bbc8f9c58bb6faa2,1,2026-01-07T07:46:39.000,0.0,false,CONCRETE_CLASS,0,4,0.0,false,12,0,1.8787557434076361E-4,0,CONCRETE_CLASS,/data/tika/tika-pipes/tika-pipes-plugins/tika-pipes-json/src/main/java/org/apache/tika/pipes/pipesiterator/json/JsonPipesIteratorFactory.java,tika-pipes/tika-pipes-plugins/tika-pipes-json/src/main/java/org/apache/tika/pipes/pipesiterator/json/JsonPipesIteratorFactory.java,org.apache.tika.pipes.pipesiterator.json.JsonPipesIteratorFactory,JsonPipesIteratorFactory,2866,unit
tika,697d7c047daf1f661a4ed067bbc8f9c58bb6faa2,1,2026-01-07T07:46:39.000,0.0,false,CONCRETE_CLASS,2,3,0.0,false,62,0,3.387611774297773E-4,0,CONCRETE_CLASS,/data/tika/tika-core/src/main/java/org/apache/tika/mime/Patterns.java,tika-core/src/main/java/org/apache/tika/mime/Patterns.java,org.apache.tika.mime.Patterns,Patterns,15157,unit
tika,697d7c047daf1f661a4ed067bbc8f9c58bb6faa2,1,2026-01-07T07:46:39.000,0.0,false,CONCRETE_CLASS,0,4,0.0,false,12,0,1.8787557434076361E-4,0,CONCRETE_CLASS,/data/tika/tika-pipes/tika-pipes-plugins/tika-pipes-s3/src/main/java/org/apache/tika/pipes/iterator/s3/S3PipesIteratorFactory.java,tika-pipes/tika-pipes-plugins/tika-pipes-s3/src/main/java/org/apache/tika/pipes/iterator/s3/S3PipesIteratorFactory.java,org.apache.tika.pipes.iterator.s3.S3PipesIteratorFactory,S3PipesIteratorFactory,19254,unit
tika,697d7c047daf1f661a4ed067bbc8f9c58bb6faa2,1,2026-01-07T07:46:39.000,0.0,false,CONCRETE_CLASS,4,1,0.0,false,27,0,2.4964532033570333E-4,0,CONCRETE_CLASS,/data/tika/tika-server/tika-server-core/src/main/java/org/apache/tika/server/core/writer/JSONObjWriter.java,tika-server/tika-server-core/src/main/java/org/apache/tika/server/core/writer/JSONObjWriter.java,org.apache.tika.server.core.writer.JSONObjWriter,JSONObjWriter,6968,unit
tika,697d7c047daf1f661a4ed067bbc8f9c58bb6faa2,1,2026-01-07T07:46:39.000,0.0,false,INTERFACE,1,2,0.0,false,10,0,2.3223104757851915E-4,0,INTERFACE,/data/tika/tika-grpc/target/generated-sources/protobuf/java/org/apache/tika/ListFetchersReplyOrBuilder.java,tika-grpc/target/generated-sources/protobuf/java/org/apache/tika/ListFetchersReplyOrBuilder.java,org.apache.tika.ListFetchersReplyOrBuilder,ListFetchersReplyOrBuilder,23354,unit
tika,697d7c047daf1f661a4ed067bbc8f9c58bb6faa2,1,2026-01-07T07:46:39.000,0.0,false,CONCRETE_CLASS,1,1,0.0,false,10,0,2.100353688801668E-4,0,CONCRETE_CLASS,/data/tika/tika-core/src/main/java/org/apache/tika/mime/OrClause.java,tika-core/src/main/java/org/apache/tika/mime/OrClause.java,org.apache.tika.mime.OrClause,OrClause,15169,unit
tika,697d7c047daf1f661a4ed067bbc8f9c58bb6faa2,1,2026-01-07T07:46:39.000,0.0,false,CONCRETE_CLASS,0,3,0.0,false,35,0,1.8787557434076361E-4,0,CONCRETE_CLASS,/data/tika/tika-pipes/tika-pipes-plugins/tika-pipes-json/src/test/java/org/apache/tika/pipes/pipesiterator/json/TestJsonPipesIterator.java,tika-pipes/tika-pipes-plugins/tika-pipes-json/src/test/java/org/apache/tika/pipes/pipesiterator/json/TestJsonPipesIterator.java,org.apache.tika.pipes.pipesiterator.json.TestJsonPipesIterator,TestJsonPipesIterator,2881,unit
tika,697d7c047daf1f661a4ed067bbc8f9c58bb6faa2,1,2026-01-07T07:46:39.000,0.0,false,INTERFACE,3,0,0.0,false,21,0,4.8630460736754624E-4,0,INTERFACE,/data/tika/tika-grpc/target/generated-sources/protobuf/java/org/apache/tika/GetFetcherReplyOrBuilder.java,tika-grpc/target/generated-sources/protobuf/java/org/apache/tika/GetFetcherReplyOrBuilder.java,org.apache.tika.GetFetcherReplyOrBuilder,GetFetcherReplyOrBuilder,23361,unit
tika,697d7c047daf1f661a4ed067bbc8f9c58bb6faa2,1,2026-01-07T07:46:39.000,0.0,false,CONCRETE_CLASS,4,1,0.0,false,26,0,2.3299621707214055E-4,0,CONCRETE_CLASS,/data/tika/tika-server/tika-server-core/src/main/java/org/apache/tika/server/core/writer/TextMessageBodyWriter.java,tika-server/tika-server-core/src/main/java/org/apache/tika/server/core/writer/TextMessageBodyWriter.java,org.apache.tika.server.core.writer.TextMessageBodyWriter,TextMessageBodyWriter,6978,unit
tika,697d7c047daf1f661a4ed067bbc8f9c58bb6faa2,1,2026-01-07T07:46:39.000,0.0,false,CONCRETE_CLASS,1,2,0.0,false,61,0,2.0858812918118143E-4,0,CONCRETE_CLASS,/data/tika/tika-pipes/tika-pipes-plugins/tika-pipes-s3/src/main/java/org/apache/tika/pipes/iterator/s3/S3PipesIteratorConfig.java,tika-pipes/tika-pipes-plugins/tika-pipes-s3/src/main/java/org/apache/tika/pipes/iterator/s3/S3PipesIteratorConfig.java,org.apache.tika.pipes.iterator.s3.S3PipesIteratorConfig,S3PipesIteratorConfig,19269,unit
tika,697d7c047daf1f661a4ed067bbc8f9c58bb6faa2,1,2026-01-07T07:46:39.000,0.0,false,CONCRETE_CLASS,0,4,0.0,false,10,0,1.8787557434076361E-4,0,CONCRETE_CLASS,/data/tika/tika-core/src/test/java/org/apache/tika/config/DummyParser.java,tika-core/src/test/java/org/apache/tika/config/DummyParser.java,org.apache.tika.config.DummyParser,DummyParser,27462,unit
tika,697d7c047daf1f661a4ed067bbc8f9c58bb6faa2,1,2026-01-07T07:46:39.000,0.0,false,INTERFACE,6,0,0.0,false,4,0,0.0011531014041219867,0,INTERFACE,/data/tika/tika-core/src/main/java/org/apache/tika/mime/Clause.java,tika-core/src/main/java/org/apache/tika/mime/Clause.java,org.apache.tika.mime.Clause,Clause,15175,unit
tika,697d7c047daf1f661a4ed067bbc8f9c58bb6faa2,1,2026-01-07T07:46:39.000,0.0,false,CONCRETE_CLASS,6,0,0.0,false,41,0,3.087965311871997E-4,0,CONCRETE_CLASS,/data/tika/tika-server/tika-server-core/src/main/java/org/apache/tika/server/core/writer/ZipWriter.java,tika-server/tika-server-core/src/main/java/org/apache/tika/server/core/writer/ZipWriter.java,org.apache.tika.server.core.writer.ZipWriter,ZipWriter,6988,unit
tika,697d7c047daf1f661a4ed067bbc8f9c58bb6faa2,1,2026-01-07T07:46:39.000,0.0,false,INTERFACE,1,0,0.0,false,5,0,2.765865208162747E-4,0,INTERFACE,/data/tika/tika-grpc/target/generated-sources/protobuf/java/org/apache/tika/DeletePipesIteratorReplyOrBuilder.java,tika-grpc/target/generated-sources/protobuf/java/org/apache/tika/DeletePipesIteratorReplyOrBuilder.java,org.apache.tika.DeletePipesIteratorReplyOrBuilder,DeletePipesIteratorReplyOrBuilder,23372,unit
tika,697d7c047daf1f661a4ed067bbc8f9c58bb6faa2,1,2026-01-07T07:46:39.000,0.0,false,CONCRETE_CLASS,1,1,0.0,false,10,0,2.100353688801668E-4,0,CONCRETE_CLASS,/data/tika/tika-core/src/main/java/org/apache/tika/mime/AndClause.java,tika-core/src/main/java/org/apache/tika/mime/AndClause.java,org.apache.tika.mime.AndClause,AndClause,15188,unit
tika,697d7c047daf1f661a4ed067bbc8f9c58bb6faa2,1,2026-01-07T07:46:39.000,0.0,false,CONCRETE_CLASS,6,0,0.0,false,27,0,3.087965311871997E-4,0,CONCRETE_CLASS,/data/tika/tika-server/tika-server-core/src/main/java/org/apache/tika/server/core/writer/TarWriter.java,tika-server/tika-server-core/src/main/java/org/apache/tika/server/core/writer/TarWriter.java,org.apache.tika.server.core.writer.TarWriter,TarWriter,6997,unit
tika,697d7c047daf1f661a4ed067bbc8f9c58bb6faa2,1,2026-01-07T07:46:39.000,0.0,false,CONCRETE_CLASS,3,2,0.0,false,21,0,3.0018608433244985E-4,0,CONCRETE_CLASS,/data/tika/tika-pipes/tika-pipes-core/src/main/java/org/apache/tika/pipes/core/config/InMemoryConfigStore.java,tika-pipes/tika-pipes-core/src/main/java/org/apache/tika/pipes/core/config/InMemoryConfigStore.java,org.apache.tika.pipes.core.config.InMemoryConfigStore,InMemoryConfigStore,11093,unit
tika,697d7c047daf1f661a4ed067bbc8f9c58bb6faa2,1,2026-01-07T07:46:39.000,0.0,false,CONCRETE_CLASS,0,1,0.0,false,19,0,1.8787557434076361E-4,0,CONCRETE_CLASS,/data/tika/tika-core/src/test/java/org/apache/tika/TypeDetectionBenchmark.java,tika-core/src/test/java/org/apache/tika/TypeDetectionBenchmark.java,org.apache.tika.TypeDetectionBenchmark,TypeDetectionBenchmark,23381,unit
tika,697d7c047daf1f661a4ed067bbc8f9c58bb6faa2,1,2026-01-07T07:46:39.000,0.0,false,CONCRETE_CLASS,0,15,0.0,false,60,0,1.8787557434076361E-4,0,CONCRETE_CLASS,/data/tika/tika-parsers/tika-parsers-standard/tika-parsers-standard-package/src/test/java/org/apache/tika/config/TikaDetectorConfigTest.java,tika-parsers/tika-parsers-standard/tika-parsers-standard-package/src/test/java/org/apache/tika/config/TikaDetectorConfigTest.java,org.apache.tika.config.TikaDetectorConfigTest,TikaDetectorConfigTest,27479,unit
tika,697d7c047daf1f661a4ed067bbc8f9c58bb6faa2,1,2026-01-07T07:46:39.000,0.0,false,CONCRETE_CLASS,1,20,0.0,false,247,0,2.0414972457252049E-4,0,CONCRETE_CLASS,/data/tika/tika-parsers/tika-parsers-standard/tika-parsers-standard-modules/tika-parser-mail-module/src/main/java/org/apache/tika/parser/mail/MailContentHandler.java,tika-parsers/tika-parsers-standard/tika-parsers-standard-modules/tika-parser-mail-module/src/main/java/org/apache/tika/parser/mail/MailContentHandler.java,org.apache.tika.parser.mail.MailContentHandler,MailContentHandler,2907,unit
tika,697d7c047daf1f661a4ed067bbc8f9c58bb6faa2,1,2026-01-07T07:46:39.000,0.0,false,CONCRETE_CLASS,4,1,0.0,false,32,0,2.3299621707214055E-4,0,CONCRETE_CLASS,/data/tika/tika-server/tika-server-core/src/main/java/org/apache/tika/server/core/writer/CSVMessageBodyWriter.java,tika-server/tika-server-core/src/main/java/org/apache/tika/server/core/writer/CSVMessageBodyWriter.java,org.apache.tika.server.core.writer.CSVMessageBodyWriter,CSVMessageBodyWriter,7006,unit
tika,697d7c047daf1f661a4ed067bbc8f9c58bb6faa2,1,2026-01-07T07:46:39.000,0.0,false,CONCRETE_CLASS,4,3,0.0,false,49,0,3.9027179887163294E-4,0,CONCRETE_CLASS,/data/tika/tika-core/src/main/java/org/apache/tika/mime/MimeTypesFactory.java,tika-core/src/main/java/org/apache/tika/mime/MimeTypesFactory.java,org.apache.tika.mime.MimeTypesFactory,MimeTypesFactory,15200,unit
tika,697d7c047daf1f661a4ed067bbc8f9c58bb6faa2,1,2026-01-07T07:46:39.000,0.0,false,CONCRETE_CLASS,3,2,0.0,false,30,0,2.6330558764958283E-4,0,CONCRETE_CLASS,/data/tika/tika-parsers/tika-parsers-standard/tika-parsers-standard-modules/tika-parser-mail-commons/src/main/java/org/apache/tika/parser/mailcommons/MailUtil.java,tika-parsers/tika-parsers-standard/tika-parsers-standard-modules/tika-parser-mail-commons/src/main/java/org/apache/tika/parser/mailcommons/MailUtil.java,org.apache.tika.parser.mailcommons.MailUtil,MailUtil,2913,unit
tika,697d7c047daf1f661a4ed067bbc8f9c58bb6faa2,1,2026-01-07T07:46:39.000,0.0,false,CONCRETE_CLASS,0,7,0.0,false,18,0,1.8787557434076361E-4,0,CONCRETE_CLASS,/data/tika/tika-pipes/tika-pipes-integration-tests/src/test/java/org/apache/tika/pipes/core/PluginManagerTest.java,tika-pipes/tika-pipes-integration-tests/src/test/java/org/apache/tika/pipes/core/PluginManagerTest.java,org.apache.tika.pipes.core.PluginManagerTest,PluginManagerTest,11110,unit
tika,697d7c047daf1f661a4ed067bbc8f9c58bb6faa2,1,2026-01-07T07:46:39.000,0.0,false,CONCRETE_CLASS,3,13,0.0,false,76,0,2.2490859343206E-4,0,CONCRETE_CLASS,/data/tika/tika-parsers/tika-parsers-standard/tika-parsers-standard-modules/tika-parser-microsoft-module/src/main/java/org/apache/tika/parser/microsoft/pst/OutlookPSTParser.java,tika-parsers/tika-parsers-standard/tika-parsers-standard-modules/tika-parser-microsoft-module/src/main/java/org/apache/tika/parser/microsoft/pst/OutlookPSTParser.java,org.apache.tika.parser.microsoft.pst.OutlookPSTParser,OutlookPSTParser,27494,unit
tika,697d7c047daf1f661a4ed067bbc8f9c58bb6faa2,1,2026-01-07T07:46:39.000,0.0,false,INTERFACE,2,0,0.0,false,2,0,2.358296993670846E-4,0,INTERFACE,/data/tika/tika-server/tika-server-core/src/main/java/org/apache/tika/server/core/writer/TikaServerWriter.java,tika-server/tika-server-core/src/main/java/org/apache/tika/server/core/writer/TikaServerWriter.java,org.apache.tika.server.core.writer.TikaServerWriter,TikaServerWriter,7016,unit
tika,697d7c047daf1f661a4ed067bbc8f9c58bb6faa2,1,2026-01-07T07:46:39.000,0.0,false,CONCRETE_CLASS,2,13,0.0,false,152,0,3.385428475384301E-4,0,CONCRETE_CLASS,/data/tika/tika-core/src/main/java/org/apache/tika/mime/MimeTypesReader.java,tika-core/src/main/java/org/apache/tika/mime/MimeTypesReader.java,org.apache.tika.mime.MimeTypesReader,MimeTypesReader,15208,unit
tika,697d7c047daf1f661a4ed067bbc8f9c58bb6faa2,1,2026-01-07T07:46:39.000,0.0,false,CONCRETE_CLASS,0,6,0.0,false,49,0,1.8787557434076361E-4,0,CONCRETE_CLASS,/data/tika/tika-parsers/tika-parsers-standard/tika-parsers-standard-modules/tika-parser-microsoft-module/src/main/java/org/apache/tika/extractor/microsoft/MSEmbeddedStreamTranslator.java,tika-parsers/tika-parsers-standard/tika-parsers-standard-modules/tika-parser-microsoft-module/src/main/java/org/apache/tika/extractor/microsoft/MSEmbeddedStreamTranslator.java,org.apache.tika.extractor.microsoft.MSEmbeddedStreamTranslator,MSEmbeddedStreamTranslator,19308,unit
tika,697d7c047daf1f661a4ed067bbc8f9c58bb6faa2,1,2026-01-07T07:46:39.000,0.0,false,CONCRETE_CLASS,5,10,0.0,false,46,0,2.449307337409566E-4,0,CONCRETE_CLASS,/data/tika/tika-parsers/tika-parsers-standard/tika-parsers-standard-modules/tika-parser-text-module/src/main/java/org/apache/tika/parser/txt/TXTParser.java,tika-parsers/tika-parsers-standard/tika-parsers-standard-modules/tika-parser-text-module/src/main/java/org/apache/tika/parser/txt/TXTParser.java,org.apache.tika.parser.txt.TXTParser,TXTParser,2928,unit
tika,697d7c047daf1f661a4ed067bbc8f9c58bb6faa2,1,2026-01-07T07:46:39.000,0.0,false,CONCRETE_CLASS,9,3,0.0,false,24,0,3.3809952801762194E-4,0,CONCRETE_CLASS,/data/tika/tika-server/tika-server-core/src/main/java/org/apache/tika/server/core/writer/MetadataListMessageBodyWriter.java,tika-server/tika-server-core/src/main/java/org/apache/tika/server/core/writer/MetadataListMessageBodyWriter.java,org.apache.tika.server.core.writer.MetadataListMessageBodyWriter,MetadataListMessageBodyWriter,7025,unit
tika,697d7c047daf1f661a4ed067bbc8f9c58bb6faa2,1,2026-01-07T07:46:39.000,0.0,false,CONCRETE_CLASS,0,1,0.0,false,103,0,1.8787557434076361E-4,0,CONCRETE_CLASS,/data/tika/tika-core/src/test/java/org/apache/tika/mime/MediaTypeTest.java,tika-core/src/test/java/org/apache/tika/mime/MediaTypeTest.java,org.apache.tika.mime.MediaTypeTest,MediaTypeTest,15219,unit
tika,697d7c047daf1f661a4ed067bbc8f9c58bb6faa2,1,2026-01-07T07:46:39.000,0.0,false,INTERFACE,1,0,0.0,false,4,0,2.765865208162747E-4,0,INTERFACE,/data/tika/tika-grpc/target/generated-sources/protobuf/java/org/apache/tika/ListFetchersRequestOrBuilder.java,tika-grpc/target/generated-sources/protobuf/java/org/apache/tika/ListFetchersRequestOrBuilder.java,org.apache.tika.ListFetchersRequestOrBuilder,ListFetchersRequestOrBuilder,23413,unit
tika,697d7c047daf1f661a4ed067bbc8f9c58bb6faa2,1,2026-01-07T07:46:39.000,0.0,false,CONCRETE_CLASS,26,3,0.0,false,41,0,8.30445802611675E-4,0,CONCRETE_CLASS,/data/tika/tika-serialization/src/main/java/org/apache/tika/serialization/JsonMetadataList.java,tika-serialization/src/main/java/org/apache/tika/serialization/JsonMetadataList.java,org.apache.tika.serialization.JsonMetadataList,JsonMetadataList,7032,unit
tika,697d7c047daf1f661a4ed067bbc8f9c58bb6faa2,1,2026-01-07T07:46:39.000,0.0,false,CONCRETE_CLASS,0,5,0.0,false,120,0,1.8787557434076361E-4,0,CONCRETE_CLASS,/data/tika/tika-parsers/tika-parsers-standard/tika-parsers-standard-package/src/test/java/org/apache/tika/config/ComponentRegistryIntegrationTest.java,tika-parsers/tika-parsers-standard/tika-parsers-standard-package/src/test/java/org/apache/tika/config/ComponentRegistryIntegrationTest.java,org.apache.tika.config.ComponentRegistryIntegrationTest,ComponentRegistryIntegrationTest,27512,unit
tika,697d7c047daf1f661a4ed067bbc8f9c58bb6faa2,1,2026-01-07T07:46:39.000,0.0,false,CONCRETE_CLASS,8,14,0.0,false,136,0,2.846804834328639E-4,0,CONCRETE_CLASS,/data/tika/tika-parsers/tika-parsers-standard/tika-parsers-standard-modules/tika-parser-html-module/src/main/java/org/apache/tika/parser/html/JSoupParser.java,tika-parsers/tika-parsers-standard/tika-parsers-standard-modules/tika-parser-html-module/src/main/java/org/apache/tika/parser/html/JSoupParser.java,org.apache.tika.parser.html.JSoupParser,JSoupParser,2938,unit
tika,697d7c047daf1f661a4ed067bbc8f9c58bb6faa2,1,2026-01-07T07:46:39.000,0.0,false,CONCRETE_CLASS,0,19,0.0,false,419,0,1.8787557434076361E-4,0,CONCRETE_CLASS,/data/tika/tika-pipes/tika-pipes-integration-tests/src/test/java/org/apache/tika/pipes/core/PipesClientTest.java,tika-pipes/tika-pipes-integration-tests/src/test/java/org/apache/tika/pipes/core/PipesClientTest.java,org.apache.tika.pipes.core.PipesClientTest,PipesClientTest,11132,unit
tika,697d7c047daf1f661a4ed067bbc8f9c58bb6faa2,1,2026-01-07T07:46:39.000,0.0,false,CONCRETE_CLASS,4,2,0.0,false,23,0,8.161861228827162E-4,0,CONCRETE_CLASS,/data/tika/tika-core/src/main/java/org/apache/tika/mime/Magic.java,tika-core/src/main/java/org/apache/tika/mime/Magic.java,org.apache.tika.mime.Magic,Magic,15229,unit
tika,697d7c047daf1f661a4ed067bbc8f9c58bb6faa2,1,2026-01-07T07:46:39.000,0.0,false,CONCRETE_CLASS,0,5,0.0,false,22,0,1.8787557434076361E-4,0,CONCRETE_CLASS,/data/tika/tika-parsers/tika-parsers-standard/tika-parsers-standard-modules/tika-parser-microsoft-module/src/main/java/org/apache/tika/extractor/microsoft/PSTEmailStreamTranslator.java,tika-parsers/tika-parsers-standard/tika-parsers-standard-modules/tika-parser-microsoft-module/src/main/java/org/apache/tika/extractor/microsoft/PSTEmailStreamTranslator.java,org.apache.tika.extractor.microsoft.PSTEmailStreamTranslator,PSTEmailStreamTranslator,19325,unit
tika,697d7c047daf1f661a4ed067bbc8f9c58bb6faa2,1,2026-01-07T07:46:39.000,0.0,false,CONCRETE_CLASS,0,0,0.0,false,28,0,1.8787557434076361E-4,0,CONCRETE_CLASS,/data/tika/tika-core/src/test/java/org/apache/tika/ResourceLoggingClassLoader.java,tika-core/src/test/java/org/apache/tika/ResourceLoggingClassLoader.java,org.apache.tika.ResourceLoggingClassLoader,ResourceLoggingClassLoader,23422,unit
tika,697d7c047daf1f661a4ed067bbc8f9c58bb6faa2,1,2026-01-07T07:46:39.000,0.0,false,CONCRETE_CLASS,2,1,0.0,false,6,0,3.0583119139267396E-4,0,CONCRETE_CLASS,/data/tika/tika-server/tika-server-core/src/main/java/org/apache/tika/server/core/MetadataList.java,tika-server/tika-server-core/src/main/java/org/apache/tika/server/core/MetadataList.java,org.apache.tika.server.core.MetadataList,MetadataList,7040,unit
tika,697d7c047daf1f661a4ed067bbc8f9c58bb6faa2,1,2026-01-07T07:46:39.000,0.0,false,CONCRETE_CLASS,3,2,0.0,false,429,0,3.6365187842652346E-4,0,CONCRETE_CLASS,/data/tika/tika-parsers/tika-parsers-standard/tika-parsers-standard-modules/tika-parser-mail-commons/src/main/java/org/apache/tika/parser/mailcommons/MailDateParser.java,tika-parsers/tika-parsers-standard/tika-parsers-standard-modules/tika-parser-mail-commons/src/main/java/org/apache/tika/parser/mailcommons/MailDateParser.java,org.apache.tika.parser.mailcommons.MailDateParser,MailDateParser,2950,unit
tika,697d7c047daf1f661a4ed067bbc8f9c58bb6faa2,1,2026-01-07T07:46:39.000,0.0,false,INTERFACE,1,0,0.0,false,5,0,2.765865208162747E-4,0,INTERFACE,/data/tika/tika-grpc/target/generated-sources/protobuf/java/org/apache/tika/GetFetcherConfigJsonSchemaRequestOrBuilder.java,tika-grpc/target/generated-sources/protobuf/java/org/apache/tika/GetFetcherConfigJsonSchemaRequestOrBuilder.java,org.apache.tika.GetFetcherConfigJsonSchemaRequestOrBuilder,GetFetcherConfigJsonSchemaRequestOrBuilder,23431,unit
tika,697d7c047daf1f661a4ed067bbc8f9c58bb6faa2,1,2026-01-07T07:46:39.000,0.0,false,CONCRETE_CLASS,6,3,0.0,false,14,0,3.677718962548217E-4,0,CONCRETE_CLASS,/data/tika/tika-core/src/main/java/org/apache/tika/metadata/filter/CompositeMetadataFilter.java,tika-core/src/main/java/org/apache/tika/metadata/filter/CompositeMetadataFilter.java,org.apache.tika.metadata.filter.CompositeMetadataFilter,CompositeMetadataFilter,11147,unit
tika,697d7c047daf1f661a4ed067bbc8f9c58bb6faa2,1,2026-01-07T07:46:39.000,0.0,false,CONCRETE_CLASS,12,2,0.0,false,23,0,3.849972385196366E-4,0,CONCRETE_CLASS,/data/tika/tika-server/tika-server-core/src/main/java/org/apache/tika/server/core/writer/JSONMessageBodyWriter.java,tika-server/tika-server-core/src/main/java/org/apache/tika/server/core/writer/JSONMessageBodyWriter.java,org.apache.tika.server.core.writer.JSONMessageBodyWriter,JSONMessageBodyWriter,7051,unit
tika,697d7c047daf1f661a4ed067bbc8f9c58bb6faa2,1,2026-01-07T07:46:39.000,0.0,false,CONCRETE_CLASS,0,1,0.0,false,6,0,1.8787557434076361E-4,0,CONCRETE_CLASS,/data/tika/tika-core/src/test/java/org/apache/tika/config/DummyExecutor.java,tika-core/src/test/java/org/apache/tika/config/DummyExecutor.java,org.apache.tika.config.DummyExecutor,DummyExecutor,27531,unit
tika,697d7c047daf1f661a4ed067bbc8f9c58bb6faa2,1,2026-01-07T07:46:39.000,0.0,false,CONCRETE_CLASS,3,19,0.0,false,173,0,2.6754704187157574E-4,0,CONCRETE_CLASS,/data/tika/tika-parsers/tika-parsers-standard/tika-parsers-standard-modules/tika-parser-text-module/src/main/java/org/apache/tika/parser/csv/TextAndCSVParser.java,tika-parsers/tika-parsers-standard/tika-parsers-standard-modules/tika-parser-text-module/src/main/java/org/apache/tika/parser/csv/TextAndCSVParser.java,org.apache.tika.parser.csv.TextAndCSVParser,TextAndCSVParser,2958,unit
tika,697d7c047daf1f661a4ed067bbc8f9c58bb6faa2,1,2026-01-07T07:46:39.000,0.0,false,CONCRETE_CLASS,0,6,0.0,false,19,0,1.8787557434076361E-4,0,CONCRETE_CLASS,/data/tika/tika-parsers/tika-parsers-extended/tika-parsers-extended-integration-tests/src/test/java/org/apache/tika/mime/TestMimeTypesExtended.java,tika-parsers/tika-parsers-extended/tika-parsers-extended-integration-tests/src/test/java/org/apache/tika/mime/TestMimeTypesExtended.java,org.apache.tika.mime.TestMimeTypesExtended,TestMimeTypesExtended,15247,unit
tika,697d7c047daf1f661a4ed067bbc8f9c58bb6faa2,1,2026-01-07T07:46:39.000,0.0,false,CONCRETE_CLASS,13,3,0.0,false,41,0,6.414677989099208E-4,0,CONCRETE_CLASS,/data/tika/tika-serialization/src/main/java/org/apache/tika/serialization/JsonMetadata.java,tika-serialization/src/main/java/org/apache/tika/serialization/JsonMetadata.java,org.apache.tika.serialization.JsonMetadata,JsonMetadata,7058,unit
tika,697d7c047daf1f661a4ed067bbc8f9c58bb6faa2,1,2026-01-07T07:46:39.000,0.0,false,CONCRETE_CLASS,3,2,0.0,false,66,0,2.2493641832178684E-4,0,CONCRETE_CLASS,/data/tika/tika-parsers/tika-parsers-standard/tika-parsers-standard-modules/tika-parser-microsoft-module/src/main/java/org/apache/tika/parser/microsoft/ooxml/xslf/XSLFEventBasedPowerPointExtractor.java,tika-parsers/tika-parsers-standard/tika-parsers-standard-modules/tika-parser-microsoft-module/src/main/java/org/apache/tika/parser/microsoft/ooxml/xslf/XSLFEventBasedPowerPointExtractor.java,org.apache.tika.parser.microsoft.ooxml.xslf.XSLFEventBasedPowerPointExtractor,XSLFEventBasedPowerPointExtractor,19348,unit
tika,697d7c047daf1f661a4ed067bbc8f9c58bb6faa2,1,2026-01-07T07:46:39.000,0.0,false,CONCRETE_CLASS,2,3,0.0,false,9,0,2.0568994899702932E-4,0,CONCRETE_CLASS,/data/tika/tika-pipes/tika-pipes-integration-tests/src/test/java/org/apache/tika/metadata/filter/MockUpperCaseFilter.java,tika-pipes/tika-pipes-integration-tests/src/test/java/org/apache/tika/metadata/filter/MockUpperCaseFilter.java,org.apache.tika.metadata.filter.MockUpperCaseFilter,MockUpperCaseFilter,11157,unit
tika,697d7c047daf1f661a4ed067bbc8f9c58bb6faa2,1,2026-01-07T07:46:39.000,0.0,false,INTERFACE,1,0,0.0,false,11,0,3.08969175615635E-4,0,INTERFACE,/data/tika/tika-grpc/target/generated-sources/protobuf/java/org/apache/tika/FetchAndParseRequestOrBuilder.java,tika-grpc/target/generated-sources/protobuf/java/org/apache/tika/FetchAndParseRequestOrBuilder.java,org.apache.tika.FetchAndParseRequestOrBuilder,FetchAndParseRequestOrBuilder,23445,unit
tika,697d7c047daf1f661a4ed067bbc8f9c58bb6faa2,1,2026-01-07T07:46:39.000,0.0,false,INTERFACE,9,2,0.0,false,23,0,0.0027526213369660694,0,INTERFACE,/data/tika/tika-core/src/main/java/org/apache/tika/metadata/Message.java,tika-core/src/main/java/org/apache/tika/metadata/Message.java,org.apache.tika.metadata.Message,Message,2967,unit
tika,697d7c047daf1f661a4ed067bbc8f9c58bb6faa2,1,2026-01-07T07:46:39.000,0.0,false,CONCRETE_CLASS,3,4,0.0,false,13,0,2.376568546302172E-4,0,CONCRETE_CLASS,/data/tika/tika-pipes/tika-pipes-integration-tests/src/test/java/org/apache/tika/metadata/filter/AttachmentCountingListFilter.java,tika-pipes/tika-pipes-integration-tests/src/test/java/org/apache/tika/metadata/filter/AttachmentCountingListFilter.java,org.apache.tika.metadata.filter.AttachmentCountingListFilter,AttachmentCountingListFilter,11165,unit
tika,697d7c047daf1f661a4ed067bbc8f9c58bb6faa2,1,2026-01-07T07:46:39.000,0.0,false,CONCRETE_CLASS,0,9,0.0,false,83,0,1.8787557434076361E-4,0,CONCRETE_CLASS,/data/tika/tika-parsers/tika-parsers-standard/tika-parsers-standard-package/src/test/java/org/apache/tika/parser/mail/RFC822ParserTest.java,tika-parsers/tika-parsers-standard/tika-parsers-standard-package/src/test/java/org/apache/tika/parser/mail/RFC822ParserTest.java,org.apache.tika.parser.mail.RFC822ParserTest,RFC822ParserTest,2978,unit
tika,697d7c047daf1f661a4ed067bbc8f9c58bb6faa2,1,2026-01-07T07:46:39.000,0.0,false,CONCRETE_CLASS,2,3,0.0,false,23,0,2.3734816639212582E-4,0,CONCRETE_CLASS,/data/tika/tika-core/src/main/java/org/apache/tika/sax/PhoneExtractingContentHandler.java,tika-core/src/main/java/org/apache/tika/sax/PhoneExtractingContentHandler.java,org.apache.tika.sax.PhoneExtractingContentHandler,PhoneExtractingContentHandler,7076,unit
tika,697d7c047daf1f661a4ed067bbc8f9c58bb6faa2,1,2026-01-07T07:46:39.000,0.0,false,CONCRETE_CLASS,0,16,0.0,false,297,0,1.8787557434076361E-4,0,CONCRETE_CLASS,/data/tika/tika-integration-tests/tika-pipes-opensearch-integration-tests/src/test/java/org/apache/tika/pipes/opensearch/tests/OpenSearchTest.java,tika-integration-tests/tika-pipes-opensearch-integration-tests/src/test/java/org/apache/tika/pipes/opensearch/tests/OpenSearchTest.java,org.apache.tika.pipes.opensearch.tests.OpenSearchTest,OpenSearchTest,19366,unit
tika,697d7c047daf1f661a4ed067bbc8f9c58bb6faa2,1,2026-01-07T07:46:39.000,0.0,false,CONCRETE_CLASS,9,1,0.0,false,10,0,3.6593109491687504E-4,0,CONCRETE_CLASS,/data/tika/tika-parsers/tika-parsers-standard/tika-parsers-standard-package/src/test/java/org/apache/tika/TikaLoaderHelper.java,tika-parsers/tika-parsers-standard/tika-parsers-standard-package/src/test/java/org/apache/tika/TikaLoaderHelper.java,org.apache.tika.TikaLoaderHelper,TikaLoaderHelper,2984,unit
tika,697d7c047daf1f661a4ed067bbc8f9c58bb6faa2,1,2026-01-07T07:46:39.000,0.0,false,INTERFACE,1,0,0.0,false,11,0,2.9196828184597086E-4,0,INTERFACE,/data/tika/tika-grpc/target/generated-sources/protobuf/java/org/apache/tika/SaveFetcherRequestOrBuilder.java,tika-grpc/target/generated-sources/protobuf/java/org/apache/tika/SaveFetcherRequestOrBuilder.java,org.apache.tika.SaveFetcherRequestOrBuilder,SaveFetcherRequestOrBuilder,23466,unit
tika,697d7c047daf1f661a4ed067bbc8f9c58bb6faa2,1,2026-01-07T07:46:39.000,0.0,false,CONCRETE_CLASS,1,0,0.0,false,25,0,2.5518623414246623E-4,0,CONCRETE_CLASS,/data/tika/tika-core/src/main/java/org/apache/tika/sax/CleanPhoneText.java,tika-core/src/main/java/org/apache/tika/sax/CleanPhoneText.java,org.apache.tika.sax.CleanPhoneText,CleanPhoneText,7084,unit
tika,697d7c047daf1f661a4ed067bbc8f9c58bb6faa2,1,2026-01-07T07:46:39.000,0.0,false,CONCRETE_CLASS,1,20,0.0,false,161,0,2.0259457481811572E-4,0,CONCRETE_CLASS,/data/tika/tika-parsers/tika-parsers-standard/tika-parsers-standard-modules/tika-parser-microsoft-module/src/main/java/org/apache/tika/parser/microsoft/pst/PSTMailItemParser.java,tika-parsers/tika-parsers-standard/tika-parsers-standard-modules/tika-parser-microsoft-module/src/main/java/org/apache/tika/parser/microsoft/pst/PSTMailItemParser.java,org.apache.tika.parser.microsoft.pst.PSTMailItemParser,PSTMailItemParser,27564,unit
tika,697d7c047daf1f661a4ed067bbc8f9c58bb6faa2,1,2026-01-07T07:46:39.000,0.0,false,CONCRETE_CLASS,0,5,0.0,false,10,0,1.8787557434076361E-4,0,CONCRETE_CLASS,/data/tika/tika-pipes/tika-pipes-integration-tests/src/test/java/org/apache/tika/pipes/core/CrashingDetector.java,tika-pipes/tika-pipes-integration-tests/src/test/java/org/apache/tika/pipes/core/CrashingDetector.java,org.apache.tika.pipes.core.CrashingDetector,CrashingDetector,11181,unit
tika,697d7c047daf1f661a4ed067bbc8f9c58bb6faa2,1,2026-01-07T07:46:39.000,0.0,false,CONCRETE_CLASS,0,5,0.0,false,36,0,1.8787557434076361E-4,0,CONCRETE_CLASS,/data/tika/tika-core/src/test/java/org/apache/tika/mime/PatternsTest.java,tika-core/src/test/java/org/apache/tika/mime/PatternsTest.java,org.apache.tika.mime.PatternsTest,PatternsTest,15279,unit
tika,697d7c047daf1f661a4ed067bbc8f9c58bb6faa2,1,2026-01-07T07:46:39.000,0.0,false,CONCRETE_CLASS,4,12,0.0,false,51,0,2.979074455180032E-4,0,CONCRETE_CLASS,/data/tika/tika-pipes/tika-pipes-plugins/tika-pipes-opensearch/src/main/java/org/apache/tika/pipes/emitter/opensearch/OpenSearchEmitter.java,tika-pipes/tika-pipes-plugins/tika-pipes-opensearch/src/main/java/org/apache/tika/pipes/emitter/opensearch/OpenSearchEmitter.java,org.apache.tika.pipes.emitter.opensearch.OpenSearchEmitter,OpenSearchEmitter,19375,unit
tika,697d7c047daf1f661a4ed067bbc8f9c58bb6faa2,1,2026-01-07T07:46:39.000,0.0,false,CONCRETE_CLASS,0,1,0.0,false,802,0,1.8787557434076361E-4,0,CONCRETE_CLASS,/data/tika/tika-core/src/test/java/org/apache/tika/TikaDetectionTest.java,tika-core/src/test/java/org/apache/tika/TikaDetectionTest.java,org.apache.tika.TikaDetectionTest,TikaDetectionTest,23475,unit
tika,697d7c047daf1f661a4ed067bbc8f9c58bb6faa2,1,2026-01-07T07:46:39.000,0.0,false,CONCRETE_CLASS,1,0,0.0,false,128,0,2.892726122427579E-4,0,CONCRETE_CLASS,/data/tika/tika-core/src/main/java/org/apache/tika/sax/StandardOrganizations.java,tika-core/src/main/java/org/apache/tika/sax/StandardOrganizations.java,org.apache.tika.sax.StandardOrganizations,StandardOrganizations,7097,unit
tika,697d7c047daf1f661a4ed067bbc8f9c58bb6faa2,1,2026-01-07T07:46:39.000,0.0,false,CONCRETE_CLASS,3,0,0.0,false,19,0,2.900852926018846E-4,0,CONCRETE_CLASS,/data/tika/tika-pipes/tika-pipes-plugins/tika-pipes-opensearch/src/main/java/org/apache/tika/pipes/emitter/opensearch/JsonResponse.java,tika-pipes/tika-pipes-plugins/tika-pipes-opensearch/src/main/java/org/apache/tika/pipes/emitter/opensearch/JsonResponse.java,org.apache.tika.pipes.emitter.opensearch.JsonResponse,JsonResponse,19386,unit
tika,697d7c047daf1f661a4ed067bbc8f9c58bb6faa2,1,2026-01-07T07:46:39.000,0.0,false,CONCRETE_CLASS,1,14,0.0,false,62,0,2.677928384237333E-4,0,CONCRETE_CLASS,/data/tika/tika-parsers/tika-parsers-standard/tika-parsers-standard-modules/tika-parser-mail-module/src/main/java/org/apache/tika/parser/mail/RFC822Parser.java,tika-parsers/tika-parsers-standard/tika-parsers-standard-modules/tika-parser-mail-module/src/main/java/org/apache/tika/parser/mail/RFC822Parser.java,org.apache.tika.parser.mail.RFC822Parser,RFC822Parser,3005,unit
tika,697d7c047daf1f661a4ed067bbc8f9c58bb6faa2,1,2026-01-07T07:46:39.000,0.0,false,CONCRETE_CLASS,0,11,0.0,false,795,0,1.8787557434076361E-4,0,CONCRETE_CLASS,/data/tika/tika-parsers/tika-parsers-standard/tika-parsers-standard-package/src/test/java/org/apache/tika/mime/TestMimeTypes.java,tika-parsers/tika-parsers-standard/tika-parsers-standard-package/src/test/java/org/apache/tika/mime/TestMimeTypes.java,org.apache.tika.mime.TestMimeTypes,TestMimeTypes,15293,unit
tika,697d7c047daf1f661a4ed067bbc8f9c58bb6faa2,1,2026-01-07T07:46:39.000,0.0,false,CONCRETE_CLASS,0,4,0.0,false,7,0,1.8787557434076361E-4,0,CONCRETE_CLASS,/data/tika/tika-serialization/src/test/java/org/apache/tika/sax/UppercasingContentHandlerFactory.java,tika-serialization/src/test/java/org/apache/tika/sax/UppercasingContentHandlerFactory.java,org.apache.tika.sax.UppercasingContentHandlerFactory,UppercasingContentHandlerFactory,7106,unit
tika,697d7c047daf1f661a4ed067bbc8f9c58bb6faa2,1,2026-01-07T07:46:39.000,0.0,false,CONCRETE_CLASS,1,1,0.0,false,100,0,3.038834234033195E-4,0,CONCRETE_CLASS,/data/tika/tika-pipes/tika-pipes-integration-tests/src/test/java/org/apache/tika/pipes/core/PipesServerTest.java,tika-pipes/tika-pipes-integration-tests/src/test/java/org/apache/tika/pipes/core/PipesServerTest.java,org.apache.tika.pipes.core.PipesServerTest,PipesServerTest,11203,unit
tika,697d7c047daf1f661a4ed067bbc8f9c58bb6faa2,1,2026-01-07T07:46:39.000,0.0,false,CONCRETE_CLASS,1,3,0.0,false,68,0,1.9786523235113484E-4,0,CONCRETE_CLASS,/data/tika/tika-integration-tests/tika-pipes-opensearch-integration-tests/src/test/java/org/apache/tika/pipes/opensearch/tests/OpensearchTestClient.java,tika-integration-tests/tika-pipes-opensearch-integration-tests/src/test/java/org/apache/tika/pipes/opensearch/tests/OpensearchTestClient.java,org.apache.tika.pipes.opensearch.tests.OpensearchTestClient,OpensearchTestClient,19395,unit
tika,697d7c047daf1f661a4ed067bbc8f9c58bb6faa2,1,2026-01-07T07:46:39.000,0.0,false,CONCRETE_CLASS,7,1,0.0,false,4,0,3.466947469615816E-4,0,CONCRETE_CLASS,/data/tika/tika-core/src/main/java/org/apache/tika/exception/ZeroByteFileException.java,tika-core/src/main/java/org/apache/tika/exception/ZeroByteFileException.java,org.apache.tika.exception.ZeroByteFileException,ZeroByteFileException,3018,unit
tika,697d7c047daf1f661a4ed067bbc8f9c58bb6faa2,1,2026-01-07T07:46:39.000,0.0,false,CONCRETE_CLASS,1,0,0.0,false,34,0,2.2783420638224848E-4,0,CONCRETE_CLASS,/data/tika/tika-serialization/src/test/java/org/apache/tika/sax/UppercasingContentHandler.java,tika-serialization/src/test/java/org/apache/tika/sax/UppercasingContentHandler.java,org.apache.tika.sax.UppercasingContentHandler,UppercasingContentHandler,7114,unit
tika,697d7c047daf1f661a4ed067bbc8f9c58bb6faa2,1,2026-01-07T07:46:39.000,0.0,false,CONCRETE_CLASS,3,0,0.0,false,6,0,3.6498151346979035E-4,0,CONCRETE_CLASS,/data/tika/tika-pipes/tika-pipes-plugins/tika-pipes-opensearch/src/main/java/org/apache/tika/pipes/emitter/opensearch/HttpClientConfig.java,tika-pipes/tika-pipes-plugins/tika-pipes-opensearch/src/main/java/org/apache/tika/pipes/emitter/opensearch/HttpClientConfig.java,org.apache.tika.pipes.emitter.opensearch.HttpClientConfig,HttpClientConfig,19406,unit
tika,697d7c047daf1f661a4ed067bbc8f9c58bb6faa2,1,2026-01-07T07:46:39.000,0.0,false,INTERFACE,1,0,0.0,false,3,0,2.8225348540616274E-4,0,INTERFACE,/data/tika/tika-grpc/target/generated-sources/protobuf/java/org/apache/tika/DeleteFetcherReplyOrBuilder.java,tika-grpc/target/generated-sources/protobuf/java/org/apache/tika/DeleteFetcherReplyOrBuilder.java,org.apache.tika.DeleteFetcherReplyOrBuilder,DeleteFetcherReplyOrBuilder,23504,unit
tika,697d7c047daf1f661a4ed067bbc8f9c58bb6faa2,1,2026-01-07T07:46:39.000,0.0,false,CONCRETE_CLASS,0,6,0.0,false,40,0,1.8787557434076361E-4,0,CONCRETE_CLASS,/data/tika/tika-parsers/tika-parsers-standard/tika-parsers-standard-package/src/test/java/org/apache/tika/mime/OneOffMimeTest.java,tika-parsers/tika-parsers-standard/tika-parsers-standard-package/src/test/java/org/apache/tika/mime/OneOffMimeTest.java,org.apache.tika.mime.OneOffMimeTest,OneOffMimeTest,15313,unit
tika,697d7c047daf1f661a4ed067bbc8f9c58bb6faa2,1,2026-01-07T07:46:39.000,0.0,false,CONCRETE_CLASS,5,2,0.0,false,14,0,3.431744223181245E-4,0,CONCRETE_CLASS,/data/tika/tika-pipes/tika-pipes-plugins/tika-pipes-opensearch/src/main/java/org/apache/tika/pipes/emitter/opensearch/OpenSearchEmitterConfig.java,tika-pipes/tika-pipes-plugins/tika-pipes-opensearch/src/main/java/org/apache/tika/pipes/emitter/opensearch/OpenSearchEmitterConfig.java,org.apache.tika.pipes.emitter.opensearch.OpenSearchEmitterConfig,OpenSearchEmitterConfig,19415,unit
tika,697d7c047daf1f661a4ed067bbc8f9c58bb6faa2,1,2026-01-07T07:46:39.000,0.0,false,ABSTRACT_CLASS,3,4,0.0,false,33,0,3.2988251756456953E-4,0,ABSTRACT_CLASS,/data/tika/tika-core/src/main/java/org/apache/tika/sax/AbstractRecursiveParserWrapperHandler.java,tika-core/src/main/java/org/apache/tika/sax/AbstractRecursiveParserWrapperHandler.java,org.apache.tika.sax.AbstractRecursiveParserWrapperHandler,AbstractRecursiveParserWrapperHandler,7128,unit
tika,697d7c047daf1f661a4ed067bbc8f9c58bb6faa2,1,2026-01-07T07:46:39.000,0.0,false,CONCRETE_CLASS,0,1,0.0,false,61,0,1.8787557434076361E-4,0,CONCRETE_CLASS,/data/tika/tika-pipes/tika-pipes-core/src/test/java/org/apache/tika/pipes/core/TikaPipesConfigTest.java,tika-pipes/tika-pipes-core/src/test/java/org/apache/tika/pipes/core/TikaPipesConfigTest.java,org.apache.tika.pipes.core.TikaPipesConfigTest,TikaPipesConfigTest,11224,unit
tika,697d7c047daf1f661a4ed067bbc8f9c58bb6faa2,1,2026-01-07T07:46:39.000,0.0,false,CONCRETE_CLASS,0,9,0.0,false,69,0,1.8787557434076361E-4,0,CONCRETE_CLASS,/data/tika/tika-parsers/tika-parsers-standard/tika-parsers-standard-modules/tika-parser-microsoft-module/src/test/java/org/apache/tika/parser/microsoft/pst/OutlookPSTParserTest.java,tika-parsers/tika-parsers-standard/tika-parsers-standard-modules/tika-parser-microsoft-module/src/test/java/org/apache/tika/parser/microsoft/pst/OutlookPSTParserTest.java,org.apache.tika.parser.microsoft.pst.OutlookPSTParserTest,OutlookPSTParserTest,27608,unit
tika,697d7c047daf1f661a4ed067bbc8f9c58bb6faa2,1,2026-01-07T07:46:39.000,0.0,false,CONCRETE_CLASS,0,9,0.0,false,32,0,1.8787557434076361E-4,0,CONCRETE_CLASS,/data/tika/tika-parsers/tika-parsers-standard/tika-parsers-standard-package/src/test/java/org/apache/tika/parser/mail/MboxParserTest.java,tika-parsers/tika-parsers-standard/tika-parsers-standard-package/src/test/java/org/apache/tika/parser/mail/MboxParserTest.java,org.apache.tika.parser.mail.MboxParserTest,MboxParserTest,3037,unit
tika,697d7c047daf1f661a4ed067bbc8f9c58bb6faa2,1,2026-01-07T07:46:39.000,0.0,false,CONCRETE_CLASS,3,7,0.0,false,163,0,2.9707636240726063E-4,0,CONCRETE_CLASS,/data/tika/tika-pipes/tika-pipes-plugins/tika-pipes-opensearch/src/main/java/org/apache/tika/pipes/emitter/opensearch/OpenSearchClient.java,tika-pipes/tika-pipes-plugins/tika-pipes-opensearch/src/main/java/org/apache/tika/pipes/emitter/opensearch/OpenSearchClient.java,org.apache.tika.pipes.emitter.opensearch.OpenSearchClient,OpenSearchClient,19426,unit
tika,697d7c047daf1f661a4ed067bbc8f9c58bb6faa2,1,2026-01-07T07:46:39.000,0.0,false,CONCRETE_CLASS,2,9,0.0,false,41,0,2.172287503522168E-4,0,CONCRETE_CLASS,/data/tika/tika-pipes/tika-pipes-core/src/main/java/org/apache/tika/pipes/core/PipesParser.java,tika-pipes/tika-pipes-core/src/main/java/org/apache/tika/pipes/core/PipesParser.java,org.apache.tika.pipes.core.PipesParser,PipesParser,11236,unit
tika,697d7c047daf1f661a4ed067bbc8f9c58bb6faa2,1,2026-01-07T07:46:39.000,0.0,false,INTERFACE,1,0,0.0,false,11,0,2.765865208162747E-4,0,INTERFACE,/data/tika/tika-grpc/target/generated-sources/protobuf/java/org/apache/tika/GetPipesIteratorReplyOrBuilder.java,tika-grpc/target/generated-sources/protobuf/java/org/apache/tika/GetPipesIteratorReplyOrBuilder.java,org.apache.tika.GetPipesIteratorReplyOrBuilder,GetPipesIteratorReplyOrBuilder,23524,unit
tika,697d7c047daf1f661a4ed067bbc8f9c58bb6faa2,1,2026-01-07T07:46:39.000,0.0,false,CONCRETE_CLASS,2,4,0.0,false,31,0,2.3734816639212582E-4,0,CONCRETE_CLASS,/data/tika/tika-core/src/main/java/org/apache/tika/sax/StandardsExtractingContentHandler.java,tika-core/src/main/java/org/apache/tika/sax/StandardsExtractingContentHandler.java,org.apache.tika.sax.StandardsExtractingContentHandler,StandardsExtractingContentHandler,7141,unit
tika,697d7c047daf1f661a4ed067bbc8f9c58bb6faa2,1,2026-01-07T07:46:39.000,0.0,false,CONCRETE_CLASS,3,5,0.0,false,10,0,2.5358532480898317E-4,0,CONCRETE_CLASS,/data/tika/tika-core/src/main/java/org/apache/tika/detect/TypeDetector.java,tika-core/src/main/java/org/apache/tika/detect/TypeDetector.java,org.apache.tika.detect.TypeDetector,TypeDetector,3048,unit
tika,697d7c047daf1f661a4ed067bbc8f9c58bb6faa2,1,2026-01-07T07:46:39.000,0.0,false,CONCRETE_CLASS,2,0,0.0,false,46,0,3.3975560709403484E-4,0,CONCRETE_CLASS,/data/tika/tika-core/src/main/java/org/apache/tika/sax/StandardReference.java,tika-core/src/main/java/org/apache/tika/sax/StandardReference.java,org.apache.tika.sax.StandardReference,StandardReference,7149,unit
tika,697d7c047daf1f661a4ed067bbc8f9c58bb6faa2,1,2026-01-07T07:46:39.000,0.0,false,CONCRETE_CLASS,1,13,0.0,false,46,0,2.2783420638224848E-4,0,CONCRETE_CLASS,/data/tika/tika-parsers/tika-parsers-standard/tika-parsers-standard-modules/tika-parser-miscoffice-module/src/main/java/org/apache/tika/parser/mif/MIFParser.java,tika-parsers/tika-parsers-standard/tika-parsers-standard-modules/tika-parser-miscoffice-module/src/main/java/org/apache/tika/parser/mif/MIFParser.java,org.apache.tika.parser.mif.MIFParser,MIFParser,27631,unit
tika,697d7c047daf1f661a4ed067bbc8f9c58bb6faa2,1,2026-01-07T07:46:39.000,0.0,false,CONCRETE_CLASS,2,14,0.0,false,114,0,2.216184191757953E-4,0,CONCRETE_CLASS,/data/tika/tika-parsers/tika-parsers-standard/tika-parsers-standard-modules/tika-parser-mail-module/src/main/java/org/apache/tika/parser/mbox/MboxParser.java,tika-parsers/tika-parsers-standard/tika-parsers-standard-modules/tika-parser-mail-module/src/main/java/org/apache/tika/parser/mbox/MboxParser.java,org.apache.tika.parser.mbox.MboxParser,MboxParser,3058,unit
tika,697d7c047daf1f661a4ed067bbc8f9c58bb6faa2,1,2026-01-07T07:46:39.000,0.0,false,INTERFACE,1,0,0.0,false,5,0,2.765865208162747E-4,0,INTERFACE,/data/tika/tika-grpc/target/generated-sources/protobuf/java/org/apache/tika/GetPipesIteratorRequestOrBuilder.java,tika-grpc/target/generated-sources/protobuf/java/org/apache/tika/GetPipesIteratorRequestOrBuilder.java,org.apache.tika.GetPipesIteratorRequestOrBuilder,GetPipesIteratorRequestOrBuilder,23538,unit
tika,697d7c047daf1f661a4ed067bbc8f9c58bb6faa2,1,2026-01-07T07:46:39.000,0.0,false,CONCRETE_CLASS,1,2,0.0,false,51,0,2.383585691920406E-4,0,CONCRETE_CLASS,/data/tika/tika-core/src/main/java/org/apache/tika/sax/StandardsText.java,tika-core/src/main/java/org/apache/tika/sax/StandardsText.java,org.apache.tika.sax.StandardsText,StandardsText,7157,unit
tika,697d7c047daf1f661a4ed067bbc8f9c58bb6faa2,1,2026-01-07T07:46:39.000,0.0,false,CONCRETE_CLASS,1,0,0.0,false,4,0,2.0043039690947987E-4,0,CONCRETE_CLASS,/data/tika/tika-pipes/tika-pipes-core/src/main/java/org/apache/tika/pipes/core/ServerInitializationException.java,tika-pipes/tika-pipes-core/src/main/java/org/apache/tika/pipes/core/ServerInitializationException.java,org.apache.tika.pipes.core.ServerInitializationException,ServerInitializationException,11254,unit
tika,697d7c047daf1f661a4ed067bbc8f9c58bb6faa2,1,2026-01-07T07:46:39.000,0.0,false,CONCRETE_CLASS,1,1,0.0,false,74,0,2.0278606016424576E-4,0,CONCRETE_CLASS,/data/tika/tika-parsers/tika-parsers-standard/tika-parsers-standard-modules/tika-parser-miscoffice-module/src/main/java/org/apache/tika/parser/mif/MIFExtractor.java,tika-parsers/tika-parsers-standard/tika-parsers-standard-modules/tika-parser-miscoffice-module/src/main/java/org/apache/tika/parser/mif/MIFExtractor.java,org.apache.tika.parser.mif.MIFExtractor,MIFExtractor,27638,unit
tika,697d7c047daf1f661a4ed067bbc8f9c58bb6faa2,1,2026-01-07T07:46:39.000,0.0,false,CONCRETE_CLASS,0,11,0.0,false,207,0,1.8787557434076361E-4,0,CONCRETE_CLASS,/data/tika/tika-core/src/test/java/org/apache/tika/mime/MimeTypesReaderTest.java,tika-core/src/test/java/org/apache/tika/mime/MimeTypesReaderTest.java,org.apache.tika.mime.MimeTypesReaderTest,MimeTypesReaderTest,15351,unit
tika,697d7c047daf1f661a4ed067bbc8f9c58bb6faa2,1,2026-01-07T07:46:39.000,0.0,false,INTERFACE,1,0,0.0,false,5,0,2.765865208162747E-4,0,INTERFACE,/data/tika/tika-grpc/target/generated-sources/protobuf/java/org/apache/tika/SavePipesIteratorReplyOrBuilder.java,tika-grpc/target/generated-sources/protobuf/java/org/apache/tika/SavePipesIteratorReplyOrBuilder.java,org.apache.tika.SavePipesIteratorReplyOrBuilder,SavePipesIteratorReplyOrBuilder,23547,unit
tika,697d7c047daf1f661a4ed067bbc8f9c58bb6faa2,1,2026-01-07T07:46:39.000,0.0,false,CONCRETE_CLASS,2,2,0.0,false,22,0,2.2514665101371677E-4,0,CONCRETE_CLASS,/data/tika/tika-core/src/main/java/org/apache/tika/sax/ExpandedTitleContentHandler.java,tika-core/src/main/java/org/apache/tika/sax/ExpandedTitleContentHandler.java,org.apache.tika.sax.ExpandedTitleContentHandler,ExpandedTitleContentHandler,7170,unit
tika,697d7c047daf1f661a4ed067bbc8f9c58bb6faa2,1,2026-01-07T07:46:39.000,0.0,false,CONCRETE_CLASS,1,2,0.0,false,48,0,2.0278606016424576E-4,0,CONCRETE_CLASS,/data/tika/tika-parsers/tika-parsers-standard/tika-parsers-standard-modules/tika-parser-miscoffice-module/src/main/java/org/apache/tika/parser/mif/MIFContentHandler.java,tika-parsers/tika-parsers-standard/tika-parsers-standard-modules/tika-parser-miscoffice-module/src/main/java/org/apache/tika/parser/mif/MIFContentHandler.java,org.apache.tika.parser.mif.MIFContentHandler,MIFContentHandler,27652,unit
tika,697d7c047daf1f661a4ed067bbc8f9c58bb6faa2,1,2026-01-07T07:46:39.000,0.0,false,CONCRETE_CLASS,1,19,0.0,false,124,0,1.9718876940752445E-4,0,CONCRETE_CLASS,/data/tika/tika-parsers/tika-parsers-standard/tika-parsers-standard-modules/tika-parser-microsoft-module/src/main/java/org/apache/tika/parser/microsoft/onenote/fsshttpb/MSOneStoreParser.java,tika-parsers/tika-parsers-standard/tika-parsers-standard-modules/tika-parser-microsoft-module/src/main/java/org/apache/tika/parser/microsoft/onenote/fsshttpb/MSOneStoreParser.java,org.apache.tika.parser.microsoft.onenote.fsshttpb.MSOneStoreParser,MSOneStoreParser,3078,unit
tika,697d7c047daf1f661a4ed067bbc8f9c58bb6faa2,1,2026-01-07T07:46:39.000,0.0,false,CONCRETE_CLASS,0,4,0.0,false,19,0,1.8787557434076361E-4,0,CONCRETE_CLASS,/data/tika/tika-parsers/tika-parsers-standard/tika-parsers-standard-package/src/main/java/org/apache/tika/parser/internal/Activator.java,tika-parsers/tika-parsers-standard/tika-parsers-standard-package/src/main/java/org/apache/tika/parser/internal/Activator.java,org.apache.tika.parser.internal.Activator,Activator,19463,unit
tika,697d7c047daf1f661a4ed067bbc8f9c58bb6faa2,1,2026-01-07T07:46:39.000,0.0,false,INTERFACE,1,0,0.0,false,11,0,2.765865208162747E-4,0,INTERFACE,/data/tika/tika-grpc/target/generated-sources/protobuf/java/org/apache/tika/SavePipesIteratorRequestOrBuilder.java,tika-grpc/target/generated-sources/protobuf/java/org/apache/tika/SavePipesIteratorRequestOrBuilder.java,org.apache.tika.SavePipesIteratorRequestOrBuilder,SavePipesIteratorRequestOrBuilder,23561,unit
tika,697d7c047daf1f661a4ed067bbc8f9c58bb6faa2,1,2026-01-07T07:46:39.000,0.0,false,CONCRETE_CLASS,1,1,0.0,false,17,0,2.100353688801668E-4,0,CONCRETE_CLASS,/data/tika/tika-core/src/main/java/org/apache/tika/mime/MinShouldMatchClause.java,tika-core/src/main/java/org/apache/tika/mime/MinShouldMatchClause.java,org.apache.tika.mime.MinShouldMatchClause,MinShouldMatchClause,15371,unit
tika,697d7c047daf1f661a4ed067bbc8f9c58bb6faa2,1,2026-01-07T07:46:39.000,0.0,false,CONCRETE_CLASS,26,4,0.0,false,76,0,0.0010381331842013728,0,CONCRETE_CLASS,/data/tika/tika-parsers/tika-parsers-standard/tika-parsers-standard-modules/tika-parser-microsoft-module/src/main/java/org/apache/tika/parser/microsoft/onenote/fsshttpb/streamobj/basic/ExGuid.java,tika-parsers/tika-parsers-standard/tika-parsers-standard-modules/tika-parser-microsoft-module/src/main/java/org/apache/tika/parser/microsoft/onenote/fsshttpb/streamobj/basic/ExGuid.java,org.apache.tika.parser.microsoft.onenote.fsshttpb.streamobj.basic.ExGuid,ExGuid,3084,unit
tika,697d7c047daf1f661a4ed067bbc8f9c58bb6faa2,1,2026-01-07T07:46:39.000,0.0,false,CONCRETE_CLASS,0,6,0.0,false,19,0,1.8787557434076361E-4,0,CONCRETE_CLASS,/data/tika/tika-parsers/tika-parsers-standard/tika-parsers-standard-package/src/test/java/org/apache/tika/sax/StandardsExtractingContentHandlerTest.java,tika-parsers/tika-parsers-standard/tika-parsers-standard-package/src/test/java/org/apache/tika/sax/StandardsExtractingContentHandlerTest.java,org.apache.tika.sax.StandardsExtractingContentHandlerTest,StandardsExtractingContentHandlerTest,7183,unit
tika,697d7c047daf1f661a4ed067bbc8f9c58bb6faa2,1,2026-01-07T07:46:39.000,0.0,false,CONCRETE_CLASS,0,1,0.0,false,9,0,1.8787557434076361E-4,0,CONCRETE_CLASS,/data/tika/tika-core/src/test/java/org/apache/tika/TikaIT.java,tika-core/src/test/java/org/apache/tika/TikaIT.java,org.apache.tika.TikaIT,TikaIT,23570,unit
tika,697d7c047daf1f661a4ed067bbc8f9c58bb6faa2,1,2026-01-07T07:46:39.000,0.0,false,CONCRETE_CLASS,2,9,0.0,false,24,0,2.025474840045518E-4,0,CONCRETE_CLASS,/data/tika/tika-parsers/tika-parsers-standard/tika-parsers-standard-modules/tika-parser-microsoft-module/src/main/java/org/apache/tika/parser/microsoft/onenote/fsshttpb/streamobj/basic/HeaderCell.java,tika-parsers/tika-parsers-standard/tika-parsers-standard-modules/tika-parser-microsoft-module/src/main/java/org/apache/tika/parser/microsoft/onenote/fsshttpb/streamobj/basic/HeaderCell.java,org.apache.tika.parser.microsoft.onenote.fsshttpb.streamobj.basic.HeaderCell,HeaderCell,3092,unit
tika,697d7c047daf1f661a4ed067bbc8f9c58bb6faa2,1,2026-01-07T07:46:39.000,0.0,false,CONCRETE_CLASS,0,4,0.0,false,19,0,1.8787557434076361E-4,0,CONCRETE_CLASS,/data/tika/tika-parsers/tika-parsers-standard/tika-parsers-standard-modules/tika-parser-miscoffice-module/src/test/java/org/apache/tika/parser/mif/MIFParserTest.java,tika-parsers/tika-parsers-standard/tika-parsers-standard-modules/tika-parser-miscoffice-module/src/test/java/org/apache/tika/parser/mif/MIFParserTest.java,org.apache.tika.parser.mif.MIFParserTest,MIFParserTest,27669,unit
tika,697d7c047daf1f661a4ed067bbc8f9c58bb6faa2,1,2026-01-07T07:46:39.000,0.0,false,CONCRETE_CLASS,0,16,0.0,false,69,0,1.8787557434076361E-4,0,CONCRETE_CLASS,/data/tika/tika-pipes/tika-pipes-integration-tests/src/test/java/org/apache/tika/pipes/core/PassbackFilterTest.java,tika-pipes/tika-pipes-integration-tests/src/test/java/org/apache/tika/pipes/core/PassbackFilterTest.java,org.apache.tika.pipes.core.PassbackFilterTest,PassbackFilterTest,11286,unit
tika,697d7c047daf1f661a4ed067bbc8f9c58bb6faa2,1,2026-01-07T07:46:39.000,0.0,false,CONCRETE_CLASS,5,21,0.0,false,113,0,2.4982727360080466E-4,0,CONCRETE_CLASS,/data/tika/tika-parsers/tika-parsers-standard/tika-parsers-standard-modules/tika-parser-microsoft-module/src/main/java/org/apache/tika/parser/microsoft/onenote/fsshttpb/streamobj/ObjectGroupDataElementData.java,tika-parsers/tika-parsers-standard/tika-parsers-standard-modules/tika-parser-microsoft-module/src/main/java/org/apache/tika/parser/microsoft/onenote/fsshttpb/streamobj/ObjectGroupDataElementData.java,org.apache.tika.parser.microsoft.onenote.fsshttpb.streamobj.ObjectGroupDataElementData,ObjectGroupDataElementData,3100,unit
tika,697d7c047daf1f661a4ed067bbc8f9c58bb6faa2,1,2026-01-07T07:46:39.000,0.0,false,INTERFACE,1,0,0.0,false,5,0,2.765865208162747E-4,0,INTERFACE,/data/tika/tika-grpc/target/generated-sources/protobuf/java/org/apache/tika/GetFetcherConfigJsonSchemaReplyOrBuilder.java,tika-grpc/target/generated-sources/protobuf/java/org/apache/tika/GetFetcherConfigJsonSchemaReplyOrBuilder.java,org.apache.tika.GetFetcherConfigJsonSchemaReplyOrBuilder,GetFetcherConfigJsonSchemaReplyOrBuilder,23580,unit
tika,697d7c047daf1f661a4ed067bbc8f9c58bb6faa2,1,2026-01-07T07:46:39.000,0.0,false,INTERFACE,1,0,0.0,false,27,0,2.100353688801668E-4,0,INTERFACE,/data/tika/tika-core/src/main/java/org/apache/tika/mime/MimeTypesReaderMetKeys.java,tika-core/src/main/java/org/apache/tika/mime/MimeTypesReaderMetKeys.java,org.apache.tika.mime.MimeTypesReaderMetKeys,MimeTypesReaderMetKeys,15389,unit
tika,697d7c047daf1f661a4ed067bbc8f9c58bb6faa2,1,2026-01-07T07:46:39.000,0.0,false,CONCRETE_CLASS,0,7,0.0,false,32,0,1.8787557434076361E-4,0,CONCRETE_CLASS,/data/tika/tika-core/src/main/java/org/apache/tika/metadata/filter/ClearByAttachmentTypeMetadataFilter.java,tika-core/src/main/java/org/apache/tika/metadata/filter/ClearByAttachmentTypeMetadataFilter.java,org.apache.tika.metadata.filter.ClearByAttachmentTypeMetadataFilter,ClearByAttachmentTypeMetadataFilter,19488,unit
tika,697d7c047daf1f661a4ed067bbc8f9c58bb6faa2,1,2026-01-07T07:46:39.000,0.0,false,CONCRETE_CLASS,15,0,0.0,false,6,0,0.002884785032301229,0,CONCRETE_CLASS,/data/tika/tika-core/src/main/java/org/apache/tika/sax/xpath/Matcher.java,tika-core/src/main/java/org/apache/tika/sax/xpath/Matcher.java,org.apache.tika.sax.xpath.Matcher,Matcher,7201,unit
tika,697d7c047daf1f661a4ed067bbc8f9c58bb6faa2,1,2026-01-07T07:46:39.000,0.0,false,CONCRETE_CLASS,3,6,0.0,false,21,0,2.4786142537691977E-4,0,CONCRETE_CLASS,/data/tika/tika-parsers/tika-parsers-standard/tika-parsers-standard-modules/tika-parser-microsoft-module/src/main/java/org/apache/tika/parser/microsoft/onenote/fsshttpb/streamobj/CellManifestCurrentRevision.java,tika-parsers/tika-parsers-standard/tika-parsers-standard-modules/tika-parser-microsoft-module/src/main/java/org/apache/tika/parser/microsoft/onenote/fsshttpb/streamobj/CellManifestCurrentRevision.java,org.apache.tika.parser.microsoft.onenote.fsshttpb.streamobj.CellManifestCurrentRevision,CellManifestCurrentRevision,3108,unit
tika,697d7c047daf1f661a4ed067bbc8f9c58bb6faa2,1,2026-01-07T07:46:39.000,0.0,false,CONCRETE_CLASS,1,3,0.0,false,18,0,2.100353688801668E-4,0,CONCRETE_CLASS,/data/tika/tika-core/src/main/java/org/apache/tika/mime/MagicMatch.java,tika-core/src/main/java/org/apache/tika/mime/MagicMatch.java,org.apache.tika.mime.MagicMatch,MagicMatch,15397,unit
tika,697d7c047daf1f661a4ed067bbc8f9c58bb6faa2,1,2026-01-07T07:46:39.000,0.0,false,INTERFACE,1,0,0.0,false,5,0,2.765865208162747E-4,0,INTERFACE,/data/tika/tika-grpc/target/generated-sources/protobuf/java/org/apache/tika/DeletePipesIteratorRequestOrBuilder.java,tika-grpc/target/generated-sources/protobuf/java/org/apache/tika/DeletePipesIteratorRequestOrBuilder.java,org.apache.tika.DeletePipesIteratorRequestOrBuilder,DeletePipesIteratorRequestOrBuilder,23592,unit
tika,697d7c047daf1f661a4ed067bbc8f9c58bb6faa2,1,2026-01-07T07:46:39.000,0.0,false,CONCRETE_CLASS,4,10,0.0,false,34,0,6.556608262651598E-4,0,CONCRETE_CLASS,/data/tika/tika-core/src/main/java/org/apache/tika/sax/xpath/XPathParser.java,tika-core/src/main/java/org/apache/tika/sax/xpath/XPathParser.java,org.apache.tika.sax.xpath.XPathParser,XPathParser,7210,unit
tika,697d7c047daf1f661a4ed067bbc8f9c58bb6faa2,1,2026-01-07T07:46:39.000,0.0,false,CONCRETE_CLASS,3,6,0.0,false,24,0,2.231410861753871E-4,0,CONCRETE_CLASS,/data/tika/tika-parsers/tika-parsers-standard/tika-parsers-standard-modules/tika-parser-microsoft-module/src/main/java/org/apache/tika/parser/microsoft/onenote/fsshttpb/streamobj/RevisionManifestRootDeclare.java,tika-parsers/tika-parsers-standard/tika-parsers-standard-modules/tika-parser-microsoft-module/src/main/java/org/apache/tika/parser/microsoft/onenote/fsshttpb/streamobj/RevisionManifestRootDeclare.java,org.apache.tika.parser.microsoft.onenote.fsshttpb.streamobj.RevisionManifestRootDeclare,RevisionManifestRootDeclare,3116,unit
tika,697d7c047daf1f661a4ed067bbc8f9c58bb6faa2,1,2026-01-07T07:46:39.000,0.0,false,CONCRETE_CLASS,3,4,0.0,false,26,0,5.757435621821901E-4,0,CONCRETE_CLASS,/data/tika/tika-core/src/main/java/org/apache/tika/sax/xpath/MatchingContentHandler.java,tika-core/src/main/java/org/apache/tika/sax/xpath/MatchingContentHandler.java,org.apache.tika.sax.xpath.MatchingContentHandler,MatchingContentHandler,7218,unit
tika,697d7c047daf1f661a4ed067bbc8f9c58bb6faa2,1,2026-01-07T07:46:39.000,0.0,false,CONCRETE_CLASS,0,5,0.0,false,11,0,1.8787557434076361E-4,0,CONCRETE_CLASS,/data/tika/tika-serialization/src/test/java/org/apache/tika/metadata/filter/MetadataListFilterTest.java,tika-serialization/src/test/java/org/apache/tika/metadata/filter/MetadataListFilterTest.java,org.apache.tika.metadata.filter.MetadataListFilterTest,MetadataListFilterTest,19506,unit
tika,697d7c047daf1f661a4ed067bbc8f9c58bb6faa2,1,2026-01-07T07:46:39.000,0.0,false,CONCRETE_CLASS,2,17,0.0,false,62,0,2.025474840045518E-4,0,CONCRETE_CLASS,/data/tika/tika-parsers/tika-parsers-standard/tika-parsers-standard-modules/tika-parser-microsoft-module/src/main/java/org/apache/tika/parser/microsoft/onenote/fsshttpb/streamobj/RevisionStoreObjectGroup.java,tika-parsers/tika-parsers-standard/tika-parsers-standard-modules/tika-parser-microsoft-module/src/main/java/org/apache/tika/parser/microsoft/onenote/fsshttpb/streamobj/RevisionStoreObjectGroup.java,org.apache.tika.parser.microsoft.onenote.fsshttpb.streamobj.RevisionStoreObjectGroup,RevisionStoreObjectGroup,3124,unit
tika,697d7c047daf1f661a4ed067bbc8f9c58bb6faa2,1,2026-01-07T07:46:39.000,0.0,false,CONCRETE_CLASS,0,7,0.0,false,26,0,1.8787557434076361E-4,0,CONCRETE_CLASS,/data/tika/tika-parsers/tika-parsers-ml/tika-parser-nlp-module/src/test/java/org/apache/tika/parser/ner/regex/RegexNERecogniserTest.java,tika-parsers/tika-parsers-ml/tika-parser-nlp-module/src/test/java/org/apache/tika/parser/ner/regex/RegexNERecogniserTest.java,org.apache.tika.parser.ner.regex.RegexNERecogniserTest,RegexNERecogniserTest,27702,unit
tika,697d7c047daf1f661a4ed067bbc8f9c58bb6faa2,1,2026-01-07T07:46:39.000,0.0,false,CONCRETE_CLASS,0,5,0.0,false,33,0,1.8787557434076361E-4,0,CONCRETE_CLASS,/data/tika/tika-core/src/test/java/org/apache/tika/mime/RFC822DetectionTest.java,tika-core/src/test/java/org/apache/tika/mime/RFC822DetectionTest.java,org.apache.tika.mime.RFC822DetectionTest,RFC822DetectionTest,15415,unit
tika,697d7c047daf1f661a4ed067bbc8f9c58bb6faa2,1,2026-01-07T07:46:39.000,0.0,false,CONCRETE_CLASS,3,6,0.0,false,24,0,2.231410861753871E-4,0,CONCRETE_CLASS,/data/tika/tika-parsers/tika-parsers-standard/tika-parsers-standard-modules/tika-parser-microsoft-module/src/main/java/org/apache/tika/parser/microsoft/onenote/fsshttpb/streamobj/RevisionManifestObjectGroupReferences.java,tika-parsers/tika-parsers-standard/tika-parsers-standard-modules/tika-parser-microsoft-module/src/main/java/org/apache/tika/parser/microsoft/onenote/fsshttpb/streamobj/RevisionManifestObjectGroupReferences.java,org.apache.tika.parser.microsoft.onenote.fsshttpb.streamobj.RevisionManifestObjectGroupReferences,RevisionManifestObjectGroupReferences,3132,unit
tika,697d7c047daf1f661a4ed067bbc8f9c58bb6faa2,1,2026-01-07T07:46:39.000,0.0,false,CONCRETE_CLASS,1,0,0.0,false,8,0,3.3382125620882877E-4,0,CONCRETE_CLASS,/data/tika/tika-core/src/main/java/org/apache/tika/sax/TaggedSAXException.java,tika-core/src/main/java/org/apache/tika/sax/TaggedSAXException.java,org.apache.tika.sax.TaggedSAXException,TaggedSAXException,7232,unit
tika,697d7c047daf1f661a4ed067bbc8f9c58bb6faa2,1,2026-01-07T07:46:39.000,0.0,false,CONCRETE_CLASS,1,5,0.0,false,27,0,2.145146623684202E-4,0,CONCRETE_CLASS,/data/tika/tika-core/src/main/java/org/apache/tika/metadata/filter/FieldNameMappingFilter.java,tika-core/src/main/java/org/apache/tika/metadata/filter/FieldNameMappingFilter.java,org.apache.tika.metadata.filter.FieldNameMappingFilter,FieldNameMappingFilter,19522,unit
tika,697d7c047daf1f661a4ed067bbc8f9c58bb6faa2,1,2026-01-07T07:46:39.000,0.0,false,CONCRETE_CLASS,3,8,0.0,false,34,0,2.0920725601146592E-4,0,CONCRETE_CLASS,/data/tika/tika-parsers/tika-parsers-standard/tika-parsers-standard-modules/tika-parser-microsoft-module/src/main/java/org/apache/tika/parser/microsoft/onenote/fsshttpb/streamobj/StorageManifestDataElementData.java,tika-parsers/tika-parsers-standard/tika-parsers-standard-modules/tika-parser-microsoft-module/src/main/java/org/apache/tika/parser/microsoft/onenote/fsshttpb/streamobj/StorageManifestDataElementData.java,org.apache.tika.parser.microsoft.onenote.fsshttpb.streamobj.StorageManifestDataElementData,StorageManifestDataElementData,3140,unit
tika,697d7c047daf1f661a4ed067bbc8f9c58bb6faa2,1,2026-01-07T07:46:39.000,0.0,false,CONCRETE_CLASS,0,7,0.0,false,129,0,1.8787557434076361E-4,0,CONCRETE_CLASS,/data/tika/tika-core/src/test/java/org/apache/tika/mime/MimeDetectionTest.java,tika-core/src/test/java/org/apache/tika/mime/MimeDetectionTest.java,org.apache.tika.mime.MimeDetectionTest,MimeDetectionTest,15429,unit
tika,697d7c047daf1f661a4ed067bbc8f9c58bb6faa2,1,2026-01-07T07:46:39.000,0.0,false,INTERFACE,1,0,0.0,false,24,0,3.8524145232388015E-4,0,INTERFACE,/data/tika/tika-grpc/target/generated-sources/protobuf/java/org/apache/tika/FetchAndParseReplyOrBuilder.java,tika-grpc/target/generated-sources/protobuf/java/org/apache/tika/FetchAndParseReplyOrBuilder.java,org.apache.tika.FetchAndParseReplyOrBuilder,FetchAndParseReplyOrBuilder,23623,unit
tika,697d7c047daf1f661a4ed067bbc8f9c58bb6faa2,1,2026-01-07T07:46:39.000,0.0,false,CONCRETE_CLASS,3,1,0.0,false,79,0,0.001845113969970387,0,CONCRETE_CLASS,/data/tika/tika-core/src/main/java/org/apache/tika/sax/SafeContentHandler.java,tika-core/src/main/java/org/apache/tika/sax/SafeContentHandler.java,org.apache.tika.sax.SafeContentHandler,SafeContentHandler,7241,unit
tika,697d7c047daf1f661a4ed067bbc8f9c58bb6faa2,1,2026-01-07T07:46:39.000,0.0,false,CONCRETE_CLASS,3,9,0.0,false,43,0,2.0920725601146592E-4,0,CONCRETE_CLASS,/data/tika/tika-parsers/tika-parsers-standard/tika-parsers-standard-modules/tika-parser-microsoft-module/src/main/java/org/apache/tika/parser/microsoft/onenote/fsshttpb/streamobj/RevisionManifestDataElementData.java,tika-parsers/tika-parsers-standard/tika-parsers-standard-modules/tika-parser-microsoft-module/src/main/java/org/apache/tika/parser/microsoft/onenote/fsshttpb/streamobj/RevisionManifestDataElementData.java,org.apache.tika.parser.microsoft.onenote.fsshttpb.streamobj.RevisionManifestDataElementData,RevisionManifestDataElementData,3148,unit
tika,697d7c047daf1f661a4ed067bbc8f9c58bb6faa2,1,2026-01-07T07:46:39.000,0.0,false,ABSTRACT_CLASS,3,0,0.0,false,10,0,6.753675245987231E-4,0,ABSTRACT_CLASS,/data/tika/tika-pipes/tika-pipes-plugins/tika-pipes-http/src/main/java/org/apache/tika/pipes/fetcher/http/jwt/JwtCreds.java,tika-pipes/tika-pipes-plugins/tika-pipes-http/src/main/java/org/apache/tika/pipes/fetcher/http/jwt/JwtCreds.java,org.apache.tika.pipes.fetcher.http.jwt.JwtCreds,JwtCreds,27727,unit
tika,697d7c047daf1f661a4ed067bbc8f9c58bb6faa2,1,2026-01-07T07:46:39.000,0.0,false,CONCRETE_CLASS,0,8,0.0,false,43,0,1.8787557434076361E-4,0,CONCRETE_CLASS,/data/tika/tika-core/src/main/java/org/apache/tika/metadata/filter/CaptureGroupMetadataFilter.java,tika-core/src/main/java/org/apache/tika/metadata/filter/CaptureGroupMetadataFilter.java,org.apache.tika.metadata.filter.CaptureGroupMetadataFilter,CaptureGroupMetadataFilter,19538,unit
tika,697d7c047daf1f661a4ed067bbc8f9c58bb6faa2,1,2026-01-07T07:46:39.000,0.0,false,CONCRETE_CLASS,2,5,0.0,false,24,0,2.134810328935649E-4,0,CONCRETE_CLASS,/data/tika/tika-parsers/tika-parsers-standard/tika-parsers-standard-modules/tika-parser-microsoft-module/src/main/java/org/apache/tika/parser/microsoft/onenote/fsshttpb/streamobj/DataElementPackage.java,tika-parsers/tika-parsers-standard/tika-parsers-standard-modules/tika-parser-microsoft-module/src/main/java/org/apache/tika/parser/microsoft/onenote/fsshttpb/streamobj/DataElementPackage.java,org.apache.tika.parser.microsoft.onenote.fsshttpb.streamobj.DataElementPackage,DataElementPackage,3156,unit
tika,697d7c047daf1f661a4ed067bbc8f9c58bb6faa2,1,2026-01-07T07:46:39.000,0.0,false,CONCRETE_CLASS,1,1,0.0,false,19,0,2.63821608755629E-4,0,CONCRETE_CLASS,/data/tika/tika-core/src/main/java/org/apache/tika/sax/LinkBuilder.java,tika-core/src/main/java/org/apache/tika/sax/LinkBuilder.java,org.apache.tika.sax.LinkBuilder,LinkBuilder,7253,unit
tika,697d7c047daf1f661a4ed067bbc8f9c58bb6faa2,1,2026-01-07T07:46:39.000,0.0,false,CONCRETE_CLASS,0,5,0.0,false,62,0,1.8787557434076361E-4,0,CONCRETE_CLASS,/data/tika/tika-parsers/tika-parsers-standard/tika-parsers-standard-package/src/test/java/org/apache/tika/mime/MimeTypesTest.java,tika-parsers/tika-parsers-standard/tika-parsers-standard-package/src/test/java/org/apache/tika/mime/MimeTypesTest.java,org.apache.tika.mime.MimeTypesTest,MimeTypesTest,15445,unit
tika,697d7c047daf1f661a4ed067bbc8f9c58bb6faa2,1,2026-01-07T07:46:39.000,0.0,false,CONCRETE_CLASS,3,2,0.0,false,21,0,3.24215772706519E-4,0,CONCRETE_CLASS,/data/tika/tika-pipes/tika-pipes-plugins/tika-pipes-http/src/main/java/org/apache/tika/pipes/fetcher/http/jwt/JwtPrivateKeyCreds.java,tika-pipes/tika-pipes-plugins/tika-pipes-http/src/main/java/org/apache/tika/pipes/fetcher/http/jwt/JwtPrivateKeyCreds.java,org.apache.tika.pipes.fetcher.http.jwt.JwtPrivateKeyCreds,JwtPrivateKeyCreds,27736,unit
tika,697d7c047daf1f661a4ed067bbc8f9c58bb6faa2,1,2026-01-07T07:46:39.000,0.0,false,CONCRETE_CLASS,4,0,0.0,false,48,0,5.593230588501301E-4,0,CONCRETE_CLASS,/data/tika/tika-core/src/main/java/org/apache/tika/sax/Link.java,tika-core/src/main/java/org/apache/tika/sax/Link.java,org.apache.tika.sax.Link,Link,7259,unit
tika,697d7c047daf1f661a4ed067bbc8f9c58bb6faa2,1,2026-01-07T07:46:39.000,0.0,false,CONCRETE_CLASS,3,7,0.0,false,25,0,2.2561312009554036E-4,0,CONCRETE_CLASS,/data/tika/tika-parsers/tika-parsers-standard/tika-parsers-standard-modules/tika-parser-microsoft-module/src/main/java/org/apache/tika/parser/microsoft/onenote/fsshttpb/streamobj/StorageManifestRootDeclare.java,tika-parsers/tika-parsers-standard/tika-parsers-standard-modules/tika-parser-microsoft-module/src/main/java/org/apache/tika/parser/microsoft/onenote/fsshttpb/streamobj/StorageManifestRootDeclare.java,org.apache.tika.parser.microsoft.onenote.fsshttpb.streamobj.StorageManifestRootDeclare,StorageManifestRootDeclare,3164,unit
tika,697d7c047daf1f661a4ed067bbc8f9c58bb6faa2,1,2026-01-07T07:46:39.000,0.0,false,CONCRETE_CLASS,4,8,0.0,false,29,0,2.2898352737269208E-4,0,CONCRETE_CLASS,/data/tika/tika-parsers/tika-parsers-standard/tika-parsers-standard-modules/tika-parser-microsoft-module/src/main/java/org/apache/tika/parser/microsoft/onenote/fsshttpb/streamobj/StorageIndexCellMapping.java,tika-parsers/tika-parsers-standard/tika-parsers-standard-modules/tika-parser-microsoft-module/src/main/java/org/apache/tika/parser/microsoft/onenote/fsshttpb/streamobj/StorageIndexCellMapping.java,org.apache.tika.parser.microsoft.onenote.fsshttpb.streamobj.StorageIndexCellMapping,StorageIndexCellMapping,3172,unit
tika,697d7c047daf1f661a4ed067bbc8f9c58bb6faa2,1,2026-01-07T07:46:39.000,0.0,false,CONCRETE_CLASS,3,3,0.0,false,35,0,2.5990808063574265E-4,0,CONCRETE_CLASS,/data/tika/tika-pipes/tika-pipes-plugins/tika-pipes-http/src/main/java/org/apache/tika/pipes/fetcher/http/jwt/JwtGenerator.java,tika-pipes/tika-pipes-plugins/tika-pipes-http/src/main/java/org/apache/tika/pipes/fetcher/http/jwt/JwtGenerator.java,org.apache.tika.pipes.fetcher.http.jwt.JwtGenerator,JwtGenerator,27749,unit
tika,697d7c047daf1f661a4ed067bbc8f9c58bb6faa2,1,2026-01-07T07:46:39.000,0.0,false,CONCRETE_CLASS,0,1,0.0,false,23,0,1.8787557434076361E-4,0,CONCRETE_CLASS,/data/tika/tika-core/src/test/java/org/apache/tika/sax/OfflineContentHandlerTest.java,tika-core/src/test/java/org/apache/tika/sax/OfflineContentHandlerTest.java,org.apache.tika.sax.OfflineContentHandlerTest,OfflineContentHandlerTest,7270,unit
tika,697d7c047daf1f661a4ed067bbc8f9c58bb6faa2,1,2026-01-07T07:46:39.000,0.0,false,CONCRETE_CLASS,1,5,0.0,false,20,0,2.011951183545919E-4,0,CONCRETE_CLASS,/data/tika/tika-core/src/main/java/org/apache/tika/metadata/filter/IncludeFieldMetadataFilter.java,tika-core/src/main/java/org/apache/tika/metadata/filter/IncludeFieldMetadataFilter.java,org.apache.tika.metadata.filter.IncludeFieldMetadataFilter,IncludeFieldMetadataFilter,19559,unit
tika,697d7c047daf1f661a4ed067bbc8f9c58bb6faa2,1,2026-01-07T07:46:39.000,0.0,false,CONCRETE_CLASS,0,9,0.0,false,127,0,1.8787557434076361E-4,0,CONCRETE_CLASS,/data/tika/tika-core/src/test/java/org/apache/tika/mime/ProbabilisticMimeDetectionTestWithTika.java,tika-core/src/test/java/org/apache/tika/mime/ProbabilisticMimeDetectionTestWithTika.java,org.apache.tika.mime.ProbabilisticMimeDetectionTestWithTika,ProbabilisticMimeDetectionTestWithTika,15464,unit
tika,697d7c047daf1f661a4ed067bbc8f9c58bb6faa2,1,2026-01-07T07:46:39.000,0.0,false,CONCRETE_CLASS,4,7,0.0,false,28,0,2.2898352737269208E-4,0,CONCRETE_CLASS,/data/tika/tika-parsers/tika-parsers-standard/tika-parsers-standard-modules/tika-parser-microsoft-module/src/main/java/org/apache/tika/parser/microsoft/onenote/fsshttpb/streamobj/StorageIndexRevisionMapping.java,tika-parsers/tika-parsers-standard/tika-parsers-standard-modules/tika-parser-microsoft-module/src/main/java/org/apache/tika/parser/microsoft/onenote/fsshttpb/streamobj/StorageIndexRevisionMapping.java,org.apache.tika.parser.microsoft.onenote.fsshttpb.streamobj.StorageIndexRevisionMapping,StorageIndexRevisionMapping,3180,unit
tika,697d7c047daf1f661a4ed067bbc8f9c58bb6faa2,1,2026-01-07T07:46:39.000,0.0,false,CONCRETE_CLASS,2,1,0.0,false,7,0,8.406835888716387E-4,0,CONCRETE_CLASS,/data/tika/tika-core/src/main/java/org/apache/tika/sax/OfflineContentHandler.java,tika-core/src/main/java/org/apache/tika/sax/OfflineContentHandler.java,org.apache.tika.sax.OfflineContentHandler,OfflineContentHandler,7276,unit
tika,697d7c047daf1f661a4ed067bbc8f9c58bb6faa2,1,2026-01-07T07:46:39.000,0.0,false,CONCRETE_CLASS,3,1,0.0,false,5,0,3.242157727065189E-4,0,CONCRETE_CLASS,/data/tika/tika-pipes/tika-pipes-plugins/tika-pipes-http/src/main/java/org/apache/tika/pipes/fetcher/http/jwt/JwtSecretCreds.java,tika-pipes/tika-pipes-plugins/tika-pipes-http/src/main/java/org/apache/tika/pipes/fetcher/http/jwt/JwtSecretCreds.java,org.apache.tika.pipes.fetcher.http.jwt.JwtSecretCreds,JwtSecretCreds,27757,unit
tika,697d7c047daf1f661a4ed067bbc8f9c58bb6faa2,1,2026-01-07T07:46:39.000,0.0,false,CONCRETE_CLASS,6,3,0.0,false,32,0,3.238245145805032E-4,0,CONCRETE_CLASS,/data/tika/tika-parsers/tika-parsers-standard/tika-parsers-standard-modules/tika-parser-microsoft-module/src/main/java/org/apache/tika/parser/microsoft/onenote/fsshttpb/streamobj/basic/CellID.java,tika-parsers/tika-parsers-standard/tika-parsers-standard-modules/tika-parser-microsoft-module/src/main/java/org/apache/tika/parser/microsoft/onenote/fsshttpb/streamobj/basic/CellID.java,org.apache.tika.parser.microsoft.onenote.fsshttpb.streamobj.basic.CellID,CellID,3188,unit
tika,697d7c047daf1f661a4ed067bbc8f9c58bb6faa2,1,2026-01-07T07:46:39.000,0.0,false,CONCRETE_CLASS,2,8,0.0,false,68,0,3.703043274372196E-4,0,CONCRETE_CLASS,/data/tika/tika-core/src/main/java/org/apache/tika/parser/ParsingReader.java,tika-core/src/main/java/org/apache/tika/parser/ParsingReader.java,org.apache.tika.parser.ParsingReader,ParsingReader,23668,unit
tika,697d7c047daf1f661a4ed067bbc8f9c58bb6faa2,1,2026-01-07T07:46:39.000,0.0,false,CONCRETE_CLASS,11,6,0.0,false,48,0,6.854140080976933E-4,0,CONCRETE_CLASS,/data/tika/tika-core/src/main/java/org/apache/tika/sax/RecursiveParserWrapperHandler.java,tika-core/src/main/java/org/apache/tika/sax/RecursiveParserWrapperHandler.java,org.apache.tika.sax.RecursiveParserWrapperHandler,RecursiveParserWrapperHandler,7287,unit
tika,697d7c047daf1f661a4ed067bbc8f9c58bb6faa2,1,2026-01-07T07:46:39.000,0.0,false,CONCRETE_CLASS,1,0,0.0,false,53,0,3.764792034610504E-4,0,CONCRETE_CLASS,/data/tika/tika-parsers/tika-parsers-standard/tika-parsers-standard-modules/tika-parser-ocr-module/src/main/java/org/apache/tika/parser/ocr/tess4j/ImageUtil.java,tika-parsers/tika-parsers-standard/tika-parsers-standard-modules/tika-parser-ocr-module/src/main/java/org/apache/tika/parser/ocr/tess4j/ImageUtil.java,org.apache.tika.parser.ocr.tess4j.ImageUtil,ImageUtil,11385,unit
tika,697d7c047daf1f661a4ed067bbc8f9c58bb6faa2,1,2026-01-07T07:46:39.000,0.0,false,CONCRETE_CLASS,3,4,0.0,false,15,0,2.0920725601146592E-4,0,CONCRETE_CLASS,/data/tika/tika-parsers/tika-parsers-standard/tika-parsers-standard-modules/tika-parser-microsoft-module/src/main/java/org/apache/tika/parser/microsoft/onenote/fsshttpb/streamobj/CellManifestDataElementData.java,tika-parsers/tika-parsers-standard/tika-parsers-standard-modules/tika-parser-microsoft-module/src/main/java/org/apache/tika/parser/microsoft/onenote/fsshttpb/streamobj/CellManifestDataElementData.java,org.apache.tika.parser.microsoft.onenote.fsshttpb.streamobj.CellManifestDataElementData,CellManifestDataElementData,3196,unit
tika,697d7c047daf1f661a4ed067bbc8f9c58bb6faa2,1,2026-01-07T07:46:39.000,0.0,false,CONCRETE_CLASS,15,22,0.0,false,178,0,8.400674236147508E-4,0,CONCRETE_CLASS,/data/tika/tika-core/src/main/java/org/apache/tika/parser/RecursiveParserWrapper.java,tika-core/src/main/java/org/apache/tika/parser/RecursiveParserWrapper.java,org.apache.tika.parser.RecursiveParserWrapper,RecursiveParserWrapper,7293,unit
tika,697d7c047daf1f661a4ed067bbc8f9c58bb6faa2,1,2026-01-07T07:46:39.000,0.0,false,CONCRETE_CLASS,0,4,0.0,false,42,0,1.8787557434076361E-4,0,CONCRETE_CLASS,/data/tika/tika-core/src/test/java/org/apache/tika/mime/CustomReaderTest.java,tika-core/src/test/java/org/apache/tika/mime/CustomReaderTest.java,org.apache.tika.mime.CustomReaderTest,CustomReaderTest,15485,unit
tika,697d7c047daf1f661a4ed067bbc8f9c58bb6faa2,1,2026-01-07T07:46:39.000,0.0,false,CONCRETE_CLASS,0,3,0.0,false,30,0,1.8787557434076361E-4,0,CONCRETE_CLASS,/data/tika/tika-pipes/tika-pipes-plugins/tika-pipes-http/src/test/java/org/apache/tika/pipes/fetcher/http/jwt/JwtGeneratorTest.java,tika-pipes/tika-pipes-plugins/tika-pipes-http/src/test/java/org/apache/tika/pipes/fetcher/http/jwt/JwtGeneratorTest.java,org.apache.tika.pipes.fetcher.http.jwt.JwtGeneratorTest,JwtGeneratorTest,27774,unit
tika,697d7c047daf1f661a4ed067bbc8f9c58bb6faa2,1,2026-01-07T07:46:39.000,0.0,false,CONCRETE_CLASS,0,1,0.0,false,68,0,1.8787557434076361E-4,0,CONCRETE_CLASS,/data/tika/tika-core/src/test/java/org/apache/tika/TestRereadableInputStream.java,tika-core/src/test/java/org/apache/tika/TestRereadableInputStream.java,org.apache.tika.TestRereadableInputStream,TestRereadableInputStream,23681,unit
tika,697d7c047daf1f661a4ed067bbc8f9c58bb6faa2,1,2026-01-07T07:46:39.000,0.0,false,CONCRETE_CLASS,2,30,0.0,false,156,0,2.0601823787400763E-4,0,CONCRETE_CLASS,/data/tika/tika-parsers/tika-parsers-standard/tika-parsers-standard-modules/tika-parser-microsoft-module/src/main/java/org/apache/tika/parser/microsoft/onenote/fsshttpb/MSOneStorePackage.java,tika-parsers/tika-parsers-standard/tika-parsers-standard-modules/tika-parser-microsoft-module/src/main/java/org/apache/tika/parser/microsoft/onenote/fsshttpb/MSOneStorePackage.java,org.apache.tika.parser.microsoft.onenote.fsshttpb.MSOneStorePackage,MSOneStorePackage,3204,unit
tika,697d7c047daf1f661a4ed067bbc8f9c58bb6faa2,1,2026-01-07T07:46:39.000,0.0,false,CONCRETE_CLASS,3,9,0.0,false,47,0,2.0920725601146592E-4,0,CONCRETE_CLASS,/data/tika/tika-parsers/tika-parsers-standard/tika-parsers-standard-modules/tika-parser-microsoft-module/src/main/java/org/apache/tika/parser/microsoft/onenote/fsshttpb/streamobj/StorageIndexDataElementData.java,tika-parsers/tika-parsers-standard/tika-parsers-standard-modules/tika-parser-microsoft-module/src/main/java/org/apache/tika/parser/microsoft/onenote/fsshttpb/streamobj/StorageIndexDataElementData.java,org.apache.tika.parser.microsoft.onenote.fsshttpb.streamobj.StorageIndexDataElementData,StorageIndexDataElementData,3212,unit
tika,697d7c047daf1f661a4ed067bbc8f9c58bb6faa2,1,2026-01-07T07:46:39.000,0.0,false,CONCRETE_CLASS,1,6,0.0,false,37,0,2.011951183545919E-4,0,CONCRETE_CLASS,/data/tika/tika-core/src/main/java/org/apache/tika/metadata/filter/DateNormalizingMetadataFilter.java,tika-core/src/main/java/org/apache/tika/metadata/filter/DateNormalizingMetadataFilter.java,org.apache.tika.metadata.filter.DateNormalizingMetadataFilter,DateNormalizingMetadataFilter,19600,unit
tika,697d7c047daf1f661a4ed067bbc8f9c58bb6faa2,1,2026-01-07T07:46:39.000,0.0,false,CONCRETE_CLASS,5,11,0.0,false,70,0,3.14163361853946E-4,0,CONCRETE_CLASS,/data/tika/tika-parsers/tika-parsers-standard/tika-parsers-standard-modules/tika-parser-microsoft-module/src/main/java/org/apache/tika/parser/microsoft/onenote/fsshttpb/streamobj/DataElement.java,tika-parsers/tika-parsers-standard/tika-parsers-standard-modules/tika-parser-microsoft-module/src/main/java/org/apache/tika/parser/microsoft/onenote/fsshttpb/streamobj/DataElement.java,org.apache.tika.parser.microsoft.onenote.fsshttpb.streamobj.DataElement,DataElement,3220,unit
tika,697d7c047daf1f661a4ed067bbc8f9c58bb6faa2,1,2026-01-07T07:46:39.000,0.0,false,INTERFACE,1,1,0.0,false,5,0,3.0448183863835765E-4,0,INTERFACE,/data/tika/tika-core/src/main/java/org/apache/tika/sax/StreamingContentHandlerFactory.java,tika-core/src/main/java/org/apache/tika/sax/StreamingContentHandlerFactory.java,org.apache.tika.sax.StreamingContentHandlerFactory,StreamingContentHandlerFactory,7316,unit
tika,697d7c047daf1f661a4ed067bbc8f9c58bb6faa2,1,2026-01-07T07:46:39.000,0.0,false,CONCRETE_CLASS,0,3,0.0,false,38,0,1.8787557434076361E-4,0,CONCRETE_CLASS,/data/tika/tika-parsers/tika-parsers-standard/tika-parsers-standard-package/src/test/java/org/apache/tika/mime/MimeTypeTest.java,tika-parsers/tika-parsers-standard/tika-parsers-standard-package/src/test/java/org/apache/tika/mime/MimeTypeTest.java,org.apache.tika.mime.MimeTypeTest,MimeTypeTest,15509,unit
tika,697d7c047daf1f661a4ed067bbc8f9c58bb6faa2,1,2026-01-07T07:46:39.000,0.0,false,CONCRETE_CLASS,0,6,0.0,false,168,0,1.8787557434076361E-4,0,CONCRETE_CLASS,/data/tika/tika-langdetect/tika-langdetect-optimaize/src/test/java/org/apache/tika/langdetect/optimaize/OptimaizeLangDetectorTest.java,tika-langdetect/tika-langdetect-optimaize/src/test/java/org/apache/tika/langdetect/optimaize/OptimaizeLangDetectorTest.java,org.apache.tika.langdetect.optimaize.OptimaizeLangDetectorTest,OptimaizeLangDetectorTest,27803,unit
tika,697d7c047daf1f661a4ed067bbc8f9c58bb6faa2,1,2026-01-07T07:46:39.000,0.0,false,ENUM,4,0,0.0,false,17,0,2.377864940587314E-4,0,ENUM,/data/tika/tika-parsers/tika-parsers-standard/tika-parsers-standard-modules/tika-parser-microsoft-module/src/main/java/org/apache/tika/parser/microsoft/onenote/fsshttpb/streamobj/basic/DataElementType.java,tika-parsers/tika-parsers-standard/tika-parsers-standard-modules/tika-parser-microsoft-module/src/main/java/org/apache/tika/parser/microsoft/onenote/fsshttpb/streamobj/basic/DataElementType.java,org.apache.tika.parser.microsoft.onenote.fsshttpb.streamobj.basic.DataElementType,DataElementType,3228,unit
tika,697d7c047daf1f661a4ed067bbc8f9c58bb6faa2,1,2026-01-07T07:46:39.000,0.0,false,INTERFACE,1,0,0.0,false,5,0,2.8225348540616274E-4,0,INTERFACE,/data/tika/tika-grpc/target/generated-sources/protobuf/java/org/apache/tika/GetFetcherRequestOrBuilder.java,tika-grpc/target/generated-sources/protobuf/java/org/apache/tika/GetFetcherRequestOrBuilder.java,org.apache.tika.GetFetcherRequestOrBuilder,GetFetcherRequestOrBuilder,23718,unit
tika,697d7c047daf1f661a4ed067bbc8f9c58bb6faa2,1,2026-01-07T07:46:39.000,0.0,false,CONCRETE_CLASS,0,0,0.0,false,19,0,1.8787557434076361E-4,0,CONCRETE_CLASS,/data/tika/tika-core/src/main/java/org/apache/tika/mime/HexCoDec.java,tika-core/src/main/java/org/apache/tika/mime/HexCoDec.java,org.apache.tika.mime.HexCoDec,HexCoDec,15527,unit
tika,697d7c047daf1f661a4ed067bbc8f9c58bb6faa2,1,2026-01-07T07:46:39.000,0.0,false,CONCRETE_CLASS,0,15,0.0,false,126,0,1.8787557434076361E-4,0,CONCRETE_CLASS,/data/tika/tika-parsers/tika-parsers-extended/tika-parsers-extended-integration-tests/src/test/java/org/apache/tika/parser/sqlite3/SQLite3ParserTest.java,tika-parsers/tika-parsers-extended/tika-parsers-extended-integration-tests/src/test/java/org/apache/tika/parser/sqlite3/SQLite3ParserTest.java,org.apache.tika.parser.sqlite3.SQLite3ParserTest,SQLite3ParserTest,11433,unit
tika,697d7c047daf1f661a4ed067bbc8f9c58bb6faa2,1,2026-01-07T07:46:39.000,0.0,false,CONCRETE_CLASS,0,12,0.0,false,183,0,1.8787557434076361E-4,0,CONCRETE_CLASS,/data/tika/tika-serialization/src/test/java/org/apache/tika/metadata/filter/TestMetadataFilter.java,tika-serialization/src/test/java/org/apache/tika/metadata/filter/TestMetadataFilter.java,org.apache.tika.metadata.filter.TestMetadataFilter,TestMetadataFilter,19626,unit
tika,697d7c047daf1f661a4ed067bbc8f9c58bb6faa2,1,2026-01-07T07:46:39.000,0.0,false,CONCRETE_CLASS,0,5,0.0,false,16,0,1.8787557434076361E-4,0,CONCRETE_CLASS,/data/tika/tika-parsers/tika-parsers-standard/tika-parsers-standard-package/src/test/java/org/apache/tika/sax/DoublingContentHandlerDecoratorFactory.java,tika-parsers/tika-parsers-standard/tika-parsers-standard-package/src/test/java/org/apache/tika/sax/DoublingContentHandlerDecoratorFactory.java,org.apache.tika.sax.DoublingContentHandlerDecoratorFactory,DoublingContentHandlerDecoratorFactory,7340,unit
tika,697d7c047daf1f661a4ed067bbc8f9c58bb6faa2,1,2026-01-07T07:46:39.000,0.0,false,CONCRETE_CLASS,2,2,0.0,false,8,0,2.1363248450154306E-4,0,CONCRETE_CLASS,/data/tika/tika-parsers/tika-parsers-standard/tika-parsers-standard-modules/tika-parser-microsoft-module/src/main/java/org/apache/tika/parser/microsoft/onenote/fsshttpb/property/EightBytesOfData.java,tika-parsers/tika-parsers-standard/tika-parsers-standard-modules/tika-parser-microsoft-module/src/main/java/org/apache/tika/parser/microsoft/onenote/fsshttpb/property/EightBytesOfData.java,org.apache.tika.parser.microsoft.onenote.fsshttpb.property.EightBytesOfData,EightBytesOfData,3245,unit
tika,697d7c047daf1f661a4ed067bbc8f9c58bb6faa2,1,2026-01-07T07:46:39.000,0.0,false,INTERFACE,4,2,0.0,false,7,0,3.1091070084509676E-4,0,INTERFACE,/data/tika/tika-core/src/main/java/org/apache/tika/sax/ContentHandlerDecoratorFactory.java,tika-core/src/main/java/org/apache/tika/sax/ContentHandlerDecoratorFactory.java,org.apache.tika.sax.ContentHandlerDecoratorFactory,ContentHandlerDecoratorFactory,7346,unit
tika,697d7c047daf1f661a4ed067bbc8f9c58bb6faa2,1,2026-01-07T07:46:39.000,0.0,false,CONCRETE_CLASS,0,7,0.0,false,111,0,1.8787557434076361E-4,0,CONCRETE_CLASS,/data/tika/tika-core/src/test/java/org/apache/tika/mime/ProbabilisticMimeDetectionTest.java,tika-core/src/test/java/org/apache/tika/mime/ProbabilisticMimeDetectionTest.java,org.apache.tika.mime.ProbabilisticMimeDetectionTest,ProbabilisticMimeDetectionTest,15539,unit
tika,697d7c047daf1f661a4ed067bbc8f9c58bb6faa2,1,2026-01-07T07:46:39.000,0.0,false,CONCRETE_CLASS,1,7,0.0,false,28,0,2.011951183545919E-4,0,CONCRETE_CLASS,/data/tika/tika-core/src/main/java/org/apache/tika/metadata/filter/RemoveByMimeMetadataFilter.java,tika-core/src/main/java/org/apache/tika/metadata/filter/RemoveByMimeMetadataFilter.java,org.apache.tika.metadata.filter.RemoveByMimeMetadataFilter,RemoveByMimeMetadataFilter,19635,unit
tika,697d7c047daf1f661a4ed067bbc8f9c58bb6faa2,1,2026-01-07T07:46:39.000,0.0,false,CONCRETE_CLASS,1,4,0.0,false,12,0,2.0785489036150603E-4,0,CONCRETE_CLASS,/data/tika/tika-pipes/tika-pipes-plugins/tika-pipes-file-system/src/main/java/org/apache/tika/pipes/reporter/fs/FileSystemReporterFactory.java,tika-pipes/tika-pipes-plugins/tika-pipes-file-system/src/main/java/org/apache/tika/pipes/reporter/fs/FileSystemReporterFactory.java,org.apache.tika.pipes.reporter.fs.FileSystemReporterFactory,FileSystemReporterFactory,27827,unit
tika,697d7c047daf1f661a4ed067bbc8f9c58bb6faa2,1,2026-01-07T07:46:39.000,0.0,false,CONCRETE_CLASS,3,12,0.0,false,73,0,2.808739627854659E-4,0,CONCRETE_CLASS,/data/tika/tika-parsers/tika-parsers-standard/tika-parsers-standard-modules/tika-parser-microsoft-module/src/main/java/org/apache/tika/parser/microsoft/onenote/fsshttpb/streamobj/PropertySet.java,tika-parsers/tika-parsers-standard/tika-parsers-standard-modules/tika-parser-microsoft-module/src/main/java/org/apache/tika/parser/microsoft/onenote/fsshttpb/streamobj/PropertySet.java,org.apache.tika.parser.microsoft.onenote.fsshttpb.streamobj.PropertySet,PropertySet,3254,unit
tika,697d7c047daf1f661a4ed067bbc8f9c58bb6faa2,1,2026-01-07T07:46:39.000,0.0,false,CONCRETE_CLASS,2,10,0.0,false,83,0,2.5206374584540694E-4,0,CONCRETE_CLASS,/data/tika/tika-pipes/tika-pipes-plugins/tika-pipes-file-system/src/main/java/org/apache/tika/pipes/reporter/fs/FileSystemStatusReporter.java,tika-pipes/tika-pipes-plugins/tika-pipes-file-system/src/main/java/org/apache/tika/pipes/reporter/fs/FileSystemStatusReporter.java,org.apache.tika.pipes.reporter.fs.FileSystemStatusReporter,FileSystemStatusReporter,27834,unit
tika,697d7c047daf1f661a4ed067bbc8f9c58bb6faa2,1,2026-01-07T07:46:39.000,0.0,false,CONCRETE_CLASS,3,5,0.0,false,34,0,2.5247031172646E-4,0,CONCRETE_CLASS,/data/tika/tika-parsers/tika-parsers-standard/tika-parsers-standard-modules/tika-parser-microsoft-module/src/main/java/org/apache/tika/parser/microsoft/onenote/fsshttpb/streamobj/space/ObjectSpaceObjectPropSet.java,tika-parsers/tika-parsers-standard/tika-parsers-standard-modules/tika-parser-microsoft-module/src/main/java/org/apache/tika/parser/microsoft/onenote/fsshttpb/streamobj/space/ObjectSpaceObjectPropSet.java,org.apache.tika.parser.microsoft.onenote.fsshttpb.streamobj.space.ObjectSpaceObjectPropSet,ObjectSpaceObjectPropSet,3262,unit
tika,697d7c047daf1f661a4ed067bbc8f9c58bb6faa2,1,2026-01-07T07:46:39.000,0.0,false,CONCRETE_CLASS,1,5,0.0,false,20,0,2.011951183545919E-4,0,CONCRETE_CLASS,/data/tika/tika-core/src/main/java/org/apache/tika/metadata/filter/ExcludeFieldMetadataFilter.java,tika-core/src/main/java/org/apache/tika/metadata/filter/ExcludeFieldMetadataFilter.java,org.apache.tika.metadata.filter.ExcludeFieldMetadataFilter,ExcludeFieldMetadataFilter,19648,unit
tika,697d7c047daf1f661a4ed067bbc8f9c58bb6faa2,1,2026-01-07T07:46:39.000,0.0,false,CONCRETE_CLASS,10,1,0.0,false,39,0,0.0016278511179470326,0,CONCRETE_CLASS,/data/tika/tika-parsers/tika-parsers-standard/tika-parsers-standard-modules/tika-parser-microsoft-module/src/main/java/org/apache/tika/parser/microsoft/onenote/fsshttpb/util/BitConverter.java,tika-parsers/tika-parsers-standard/tika-parsers-standard-modules/tika-parser-microsoft-module/src/main/java/org/apache/tika/parser/microsoft/onenote/fsshttpb/util/BitConverter.java,org.apache.tika.parser.microsoft.onenote.fsshttpb.util.BitConverter,BitConverter,3270,unit
tika,697d7c047daf1f661a4ed067bbc8f9c58bb6faa2,1,2026-01-07T07:46:39.000,0.0,false,CONCRETE_CLASS,3,3,0.0,false,55,0,3.169802671731299E-4,0,CONCRETE_CLASS,/data/tika/tika-core/src/main/java/org/apache/tika/sax/SecureContentHandler.java,tika-core/src/main/java/org/apache/tika/sax/SecureContentHandler.java,org.apache.tika.sax.SecureContentHandler,SecureContentHandler,7366,unit
tika,697d7c047daf1f661a4ed067bbc8f9c58bb6faa2,1,2026-01-07T07:46:39.000,0.0,false,CONCRETE_CLASS,1,15,0.0,false,148,0,2.0097531408226968E-4,0,CONCRETE_CLASS,/data/tika/tika-parsers/tika-parsers-standard/tika-parsers-standard-modules/tika-parser-cad-module/src/main/java/org/apache/tika/parser/dwg/DWGReadParser.java,tika-parsers/tika-parsers-standard/tika-parsers-standard-modules/tika-parser-cad-module/src/main/java/org/apache/tika/parser/dwg/DWGReadParser.java,org.apache.tika.parser.dwg.DWGReadParser,DWGReadParser,15562,unit
tika,697d7c047daf1f661a4ed067bbc8f9c58bb6faa2,1,2026-01-07T07:46:39.000,0.0,false,CONCRETE_CLASS,2,3,0.0,false,33,0,2.2930036700529374E-4,0,CONCRETE_CLASS,/data/tika/tika-pipes/tika-pipes-plugins/tika-pipes-file-system/src/main/java/org/apache/tika/pipes/reporter/fs/AsyncStatus.java,tika-pipes/tika-pipes-plugins/tika-pipes-file-system/src/main/java/org/apache/tika/pipes/reporter/fs/AsyncStatus.java,org.apache.tika.pipes.reporter.fs.AsyncStatus,AsyncStatus,27853,unit
tika,697d7c047daf1f661a4ed067bbc8f9c58bb6faa2,1,2026-01-07T07:46:39.000,0.0,false,CONCRETE_CLASS,3,5,0.0,false,11,0,2.3275973335167534E-4,0,CONCRETE_CLASS,/data/tika/tika-parsers/tika-parsers-standard/tika-parsers-standard-modules/tika-parser-microsoft-module/src/main/java/org/apache/tika/parser/microsoft/onenote/fsshttpb/streamobj/PropertySetObject.java,tika-parsers/tika-parsers-standard/tika-parsers-standard-modules/tika-parser-microsoft-module/src/main/java/org/apache/tika/parser/microsoft/onenote/fsshttpb/streamobj/PropertySetObject.java,org.apache.tika.parser.microsoft.onenote.fsshttpb.streamobj.PropertySetObject,PropertySetObject,3278,unit
tika,697d7c047daf1f661a4ed067bbc8f9c58bb6faa2,1,2026-01-07T07:46:39.000,0.0,false,CONCRETE_CLASS,1,0,0.0,false,16,0,1.992743475300745E-4,0,CONCRETE_CLASS,/data/tika/tika-parsers/tika-parsers-standard/tika-parsers-standard-modules/tika-parser-cad-module/src/main/java/org/apache/tika/parser/dwg/JulianDateUtil.java,tika-parsers/tika-parsers-standard/tika-parsers-standard-modules/tika-parser-cad-module/src/main/java/org/apache/tika/parser/dwg/JulianDateUtil.java,org.apache.tika.parser.dwg.JulianDateUtil,JulianDateUtil,15571,unit
tika,697d7c047daf1f661a4ed067bbc8f9c58bb6faa2,1,2026-01-07T07:46:39.000,0.0,false,INTERFACE,1,0,0.0,false,5,0,2.9196828184597086E-4,0,INTERFACE,/data/tika/tika-grpc/target/generated-sources/protobuf/java/org/apache/tika/SaveFetcherReplyOrBuilder.java,tika-grpc/target/generated-sources/protobuf/java/org/apache/tika/SaveFetcherReplyOrBuilder.java,org.apache.tika.SaveFetcherReplyOrBuilder,SaveFetcherReplyOrBuilder,23763,unit
tika,697d7c047daf1f661a4ed067bbc8f9c58bb6faa2,1,2026-01-07T07:46:39.000,0.0,false,CONCRETE_CLASS,0,6,0.0,false,21,0,1.8787557434076361E-4,0,CONCRETE_CLASS,/data/tika/tika-parsers/tika-parsers-standard/tika-parsers-standard-package/src/test/java/org/apache/tika/sax/PhoneExtractingContentHandlerTest.java,tika-parsers/tika-parsers-standard/tika-parsers-standard-package/src/test/java/org/apache/tika/sax/PhoneExtractingContentHandlerTest.java,org.apache.tika.sax.PhoneExtractingContentHandlerTest,PhoneExtractingContentHandlerTest,7380,unit
tika,697d7c047daf1f661a4ed067bbc8f9c58bb6faa2,1,2026-01-07T07:46:39.000,0.0,false,CONCRETE_CLASS,1,1,0.0,false,12,0,2.093210509845513E-4,0,CONCRETE_CLASS,/data/tika/tika-pipes/tika-pipes-plugins/tika-pipes-file-system/src/main/java/org/apache/tika/pipes/reporter/fs/FileSystemReporterConfig.java,tika-pipes/tika-pipes-plugins/tika-pipes-file-system/src/main/java/org/apache/tika/pipes/reporter/fs/FileSystemReporterConfig.java,org.apache.tika.pipes.reporter.fs.FileSystemReporterConfig,FileSystemReporterConfig,27861,unit
tika,697d7c047daf1f661a4ed067bbc8f9c58bb6faa2,1,2026-01-07T07:46:39.000,0.0,false,CONCRETE_CLASS,3,1,0.0,false,20,0,2.0881603477252531E-4,0,CONCRETE_CLASS,/data/tika/tika-parsers/tika-parsers-standard/tika-parsers-standard-modules/tika-parser-microsoft-module/src/main/java/org/apache/tika/parser/microsoft/onenote/OneNoteTreeWalkerOptions.java,tika-parsers/tika-parsers-standard/tika-parsers-standard-modules/tika-parser-microsoft-module/src/main/java/org/apache/tika/parser/microsoft/onenote/OneNoteTreeWalkerOptions.java,org.apache.tika.parser.microsoft.onenote.OneNoteTreeWalkerOptions,OneNoteTreeWalkerOptions,3286,unit
tika,697d7c047daf1f661a4ed067bbc8f9c58bb6faa2,1,2026-01-07T07:46:39.000,0.0,false,ABSTRACT_CLASS,1,11,0.0,false,73,0,2.087082194214521E-4,0,ABSTRACT_CLASS,/data/tika/tika-parsers/tika-parsers-standard/tika-parsers-standard-modules/tika-parser-jdbc-commons/src/main/java/org/apache/tika/parser/jdbc/AbstractDBParser.java,tika-parsers/tika-parsers-standard/tika-parsers-standard-modules/tika-parser-jdbc-commons/src/main/java/org/apache/tika/parser/jdbc/AbstractDBParser.java,org.apache.tika.parser.jdbc.AbstractDBParser,AbstractDBParser,11482,unit
tika,697d7c047daf1f661a4ed067bbc8f9c58bb6faa2,1,2026-01-07T07:46:39.000,0.0,false,INTERFACE,10,0,0.0,false,5,0,0.001031341142897498,0,INTERFACE,/data/tika/tika-parsers/tika-parsers-standard/tika-parsers-standard-modules/tika-parser-microsoft-module/src/main/java/org/apache/tika/parser/microsoft/onenote/fsshttpb/property/IProperty.java,tika-parsers/tika-parsers-standard/tika-parsers-standard-modules/tika-parser-microsoft-module/src/main/java/org/apache/tika/parser/microsoft/onenote/fsshttpb/property/IProperty.java,org.apache.tika.parser.microsoft.onenote.fsshttpb.property.IProperty,IProperty,3294,unit
tika,697d7c047daf1f661a4ed067bbc8f9c58bb6faa2,1,2026-01-07T07:46:39.000,0.0,false,CONCRETE_CLASS,3,4,0.0,false,43,0,2.7260117790358436E-4,0,CONCRETE_CLASS,/data/tika/tika-parsers/tika-parsers-standard/tika-parsers-standard-modules/tika-parser-cad-module/src/main/java/org/apache/tika/parser/dwg/DWGParserConfig.java,tika-parsers/tika-parsers-standard/tika-parsers-standard-modules/tika-parser-cad-module/src/main/java/org/apache/tika/parser/dwg/DWGParserConfig.java,org.apache.tika.parser.dwg.DWGParserConfig,DWGParserConfig,15582,unit
tika,697d7c047daf1f661a4ed067bbc8f9c58bb6faa2,1,2026-01-07T07:46:39.000,0.0,false,CONCRETE_CLASS,0,3,0.0,false,28,0,1.8787557434076361E-4,0,CONCRETE_CLASS,/data/tika/tika-core/src/test/java/org/apache/tika/sax/RichTextContentHandlerTest.java,tika-core/src/test/java/org/apache/tika/sax/RichTextContentHandlerTest.java,org.apache.tika.sax.RichTextContentHandlerTest,RichTextContentHandlerTest,7397,unit
tika,697d7c047daf1f661a4ed067bbc8f9c58bb6faa2,1,2026-01-07T07:46:39.000,0.0,false,ENUM,4,0,0.0,false,76,0,4.7315011192303885E-4,0,ENUM,/data/tika/tika-parsers/tika-parsers-standard/tika-parsers-standard-modules/tika-parser-microsoft-module/src/main/java/org/apache/tika/parser/microsoft/onenote/OneNotePropertyEnum.java,tika-parsers/tika-parsers-standard/tika-parsers-standard-modules/tika-parser-microsoft-module/src/main/java/org/apache/tika/parser/microsoft/onenote/OneNotePropertyEnum.java,org.apache.tika.parser.microsoft.onenote.OneNotePropertyEnum,OneNotePropertyEnum,3302,unit
tika,697d7c047daf1f661a4ed067bbc8f9c58bb6faa2,1,2026-01-07T07:46:39.000,0.0,false,CONCRETE_CLASS,2,0,0.0,false,35,0,3.5910887569601393E-4,0,CONCRETE_CLASS,/data/tika/tika-parsers/tika-parsers-standard/tika-parsers-standard-modules/tika-parser-cad-module/src/main/java/org/apache/tika/parser/dwg/DWGReadFormatRemover.java,tika-parsers/tika-parsers-standard/tika-parsers-standard-modules/tika-parser-cad-module/src/main/java/org/apache/tika/parser/dwg/DWGReadFormatRemover.java,org.apache.tika.parser.dwg.DWGReadFormatRemover,DWGReadFormatRemover,15595,unit
tika,697d7c047daf1f661a4ed067bbc8f9c58bb6faa2,1,2026-01-07T07:46:39.000,0.0,false,CONCRETE_CLASS,3,1,0.0,false,12,0,2.8344176958014294E-4,0,CONCRETE_CLASS,/data/tika/tika-core/src/main/java/org/apache/tika/sax/RichTextContentHandler.java,tika-core/src/main/java/org/apache/tika/sax/RichTextContentHandler.java,org.apache.tika.sax.RichTextContentHandler,RichTextContentHandler,7405,unit
tika,697d7c047daf1f661a4ed067bbc8f9c58bb6faa2,1,2026-01-07T07:46:39.000,0.0,false,CONCRETE_CLASS,3,22,0.0,false,112,0,2.40822458012651E-4,0,CONCRETE_CLASS,/data/tika/tika-parsers/tika-parsers-standard/tika-parsers-standard-modules/tika-parser-microsoft-module/src/main/java/org/apache/tika/parser/microsoft/onenote/OneNoteParser.java,tika-parsers/tika-parsers-standard/tika-parsers-standard-modules/tika-parser-microsoft-module/src/main/java/org/apache/tika/parser/microsoft/onenote/OneNoteParser.java,org.apache.tika.parser.microsoft.onenote.OneNoteParser,OneNoteParser,3312,unit
tika,697d7c047daf1f661a4ed067bbc8f9c58bb6faa2,1,2026-01-07T07:46:39.000,0.0,false,CONCRETE_CLASS,0,8,0.0,false,104,0,1.8787557434076361E-4,0,CONCRETE_CLASS,/data/tika/tika-pipes/tika-pipes-plugins/tika-pipes-file-system/src/test/java/org/apache/tika/pipes/reporter/fs/TestFileSystemStatusReporter.java,tika-pipes/tika-pipes-plugins/tika-pipes-file-system/src/test/java/org/apache/tika/pipes/reporter/fs/TestFileSystemStatusReporter.java,org.apache.tika.pipes.reporter.fs.TestFileSystemStatusReporter,TestFileSystemStatusReporter,27890,unit
tika,697d7c047daf1f661a4ed067bbc8f9c58bb6faa2,1,2026-01-07T07:46:39.000,0.0,false,ABSTRACT_CLASS,2,3,0.0,false,26,0,2.1237408727158057E-4,0,ABSTRACT_CLASS,/data/tika/tika-parsers/tika-parsers-standard/tika-parsers-standard-modules/tika-parser-cad-module/src/main/java/org/apache/tika/parser/dwg/AbstractDWGParser.java,tika-parsers/tika-parsers-standard/tika-parsers-standard-modules/tika-parser-cad-module/src/main/java/org/apache/tika/parser/dwg/AbstractDWGParser.java,org.apache.tika.parser.dwg.AbstractDWGParser,AbstractDWGParser,15603,unit
tika,697d7c047daf1f661a4ed067bbc8f9c58bb6faa2,1,2026-01-07T07:46:39.000,0.0,false,CONCRETE_CLASS,0,7,0.0,false,20,0,1.8787557434076361E-4,0,CONCRETE_CLASS,/data/tika/tika-core/src/main/java/org/apache/tika/metadata/filter/GeoPointMetadataFilter.java,tika-core/src/main/java/org/apache/tika/metadata/filter/GeoPointMetadataFilter.java,org.apache.tika.metadata.filter.GeoPointMetadataFilter,GeoPointMetadataFilter,19702,unit
tika,697d7c047daf1f661a4ed067bbc8f9c58bb6faa2,1,2026-01-07T07:46:39.000,0.0,false,CONCRETE_CLASS,0,10,0.0,false,96,0,1.8787557434076361E-4,0,CONCRETE_CLASS,/data/tika/tika-parsers/tika-parsers-standard/tika-parsers-standard-modules/tika-parser-mail-module/src/test/java/org/apache/tika/parser/mbox/MboxParserTest.java,tika-parsers/tika-parsers-standard/tika-parsers-standard-modules/tika-parser-mail-module/src/test/java/org/apache/tika/parser/mbox/MboxParserTest.java,org.apache.tika.parser.mbox.MboxParserTest,MboxParserTest,11511,unit
tika,697d7c047daf1f661a4ed067bbc8f9c58bb6faa2,1,2026-01-07T07:46:39.000,0.0,false,CONCRETE_CLASS,0,3,0.0,false,41,0,1.8787557434076361E-4,0,CONCRETE_CLASS,/data/tika/tika-core/src/main/java/org/apache/tika/sax/XMPContentHandler.java,tika-core/src/main/java/org/apache/tika/sax/XMPContentHandler.java,org.apache.tika.sax.XMPContentHandler,XMPContentHandler,7416,unit
tika,697d7c047daf1f661a4ed067bbc8f9c58bb6faa2,1,2026-01-07T07:46:39.000,0.0,false,CONCRETE_CLASS,3,3,0.0,false,21,0,2.5782800650538465E-4,0,CONCRETE_CLASS,/data/tika/tika-parsers/tika-parsers-standard/tika-parsers-standard-modules/tika-parser-microsoft-module/src/main/java/org/apache/tika/parser/microsoft/onenote/fsshttpb/streamobj/basic/PropertyID.java,tika-parsers/tika-parsers-standard/tika-parsers-standard-modules/tika-parser-microsoft-module/src/main/java/org/apache/tika/parser/microsoft/onenote/fsshttpb/streamobj/basic/PropertyID.java,org.apache.tika.parser.microsoft.onenote.fsshttpb.streamobj.basic.PropertyID,PropertyID,3323,unit
tika,697d7c047daf1f661a4ed067bbc8f9c58bb6faa2,1,2026-01-07T07:46:39.000,0.0,false,CONCRETE_CLASS,0,1,0.0,false,29,0,1.8787557434076361E-4,0,CONCRETE_CLASS,/data/tika/tika-parsers/tika-parsers-standard/tika-parsers-standard-modules/tika-parser-cad-module/src/test/java/org/apache/tika/parser/dwg/DWGReadFormatRemoverTest.java,tika-parsers/tika-parsers-standard/tika-parsers-standard-modules/tika-parser-cad-module/src/test/java/org/apache/tika/parser/dwg/DWGReadFormatRemoverTest.java,org.apache.tika.parser.dwg.DWGReadFormatRemoverTest,DWGReadFormatRemoverTest,15616,unit
tika,697d7c047daf1f661a4ed067bbc8f9c58bb6faa2,1,2026-01-07T07:46:39.000,0.0,false,ENUM,2,0,0.0,false,24,0,2.1363248450154306E-4,0,ENUM,/data/tika/tika-parsers/tika-parsers-standard/tika-parsers-standard-modules/tika-parser-microsoft-module/src/main/java/org/apache/tika/parser/microsoft/onenote/fsshttpb/streamobj/basic/PropertyType.java,tika-parsers/tika-parsers-standard/tika-parsers-standard-modules/tika-parser-microsoft-module/src/main/java/org/apache/tika/parser/microsoft/onenote/fsshttpb/streamobj/basic/PropertyType.java,org.apache.tika.parser.microsoft.onenote.fsshttpb.streamobj.basic.PropertyType,PropertyType,3331,unit
tika,697d7c047daf1f661a4ed067bbc8f9c58bb6faa2,1,2026-01-07T07:46:39.000,0.0,false,CONCRETE_CLASS,2,2,0.0,false,8,0,2.1363248450154306E-4,0,CONCRETE_CLASS,/data/tika/tika-parsers/tika-parsers-standard/tika-parsers-standard-modules/tika-parser-microsoft-module/src/main/java/org/apache/tika/parser/microsoft/onenote/fsshttpb/property/FourBytesOfData.java,tika-parsers/tika-parsers-standard/tika-parsers-standard-modules/tika-parser-microsoft-module/src/main/java/org/apache/tika/parser/microsoft/onenote/fsshttpb/property/FourBytesOfData.java,org.apache.tika.parser.microsoft.onenote.fsshttpb.property.FourBytesOfData,FourBytesOfData,3339,unit
tika,697d7c047daf1f661a4ed067bbc8f9c58bb6faa2,1,2026-01-07T07:46:39.000,0.0,false,CONCRETE_CLASS,0,5,0.0,false,121,0,1.8787557434076361E-4,0,CONCRETE_CLASS,/data/tika/tika-core/src/test/java/org/apache/tika/sax/XHTMLContentHandlerTest.java,tika-core/src/test/java/org/apache/tika/sax/XHTMLContentHandlerTest.java,org.apache.tika.sax.XHTMLContentHandlerTest,XHTMLContentHandlerTest,7439,unit
tika,697d7c047daf1f661a4ed067bbc8f9c58bb6faa2,1,2026-01-07T07:46:39.000,0.0,false,CONCRETE_CLASS,2,4,0.0,false,287,0,2.552605142136509E-4,0,CONCRETE_CLASS,/data/tika/tika-parsers/tika-parsers-ml/tika-parser-nlp-module/src/main/java/org/apache/tika/parser/journal/TEIDOMParser.java,tika-parsers/tika-parsers-ml/tika-parser-nlp-module/src/main/java/org/apache/tika/parser/journal/TEIDOMParser.java,org.apache.tika.parser.journal.TEIDOMParser,TEIDOMParser,19727,unit
tika,697d7c047daf1f661a4ed067bbc8f9c58bb6faa2,1,2026-01-07T07:46:39.000,0.0,false,ABSTRACT_CLASS,3,0,0.0,false,27,0,5.368019814895292E-4,0,ABSTRACT_CLASS,/data/tika/tika-eval/tika-eval-app/src/main/java/org/apache/tika/eval/app/db/AbstractDBBuffer.java,tika-eval/tika-eval-app/src/main/java/org/apache/tika/eval/app/db/AbstractDBBuffer.java,org.apache.tika.eval.app.db.AbstractDBBuffer,AbstractDBBuffer,27921,unit
tika,697d7c047daf1f661a4ed067bbc8f9c58bb6faa2,1,2026-01-07T07:46:39.000,0.0,false,CONCRETE_CLASS,2,6,0.0,false,12,0,2.0385445540048902E-4,0,CONCRETE_CLASS,/data/tika/tika-parsers/tika-parsers-standard/tika-parsers-standard-modules/tika-parser-microsoft-module/src/main/java/org/apache/tika/parser/microsoft/onenote/fsshttpb/streamobj/RevisionStoreObject.java,tika-parsers/tika-parsers-standard/tika-parsers-standard-modules/tika-parser-microsoft-module/src/main/java/org/apache/tika/parser/microsoft/onenote/fsshttpb/streamobj/RevisionStoreObject.java,org.apache.tika.parser.microsoft.onenote.fsshttpb.streamobj.RevisionStoreObject,RevisionStoreObject,3347,unit
tika,697d7c047daf1f661a4ed067bbc8f9c58bb6faa2,1,2026-01-07T07:46:39.000,0.0,false,CONCRETE_CLASS,1,13,0.0,false,131,0,2.001705380458359E-4,0,CONCRETE_CLASS,/data/tika/tika-parsers/tika-parsers-standard/tika-parsers-standard-modules/tika-parser-cad-module/src/main/java/org/apache/tika/parser/dwg/DWGParser.java,tika-parsers/tika-parsers-standard/tika-parsers-standard-modules/tika-parser-cad-module/src/main/java/org/apache/tika/parser/dwg/DWGParser.java,org.apache.tika.parser.dwg.DWGParser,DWGParser,15638,unit
tika,697d7c047daf1f661a4ed067bbc8f9c58bb6faa2,1,2026-01-07T07:46:39.000,0.0,false,CONCRETE_CLASS,4,1,0.0,false,20,0,4.0202188403193096E-4,0,CONCRETE_CLASS,/data/tika/tika-core/src/main/java/org/apache/tika/sax/ToHTMLContentHandler.java,tika-core/src/main/java/org/apache/tika/sax/ToHTMLContentHandler.java,org.apache.tika.sax.ToHTMLContentHandler,ToHTMLContentHandler,7449,unit
tika,697d7c047daf1f661a4ed067bbc8f9c58bb6faa2,1,2026-01-07T07:46:39.000,0.0,false,CONCRETE_CLASS,2,2,0.0,false,18,0,2.1363248450154306E-4,0,CONCRETE_CLASS,/data/tika/tika-parsers/tika-parsers-standard/tika-parsers-standard-modules/tika-parser-microsoft-module/src/main/java/org/apache/tika/parser/microsoft/onenote/fsshttpb/property/PrtFourBytesOfLengthFollowedByData.java,tika-parsers/tika-parsers-standard/tika-parsers-standard-modules/tika-parser-microsoft-module/src/main/java/org/apache/tika/parser/microsoft/onenote/fsshttpb/property/PrtFourBytesOfLengthFollowedByData.java,org.apache.tika.parser.microsoft.onenote.fsshttpb.property.PrtFourBytesOfLengthFollowedByData,PrtFourBytesOfLengthFollowedByData,3355,unit
tika,697d7c047daf1f661a4ed067bbc8f9c58bb6faa2,1,2026-01-07T07:46:39.000,0.0,false,CONCRETE_CLASS,1,5,0.0,false,65,0,2.0815361728804046E-4,0,CONCRETE_CLASS,/data/tika/tika-parsers/tika-parsers-ml/tika-parser-nlp-module/src/main/java/org/apache/tika/parser/journal/GrobidRESTParser.java,tika-parsers/tika-parsers-ml/tika-parser-nlp-module/src/main/java/org/apache/tika/parser/journal/GrobidRESTParser.java,org.apache.tika.parser.journal.GrobidRESTParser,GrobidRESTParser,19740,unit
tika,697d7c047daf1f661a4ed067bbc8f9c58bb6faa2,1,2026-01-07T07:46:39.000,0.0,false,CONCRETE_CLASS,0,1,0.0,false,72,0,1.8787557434076361E-4,0,CONCRETE_CLASS,/data/tika/tika-eval/tika-eval-app/src/test/java/org/apache/tika/eval/app/db/AbstractBufferTest.java,tika-eval/tika-eval-app/src/test/java/org/apache/tika/eval/app/db/AbstractBufferTest.java,org.apache.tika.eval.app.db.AbstractBufferTest,AbstractBufferTest,27934,unit
tika,697d7c047daf1f661a4ed067bbc8f9c58bb6faa2,1,2026-01-07T07:46:39.000,0.0,false,CONCRETE_CLASS,3,4,0.0,false,16,0,0.001673952820836585,0,CONCRETE_CLASS,/data/tika/tika-parsers/tika-parsers-standard/tika-parsers-standard-modules/tika-parser-microsoft-module/src/main/java/org/apache/tika/parser/microsoft/onenote/fsshttpb/unsigned/Unsigned.java,tika-parsers/tika-parsers-standard/tika-parsers-standard-modules/tika-parser-microsoft-module/src/main/java/org/apache/tika/parser/microsoft/onenote/fsshttpb/unsigned/Unsigned.java,org.apache.tika.parser.microsoft.onenote.fsshttpb.unsigned.Unsigned,Unsigned,3364,unit
tika,697d7c047daf1f661a4ed067bbc8f9c58bb6faa2,1,2026-01-07T07:46:39.000,0.0,false,CONCRETE_CLASS,1,9,0.0,false,66,0,2.1070907836446924E-4,0,CONCRETE_CLASS,/data/tika/tika-parsers/tika-parsers-standard/tika-parsers-standard-modules/tika-parser-news-module/src/main/java/org/apache/tika/parser/feed/FeedParser.java,tika-parsers/tika-parsers-standard/tika-parsers-standard-modules/tika-parser-news-module/src/main/java/org/apache/tika/parser/feed/FeedParser.java,org.apache.tika.parser.feed.FeedParser,FeedParser,11558,unit
tika,697d7c047daf1f661a4ed067bbc8f9c58bb6faa2,1,2026-01-07T07:46:39.000,0.0,false,CONCRETE_CLASS,0,5,0.0,false,42,0,1.8787557434076361E-4,0,CONCRETE_CLASS,/data/tika/tika-parsers/tika-parsers-ml/tika-parser-nlp-module/src/test/java/org/apache/tika/parser/journal/TEITest.java,tika-parsers/tika-parsers-ml/tika-parser-nlp-module/src/test/java/org/apache/tika/parser/journal/TEITest.java,org.apache.tika.parser.journal.TEITest,TEITest,19754,unit
tika,697d7c047daf1f661a4ed067bbc8f9c58bb6faa2,1,2026-01-07T07:46:39.000,0.0,false,CONCRETE_CLASS,0,13,0.0,false,137,0,1.8787557434076361E-4,0,CONCRETE_CLASS,/data/tika/tika-parsers/tika-parsers-standard/tika-parsers-standard-modules/tika-parser-cad-module/src/test/java/org/apache/tika/parser/dwg/DWGParserTest.java,tika-parsers/tika-parsers-standard/tika-parsers-standard-modules/tika-parser-cad-module/src/test/java/org/apache/tika/parser/dwg/DWGParserTest.java,org.apache.tika.parser.dwg.DWGParserTest,DWGParserTest,15662,unit
tika,697d7c047daf1f661a4ed067bbc8f9c58bb6faa2,1,2026-01-07T07:46:39.000,0.0,false,INTERFACE,3,1,0.0,false,5,0,0.0012663596266645335,0,INTERFACE,/data/tika/tika-parsers/tika-parsers-standard/tika-parsers-standard-modules/tika-parser-microsoft-module/src/main/java/org/apache/tika/parser/microsoft/onenote/fsshttpb/IFSSHTTPBSerializable.java,tika-parsers/tika-parsers-standard/tika-parsers-standard-modules/tika-parser-microsoft-module/src/main/java/org/apache/tika/parser/microsoft/onenote/fsshttpb/IFSSHTTPBSerializable.java,org.apache.tika.parser.microsoft.onenote.fsshttpb.IFSSHTTPBSerializable,IFSSHTTPBSerializable,3377,unit
tika,697d7c047daf1f661a4ed067bbc8f9c58bb6faa2,1,2026-01-07T07:46:39.000,0.0,false,CONCRETE_CLASS,0,3,0.0,false,58,0,1.8787557434076361E-4,0,CONCRETE_CLASS,/data/tika/tika-core/src/test/java/org/apache/tika/sax/SecureContentHandlerTest.java,tika-core/src/test/java/org/apache/tika/sax/SecureContentHandlerTest.java,org.apache.tika.sax.SecureContentHandlerTest,SecureContentHandlerTest,7482,unit
tika,697d7c047daf1f661a4ed067bbc8f9c58bb6faa2,1,2026-01-07T07:46:39.000,0.0,false,CONCRETE_CLASS,0,7,0.0,false,31,0,1.8787557434076361E-4,0,CONCRETE_CLASS,/data/tika/tika-parsers/tika-parsers-standard/tika-parsers-standard-modules/tika-parser-news-module/src/test/java/org/apache/tika/parser/feed/FeedParserTest.java,tika-parsers/tika-parsers-standard/tika-parsers-standard-modules/tika-parser-news-module/src/test/java/org/apache/tika/parser/feed/FeedParserTest.java,org.apache.tika.parser.feed.FeedParserTest,FeedParserTest,11578,unit
tika,697d7c047daf1f661a4ed067bbc8f9c58bb6faa2,1,2026-01-07T07:46:39.000,0.0,false,CONCRETE_CLASS,1,9,0.0,false,26,0,2.145146623684202E-4,0,CONCRETE_CLASS,/data/tika/tika-parsers/tika-parsers-ml/tika-parser-nlp-module/src/main/java/org/apache/tika/parser/journal/JournalParser.java,tika-parsers/tika-parsers-ml/tika-parser-nlp-module/src/main/java/org/apache/tika/parser/journal/JournalParser.java,org.apache.tika.parser.journal.JournalParser,JournalParser,19770,unit
tika,697d7c047daf1f661a4ed067bbc8f9c58bb6faa2,1,2026-01-07T07:46:39.000,0.0,false,CONCRETE_CLASS,0,1,0.0,false,14,0,1.8787557434076361E-4,0,CONCRETE_CLASS,/data/tika/tika-eval/tika-eval-app/src/main/java/org/apache/tika/eval/app/db/DBBuffer.java,tika-eval/tika-eval-app/src/main/java/org/apache/tika/eval/app/db/DBBuffer.java,org.apache.tika.eval.app.db.DBBuffer,DBBuffer,27968,unit
tika,697d7c047daf1f661a4ed067bbc8f9c58bb6faa2,1,2026-01-07T07:46:39.000,0.0,false,CONCRETE_CLASS,0,1,0.0,false,80,0,1.8787557434076361E-4,0,CONCRETE_CLASS,/data/tika/tika-core/src/main/java/org/apache/tika/sax/DIFContentHandler.java,tika-core/src/main/java/org/apache/tika/sax/DIFContentHandler.java,org.apache.tika.sax.DIFContentHandler,DIFContentHandler,7502,unit
tika,697d7c047daf1f661a4ed067bbc8f9c58bb6faa2,1,2026-01-07T07:46:39.000,0.0,false,CONCRETE_CLASS,0,6,0.0,false,22,0,1.8787557434076361E-4,0,CONCRETE_CLASS,/data/tika/tika-parsers/tika-parsers-ml/tika-parser-nlp-module/src/test/java/org/apache/tika/parser/journal/JournalParserTest.java,tika-parsers/tika-parsers-ml/tika-parser-nlp-module/src/test/java/org/apache/tika/parser/journal/JournalParserTest.java,org.apache.tika.parser.journal.JournalParserTest,JournalParserTest,19790,unit
tika,697d7c047daf1f661a4ed067bbc8f9c58bb6faa2,1,2026-01-07T07:46:39.000,0.0,false,CONCRETE_CLASS,3,1,0.0,false,30,0,2.2433512878007955E-4,0,CONCRETE_CLASS,/data/tika/tika-parsers/tika-parsers-standard/tika-parsers-standard-modules/tika-parser-miscoffice-module/src/main/java/org/apache/tika/parser/odf/NSNormalizerContentHandler.java,tika-parsers/tika-parsers-standard/tika-parsers-standard-modules/tika-parser-miscoffice-module/src/main/java/org/apache/tika/parser/odf/NSNormalizerContentHandler.java,org.apache.tika.parser.odf.NSNormalizerContentHandler,NSNormalizerContentHandler,27991,unit
tika,697d7c047daf1f661a4ed067bbc8f9c58bb6faa2,1,2026-01-07T07:46:39.000,0.0,false,CONCRETE_CLASS,0,7,0.0,false,85,0,1.8787557434076361E-4,0,CONCRETE_CLASS,/data/tika/tika-integration-tests/tika-pipes-s3-integration-tests/src/test/java/org/apache/tika/pipes/s3/tests/PipeIntegrationTests.java,tika-integration-tests/tika-pipes-s3-integration-tests/src/test/java/org/apache/tika/pipes/s3/tests/PipeIntegrationTests.java,org.apache.tika.pipes.s3.tests.PipeIntegrationTests,PipeIntegrationTests,15704,unit
tika,697d7c047daf1f661a4ed067bbc8f9c58bb6faa2,1,2026-01-07T07:46:39.000,0.0,false,CONCRETE_CLASS,28,10,0.0,false,120,0,0.0013702107159537724,0,CONCRETE_CLASS,/data/tika/tika-core/src/main/java/org/apache/tika/sax/BasicContentHandlerFactory.java,tika-core/src/main/java/org/apache/tika/sax/BasicContentHandlerFactory.java,org.apache.tika.sax.BasicContentHandlerFactory,BasicContentHandlerFactory,7519,unit
tika,697d7c047daf1f661a4ed067bbc8f9c58bb6faa2,1,2026-01-07T07:46:39.000,0.0,false,CONCRETE_CLASS,1,1,0.0,false,59,0,1.9672073389883173E-4,0,CONCRETE_CLASS,/data/tika/tika-pipes/tika-pipes-config-store-ignite/src/main/java/org/apache/tika/pipes/ignite/server/IgniteStoreServer.java,tika-pipes/tika-pipes-config-store-ignite/src/main/java/org/apache/tika/pipes/ignite/server/IgniteStoreServer.java,org.apache.tika.pipes.ignite.server.IgniteStoreServer,IgniteStoreServer,19810,unit
tika,697d7c047daf1f661a4ed067bbc8f9c58bb6faa2,1,2026-01-07T07:46:39.000,0.0,false,CONCRETE_CLASS,2,8,0.0,false,261,0,2.159711753953915E-4,0,CONCRETE_CLASS,/data/tika/tika-parsers/tika-parsers-standard/tika-parsers-standard-modules/tika-parser-miscoffice-module/src/main/java/org/apache/tika/parser/odf/OpenDocumentBodyHandler.java,tika-parsers/tika-parsers-standard/tika-parsers-standard-modules/tika-parser-miscoffice-module/src/main/java/org/apache/tika/parser/odf/OpenDocumentBodyHandler.java,org.apache.tika.parser.odf.OpenDocumentBodyHandler,OpenDocumentBodyHandler,28003,unit
tika,697d7c047daf1f661a4ed067bbc8f9c58bb6faa2,1,2026-01-07T07:46:39.000,0.0,false,CONCRETE_CLASS,2,10,0.0,false,119,0,2.4267598399765715E-4,0,CONCRETE_CLASS,/data/tika/tika-pipes/tika-pipes-plugins/tika-pipes-s3/src/main/java/org/apache/tika/pipes/emitter/s3/S3Emitter.java,tika-pipes/tika-pipes-plugins/tika-pipes-s3/src/main/java/org/apache/tika/pipes/emitter/s3/S3Emitter.java,org.apache.tika.pipes.emitter.s3.S3Emitter,S3Emitter,15716,unit
tika,697d7c047daf1f661a4ed067bbc8f9c58bb6faa2,1,2026-01-07T07:46:39.000,0.0,false,CONCRETE_CLASS,2,8,0.0,false,55,0,3.793423258942641E-4,0,CONCRETE_CLASS,/data/tika/tika-parsers/tika-parsers-standard/tika-parsers-standard-modules/tika-parser-microsoft-module/src/main/java/org/apache/tika/parser/microsoft/onenote/fsshttpb/streamobj/StreamObjectHeaderStart16bit.java,tika-parsers/tika-parsers-standard/tika-parsers-standard-modules/tika-parser-microsoft-module/src/main/java/org/apache/tika/parser/microsoft/onenote/fsshttpb/streamobj/StreamObjectHeaderStart16bit.java,org.apache.tika.parser.microsoft.onenote.fsshttpb.streamobj.StreamObjectHeaderStart16bit,StreamObjectHeaderStart16bit,3430,unit
tika,697d7c047daf1f661a4ed067bbc8f9c58bb6faa2,1,2026-01-07T07:46:39.000,0.0,false,ENUM,33,0,0.0,false,86,0,0.0013612681537849395,0,ENUM,/data/tika/tika-parsers/tika-parsers-standard/tika-parsers-standard-modules/tika-parser-microsoft-module/src/main/java/org/apache/tika/parser/microsoft/onenote/fsshttpb/streamobj/StreamObjectTypeHeaderStart.java,tika-parsers/tika-parsers-standard/tika-parsers-standard-modules/tika-parser-microsoft-module/src/main/java/org/apache/tika/parser/microsoft/onenote/fsshttpb/streamobj/StreamObjectTypeHeaderStart.java,org.apache.tika.parser.microsoft.onenote.fsshttpb.streamobj.StreamObjectTypeHeaderStart,StreamObjectTypeHeaderStart,3436,unit
tika,697d7c047daf1f661a4ed067bbc8f9c58bb6faa2,1,2026-01-07T07:46:39.000,0.0,false,INTERFACE,2,0,0.0,false,3,0,3.3697878254221976E-4,0,INTERFACE,/data/tika/tika-core/src/main/java/org/apache/tika/sax/WriteLimiter.java,tika-core/src/main/java/org/apache/tika/sax/WriteLimiter.java,org.apache.tika.sax.WriteLimiter,WriteLimiter,7534,unit
tika,697d7c047daf1f661a4ed067bbc8f9c58bb6faa2,1,2026-01-07T07:46:39.000,0.0,false,CONCRETE_CLASS,0,3,0.0,false,100,0,1.8787557434076361E-4,0,CONCRETE_CLASS,/data/tika/tika-integration-tests/tika-pipes-s3-integration-tests/src/test/java/org/apache/tika/pipes/s3/tests/S3PipeIntegrationTest.java,tika-integration-tests/tika-pipes-s3-integration-tests/src/test/java/org/apache/tika/pipes/s3/tests/S3PipeIntegrationTest.java,org.apache.tika.pipes.s3.tests.S3PipeIntegrationTest,S3PipeIntegrationTest,15727,unit
tika,697d7c047daf1f661a4ed067bbc8f9c58bb6faa2,1,2026-01-07T07:46:39.000,0.0,false,CONCRETE_CLASS,0,0,0.0,false,16,0,1.8787557434076361E-4,0,CONCRETE_CLASS,/data/tika/tika-pipes/tika-pipes-plugins/tika-pipes-csv/src/main/java/org/apache/tika/pipes/plugin/csv/CSVPipesPlugin.java,tika-pipes/tika-pipes-plugins/tika-pipes-csv/src/main/java/org/apache/tika/pipes/plugin/csv/CSVPipesPlugin.java,org.apache.tika.pipes.plugin.csv.CSVPipesPlugin,CSVPipesPlugin,19827,unit
tika,697d7c047daf1f661a4ed067bbc8f9c58bb6faa2,1,2026-01-07T07:46:39.000,0.0,false,CONCRETE_CLASS,12,3,0.0,false,28,0,0.001465537020949033,0,CONCRETE_CLASS,/data/tika/tika-parsers/tika-parsers-standard/tika-parsers-standard-modules/tika-parser-microsoft-module/src/main/java/org/apache/tika/parser/microsoft/onenote/fsshttpb/util/BitWriter.java,tika-parsers/tika-parsers-standard/tika-parsers-standard-modules/tika-parser-microsoft-module/src/main/java/org/apache/tika/parser/microsoft/onenote/fsshttpb/util/BitWriter.java,org.apache.tika.parser.microsoft.onenote.fsshttpb.util.BitWriter,BitWriter,3444,unit
tika,697d7c047daf1f661a4ed067bbc8f9c58bb6faa2,1,2026-01-07T07:46:39.000,0.0,false,CONCRETE_CLASS,0,0,0.0,false,16,0,1.8787557434076361E-4,0,CONCRETE_CLASS,/data/tika/tika-pipes/tika-pipes-plugins/tika-pipes-az-blob/src/main/java/org/apache/tika/pipes/plugin/azblob/AZBlobPipesPlugin.java,tika-pipes/tika-pipes-plugins/tika-pipes-az-blob/src/main/java/org/apache/tika/pipes/plugin/azblob/AZBlobPipesPlugin.java,org.apache.tika.pipes.plugin.azblob.AZBlobPipesPlugin,AZBlobPipesPlugin,11636,unit
tika,697d7c047daf1f661a4ed067bbc8f9c58bb6faa2,1,2026-01-07T07:46:39.000,0.0,false,CONCRETE_CLASS,2,10,0.0,false,23,0,2.1972433299157276E-4,0,CONCRETE_CLASS,/data/tika/tika-parsers/tika-parsers-standard/tika-parsers-standard-modules/tika-parser-miscoffice-module/src/main/java/org/apache/tika/parser/odf/OpenDocumentContentParser.java,tika-parsers/tika-parsers-standard/tika-parsers-standard-modules/tika-parser-miscoffice-module/src/main/java/org/apache/tika/parser/odf/OpenDocumentContentParser.java,org.apache.tika.parser.odf.OpenDocumentContentParser,OpenDocumentContentParser,28022,unit
tika,697d7c047daf1f661a4ed067bbc8f9c58bb6faa2,1,2026-01-07T07:46:39.000,0.0,false,ABSTRACT_CLASS,34,13,0.0,false,141,0,0.0012411956355021063,0,ABSTRACT_CLASS,/data/tika/tika-parsers/tika-parsers-standard/tika-parsers-standard-modules/tika-parser-microsoft-module/src/main/java/org/apache/tika/parser/microsoft/onenote/fsshttpb/streamobj/StreamObject.java,tika-parsers/tika-parsers-standard/tika-parsers-standard-modules/tika-parser-microsoft-module/src/main/java/org/apache/tika/parser/microsoft/onenote/fsshttpb/streamobj/StreamObject.java,org.apache.tika.parser.microsoft.onenote.fsshttpb.streamobj.StreamObject,StreamObject,3452,unit
tika,697d7c047daf1f661a4ed067bbc8f9c58bb6faa2,1,2026-01-07T07:46:39.000,0.0,false,CONCRETE_CLASS,0,5,0.0,false,13,0,1.8787557434076361E-4,0,CONCRETE_CLASS,/data/tika/tika-pipes/tika-pipes-plugins/tika-pipes-file-system/src/main/java/org/apache/tika/pipes/emitter/fs/FileSystemEmitterFactory.java,tika-pipes/tika-pipes-plugins/tika-pipes-file-system/src/main/java/org/apache/tika/pipes/emitter/fs/FileSystemEmitterFactory.java,org.apache.tika.pipes.emitter.fs.FileSystemEmitterFactory,FileSystemEmitterFactory,15746,unit
tika,697d7c047daf1f661a4ed067bbc8f9c58bb6faa2,1,2026-01-07T07:46:39.000,0.0,false,CONCRETE_CLASS,0,5,0.0,false,35,0,1.8787557434076361E-4,0,CONCRETE_CLASS,/data/tika/tika-langdetect/tika-langdetect-lingo24/src/test/java/org/apache/tika/langdetect/lingo24/Lingo24LangDetectorTest.java,tika-langdetect/tika-langdetect-lingo24/src/test/java/org/apache/tika/langdetect/lingo24/Lingo24LangDetectorTest.java,org.apache.tika.langdetect.lingo24.Lingo24LangDetectorTest,Lingo24LangDetectorTest,19843,unit
tika,697d7c047daf1f661a4ed067bbc8f9c58bb6faa2,1,2026-01-07T07:46:39.000,0.0,false,CONCRETE_CLASS,13,1,0.0,false,44,0,0.0015467845842350807,0,CONCRETE_CLASS,/data/tika/tika-parsers/tika-parsers-standard/tika-parsers-standard-modules/tika-parser-microsoft-module/src/main/java/org/apache/tika/parser/microsoft/onenote/fsshttpb/util/BitReader.java,tika-parsers/tika-parsers-standard/tika-parsers-standard-modules/tika-parser-microsoft-module/src/main/java/org/apache/tika/parser/microsoft/onenote/fsshttpb/util/BitReader.java,org.apache.tika.parser.microsoft.onenote.fsshttpb.util.BitReader,BitReader,3460,unit
tika,697d7c047daf1f661a4ed067bbc8f9c58bb6faa2,1,2026-01-07T07:46:39.000,0.0,false,CONCRETE_CLASS,0,0,0.0,false,43,0,1.8787557434076361E-4,0,CONCRETE_CLASS,/data/tika/tika-pipes/tika-pipes-plugins/tika-pipes-csv/src/test/java/org/apache/tika/pipes/iterator/filelist/FileListPipesIteratorTest.java,tika-pipes/tika-pipes-plugins/tika-pipes-csv/src/test/java/org/apache/tika/pipes/iterator/filelist/FileListPipesIteratorTest.java,org.apache.tika.pipes.iterator.filelist.FileListPipesIteratorTest,FileListPipesIteratorTest,11652,unit
tika,697d7c047daf1f661a4ed067bbc8f9c58bb6faa2,1,2026-01-07T07:46:39.000,0.0,false,CONCRETE_CLASS,0,2,0.0,false,34,0,1.8787557434076361E-4,0,CONCRETE_CLASS,/data/tika/tika-core/src/test/java/org/apache/tika/sax/SafeContentHandlerTest.java,tika-core/src/test/java/org/apache/tika/sax/SafeContentHandlerTest.java,org.apache.tika.sax.SafeContentHandlerTest,SafeContentHandlerTest,7558,unit
tika,697d7c047daf1f661a4ed067bbc8f9c58bb6faa2,1,2026-01-07T07:46:39.000,0.0,false,CONCRETE_CLASS,2,11,0.0,false,70,0,2.518093856071394E-4,0,CONCRETE_CLASS,/data/tika/tika-pipes/tika-pipes-plugins/tika-pipes-file-system/src/main/java/org/apache/tika/pipes/emitter/fs/FileSystemEmitter.java,tika-pipes/tika-pipes-plugins/tika-pipes-file-system/src/main/java/org/apache/tika/pipes/emitter/fs/FileSystemEmitter.java,org.apache.tika.pipes.emitter.fs.FileSystemEmitter,FileSystemEmitter,15753,unit
tika,697d7c047daf1f661a4ed067bbc8f9c58bb6faa2,1,2026-01-07T07:46:39.000,0.0,false,CONCRETE_CLASS,1,2,0.0,false,9,0,1.9689082896786714E-4,0,CONCRETE_CLASS,/data/tika/tika-parsers/tika-parsers-standard/tika-parsers-standard-modules/tika-parser-miscoffice-module/src/main/java/org/apache/tika/parser/odf/OpenDocumentManifestHandler.java,tika-parsers/tika-parsers-standard/tika-parsers-standard-modules/tika-parser-miscoffice-module/src/main/java/org/apache/tika/parser/odf/OpenDocumentManifestHandler.java,org.apache.tika.parser.odf.OpenDocumentManifestHandler,OpenDocumentManifestHandler,28043,unit
tika,697d7c047daf1f661a4ed067bbc8f9c58bb6faa2,1,2026-01-07T07:46:39.000,0.0,false,CONCRETE_CLASS,19,0,0.0,false,10,0,9.588488728099451E-4,0,CONCRETE_CLASS,/data/tika/tika-parsers/tika-parsers-standard/tika-parsers-standard-modules/tika-parser-microsoft-module/src/main/java/org/apache/tika/parser/microsoft/onenote/fsshttpb/util/ByteUtil.java,tika-parsers/tika-parsers-standard/tika-parsers-standard-modules/tika-parser-microsoft-module/src/main/java/org/apache/tika/parser/microsoft/onenote/fsshttpb/util/ByteUtil.java,org.apache.tika.parser.microsoft.onenote.fsshttpb.util.ByteUtil,ByteUtil,3469,unit
tika,697d7c047daf1f661a4ed067bbc8f9c58bb6faa2,1,2026-01-07T07:46:39.000,0.0,false,CONCRETE_CLASS,0,0,0.0,false,1,0,1.8787557434076361E-4,0,CONCRETE_CLASS,/data/tika/tika-pipes/tika-pipes-plugins/tika-pipes-csv/src/main/java/org/apache/tika/pipes/iterator/filelist/FileListPipesIterator.java,tika-pipes/tika-pipes-plugins/tika-pipes-csv/src/main/java/org/apache/tika/pipes/iterator/filelist/FileListPipesIterator.java,org.apache.tika.pipes.iterator.filelist.FileListPipesIterator,FileListPipesIterator,11661,unit
tika,697d7c047daf1f661a4ed067bbc8f9c58bb6faa2,1,2026-01-07T07:46:39.000,0.0,false,CONCRETE_CLASS,1,3,0.0,false,86,0,2.198424799739515E-4,0,CONCRETE_CLASS,/data/tika/tika-langdetect/tika-langdetect-lingo24/src/main/java/org/apache/tika/langdetect/lingo24/Lingo24LangDetector.java,tika-langdetect/tika-langdetect-lingo24/src/main/java/org/apache/tika/langdetect/lingo24/Lingo24LangDetector.java,org.apache.tika.langdetect.lingo24.Lingo24LangDetector,Lingo24LangDetector,19853,unit
tika,697d7c047daf1f661a4ed067bbc8f9c58bb6faa2,1,2026-01-07T07:46:39.000,0.0,false,CONCRETE_CLASS,0,9,0.0,false,36,0,1.8787557434076361E-4,0,CONCRETE_CLASS,/data/tika/tika-parsers/tika-parsers-standard/tika-parsers-standard-modules/tika-parser-cad-module/src/main/java/org/apache/tika/parser/dgn/DGN8Parser.java,tika-parsers/tika-parsers-standard/tika-parsers-standard-modules/tika-parser-cad-module/src/main/java/org/apache/tika/parser/dgn/DGN8Parser.java,org.apache.tika.parser.dgn.DGN8Parser,DGN8Parser,23949,unit
tika,697d7c047daf1f661a4ed067bbc8f9c58bb6faa2,1,2026-01-07T07:46:39.000,0.0,false,CONCRETE_CLASS,0,3,0.0,false,79,0,1.8787557434076361E-4,0,CONCRETE_CLASS,/data/tika/tika-core/src/test/java/org/apache/tika/sax/SerializerTest.java,tika-core/src/test/java/org/apache/tika/sax/SerializerTest.java,org.apache.tika.sax.SerializerTest,SerializerTest,7572,unit
tika,697d7c047daf1f661a4ed067bbc8f9c58bb6faa2,1,2026-01-07T07:46:39.000,0.0,false,ABSTRACT_CLASS,10,4,0.0,false,17,0,5.180900876324314E-4,0,ABSTRACT_CLASS,/data/tika/tika-parsers/tika-parsers-standard/tika-parsers-standard-modules/tika-parser-microsoft-module/src/main/java/org/apache/tika/parser/microsoft/onenote/fsshttpb/streamobj/StreamObjectHeaderStart.java,tika-parsers/tika-parsers-standard/tika-parsers-standard-modules/tika-parser-microsoft-module/src/main/java/org/apache/tika/parser/microsoft/onenote/fsshttpb/streamobj/StreamObjectHeaderStart.java,org.apache.tika.parser.microsoft.onenote.fsshttpb.streamobj.StreamObjectHeaderStart,StreamObjectHeaderStart,3477,unit
tika,697d7c047daf1f661a4ed067bbc8f9c58bb6faa2,1,2026-01-07T07:46:39.000,0.0,false,CONCRETE_CLASS,0,16,0.0,false,291,0,1.8787557434076361E-4,0,CONCRETE_CLASS,/data/tika/tika-parsers/tika-parsers-standard/tika-parsers-standard-modules/tika-parser-miscoffice-module/src/test/java/org/apache/tika/parser/odf/ODFParserTest.java,tika-parsers/tika-parsers-standard/tika-parsers-standard-modules/tika-parser-miscoffice-module/src/test/java/org/apache/tika/parser/odf/ODFParserTest.java,org.apache.tika.parser.odf.ODFParserTest,ODFParserTest,28056,unit
tika,697d7c047daf1f661a4ed067bbc8f9c58bb6faa2,1,2026-01-07T07:46:39.000,0.0,false,CONCRETE_CLASS,2,1,0.0,false,11,0,2.955558682301305E-4,0,CONCRETE_CLASS,/data/tika/tika-pipes/tika-pipes-plugins/tika-pipes-file-system/src/main/java/org/apache/tika/pipes/emitter/fs/FileSystemEmitterConfig.java,tika-pipes/tika-pipes-plugins/tika-pipes-file-system/src/main/java/org/apache/tika/pipes/emitter/fs/FileSystemEmitterConfig.java,org.apache.tika.pipes.emitter.fs.FileSystemEmitterConfig,FileSystemEmitterConfig,15769,unit
tika,697d7c047daf1f661a4ed067bbc8f9c58bb6faa2,1,2026-01-07T07:46:39.000,0.0,false,CONCRETE_CLASS,5,12,0.0,false,104,0,2.645094753182281E-4,0,CONCRETE_CLASS,/data/tika/tika-parsers/tika-parsers-standard/tika-parsers-standard-modules/tika-parser-microsoft-module/src/main/java/org/apache/tika/parser/microsoft/SummaryExtractor.java,tika-parsers/tika-parsers-standard/tika-parsers-standard-modules/tika-parser-microsoft-module/src/main/java/org/apache/tika/parser/microsoft/SummaryExtractor.java,org.apache.tika.parser.microsoft.SummaryExtractor,SummaryExtractor,23963,unit
tika,697d7c047daf1f661a4ed067bbc8f9c58bb6faa2,1,2026-01-07T07:46:39.000,0.0,false,CONCRETE_CLASS,6,2,0.0,false,33,0,0.0034266570099347996,0,CONCRETE_CLASS,/data/tika/tika-parsers/tika-parsers-standard/tika-parsers-standard-modules/tika-parser-microsoft-module/src/main/java/org/apache/tika/parser/microsoft/onenote/fsshttpb/util/LittleEndianBitConverter.java,tika-parsers/tika-parsers-standard/tika-parsers-standard-modules/tika-parser-microsoft-module/src/main/java/org/apache/tika/parser/microsoft/onenote/fsshttpb/util/LittleEndianBitConverter.java,org.apache.tika.parser.microsoft.onenote.fsshttpb.util.LittleEndianBitConverter,LittleEndianBitConverter,3485,unit
tika,697d7c047daf1f661a4ed067bbc8f9c58bb6faa2,1,2026-01-07T07:46:39.000,0.0,false,CONCRETE_CLASS,0,0,0.0,false,16,0,1.8787557434076361E-4,0,CONCRETE_CLASS,/data/tika/tika-pipes/tika-pipes-plugins/tika-pipes-s3/src/main/java/org/apache/tika/pipes/plugin/s3/S3PipesPlugin.java,tika-pipes/tika-pipes-plugins/tika-pipes-s3/src/main/java/org/apache/tika/pipes/plugin/s3/S3PipesPlugin.java,org.apache.tika.pipes.plugin.s3.S3PipesPlugin,S3PipesPlugin,11677,unit
tika,697d7c047daf1f661a4ed067bbc8f9c58bb6faa2,1,2026-01-07T07:46:39.000,0.0,false,CONCRETE_CLASS,0,13,0.0,false,211,0,1.8787557434076361E-4,0,CONCRETE_CLASS,/data/tika/tika-core/src/test/java/org/apache/tika/sax/BasicContentHandlerFactoryTest.java,tika-core/src/test/java/org/apache/tika/sax/BasicContentHandlerFactoryTest.java,org.apache.tika.sax.BasicContentHandlerFactoryTest,BasicContentHandlerFactoryTest,7584,unit
tika,697d7c047daf1f661a4ed067bbc8f9c58bb6faa2,1,2026-01-07T07:46:39.000,0.0,false,CONCRETE_CLASS,0,7,0.0,false,41,0,1.8787557434076361E-4,0,CONCRETE_CLASS,/data/tika/tika-parsers/tika-parsers-extended/tika-parser-scientific-package/src/test/java/org/apache/tika/parser/scientific/integration/TestParsers.java,tika-parsers/tika-parsers-extended/tika-parser-scientific-package/src/test/java/org/apache/tika/parser/scientific/integration/TestParsers.java,org.apache.tika.parser.scientific.integration.TestParsers,TestParsers,19875,unit
tika,697d7c047daf1f661a4ed067bbc8f9c58bb6faa2,1,2026-01-07T07:46:39.000,0.0,false,CONCRETE_CLASS,0,4,0.0,false,14,0,1.8787557434076361E-4,0,CONCRETE_CLASS,/data/tika/tika-parsers/tika-parsers-standard/tika-parsers-standard-modules/tika-parser-cad-module/src/test/java/org/apache/tika/parser/dgn/DGN8ParserTest.java,tika-parsers/tika-parsers-standard/tika-parsers-standard-modules/tika-parser-cad-module/src/test/java/org/apache/tika/parser/dgn/DGN8ParserTest.java,org.apache.tika.parser.dgn.DGN8ParserTest,DGN8ParserTest,23976,unit
tika,697d7c047daf1f661a4ed067bbc8f9c58bb6faa2,1,2026-01-07T07:46:39.000,0.0,false,CONCRETE_CLASS,3,22,0.0,false,112,0,2.1628251804682304E-4,0,CONCRETE_CLASS,/data/tika/tika-parsers/tika-parsers-standard/tika-parsers-standard-modules/tika-parser-miscoffice-module/src/main/java/org/apache/tika/parser/odf/OpenDocumentMetaParser.java,tika-parsers/tika-parsers-standard/tika-parsers-standard-modules/tika-parser-miscoffice-module/src/main/java/org/apache/tika/parser/odf/OpenDocumentMetaParser.java,org.apache.tika.parser.odf.OpenDocumentMetaParser,OpenDocumentMetaParser,28073,unit
tika,697d7c047daf1f661a4ed067bbc8f9c58bb6faa2,1,2026-01-07T07:46:39.000,0.0,false,CONCRETE_CLASS,1,2,0.0,false,22,0,2.073517005433877E-4,0,CONCRETE_CLASS,/data/tika/tika-pipes/tika-pipes-plugins/tika-pipes-file-system/src/main/java/org/apache/tika/pipes/emitter/fs/FileSystemEmitterRuntimeConfig.java,tika-pipes/tika-pipes-plugins/tika-pipes-file-system/src/main/java/org/apache/tika/pipes/emitter/fs/FileSystemEmitterRuntimeConfig.java,org.apache.tika.pipes.emitter.fs.FileSystemEmitterRuntimeConfig,FileSystemEmitterRuntimeConfig,15788,unit
tika,697d7c047daf1f661a4ed067bbc8f9c58bb6faa2,1,2026-01-07T07:46:39.000,0.0,false,CONCRETE_CLASS,25,0,0.0,false,11,0,0.0010514985257248112,0,CONCRETE_CLASS,/data/tika/tika-parsers/tika-parsers-standard/tika-parsers-standard-modules/tika-parser-microsoft-module/src/main/java/org/apache/tika/parser/microsoft/onenote/fsshttpb/streamobj/StreamObjectParseErrorException.java,tika-parsers/tika-parsers-standard/tika-parsers-standard-modules/tika-parser-microsoft-module/src/main/java/org/apache/tika/parser/microsoft/onenote/fsshttpb/streamobj/StreamObjectParseErrorException.java,org.apache.tika.parser.microsoft.onenote.fsshttpb.streamobj.StreamObjectParseErrorException,StreamObjectParseErrorException,3501,unit
tika,697d7c047daf1f661a4ed067bbc8f9c58bb6faa2,1,2026-01-07T07:46:39.000,0.0,false,CONCRETE_CLASS,1,1,0.0,false,16,0,2.1070907836446924E-4,0,CONCRETE_CLASS,/data/tika/tika-core/src/test/java/org/apache/tika/sax/NonValidatingContentHandler.java,tika-core/src/test/java/org/apache/tika/sax/NonValidatingContentHandler.java,org.apache.tika.sax.NonValidatingContentHandler,NonValidatingContentHandler,7606,unit
tika,697d7c047daf1f661a4ed067bbc8f9c58bb6faa2,1,2026-01-07T07:46:39.000,0.0,false,CONCRETE_CLASS,5,9,0.0,false,201,0,2.8253220310394257E-4,0,CONCRETE_CLASS,/data/tika/tika-parsers/tika-parsers-standard/tika-parsers-standard-modules/tika-parser-microsoft-module/src/main/java/org/apache/tika/detect/microsoft/POIFSContainerDetector.java,tika-parsers/tika-parsers-standard/tika-parsers-standard-modules/tika-parser-microsoft-module/src/main/java/org/apache/tika/detect/microsoft/POIFSContainerDetector.java,org.apache.tika.detect.microsoft.POIFSContainerDetector,POIFSContainerDetector,19894,unit
tika,697d7c047daf1f661a4ed067bbc8f9c58bb6faa2,1,2026-01-07T07:46:39.000,0.0,false,CONCRETE_CLASS,0,2,0.0,false,28,0,1.8787557434076361E-4,0,CONCRETE_CLASS,/data/tika/tika-server/tika-server-client/src/test/java/org/apache/tika/server/client/TestBasic.java,tika-server/tika-server-client/src/test/java/org/apache/tika/server/client/TestBasic.java,org.apache.tika.server.client.TestBasic,TestBasic,11704,unit
tika,697d7c047daf1f661a4ed067bbc8f9c58bb6faa2,1,2026-01-07T07:46:39.000,0.0,false,ABSTRACT_CLASS,29,2,0.0,false,19,0,0.0020149828034040813,0,ABSTRACT_CLASS,/data/tika/tika-parsers/tika-parsers-standard/tika-parsers-standard-modules/tika-parser-microsoft-module/src/main/java/org/apache/tika/parser/microsoft/onenote/fsshttpb/streamobj/basic/BasicObject.java,tika-parsers/tika-parsers-standard/tika-parsers-standard-modules/tika-parser-microsoft-module/src/main/java/org/apache/tika/parser/microsoft/onenote/fsshttpb/streamobj/basic/BasicObject.java,org.apache.tika.parser.microsoft.onenote.fsshttpb.streamobj.basic.BasicObject,BasicObject,3513,unit
tika,697d7c047daf1f661a4ed067bbc8f9c58bb6faa2,1,2026-01-07T07:46:39.000,0.0,false,CONCRETE_CLASS,1,3,0.0,false,17,0,1.9689082896786714E-4,0,CONCRETE_CLASS,/data/tika/tika-parsers/tika-parsers-standard/tika-parsers-standard-modules/tika-parser-miscoffice-module/src/main/java/org/apache/tika/parser/odf/OpenDocumentMacroHandler.java,tika-parsers/tika-parsers-standard/tika-parsers-standard-modules/tika-parser-miscoffice-module/src/main/java/org/apache/tika/parser/odf/OpenDocumentMacroHandler.java,org.apache.tika.parser.odf.OpenDocumentMacroHandler,OpenDocumentMacroHandler,28090,unit
tika,697d7c047daf1f661a4ed067bbc8f9c58bb6faa2,1,2026-01-07T07:46:39.000,0.0,false,CONCRETE_CLASS,1,9,0.0,false,74,0,2.677928384237333E-4,0,CONCRETE_CLASS,/data/tika/tika-server/tika-server-client/src/main/java/org/apache/tika/server/client/TikaClientCLI.java,tika-server/tika-server-client/src/main/java/org/apache/tika/server/client/TikaClientCLI.java,org.apache.tika.server.client.TikaClientCLI,TikaClientCLI,11710,unit
tika,697d7c047daf1f661a4ed067bbc8f9c58bb6faa2,1,2026-01-07T07:46:39.000,0.0,false,CONCRETE_CLASS,2,3,0.0,false,47,0,3.1632761931712377E-4,0,CONCRETE_CLASS,/data/tika/tika-parsers/tika-parsers-standard/tika-parsers-standard-modules/tika-parser-audiovideo-module/src/main/java/org/apache/tika/parser/mp3/ID3v1Handler.java,tika-parsers/tika-parsers-standard/tika-parsers-standard-modules/tika-parser-audiovideo-module/src/main/java/org/apache/tika/parser/mp3/ID3v1Handler.java,org.apache.tika.parser.mp3.ID3v1Handler,ID3v1Handler,23998,unit
tika,697d7c047daf1f661a4ed067bbc8f9c58bb6faa2,1,2026-01-07T07:46:39.000,0.0,false,CONCRETE_CLASS,0,5,0.0,false,125,0,1.8787557434076361E-4,0,CONCRETE_CLASS,/data/tika/tika-pipes/tika-pipes-plugins/tika-pipes-file-system/src/test/java/org/apache/tika/pipes/emitter/fs/FileSystemEmitterRuntimeConfigTest.java,tika-pipes/tika-pipes-plugins/tika-pipes-file-system/src/test/java/org/apache/tika/pipes/emitter/fs/FileSystemEmitterRuntimeConfigTest.java,org.apache.tika.pipes.emitter.fs.FileSystemEmitterRuntimeConfigTest,FileSystemEmitterRuntimeConfigTest,15807,unit
tika,697d7c047daf1f661a4ed067bbc8f9c58bb6faa2,1,2026-01-07T07:46:39.000,0.0,false,CONCRETE_CLASS,0,8,0.0,false,82,0,1.8787557434076361E-4,0,CONCRETE_CLASS,/data/tika/tika-parsers/tika-parsers-standard/tika-parsers-standard-package/src/test/java/org/apache/tika/sax/BoilerpipeHandlerTest.java,tika-parsers/tika-parsers-standard/tika-parsers-standard-package/src/test/java/org/apache/tika/sax/BoilerpipeHandlerTest.java,org.apache.tika.sax.BoilerpipeHandlerTest,BoilerpipeHandlerTest,7618,unit
tika,697d7c047daf1f661a4ed067bbc8f9c58bb6faa2,1,2026-01-07T07:46:39.000,0.0,false,CONCRETE_CLASS,2,8,0.0,false,50,0,2.531129744029536E-4,0,CONCRETE_CLASS,/data/tika/tika-parsers/tika-parsers-standard/tika-parsers-standard-modules/tika-parser-miscoffice-module/src/main/java/org/apache/tika/parser/odf/FlatOpenDocumentMacroHandler.java,tika-parsers/tika-parsers-standard/tika-parsers-standard-modules/tika-parser-miscoffice-module/src/main/java/org/apache/tika/parser/odf/FlatOpenDocumentMacroHandler.java,org.apache.tika.parser.odf.FlatOpenDocumentMacroHandler,FlatOpenDocumentMacroHandler,28098,unit
tika,697d7c047daf1f661a4ed067bbc8f9c58bb6faa2,1,2026-01-07T07:46:39.000,0.0,false,INTERFACE,7,0,0.0,false,24,0,7.759920129345834E-4,0,INTERFACE,/data/tika/tika-parsers/tika-parsers-standard/tika-parsers-standard-modules/tika-parser-audiovideo-module/src/main/java/org/apache/tika/parser/mp3/ID3Tags.java,tika-parsers/tika-parsers-standard/tika-parsers-standard-modules/tika-parser-audiovideo-module/src/main/java/org/apache/tika/parser/mp3/ID3Tags.java,org.apache.tika.parser.mp3.ID3Tags,ID3Tags,24005,unit
tika,697d7c047daf1f661a4ed067bbc8f9c58bb6faa2,1,2026-01-07T07:46:39.000,0.0,false,CONCRETE_CLASS,4,7,0.0,false,43,0,2.4445966574899726E-4,0,CONCRETE_CLASS,/data/tika/tika-parsers/tika-parsers-standard/tika-parsers-standard-modules/tika-parser-microsoft-module/src/main/java/org/apache/tika/parser/microsoft/onenote/fsshttpb/streamobj/ObjectGroupData.java,tika-parsers/tika-parsers-standard/tika-parsers-standard-modules/tika-parser-microsoft-module/src/main/java/org/apache/tika/parser/microsoft/onenote/fsshttpb/streamobj/ObjectGroupData.java,org.apache.tika.parser.microsoft.onenote.fsshttpb.streamobj.ObjectGroupData,ObjectGroupData,3526,unit
tika,697d7c047daf1f661a4ed067bbc8f9c58bb6faa2,1,2026-01-07T07:46:39.000,0.0,false,CONCRETE_CLASS,2,2,0.0,false,30,0,2.9310818322868845E-4,0,CONCRETE_CLASS,/data/tika/tika-server/tika-server-client/src/main/java/org/apache/tika/server/client/TikaServerClientConfig.java,tika-server/tika-server-client/src/main/java/org/apache/tika/server/client/TikaServerClientConfig.java,org.apache.tika.server.client.TikaServerClientConfig,TikaServerClientConfig,11718,unit
tika,697d7c047daf1f661a4ed067bbc8f9c58bb6faa2,1,2026-01-07T07:46:39.000,0.0,false,CONCRETE_CLASS,0,7,0.0,false,38,0,1.8787557434076361E-4,0,CONCRETE_CLASS,/data/tika/tika-parsers/tika-parsers-standard/tika-parsers-standard-modules/tika-parser-microsoft-module/src/test/java/org/apache/tika/detect/microsoft/POIFSContainerDetectorTest.java,tika-parsers/tika-parsers-standard/tika-parsers-standard-modules/tika-parser-microsoft-module/src/test/java/org/apache/tika/detect/microsoft/POIFSContainerDetectorTest.java,org.apache.tika.detect.microsoft.POIFSContainerDetectorTest,POIFSContainerDetectorTest,19914,unit
tika,697d7c047daf1f661a4ed067bbc8f9c58bb6faa2,1,2026-01-07T07:46:39.000,0.0,false,CONCRETE_CLASS,2,2,0.0,false,49,0,2.848587458755105E-4,0,CONCRETE_CLASS,/data/tika/tika-parsers/tika-parsers-standard/tika-parsers-standard-modules/tika-parser-audiovideo-module/src/main/java/org/apache/tika/parser/mp3/LyricsHandler.java,tika-parsers/tika-parsers-standard/tika-parsers-standard-modules/tika-parser-audiovideo-module/src/main/java/org/apache/tika/parser/mp3/LyricsHandler.java,org.apache.tika.parser.mp3.LyricsHandler,LyricsHandler,24013,unit
tika,697d7c047daf1f661a4ed067bbc8f9c58bb6faa2,1,2026-01-07T07:46:39.000,0.0,false,CONCRETE_CLASS,7,8,0.0,false,32,0,3.5238921267044933E-4,0,CONCRETE_CLASS,/data/tika/tika-parsers/tika-parsers-standard/tika-parsers-standard-modules/tika-parser-microsoft-module/src/main/java/org/apache/tika/parser/microsoft/onenote/fsshttpb/streamobj/ObjectGroupObjectData.java,tika-parsers/tika-parsers-standard/tika-parsers-standard-modules/tika-parser-microsoft-module/src/main/java/org/apache/tika/parser/microsoft/onenote/fsshttpb/streamobj/ObjectGroupObjectData.java,org.apache.tika.parser.microsoft.onenote.fsshttpb.streamobj.ObjectGroupObjectData,ObjectGroupObjectData,3535,unit
tika,697d7c047daf1f661a4ed067bbc8f9c58bb6faa2,1,2026-01-07T07:46:39.000,0.0,false,CONCRETE_CLASS,4,2,0.0,false,137,0,2.602320603127827E-4,0,CONCRETE_CLASS,/data/tika/tika-handlers/tika-handler-boilerpipe/src/main/java/org/apache/tika/sax/boilerpipe/BoilerpipeContentHandler.java,tika-handlers/tika-handler-boilerpipe/src/main/java/org/apache/tika/sax/boilerpipe/BoilerpipeContentHandler.java,org.apache.tika.sax.boilerpipe.BoilerpipeContentHandler,BoilerpipeContentHandler,7631,unit
tika,697d7c047daf1f661a4ed067bbc8f9c58bb6faa2,1,2026-01-07T07:46:39.000,0.0,false,CONCRETE_CLASS,1,7,0.0,false,25,0,2.1319091914571875E-4,0,CONCRETE_CLASS,/data/tika/tika-server/tika-server-client/src/main/java/org/apache/tika/server/client/TikaClient.java,tika-server/tika-server-client/src/main/java/org/apache/tika/server/client/TikaClient.java,org.apache.tika.server.client.TikaClient,TikaClient,11734,unit
tika,697d7c047daf1f661a4ed067bbc8f9c58bb6faa2,1,2026-01-07T07:46:39.000,0.0,false,CONCRETE_CLASS,3,8,0.0,false,32,0,2.9207678334627923E-4,0,CONCRETE_CLASS,/data/tika/tika-parsers/tika-parsers-standard/tika-parsers-standard-modules/tika-parser-microsoft-module/src/main/java/org/apache/tika/parser/microsoft/onenote/fsshttpb/streamobj/ObjectGroupObjectDataBLOBReference.java,tika-parsers/tika-parsers-standard/tika-parsers-standard-modules/tika-parser-microsoft-module/src/main/java/org/apache/tika/parser/microsoft/onenote/fsshttpb/streamobj/ObjectGroupObjectDataBLOBReference.java,org.apache.tika.parser.microsoft.onenote.fsshttpb.streamobj.ObjectGroupObjectDataBLOBReference,ObjectGroupObjectDataBLOBReference,3544,unit
tika,697d7c047daf1f661a4ed067bbc8f9c58bb6faa2,1,2026-01-07T07:46:39.000,0.0,false,CONCRETE_CLASS,1,1,0.0,false,30,0,1.9514078016648814E-4,0,CONCRETE_CLASS,/data/tika/tika-parsers/tika-parsers-standard/tika-parsers-standard-modules/tika-parser-audiovideo-module/src/main/java/org/apache/tika/parser/mp3/CompositeTagHandler.java,tika-parsers/tika-parsers-standard/tika-parsers-standard-modules/tika-parser-audiovideo-module/src/main/java/org/apache/tika/parser/mp3/CompositeTagHandler.java,org.apache.tika.parser.mp3.CompositeTagHandler,CompositeTagHandler,24026,unit
tika,697d7c047daf1f661a4ed067bbc8f9c58bb6faa2,1,2026-01-07T07:46:39.000,0.0,false,CONCRETE_CLASS,0,11,0.0,false,37,0,1.8787557434076361E-4,0,CONCRETE_CLASS,/data/tika/tika-core/src/test/java/org/apache/tika/sax/BodyContentHandlerTest.java,tika-core/src/test/java/org/apache/tika/sax/BodyContentHandlerTest.java,org.apache.tika.sax.BodyContentHandlerTest,BodyContentHandlerTest,7647,unit
tika,697d7c047daf1f661a4ed067bbc8f9c58bb6faa2,1,2026-01-07T07:46:39.000,0.0,false,CONCRETE_CLASS,4,2,0.0,false,37,0,3.258205131030281E-4,0,CONCRETE_CLASS,/data/tika/tika-pipes/tika-pipes-core/src/main/java/org/apache/tika/pipes/core/pipesiterator/CallablePipesIterator.java,tika-pipes/tika-pipes-core/src/main/java/org/apache/tika/pipes/core/pipesiterator/CallablePipesIterator.java,org.apache.tika.pipes.core.pipesiterator.CallablePipesIterator,CallablePipesIterator,11743,unit
tika,697d7c047daf1f661a4ed067bbc8f9c58bb6faa2,1,2026-01-07T07:46:39.000,0.0,false,CONCRETE_CLASS,2,1,0.0,false,97,0,2.4841895622180126E-4,0,CONCRETE_CLASS,/data/tika/tika-parsers/tika-parsers-standard/tika-parsers-standard-modules/tika-parser-audiovideo-module/src/main/java/org/apache/tika/parser/mp3/MpegStream.java,tika-parsers/tika-parsers-standard/tika-parsers-standard-modules/tika-parser-audiovideo-module/src/main/java/org/apache/tika/parser/mp3/MpegStream.java,org.apache.tika.parser.mp3.MpegStream,MpegStream,24038,unit
tika,697d7c047daf1f661a4ed067bbc8f9c58bb6faa2,1,2026-01-07T07:46:39.000,0.0,false,CONCRETE_CLASS,3,7,0.0,false,42,0,2.9207678334627923E-4,0,CONCRETE_CLASS,/data/tika/tika-parsers/tika-parsers-standard/tika-parsers-standard-modules/tika-parser-microsoft-module/src/main/java/org/apache/tika/parser/microsoft/onenote/fsshttpb/streamobj/ObjectGroupObjectBLOBDataDeclaration.java,tika-parsers/tika-parsers-standard/tika-parsers-standard-modules/tika-parser-microsoft-module/src/main/java/org/apache/tika/parser/microsoft/onenote/fsshttpb/streamobj/ObjectGroupObjectBLOBDataDeclaration.java,org.apache.tika.parser.microsoft.onenote.fsshttpb.streamobj.ObjectGroupObjectBLOBDataDeclaration,ObjectGroupObjectBLOBDataDeclaration,3559,unit
tika,697d7c047daf1f661a4ed067bbc8f9c58bb6faa2,1,2026-01-07T07:46:39.000,0.0,false,CONCRETE_CLASS,0,1,0.0,false,7,0,1.8787557434076361E-4,0,CONCRETE_CLASS,/data/tika/tika-parsers/tika-parsers-standard/tika-parsers-standard-package/src/test/java/org/apache/tika/parser/apple/IWorkTest.java,tika-parsers/tika-parsers-standard/tika-parsers-standard-package/src/test/java/org/apache/tika/parser/apple/IWorkTest.java,org.apache.tika.parser.apple.IWorkTest,IWorkTest,19943,unit
tika,697d7c047daf1f661a4ed067bbc8f9c58bb6faa2,1,2026-01-07T07:46:39.000,0.0,false,CONCRETE_CLASS,0,7,0.0,false,36,0,1.8787557434076361E-4,0,CONCRETE_CLASS,/data/tika/tika-parsers/tika-parsers-standard/tika-parsers-standard-modules/tika-parser-miscoffice-module/src/test/java/org/apache/tika/parser/odf/OpenDocumentContentParserTest.java,tika-parsers/tika-parsers-standard/tika-parsers-standard-modules/tika-parser-miscoffice-module/src/test/java/org/apache/tika/parser/odf/OpenDocumentContentParserTest.java,org.apache.tika.parser.odf.OpenDocumentContentParserTest,OpenDocumentContentParserTest,28138,unit
tika,697d7c047daf1f661a4ed067bbc8f9c58bb6faa2,1,2026-01-07T07:46:39.000,0.0,false,CONCRETE_CLASS,2,13,0.0,false,229,0,2.8232325007518236E-4,0,CONCRETE_CLASS,/data/tika/tika-core/src/test/java/org/apache/tika/parser/mock/MockParser.java,tika-core/src/test/java/org/apache/tika/parser/mock/MockParser.java,org.apache.tika.parser.mock.MockParser,MockParser,7660,unit
tika,697d7c047daf1f661a4ed067bbc8f9c58bb6faa2,1,2026-01-07T07:46:39.000,0.0,false,CONCRETE_CLASS,3,2,0.0,false,83,0,4.5977134429581396E-4,0,CONCRETE_CLASS,/data/tika/tika-parsers/tika-parsers-standard/tika-parsers-standard-modules/tika-parser-audiovideo-module/src/main/java/org/apache/tika/parser/mp3/AudioFrame.java,tika-parsers/tika-parsers-standard/tika-parsers-standard-modules/tika-parser-audiovideo-module/src/main/java/org/apache/tika/parser/mp3/AudioFrame.java,org.apache.tika.parser.mp3.AudioFrame,AudioFrame,24044,unit
tika,697d7c047daf1f661a4ed067bbc8f9c58bb6faa2,1,2026-01-07T07:46:39.000,0.0,false,CONCRETE_CLASS,12,2,0.0,false,233,0,5.634152051120455E-4,0,CONCRETE_CLASS,/data/tika/tika-pipes/tika-httpclient-commons/src/main/java/org/apache/tika/client/HttpClientFactory.java,tika-pipes/tika-httpclient-commons/src/main/java/org/apache/tika/client/HttpClientFactory.java,org.apache.tika.client.HttpClientFactory,HttpClientFactory,11759,unit
tika,697d7c047daf1f661a4ed067bbc8f9c58bb6faa2,1,2026-01-07T07:46:39.000,0.0,false,CONCRETE_CLASS,8,7,0.0,false,42,0,5.208492659383282E-4,0,CONCRETE_CLASS,/data/tika/tika-parsers/tika-parsers-standard/tika-parsers-standard-modules/tika-parser-microsoft-module/src/main/java/org/apache/tika/parser/microsoft/onenote/fsshttpb/streamobj/ObjectGroupObjectDeclare.java,tika-parsers/tika-parsers-standard/tika-parsers-standard-modules/tika-parser-microsoft-module/src/main/java/org/apache/tika/parser/microsoft/onenote/fsshttpb/streamobj/ObjectGroupObjectDeclare.java,org.apache.tika.parser.microsoft.onenote.fsshttpb.streamobj.ObjectGroupObjectDeclare,ObjectGroupObjectDeclare,3570,unit
tika,697d7c047daf1f661a4ed067bbc8f9c58bb6faa2,1,2026-01-07T07:46:39.000,0.0,false,CONCRETE_CLASS,2,10,0.0,false,48,0,2.677928384237333E-4,0,CONCRETE_CLASS,/data/tika/tika-pipes/tika-pipes-plugins/tika-pipes-gcs/src/main/java/org/apache/tika/pipes/iterator/gcs/GCSPipesIterator.java,tika-pipes/tika-pipes-plugins/tika-pipes-gcs/src/main/java/org/apache/tika/pipes/iterator/gcs/GCSPipesIterator.java,org.apache.tika.pipes.iterator.gcs.GCSPipesIterator,GCSPipesIterator,15859,unit
tika,697d7c047daf1f661a4ed067bbc8f9c58bb6faa2,1,2026-01-07T07:46:39.000,0.0,false,CONCRETE_CLASS,0,3,0.0,false,15,0,1.8787557434076361E-4,0,CONCRETE_CLASS,/data/tika/tika-parsers/tika-parsers-standard/tika-parsers-standard-package/src/test/java/org/apache/tika/parser/apple/PListParserTest.java,tika-parsers/tika-parsers-standard/tika-parsers-standard-package/src/test/java/org/apache/tika/parser/apple/PListParserTest.java,org.apache.tika.parser.apple.PListParserTest,PListParserTest,19955,unit
tika,697d7c047daf1f661a4ed067bbc8f9c58bb6faa2,1,2026-01-07T07:46:39.000,0.0,false,CONCRETE_CLASS,2,0,0.0,false,11,0,2.7059155724574476E-4,0,CONCRETE_CLASS,/data/tika/tika-server/tika-server-client/src/main/java/org/apache/tika/server/client/TikaEmitterResult.java,tika-server/tika-server-client/src/main/java/org/apache/tika/server/client/TikaEmitterResult.java,org.apache.tika.server.client.TikaEmitterResult,TikaEmitterResult,11767,unit
tika,697d7c047daf1f661a4ed067bbc8f9c58bb6faa2,1,2026-01-07T07:46:39.000,0.0,false,CONCRETE_CLASS,0,3,0.0,false,61,0,1.8787557434076361E-4,0,CONCRETE_CLASS,/data/tika/tika-parsers/tika-parsers-standard/tika-parsers-standard-modules/tika-parser-audiovideo-module/src/test/java/org/apache/tika/parser/mp3/MpegStreamTest.java,tika-parsers/tika-parsers-standard/tika-parsers-standard-modules/tika-parser-audiovideo-module/src/test/java/org/apache/tika/parser/mp3/MpegStreamTest.java,org.apache.tika.parser.mp3.MpegStreamTest,MpegStreamTest,24055,unit
tika,697d7c047daf1f661a4ed067bbc8f9c58bb6faa2,1,2026-01-07T07:46:39.000,0.0,false,CONCRETE_CLASS,1,1,0.0,false,3,0,1.9801201420318405E-4,0,CONCRETE_CLASS,/data/tika/tika-parsers/tika-parsers-standard/tika-parsers-standard-modules/tika-parser-microsoft-module/src/main/java/org/apache/tika/parser/microsoft/onenote/fsshttpb/streamobj/EncryptionObject.java,tika-parsers/tika-parsers-standard/tika-parsers-standard-modules/tika-parser-microsoft-module/src/main/java/org/apache/tika/parser/microsoft/onenote/fsshttpb/streamobj/EncryptionObject.java,org.apache.tika.parser.microsoft.onenote.fsshttpb.streamobj.EncryptionObject,EncryptionObject,3579,unit
tika,697d7c047daf1f661a4ed067bbc8f9c58bb6faa2,1,2026-01-07T07:46:39.000,0.0,false,CONCRETE_CLASS,1,2,0.0,false,29,0,2.1065938466522323E-4,0,CONCRETE_CLASS,/data/tika/tika-pipes/tika-pipes-plugins/tika-pipes-gcs/src/main/java/org/apache/tika/pipes/iterator/gcs/GCSPipesIteratorConfig.java,tika-pipes/tika-pipes-plugins/tika-pipes-gcs/src/main/java/org/apache/tika/pipes/iterator/gcs/GCSPipesIteratorConfig.java,org.apache.tika.pipes.iterator.gcs.GCSPipesIteratorConfig,GCSPipesIteratorConfig,15868,unit
tika,697d7c047daf1f661a4ed067bbc8f9c58bb6faa2,1,2026-01-07T07:46:39.000,0.0,false,CONCRETE_CLASS,2,4,0.0,false,71,0,2.670648426985829E-4,0,CONCRETE_CLASS,/data/tika/tika-server/tika-server-client/src/main/java/org/apache/tika/server/client/TikaPipesHttpClient.java,tika-server/tika-server-client/src/main/java/org/apache/tika/server/client/TikaPipesHttpClient.java,org.apache.tika.server.client.TikaPipesHttpClient,TikaPipesHttpClient,11775,unit
tika,697d7c047daf1f661a4ed067bbc8f9c58bb6faa2,1,2026-01-07T07:46:39.000,0.0,false,CONCRETE_CLASS,1,13,0.0,false,93,0,2.198424799739515E-4,0,CONCRETE_CLASS,/data/tika/tika-parsers/tika-parsers-standard/tika-parsers-standard-modules/tika-parser-apple-module/src/main/java/org/apache/tika/parser/apple/AppleSingleFileParser.java,tika-parsers/tika-parsers-standard/tika-parsers-standard-modules/tika-parser-apple-module/src/main/java/org/apache/tika/parser/apple/AppleSingleFileParser.java,org.apache.tika.parser.apple.AppleSingleFileParser,AppleSingleFileParser,19969,unit
tika,697d7c047daf1f661a4ed067bbc8f9c58bb6faa2,1,2026-01-07T07:46:39.000,0.0,false,CONCRETE_CLASS,2,5,0.0,false,10,0,2.2691729215437037E-4,0,CONCRETE_CLASS,/data/tika/tika-parsers/tika-parsers-standard/tika-parsers-standard-modules/tika-parser-microsoft-module/src/main/java/org/apache/tika/parser/microsoft/onenote/fsshttpb/streamobj/JCIDObject.java,tika-parsers/tika-parsers-standard/tika-parsers-standard-modules/tika-parser-microsoft-module/src/main/java/org/apache/tika/parser/microsoft/onenote/fsshttpb/streamobj/JCIDObject.java,org.apache.tika.parser.microsoft.onenote.fsshttpb.streamobj.JCIDObject,JCIDObject,3588,unit
tika,697d7c047daf1f661a4ed067bbc8f9c58bb6faa2,1,2026-01-07T07:46:39.000,0.0,false,CONCRETE_CLASS,0,7,0.0,false,45,0,1.8787557434076361E-4,0,CONCRETE_CLASS,/data/tika/tika-core/src/test/java/org/apache/tika/sax/CustomErrorHandlerTest.java,tika-core/src/test/java/org/apache/tika/sax/CustomErrorHandlerTest.java,org.apache.tika.sax.CustomErrorHandlerTest,CustomErrorHandlerTest,7688,unit
tika,697d7c047daf1f661a4ed067bbc8f9c58bb6faa2,1,2026-01-07T07:46:39.000,0.0,false,CONCRETE_CLASS,0,3,0.0,false,6,0,1.8787557434076361E-4,0,CONCRETE_CLASS,/data/tika/tika-server/tika-server-client/src/main/java/org/apache/tika/server/client/TikaAsyncHttpClient.java,tika-server/tika-server-client/src/main/java/org/apache/tika/server/client/TikaAsyncHttpClient.java,org.apache.tika.server.client.TikaAsyncHttpClient,TikaAsyncHttpClient,11786,unit
tika,697d7c047daf1f661a4ed067bbc8f9c58bb6faa2,1,2026-01-07T07:46:39.000,0.0,false,CONCRETE_CLASS,1,4,0.0,false,69,0,1.9514078016648814E-4,0,CONCRETE_CLASS,/data/tika/tika-parsers/tika-parsers-standard/tika-parsers-standard-modules/tika-parser-audiovideo-module/src/main/java/org/apache/tika/parser/mp3/ID3v23Handler.java,tika-parsers/tika-parsers-standard/tika-parsers-standard-modules/tika-parser-audiovideo-module/src/main/java/org/apache/tika/parser/mp3/ID3v23Handler.java,org.apache.tika.parser.mp3.ID3v23Handler,ID3v23Handler,24075,unit
tika,697d7c047daf1f661a4ed067bbc8f9c58bb6faa2,1,2026-01-07T07:46:39.000,0.0,false,CONCRETE_CLASS,13,3,0.0,false,90,0,7.430417023008009E-4,0,CONCRETE_CLASS,/data/tika/tika-parsers/tika-parsers-standard/tika-parsers-standard-modules/tika-parser-microsoft-module/src/main/java/org/apache/tika/parser/microsoft/onenote/fsshttpb/streamobj/basic/Compact64bitInt.java,tika-parsers/tika-parsers-standard/tika-parsers-standard-modules/tika-parser-microsoft-module/src/main/java/org/apache/tika/parser/microsoft/onenote/fsshttpb/streamobj/basic/Compact64bitInt.java,org.apache.tika.parser.microsoft.onenote.fsshttpb.streamobj.basic.Compact64bitInt,Compact64bitInt,3597,unit
tika,697d7c047daf1f661a4ed067bbc8f9c58bb6faa2,1,2026-01-07T07:46:39.000,0.0,false,CONCRETE_CLASS,5,2,0.0,false,153,0,3.836719361889556E-4,0,CONCRETE_CLASS,/data/tika/tika-parsers/tika-parsers-standard/tika-parsers-standard-modules/tika-parser-audiovideo-module/src/main/java/org/apache/tika/parser/mp3/ID3v2Frame.java,tika-parsers/tika-parsers-standard/tika-parsers-standard-modules/tika-parser-audiovideo-module/src/main/java/org/apache/tika/parser/mp3/ID3v2Frame.java,org.apache.tika.parser.mp3.ID3v2Frame,ID3v2Frame,24082,unit
tika,697d7c047daf1f661a4ed067bbc8f9c58bb6faa2,1,2026-01-07T07:46:39.000,0.0,false,CONCRETE_CLASS,2,3,0.0,false,4,0,2.2691729215437037E-4,0,CONCRETE_CLASS,/data/tika/tika-parsers/tika-parsers-standard/tika-parsers-standard-modules/tika-parser-microsoft-module/src/main/java/org/apache/tika/parser/microsoft/onenote/fsshttpb/streamobj/FileDataObject.java,tika-parsers/tika-parsers-standard/tika-parsers-standard-modules/tika-parser-microsoft-module/src/main/java/org/apache/tika/parser/microsoft/onenote/fsshttpb/streamobj/FileDataObject.java,org.apache.tika.parser.microsoft.onenote.fsshttpb.streamobj.FileDataObject,FileDataObject,3605,unit
tika,697d7c047daf1f661a4ed067bbc8f9c58bb6faa2,1,2026-01-07T07:46:39.000,0.0,false,CONCRETE_CLASS,0,4,0.0,false,56,0,1.8787557434076361E-4,0,CONCRETE_CLASS,/data/tika/tika-pipes/tika-pipes-plugins/tika-pipes-gcs/src/test/java/org/apache/tika/pipes/iterator/gcs/TestGCSPipesIterator.java,tika-pipes/tika-pipes-plugins/tika-pipes-gcs/src/test/java/org/apache/tika/pipes/iterator/gcs/TestGCSPipesIterator.java,org.apache.tika.pipes.iterator.gcs.TestGCSPipesIterator,TestGCSPipesIterator,15894,unit
tika,697d7c047daf1f661a4ed067bbc8f9c58bb6faa2,1,2026-01-07T07:46:39.000,0.0,false,CONCRETE_CLASS,0,1,0.0,false,4,0,1.8787557434076361E-4,0,CONCRETE_CLASS,/data/tika/tika-server/tika-server-client/src/main/java/org/apache/tika/server/client/TikaClientConfigException.java,tika-server/tika-server-client/src/main/java/org/apache/tika/server/client/TikaClientConfigException.java,org.apache.tika.server.client.TikaClientConfigException,TikaClientConfigException,11800,unit
tika,697d7c047daf1f661a4ed067bbc8f9c58bb6faa2,1,2026-01-07T07:46:39.000,0.0,false,CONCRETE_CLASS,0,5,0.0,false,19,0,1.8787557434076361E-4,0,CONCRETE_CLASS,/data/tika/tika-parsers/tika-parsers-standard/tika-parsers-standard-package/src/test/java/org/apache/tika/parser/apple/AppleSingleFileParserTest.java,tika-parsers/tika-parsers-standard/tika-parsers-standard-package/src/test/java/org/apache/tika/parser/apple/AppleSingleFileParserTest.java,org.apache.tika.parser.apple.AppleSingleFileParserTest,AppleSingleFileParserTest,19993,unit
tika,697d7c047daf1f661a4ed067bbc8f9c58bb6faa2,1,2026-01-07T07:46:39.000,0.0,false,CONCRETE_CLASS,0,3,0.0,false,44,0,1.8787557434076361E-4,0,CONCRETE_CLASS,/data/tika/tika-core/src/test/java/org/apache/tika/sax/LinkContentHandlerTest.java,tika-core/src/test/java/org/apache/tika/sax/LinkContentHandlerTest.java,org.apache.tika.sax.LinkContentHandlerTest,LinkContentHandlerTest,7706,unit
tika,697d7c047daf1f661a4ed067bbc8f9c58bb6faa2,1,2026-01-07T07:46:39.000,0.0,false,CONCRETE_CLASS,3,3,0.0,false,73,0,2.7814911584394224E-4,0,CONCRETE_CLASS,/data/tika/tika-parsers/tika-parsers-standard/tika-parsers-standard-modules/tika-parser-audiovideo-module/src/main/java/org/apache/tika/parser/mp3/ID3v22Handler.java,tika-parsers/tika-parsers-standard/tika-parsers-standard-modules/tika-parser-audiovideo-module/src/main/java/org/apache/tika/parser/mp3/ID3v22Handler.java,org.apache.tika.parser.mp3.ID3v22Handler,ID3v22Handler,24090,unit
tika,697d7c047daf1f661a4ed067bbc8f9c58bb6faa2,1,2026-01-07T07:46:39.000,0.0,false,CONCRETE_CLASS,13,3,0.0,false,28,0,5.263999479481411E-4,0,CONCRETE_CLASS,/data/tika/tika-parsers/tika-parsers-standard/tika-parsers-standard-modules/tika-parser-microsoft-module/src/main/java/org/apache/tika/parser/microsoft/onenote/fsshttpb/streamobj/basic/BinaryItem.java,tika-parsers/tika-parsers-standard/tika-parsers-standard-modules/tika-parser-microsoft-module/src/main/java/org/apache/tika/parser/microsoft/onenote/fsshttpb/streamobj/basic/BinaryItem.java,org.apache.tika.parser.microsoft.onenote.fsshttpb.streamobj.basic.BinaryItem,BinaryItem,3614,unit
tika,697d7c047daf1f661a4ed067bbc8f9c58bb6faa2,1,2026-01-07T07:46:39.000,0.0,false,CONCRETE_CLASS,3,3,0.0,false,46,0,2.677928384237333E-4,0,CONCRETE_CLASS,/data/tika/tika-core/src/main/java/org/apache/tika/sax/LinkContentHandler.java,tika-core/src/main/java/org/apache/tika/sax/LinkContentHandler.java,org.apache.tika.sax.LinkContentHandler,LinkContentHandler,7712,unit
tika,697d7c047daf1f661a4ed067bbc8f9c58bb6faa2,1,2026-01-07T07:46:39.000,0.0,false,CONCRETE_CLASS,0,17,0.0,false,97,0,1.8787557434076361E-4,0,CONCRETE_CLASS,/data/tika/tika-parsers/tika-parsers-standard/tika-parsers-standard-modules/tika-parser-miscoffice-module/src/main/java/org/apache/tika/parser/odf/FlatOpenDocumentParser.java,tika-parsers/tika-parsers-standard/tika-parsers-standard-modules/tika-parser-miscoffice-module/src/main/java/org/apache/tika/parser/odf/FlatOpenDocumentParser.java,org.apache.tika.parser.odf.FlatOpenDocumentParser,FlatOpenDocumentParser,28194,unit
tika,697d7c047daf1f661a4ed067bbc8f9c58bb6faa2,1,2026-01-07T07:46:39.000,0.0,false,CONCRETE_CLASS,0,4,0.0,false,12,0,1.8787557434076361E-4,0,CONCRETE_CLASS,/data/tika/tika-pipes/tika-pipes-plugins/tika-pipes-gcs/src/main/java/org/apache/tika/pipes/iterator/gcs/GCSPipesIteratorFactory.java,tika-pipes/tika-pipes-plugins/tika-pipes-gcs/src/main/java/org/apache/tika/pipes/iterator/gcs/GCSPipesIteratorFactory.java,org.apache.tika.pipes.iterator.gcs.GCSPipesIteratorFactory,GCSPipesIteratorFactory,15907,unit
tika,697d7c047daf1f661a4ed067bbc8f9c58bb6faa2,1,2026-01-07T07:46:39.000,0.0,false,CONCRETE_CLASS,2,2,0.0,false,30,0,2.3662337887471124E-4,0,CONCRETE_CLASS,/data/tika/tika-parsers/tika-parsers-standard/tika-parsers-standard-modules/tika-parser-microsoft-module/src/main/java/org/apache/tika/parser/microsoft/onenote/fsshttpb/streamobj/basic/JCID.java,tika-parsers/tika-parsers-standard/tika-parsers-standard-modules/tika-parser-microsoft-module/src/main/java/org/apache/tika/parser/microsoft/onenote/fsshttpb/streamobj/basic/JCID.java,org.apache.tika.parser.microsoft.onenote.fsshttpb.streamobj.basic.JCID,JCID,3622,unit
tika,697d7c047daf1f661a4ed067bbc8f9c58bb6faa2,1,2026-01-07T07:46:39.000,0.0,false,INTERFACE,3,0,0.0,false,1,0,5.539696646457167E-4,0,INTERFACE,/data/tika/tika-parsers/tika-parsers-standard/tika-parsers-standard-modules/tika-parser-audiovideo-module/src/main/java/org/apache/tika/parser/mp3/MP3Frame.java,tika-parsers/tika-parsers-standard/tika-parsers-standard-modules/tika-parser-audiovideo-module/src/main/java/org/apache/tika/parser/mp3/MP3Frame.java,org.apache.tika.parser.mp3.MP3Frame,MP3Frame,24104,unit
tika,697d7c047daf1f661a4ed067bbc8f9c58bb6faa2,1,2026-01-07T07:46:39.000,0.0,false,CONCRETE_CLASS,0,11,0.0,false,122,0,1.8787557434076361E-4,0,CONCRETE_CLASS,/data/tika/tika-parsers/tika-parsers-standard/tika-parsers-standard-modules/tika-parser-apple-module/src/main/java/org/apache/tika/parser/apple/PListParser.java,tika-parsers/tika-parsers-standard/tika-parsers-standard-modules/tika-parser-apple-module/src/main/java/org/apache/tika/parser/apple/PListParser.java,org.apache.tika.parser.apple.PListParser,PListParser,20009,unit
tika,697d7c047daf1f661a4ed067bbc8f9c58bb6faa2,1,2026-01-07T07:46:39.000,0.0,false,CONCRETE_CLASS,4,7,0.0,false,42,0,2.4445966574899726E-4,0,CONCRETE_CLASS,/data/tika/tika-parsers/tika-parsers-standard/tika-parsers-standard-modules/tika-parser-microsoft-module/src/main/java/org/apache/tika/parser/microsoft/onenote/fsshttpb/streamobj/ObjectGroupDeclarations.java,tika-parsers/tika-parsers-standard/tika-parsers-standard-modules/tika-parser-microsoft-module/src/main/java/org/apache/tika/parser/microsoft/onenote/fsshttpb/streamobj/ObjectGroupDeclarations.java,org.apache.tika.parser.microsoft.onenote.fsshttpb.streamobj.ObjectGroupDeclarations,ObjectGroupDeclarations,3630,unit
tika,697d7c047daf1f661a4ed067bbc8f9c58bb6faa2,1,2026-01-07T07:46:39.000,0.0,false,CONCRETE_CLASS,1,6,0.0,false,60,0,2.0240598599221267E-4,0,CONCRETE_CLASS,/data/tika/tika-parsers/tika-parsers-standard/tika-parsers-standard-modules/tika-parser-apple-module/src/main/java/org/apache/tika/detect/apple/BPListDetector.java,tika-parsers/tika-parsers-standard/tika-parsers-standard-modules/tika-parser-apple-module/src/main/java/org/apache/tika/detect/apple/BPListDetector.java,org.apache.tika.detect.apple.BPListDetector,BPListDetector,20015,unit
tika,697d7c047daf1f661a4ed067bbc8f9c58bb6faa2,1,2026-01-07T07:46:39.000,0.0,false,CONCRETE_CLASS,1,1,0.0,false,41,0,2.108433738207313E-4,0,CONCRETE_CLASS,/data/tika/tika-core/src/main/java/org/apache/tika/sax/ElementMappingContentHandler.java,tika-core/src/main/java/org/apache/tika/sax/ElementMappingContentHandler.java,org.apache.tika.sax.ElementMappingContentHandler,ElementMappingContentHandler,7736,unit
tika,697d7c047daf1f661a4ed067bbc8f9c58bb6faa2,1,2026-01-07T07:46:39.000,0.0,false,CONCRETE_CLASS,4,11,0.0,false,38,0,2.3645288335811588E-4,0,CONCRETE_CLASS,/data/tika/tika-parsers/tika-parsers-standard/tika-parsers-standard-modules/tika-parser-microsoft-module/src/main/java/org/apache/tika/parser/microsoft/onenote/fsshttpb/streamobj/IntermediateNodeObject.java,tika-parsers/tika-parsers-standard/tika-parsers-standard-modules/tika-parser-microsoft-module/src/main/java/org/apache/tika/parser/microsoft/onenote/fsshttpb/streamobj/IntermediateNodeObject.java,org.apache.tika.parser.microsoft.onenote.fsshttpb.streamobj.IntermediateNodeObject,IntermediateNodeObject,3641,unit
tika,697d7c047daf1f661a4ed067bbc8f9c58bb6faa2,1,2026-01-07T07:46:39.000,0.0,false,CONCRETE_CLASS,0,11,0.0,false,49,0,1.8787557434076361E-4,0,CONCRETE_CLASS,/data/tika/tika-parsers/tika-parsers-standard/tika-parsers-standard-modules/tika-parser-microsoft-module/src/test/java/org/apache/tika/parser/microsoft/chm/TestChmBlockInfo.java,tika-parsers/tika-parsers-standard/tika-parsers-standard-modules/tika-parser-microsoft-module/src/test/java/org/apache/tika/parser/microsoft/chm/TestChmBlockInfo.java,org.apache.tika.parser.microsoft.chm.TestChmBlockInfo,TestChmBlockInfo,11834,unit
tika,697d7c047daf1f661a4ed067bbc8f9c58bb6faa2,1,2026-01-07T07:46:39.000,0.0,false,INTERFACE,6,2,0.0,false,3,0,6.191418486487338E-4,0,INTERFACE,/data/tika/tika-eval/tika-eval-core/src/main/java/org/apache/tika/eval/core/textstats/TokenCountStatsCalculator.java,tika-eval/tika-eval-core/src/main/java/org/apache/tika/eval/core/textstats/TokenCountStatsCalculator.java,org.apache.tika.eval.core.textstats.TokenCountStatsCalculator,TokenCountStatsCalculator,15934,unit
tika,697d7c047daf1f661a4ed067bbc8f9c58bb6faa2,1,2026-01-07T07:46:39.000,0.0,false,CONCRETE_CLASS,11,1,0.0,false,60,0,5.595600447630083E-4,0,CONCRETE_CLASS,/data/tika/tika-parsers/tika-parsers-standard/tika-parsers-standard-modules/tika-parser-microsoft-module/src/test/java/org/apache/tika/parser/microsoft/chm/TestParameters.java,tika-parsers/tika-parsers-standard/tika-parsers-standard-modules/tika-parser-microsoft-module/src/test/java/org/apache/tika/parser/microsoft/chm/TestParameters.java,org.apache.tika.parser.microsoft.chm.TestParameters,TestParameters,11840,unit
tika,697d7c047daf1f661a4ed067bbc8f9c58bb6faa2,1,2026-01-07T07:46:39.000,0.0,false,CONCRETE_CLASS,0,6,0.0,false,191,0,1.8787557434076361E-4,0,CONCRETE_CLASS,/data/tika/tika-parsers/tika-parsers-standard/tika-parsers-standard-modules/tika-parser-audiovideo-module/src/test/java/org/apache/tika/parser/mp3/Mp3ParserTest.java,tika-parsers/tika-parsers-standard/tika-parsers-standard-modules/tika-parser-audiovideo-module/src/test/java/org/apache/tika/parser/mp3/Mp3ParserTest.java,org.apache.tika.parser.mp3.Mp3ParserTest,Mp3ParserTest,24128,unit
tika,697d7c047daf1f661a4ed067bbc8f9c58bb6faa2,1,2026-01-07T07:46:39.000,0.0,false,CONCRETE_CLASS,4,5,0.0,false,18,0,2.689225502701457E-4,0,CONCRETE_CLASS,/data/tika/tika-parsers/tika-parsers-standard/tika-parsers-standard-modules/tika-parser-microsoft-module/src/main/java/org/apache/tika/parser/microsoft/onenote/fsshttpb/streamobj/DataSizeObject.java,tika-parsers/tika-parsers-standard/tika-parsers-standard-modules/tika-parser-microsoft-module/src/main/java/org/apache/tika/parser/microsoft/onenote/fsshttpb/streamobj/DataSizeObject.java,org.apache.tika.parser.microsoft.onenote.fsshttpb.streamobj.DataSizeObject,DataSizeObject,3652,unit
tika,697d7c047daf1f661a4ed067bbc8f9c58bb6faa2,1,2026-01-07T07:46:39.000,0.0,false,CONCRETE_CLASS,8,8,0.0,false,105,0,3.3103021054227535E-4,0,CONCRETE_CLASS,/data/tika/tika-parsers/tika-parsers-standard/tika-parsers-standard-modules/tika-parser-microsoft-module/src/main/java/org/apache/tika/parser/microsoft/chm/ChmDirectoryListingSet.java,tika-parsers/tika-parsers-standard/tika-parsers-standard-modules/tika-parser-microsoft-module/src/main/java/org/apache/tika/parser/microsoft/chm/ChmDirectoryListingSet.java,org.apache.tika.parser.microsoft.chm.ChmDirectoryListingSet,ChmDirectoryListingSet,11848,unit
tika,697d7c047daf1f661a4ed067bbc8f9c58bb6faa2,1,2026-01-07T07:46:39.000,0.0,false,CONCRETE_CLASS,0,5,0.0,false,23,0,1.8787557434076361E-4,0,CONCRETE_CLASS,/data/tika/tika-eval/tika-eval-core/src/main/java/org/apache/tika/eval/core/textstats/CommonTokensBhattacharyya.java,tika-eval/tika-eval-core/src/main/java/org/apache/tika/eval/core/textstats/CommonTokensBhattacharyya.java,org.apache.tika.eval.core.textstats.CommonTokensBhattacharyya,CommonTokensBhattacharyya,15947,unit
tika,697d7c047daf1f661a4ed067bbc8f9c58bb6faa2,1,2026-01-07T07:46:39.000,0.0,false,CONCRETE_CLASS,1,12,0.0,false,37,0,2.06164135442207E-4,0,CONCRETE_CLASS,/data/tika/tika-parsers/tika-parsers-standard/tika-parsers-standard-modules/tika-parser-microsoft-module/src/main/java/org/apache/tika/parser/microsoft/onenote/fsshttpb/streamobj/chunking/ChunkingFactory.java,tika-parsers/tika-parsers-standard/tika-parsers-standard-modules/tika-parser-microsoft-module/src/main/java/org/apache/tika/parser/microsoft/onenote/fsshttpb/streamobj/chunking/ChunkingFactory.java,org.apache.tika.parser.microsoft.onenote.fsshttpb.streamobj.chunking.ChunkingFactory,ChunkingFactory,3660,unit
tika,697d7c047daf1f661a4ed067bbc8f9c58bb6faa2,1,2026-01-07T07:46:39.000,0.0,false,CONCRETE_CLASS,0,8,0.0,false,68,0,1.8787557434076361E-4,0,CONCRETE_CLASS,/data/tika/tika-parsers/tika-parsers-standard/tika-parsers-standard-modules/tika-parser-code-module/src/test/java/org/apache/tika/parser/code/SourceCodeParserTest.java,tika-parsers/tika-parsers-standard/tika-parsers-standard-modules/tika-parser-code-module/src/test/java/org/apache/tika/parser/code/SourceCodeParserTest.java,org.apache.tika.parser.code.SourceCodeParserTest,SourceCodeParserTest,20045,unit
tika,697d7c047daf1f661a4ed067bbc8f9c58bb6faa2,1,2026-01-07T07:46:39.000,0.0,false,CONCRETE_CLASS,2,3,0.0,false,46,0,2.189557616259202E-4,0,CONCRETE_CLASS,/data/tika/tika-parsers/tika-parsers-standard/tika-parsers-standard-modules/tika-parser-microsoft-module/src/main/java/org/apache/tika/parser/microsoft/chm/ChmBlockInfo.java,tika-parsers/tika-parsers-standard/tika-parsers-standard-modules/tika-parser-microsoft-module/src/main/java/org/apache/tika/parser/microsoft/chm/ChmBlockInfo.java,org.apache.tika.parser.microsoft.chm.ChmBlockInfo,ChmBlockInfo,11856,unit
tika,697d7c047daf1f661a4ed067bbc8f9c58bb6faa2,1,2026-01-07T07:46:39.000,0.0,false,CONCRETE_CLASS,0,5,0.0,false,14,0,1.8787557434076361E-4,0,CONCRETE_CLASS,/data/tika/tika-parsers/tika-parsers-standard/tika-parsers-standard-package/src/test/java/org/apache/tika/sax/UpcasingContentHandlerDecoratorFactory.java,tika-parsers/tika-parsers-standard/tika-parsers-standard-package/src/test/java/org/apache/tika/sax/UpcasingContentHandlerDecoratorFactory.java,org.apache.tika.sax.UpcasingContentHandlerDecoratorFactory,UpcasingContentHandlerDecoratorFactory,7760,unit
tika,697d7c047daf1f661a4ed067bbc8f9c58bb6faa2,1,2026-01-07T07:46:39.000,0.0,false,CONCRETE_CLASS,1,4,0.0,false,72,0,1.9514078016648814E-4,0,CONCRETE_CLASS,/data/tika/tika-parsers/tika-parsers-standard/tika-parsers-standard-modules/tika-parser-audiovideo-module/src/main/java/org/apache/tika/parser/mp3/ID3v24Handler.java,tika-parsers/tika-parsers-standard/tika-parsers-standard-modules/tika-parser-audiovideo-module/src/main/java/org/apache/tika/parser/mp3/ID3v24Handler.java,org.apache.tika.parser.mp3.ID3v24Handler,ID3v24Handler,24145,unit
tika,697d7c047daf1f661a4ed067bbc8f9c58bb6faa2,1,2026-01-07T07:46:39.000,0.0,false,CONCRETE_CLASS,7,0,0.0,false,24,0,9.263941965041537E-4,0,CONCRETE_CLASS,/data/tika/tika-eval/tika-eval-core/src/main/java/org/apache/tika/eval/core/tokens/LangModel.java,tika-eval/tika-eval-core/src/main/java/org/apache/tika/eval/core/tokens/LangModel.java,org.apache.tika.eval.core.tokens.LangModel,LangModel,15954,unit
tika,697d7c047daf1f661a4ed067bbc8f9c58bb6faa2,1,2026-01-07T07:46:39.000,0.0,false,CONCRETE_CLASS,0,5,0.0,false,13,0,1.8787557434076361E-4,0,CONCRETE_CLASS,/data/tika/tika-pipes/tika-pipes-plugins/tika-pipes-opensearch/src/main/java/org/apache/tika/pipes/emitter/opensearch/OpenSearchEmitterFactory.java,tika-pipes/tika-pipes-plugins/tika-pipes-opensearch/src/main/java/org/apache/tika/pipes/emitter/opensearch/OpenSearchEmitterFactory.java,org.apache.tika.pipes.emitter.opensearch.OpenSearchEmitterFactory,OpenSearchEmitterFactory,28242,unit
tika,697d7c047daf1f661a4ed067bbc8f9c58bb6faa2,1,2026-01-07T07:46:39.000,0.0,false,CONCRETE_CLASS,5,1,0.0,false,16,0,3.458380039703206E-4,0,CONCRETE_CLASS,/data/tika/tika-parsers/tika-parsers-standard/tika-parsers-standard-modules/tika-parser-microsoft-module/src/main/java/org/apache/tika/parser/microsoft/onenote/fsshttpb/util/SequenceNumberGenerator.java,tika-parsers/tika-parsers-standard/tika-parsers-standard-modules/tika-parser-microsoft-module/src/main/java/org/apache/tika/parser/microsoft/onenote/fsshttpb/util/SequenceNumberGenerator.java,org.apache.tika.parser.microsoft.onenote.fsshttpb.util.SequenceNumberGenerator,SequenceNumberGenerator,3668,unit
tika,697d7c047daf1f661a4ed067bbc8f9c58bb6faa2,1,2026-01-07T07:46:39.000,0.0,false,CONCRETE_CLASS,7,5,0.0,false,84,0,3.5963512202037977E-4,0,CONCRETE_CLASS,/data/tika/tika-parsers/tika-parsers-standard/tika-parsers-standard-modules/tika-parser-microsoft-module/src/main/java/org/apache/tika/parser/microsoft/chm/ChmLzxcControlData.java,tika-parsers/tika-parsers-standard/tika-parsers-standard-modules/tika-parser-microsoft-module/src/main/java/org/apache/tika/parser/microsoft/chm/ChmLzxcControlData.java,org.apache.tika.parser.microsoft.chm.ChmLzxcControlData,ChmLzxcControlData,11864,unit
tika,697d7c047daf1f661a4ed067bbc8f9c58bb6faa2,1,2026-01-07T07:46:39.000,0.0,false,CONCRETE_CLASS,1,11,0.0,false,125,0,2.0785489036150603E-4,0,CONCRETE_CLASS,/data/tika/tika-parsers/tika-parsers-standard/tika-parsers-standard-modules/tika-parser-code-module/src/main/java/org/apache/tika/parser/code/SourceCodeParser.java,tika-parsers/tika-parsers-standard/tika-parsers-standard-modules/tika-parser-code-module/src/main/java/org/apache/tika/parser/code/SourceCodeParser.java,org.apache.tika.parser.code.SourceCodeParser,SourceCodeParser,20058,unit
tika,697d7c047daf1f661a4ed067bbc8f9c58bb6faa2,1,2026-01-07T07:46:39.000,0.0,false,INTERFACE,7,3,0.0,false,5,0,4.136854401799097E-4,0,INTERFACE,/data/tika/tika-eval/tika-eval-core/src/main/java/org/apache/tika/eval/core/textstats/LanguageAwareTokenCountStats.java,tika-eval/tika-eval-core/src/main/java/org/apache/tika/eval/core/textstats/LanguageAwareTokenCountStats.java,org.apache.tika.eval.core.textstats.LanguageAwareTokenCountStats,LanguageAwareTokenCountStats,15963,unit
tika,697d7c047daf1f661a4ed067bbc8f9c58bb6faa2,1,2026-01-07T07:46:39.000,0.0,false,ABSTRACT_CLASS,5,7,0.0,false,9,0,2.547414444595593E-4,0,ABSTRACT_CLASS,/data/tika/tika-parsers/tika-parsers-standard/tika-parsers-standard-modules/tika-parser-microsoft-module/src/main/java/org/apache/tika/parser/microsoft/onenote/fsshttpb/streamobj/NodeObject.java,tika-parsers/tika-parsers-standard/tika-parsers-standard-modules/tika-parser-microsoft-module/src/main/java/org/apache/tika/parser/microsoft/onenote/fsshttpb/streamobj/NodeObject.java,org.apache.tika.parser.microsoft.onenote.fsshttpb.streamobj.NodeObject,NodeObject,3676,unit
tika,697d7c047daf1f661a4ed067bbc8f9c58bb6faa2,1,2026-01-07T07:46:39.000,0.0,false,CONCRETE_CLASS,6,5,0.0,false,85,0,7.034278462963513E-4,0,CONCRETE_CLASS,/data/tika/tika-parsers/tika-parsers-standard/tika-parsers-standard-modules/tika-parser-microsoft-module/src/main/java/org/apache/tika/parser/microsoft/chm/ChmLzxcResetTable.java,tika-parsers/tika-parsers-standard/tika-parsers-standard-modules/tika-parser-microsoft-module/src/main/java/org/apache/tika/parser/microsoft/chm/ChmLzxcResetTable.java,org.apache.tika.parser.microsoft.chm.ChmLzxcResetTable,ChmLzxcResetTable,11872,unit
tika,697d7c047daf1f661a4ed067bbc8f9c58bb6faa2,1,2026-01-07T07:46:39.000,0.0,false,CONCRETE_CLASS,0,22,0.0,false,118,0,1.8787557434076361E-4,0,CONCRETE_CLASS,/data/tika/tika-parsers/tika-parsers-standard/tika-parsers-standard-modules/tika-parser-audiovideo-module/src/main/java/org/apache/tika/parser/mp3/Mp3Parser.java,tika-parsers/tika-parsers-standard/tika-parsers-standard-modules/tika-parser-audiovideo-module/src/main/java/org/apache/tika/parser/mp3/Mp3Parser.java,org.apache.tika.parser.mp3.Mp3Parser,Mp3Parser,24160,unit
tika,697d7c047daf1f661a4ed067bbc8f9c58bb6faa2,1,2026-01-07T07:46:39.000,0.0,false,CONCRETE_CLASS,8,22,0.0,false,108,0,4.441823801635377E-4,0,CONCRETE_CLASS,/data/tika/tika-parsers/tika-parsers-standard/tika-parsers-standard-modules/tika-parser-microsoft-module/src/main/java/org/apache/tika/parser/microsoft/onenote/fsshttpb/streamobj/LeafNodeObject.java,tika-parsers/tika-parsers-standard/tika-parsers-standard-modules/tika-parser-microsoft-module/src/main/java/org/apache/tika/parser/microsoft/onenote/fsshttpb/streamobj/LeafNodeObject.java,org.apache.tika.parser.microsoft.onenote.fsshttpb.streamobj.LeafNodeObject,LeafNodeObject,3684,unit
tika,697d7c047daf1f661a4ed067bbc8f9c58bb6faa2,1,2026-01-07T07:46:39.000,0.0,false,CONCRETE_CLASS,0,5,0.0,false,23,0,1.8787557434076361E-4,0,CONCRETE_CLASS,/data/tika/tika-pipes/tika-pipes-plugins/tika-pipes-opensearch/src/test/java/org/apache/tika/pipes/emitter/opensearch/OpenSearchClientTest.java,tika-pipes/tika-pipes-plugins/tika-pipes-opensearch/src/test/java/org/apache/tika/pipes/emitter/opensearch/OpenSearchClientTest.java,org.apache.tika.pipes.emitter.opensearch.OpenSearchClientTest,OpenSearchClientTest,28261,unit
tika,697d7c047daf1f661a4ed067bbc8f9c58bb6faa2,1,2026-01-07T07:46:39.000,0.0,false,CONCRETE_CLASS,9,5,0.0,false,119,0,4.0467274279752164E-4,0,CONCRETE_CLASS,/data/tika/tika-parsers/tika-parsers-standard/tika-parsers-standard-modules/tika-parser-microsoft-module/src/main/java/org/apache/tika/parser/microsoft/chm/ChmItsfHeader.java,tika-parsers/tika-parsers-standard/tika-parsers-standard-modules/tika-parser-microsoft-module/src/main/java/org/apache/tika/parser/microsoft/chm/ChmItsfHeader.java,org.apache.tika.parser.microsoft.chm.ChmItsfHeader,ChmItsfHeader,11880,unit
tika,697d7c047daf1f661a4ed067bbc8f9c58bb6faa2,1,2026-01-07T07:46:39.000,0.0,false,CONCRETE_CLASS,1,2,0.0,false,40,0,2.0385902715735755E-4,0,CONCRETE_CLASS,/data/tika/tika-eval/tika-eval-core/src/main/java/org/apache/tika/eval/core/textstats/TextProfileSignature.java,tika-eval/tika-eval-core/src/main/java/org/apache/tika/eval/core/textstats/TextProfileSignature.java,org.apache.tika.eval.core.textstats.TextProfileSignature,TextProfileSignature,15977,unit
tika,697d7c047daf1f661a4ed067bbc8f9c58bb6faa2,1,2026-01-07T07:46:39.000,0.0,false,CONCRETE_CLASS,6,6,0.0,false,22,0,3.2177943496681713E-4,0,CONCRETE_CLASS,/data/tika/tika-parsers/tika-parsers-standard/tika-parsers-standard-modules/tika-parser-microsoft-module/src/main/java/org/apache/tika/parser/microsoft/onenote/fsshttpb/streamobj/SignatureObject.java,tika-parsers/tika-parsers-standard/tika-parsers-standard-modules/tika-parser-microsoft-module/src/main/java/org/apache/tika/parser/microsoft/onenote/fsshttpb/streamobj/SignatureObject.java,org.apache.tika.parser.microsoft.onenote.fsshttpb.streamobj.SignatureObject,SignatureObject,3692,unit
tika,697d7c047daf1f661a4ed067bbc8f9c58bb6faa2,1,2026-01-07T07:46:39.000,0.0,false,CONCRETE_CLASS,12,3,0.0,false,31,0,7.522486490290844E-4,0,CONCRETE_CLASS,/data/tika/tika-parsers/tika-parsers-standard/tika-parsers-standard-modules/tika-parser-microsoft-module/src/main/java/org/apache/tika/parser/microsoft/chm/DirectoryListingEntry.java,tika-parsers/tika-parsers-standard/tika-parsers-standard-modules/tika-parser-microsoft-module/src/main/java/org/apache/tika/parser/microsoft/chm/DirectoryListingEntry.java,org.apache.tika.parser.microsoft.chm.DirectoryListingEntry,DirectoryListingEntry,11888,unit
tika,697d7c047daf1f661a4ed067bbc8f9c58bb6faa2,1,2026-01-07T07:46:39.000,0.0,false,CONCRETE_CLASS,2,0,0.0,false,63,0,3.5497530833242756E-4,0,CONCRETE_CLASS,/data/tika/tika-core/src/main/java/org/apache/tika/io/TailStream.java,tika-core/src/main/java/org/apache/tika/io/TailStream.java,org.apache.tika.io.TailStream,TailStream,24176,unit
tika,697d7c047daf1f661a4ed067bbc8f9c58bb6faa2,1,2026-01-07T07:46:39.000,0.0,false,CONCRETE_CLASS,0,5,0.0,false,28,0,1.8787557434076361E-4,0,CONCRETE_CLASS,/data/tika/tika-langdetect/tika-langdetect-mitll-text/src/test/java/org/apache/tika/langdetect/mitll/TextLangDetectorTest.java,tika-langdetect/tika-langdetect-mitll-text/src/test/java/org/apache/tika/langdetect/mitll/TextLangDetectorTest.java,org.apache.tika.langdetect.mitll.TextLangDetectorTest,TextLangDetectorTest,7799,unit
tika,697d7c047daf1f661a4ed067bbc8f9c58bb6faa2,1,2026-01-07T07:46:39.000,0.0,false,CONCRETE_CLASS,13,1,0.0,false,4,0,0.0012032309549390875,0,CONCRETE_CLASS,/data/tika/tika-parsers/tika-parsers-standard/tika-parsers-standard-modules/tika-parser-microsoft-module/src/main/java/org/apache/tika/parser/microsoft/chm/ChmParsingException.java,tika-parsers/tika-parsers-standard/tika-parsers-standard-modules/tika-parser-microsoft-module/src/main/java/org/apache/tika/parser/microsoft/chm/ChmParsingException.java,org.apache.tika.parser.microsoft.chm.ChmParsingException,ChmParsingException,11896,unit
tika,697d7c047daf1f661a4ed067bbc8f9c58bb6faa2,1,2026-01-07T07:46:39.000,0.0,false,CONCRETE_CLASS,1,1,0.0,false,5,0,2.0779004330423806E-4,0,CONCRETE_CLASS,/data/tika/tika-parsers/tika-parsers-standard/tika-parsers-standard-modules/tika-parser-microsoft-module/src/main/java/org/apache/tika/parser/microsoft/onenote/fsshttpb/property/NoData.java,tika-parsers/tika-parsers-standard/tika-parsers-standard-modules/tika-parser-microsoft-module/src/main/java/org/apache/tika/parser/microsoft/onenote/fsshttpb/property/NoData.java,org.apache.tika.parser.microsoft.onenote.fsshttpb.property.NoData,NoData,3705,unit
tika,697d7c047daf1f661a4ed067bbc8f9c58bb6faa2,1,2026-01-07T07:46:39.000,0.0,false,CONCRETE_CLASS,1,3,0.0,false,64,0,2.198424799739515E-4,0,CONCRETE_CLASS,/data/tika/tika-langdetect/tika-langdetect-mitll-text/src/main/java/org/apache/tika/langdetect/mitll/TextLangDetector.java,tika-langdetect/tika-langdetect-mitll-text/src/main/java/org/apache/tika/langdetect/mitll/TextLangDetector.java,org.apache.tika.langdetect.mitll.TextLangDetector,TextLangDetector,7807,unit
tika,697d7c047daf1f661a4ed067bbc8f9c58bb6faa2,1,2026-01-07T07:46:39.000,0.0,false,CONCRETE_CLASS,17,0,0.0,false,62,0,8.796675274038296E-4,0,CONCRETE_CLASS,/data/tika/tika-parsers/tika-parsers-standard/tika-parsers-standard-modules/tika-parser-microsoft-module/src/main/java/org/apache/tika/parser/microsoft/chm/ChmConstants.java,tika-parsers/tika-parsers-standard/tika-parsers-standard-modules/tika-parser-microsoft-module/src/main/java/org/apache/tika/parser/microsoft/chm/ChmConstants.java,org.apache.tika.parser.microsoft.chm.ChmConstants,ChmConstants,11904,unit
tika,697d7c047daf1f661a4ed067bbc8f9c58bb6faa2,1,2026-01-07T07:46:39.000,0.0,false,CONCRETE_CLASS,1,1,0.0,false,14,0,2.0385902715735755E-4,0,CONCRETE_CLASS,/data/tika/tika-eval/tika-eval-core/src/main/java/org/apache/tika/eval/core/textstats/TextSha256Signature.java,tika-eval/tika-eval-core/src/main/java/org/apache/tika/eval/core/textstats/TextSha256Signature.java,org.apache.tika.eval.core.textstats.TextSha256Signature,TextSha256Signature,16003,unit
tika,697d7c047daf1f661a4ed067bbc8f9c58bb6faa2,1,2026-01-07T07:46:39.000,0.0,false,CONCRETE_CLASS,1,4,0.0,false,26,0,2.0779004330423806E-4,0,CONCRETE_CLASS,/data/tika/tika-parsers/tika-parsers-standard/tika-parsers-standard-modules/tika-parser-microsoft-module/src/main/java/org/apache/tika/parser/microsoft/onenote/fsshttpb/property/PrtArrayOfPropertyValues.java,tika-parsers/tika-parsers-standard/tika-parsers-standard-modules/tika-parser-microsoft-module/src/main/java/org/apache/tika/parser/microsoft/onenote/fsshttpb/property/PrtArrayOfPropertyValues.java,org.apache.tika.parser.microsoft.onenote.fsshttpb.property.PrtArrayOfPropertyValues,PrtArrayOfPropertyValues,3717,unit
tika,697d7c047daf1f661a4ed067bbc8f9c58bb6faa2,1,2026-01-07T07:46:39.000,0.0,false,CONCRETE_CLASS,0,8,0.0,false,128,0,1.8787557434076361E-4,0,CONCRETE_CLASS,/data/tika/tika-xmp/src/test/java/org/apache/tika/xmp/XMPMetadataTest.java,tika-xmp/src/test/java/org/apache/tika/xmp/XMPMetadataTest.java,org.apache.tika.xmp.XMPMetadataTest,XMPMetadataTest,20101,unit
tika,697d7c047daf1f661a4ed067bbc8f9c58bb6faa2,1,2026-01-07T07:46:39.000,0.0,false,ABSTRACT_CLASS,4,0,0.0,false,33,0,3.3172664969010907E-4,0,ABSTRACT_CLASS,/data/tika/tika-langdetect/tika-langdetect-test-commons/src/main/java/org/apache/tika/langdetect/LanguageDetectorTest.java,tika-langdetect/tika-langdetect-test-commons/src/main/java/org/apache/tika/langdetect/LanguageDetectorTest.java,org.apache.tika.langdetect.LanguageDetectorTest,LanguageDetectorTest,7816,unit
tika,697d7c047daf1f661a4ed067bbc8f9c58bb6faa2,1,2026-01-07T07:46:39.000,0.0,false,CONCRETE_CLASS,17,5,0.0,false,138,0,0.0015191240681507068,0,CONCRETE_CLASS,/data/tika/tika-parsers/tika-parsers-standard/tika-parsers-standard-modules/tika-parser-microsoft-module/src/main/java/org/apache/tika/parser/microsoft/chm/ChmCommons.java,tika-parsers/tika-parsers-standard/tika-parsers-standard-modules/tika-parser-microsoft-module/src/main/java/org/apache/tika/parser/microsoft/chm/ChmCommons.java,org.apache.tika.parser.microsoft.chm.ChmCommons,ChmCommons,11912,unit
tika,697d7c047daf1f661a4ed067bbc8f9c58bb6faa2,1,2026-01-07T07:46:39.000,0.0,false,INTERFACE,2,1,0.0,false,5,0,3.9017502775446234E-4,0,INTERFACE,/data/tika/tika-eval/tika-eval-core/src/main/java/org/apache/tika/eval/core/textstats/BytesRefCalculator.java,tika-eval/tika-eval-core/src/main/java/org/apache/tika/eval/core/textstats/BytesRefCalculator.java,org.apache.tika.eval.core.textstats.BytesRefCalculator,BytesRefCalculator,16009,unit
tika,697d7c047daf1f661a4ed067bbc8f9c58bb6faa2,1,2026-01-07T07:46:39.000,0.0,false,CONCRETE_CLASS,0,7,0.0,false,50,0,1.8787557434076361E-4,0,CONCRETE_CLASS,/data/tika/tika-server/tika-server-standard/src/test/java/org/apache/tika/server/standard/JsonMaxFieldLengthTest.java,tika-server/tika-server-standard/src/test/java/org/apache/tika/server/standard/JsonMaxFieldLengthTest.java,org.apache.tika.server.standard.JsonMaxFieldLengthTest,JsonMaxFieldLengthTest,28298,unit
tika,697d7c047daf1f661a4ed067bbc8f9c58bb6faa2,1,2026-01-07T07:46:39.000,0.0,false,CONCRETE_CLASS,5,1,0.0,false,10,0,0.07926431268210256,0,CONCRETE_CLASS,/data/tika/tika-core/src/main/java/org/apache/tika/metadata/PropertyTypeException.java,tika-core/src/main/java/org/apache/tika/metadata/PropertyTypeException.java,org.apache.tika.metadata.PropertyTypeException,PropertyTypeException,20107,unit
tika,697d7c047daf1f661a4ed067bbc8f9c58bb6faa2,1,2026-01-07T07:46:39.000,0.0,false,CONCRETE_CLASS,1,3,0.0,false,9,0,2.0779004330423806E-4,0,CONCRETE_CLASS,/data/tika/tika-parsers/tika-parsers-standard/tika-parsers-standard-modules/tika-parser-microsoft-module/src/main/java/org/apache/tika/parser/microsoft/onenote/fsshttpb/property/ArrayNumber.java,tika-parsers/tika-parsers-standard/tika-parsers-standard-modules/tika-parser-microsoft-module/src/main/java/org/apache/tika/parser/microsoft/onenote/fsshttpb/property/ArrayNumber.java,org.apache.tika.parser.microsoft.onenote.fsshttpb.property.ArrayNumber,ArrayNumber,3726,unit
tika,697d7c047daf1f661a4ed067bbc8f9c58bb6faa2,1,2026-01-07T07:46:39.000,0.0,false,CONCRETE_CLASS,8,6,0.0,false,179,0,3.6471411075603675E-4,0,CONCRETE_CLASS,/data/tika/tika-parsers/tika-parsers-standard/tika-parsers-standard-modules/tika-parser-microsoft-module/src/main/java/org/apache/tika/parser/microsoft/chm/ChmItspHeader.java,tika-parsers/tika-parsers-standard/tika-parsers-standard-modules/tika-parser-microsoft-module/src/main/java/org/apache/tika/parser/microsoft/chm/ChmItspHeader.java,org.apache.tika.parser.microsoft.chm.ChmItspHeader,ChmItspHeader,11920,unit
tika,697d7c047daf1f661a4ed067bbc8f9c58bb6faa2,1,2026-01-07T07:46:39.000,0.0,false,CONCRETE_CLASS,3,40,0.0,false,737,0,2.542916204759165E-4,0,CONCRETE_CLASS,/data/tika/tika-parsers/tika-parsers-standard/tika-parsers-standard-modules/tika-parser-pdf-module/src/main/java/org/apache/tika/parser/pdf/AbstractPDF2XHTML.java,tika-parsers/tika-parsers-standard/tika-parsers-standard-modules/tika-parser-pdf-module/src/main/java/org/apache/tika/parser/pdf/AbstractPDF2XHTML.java,org.apache.tika.parser.pdf.AbstractPDF2XHTML,AbstractPDF2XHTML,24214,unit
tika,697d7c047daf1f661a4ed067bbc8f9c58bb6faa2,1,2026-01-07T07:46:39.000,0.0,false,CONCRETE_CLASS,1,1,0.0,false,7,0,2.0779004330423806E-4,0,CONCRETE_CLASS,/data/tika/tika-parsers/tika-parsers-standard/tika-parsers-standard-modules/tika-parser-microsoft-module/src/main/java/org/apache/tika/parser/microsoft/onenote/fsshttpb/property/OneByteOfData.java,tika-parsers/tika-parsers-standard/tika-parsers-standard-modules/tika-parser-microsoft-module/src/main/java/org/apache/tika/parser/microsoft/onenote/fsshttpb/property/OneByteOfData.java,org.apache.tika.parser.microsoft.onenote.fsshttpb.property.OneByteOfData,OneByteOfData,3735,unit
tika,697d7c047daf1f661a4ed067bbc8f9c58bb6faa2,1,2026-01-07T07:46:39.000,0.0,false,CONCRETE_CLASS,0,15,0.0,false,99,0,1.8787557434076361E-4,0,CONCRETE_CLASS,/data/tika/tika-parsers/tika-parsers-standard/tika-parsers-standard-modules/tika-parser-microsoft-module/src/test/java/org/apache/tika/parser/microsoft/chm/TestChmExtraction.java,tika-parsers/tika-parsers-standard/tika-parsers-standard-modules/tika-parser-microsoft-module/src/test/java/org/apache/tika/parser/microsoft/chm/TestChmExtraction.java,org.apache.tika.parser.microsoft.chm.TestChmExtraction,TestChmExtraction,11931,unit
tika,697d7c047daf1f661a4ed067bbc8f9c58bb6faa2,1,2026-01-07T07:46:39.000,0.0,false,CONCRETE_CLASS,0,6,0.0,false,60,0,1.8787557434076361E-4,0,CONCRETE_CLASS,/data/tika/tika-server/tika-server-standard/src/test/java/org/apache/tika/server/standard/DetectorResourceTest.java,tika-server/tika-server-standard/src/test/java/org/apache/tika/server/standard/DetectorResourceTest.java,org.apache.tika.server.standard.DetectorResourceTest,DetectorResourceTest,28316,unit
tika,697d7c047daf1f661a4ed067bbc8f9c58bb6faa2,1,2026-01-07T07:46:39.000,0.0,false,CONCRETE_CLASS,1,2,0.0,false,6,0,2.0779004330423806E-4,0,CONCRETE_CLASS,/data/tika/tika-parsers/tika-parsers-standard/tika-parsers-standard-modules/tika-parser-microsoft-module/src/main/java/org/apache/tika/parser/microsoft/onenote/fsshttpb/property/TwoBytesOfData.java,tika-parsers/tika-parsers-standard/tika-parsers-standard-modules/tika-parser-microsoft-module/src/main/java/org/apache/tika/parser/microsoft/onenote/fsshttpb/property/TwoBytesOfData.java,org.apache.tika.parser.microsoft.onenote.fsshttpb.property.TwoBytesOfData,TwoBytesOfData,3743,unit
tika,697d7c047daf1f661a4ed067bbc8f9c58bb6faa2,1,2026-01-07T07:46:39.000,0.0,false,CONCRETE_CLASS,0,0,0.0,false,16,0,1.8787557434076361E-4,0,CONCRETE_CLASS,/data/tika/tika-pipes/tika-pipes-plugins/tika-pipes-http/src/main/java/org/apache/tika/pipes/plugin/http/HttpPipesPlugin.java,tika-pipes/tika-pipes-plugins/tika-pipes-http/src/main/java/org/apache/tika/pipes/plugin/http/HttpPipesPlugin.java,org.apache.tika.pipes.plugin.http.HttpPipesPlugin,HttpPipesPlugin,7842,unit
tika,697d7c047daf1f661a4ed067bbc8f9c58bb6faa2,1,2026-01-07T07:46:39.000,0.0,false,CONCRETE_CLASS,0,7,0.0,false,140,0,1.8787557434076361E-4,0,CONCRETE_CLASS,/data/tika/tika-xmp/src/test/java/org/apache/tika/xmp/TikaToXMPTest.java,tika-xmp/src/test/java/org/apache/tika/xmp/TikaToXMPTest.java,org.apache.tika.xmp.TikaToXMPTest,TikaToXMPTest,20136,unit
tika,697d7c047daf1f661a4ed067bbc8f9c58bb6faa2,1,2026-01-07T07:46:39.000,0.0,false,CONCRETE_CLASS,3,12,0.0,false,142,0,2.334291186833719E-4,0,CONCRETE_CLASS,/data/tika/tika-parsers/tika-parsers-standard/tika-parsers-standard-modules/tika-parser-microsoft-module/src/main/java/org/apache/tika/parser/microsoft/chm/ChmExtractor.java,tika-parsers/tika-parsers-standard/tika-parsers-standard-modules/tika-parser-microsoft-module/src/main/java/org/apache/tika/parser/microsoft/chm/ChmExtractor.java,org.apache.tika.parser.microsoft.chm.ChmExtractor,ChmExtractor,11947,unit
tika,697d7c047daf1f661a4ed067bbc8f9c58bb6faa2,1,2026-01-07T07:46:39.000,0.0,false,CONCRETE_CLASS,1,6,0.0,false,32,0,1.9799720696235353E-4,0,CONCRETE_CLASS,/data/tika/tika-parsers/tika-parsers-standard/tika-parsers-standard-modules/tika-parser-microsoft-module/src/main/java/org/apache/tika/parser/microsoft/onenote/fsshttpb/streamobj/ObjectGroupMetadataDeclarations.java,tika-parsers/tika-parsers-standard/tika-parsers-standard-modules/tika-parser-microsoft-module/src/main/java/org/apache/tika/parser/microsoft/onenote/fsshttpb/streamobj/ObjectGroupMetadataDeclarations.java,org.apache.tika.parser.microsoft.onenote.fsshttpb.streamobj.ObjectGroupMetadataDeclarations,ObjectGroupMetadataDeclarations,3757,unit
tika,697d7c047daf1f661a4ed067bbc8f9c58bb6faa2,1,2026-01-07T07:46:39.000,0.0,false,CONCRETE_CLASS,2,10,0.0,false,484,0,2.1717857117118584E-4,0,CONCRETE_CLASS,/data/tika/tika-server/tika-server-standard/src/test/java/org/apache/tika/server/standard/TikaResourceTest.java,tika-server/tika-server-standard/src/test/java/org/apache/tika/server/standard/TikaResourceTest.java,org.apache.tika.server.standard.TikaResourceTest,TikaResourceTest,28333,unit
tika,697d7c047daf1f661a4ed067bbc8f9c58bb6faa2,1,2026-01-07T07:46:39.000,0.0,false,CONCRETE_CLASS,2,4,0.0,false,150,0,2.000143157676803E-4,0,CONCRETE_CLASS,/data/tika/tika-parsers/tika-parsers-standard/tika-parsers-standard-modules/tika-parser-pdf-module/src/main/java/org/apache/tika/parser/pdf/XFAExtractor.java,tika-parsers/tika-parsers-standard/tika-parsers-standard-modules/tika-parser-pdf-module/src/main/java/org/apache/tika/parser/pdf/XFAExtractor.java,org.apache.tika.parser.pdf.XFAExtractor,XFAExtractor,24240,unit
tika,697d7c047daf1f661a4ed067bbc8f9c58bb6faa2,1,2026-01-07T07:46:39.000,0.0,false,CONCRETE_CLASS,2,8,0.0,false,192,0,2.0255874691427582E-4,0,CONCRETE_CLASS,/data/tika/tika-parsers/tika-parsers-standard/tika-parsers-standard-modules/tika-parser-microsoft-module/src/main/java/org/apache/tika/detect/microsoft/ooxml/OPCPackageDetector.java,tika-parsers/tika-parsers-standard/tika-parsers-standard-modules/tika-parser-microsoft-module/src/main/java/org/apache/tika/detect/microsoft/ooxml/OPCPackageDetector.java,org.apache.tika.detect.microsoft.ooxml.OPCPackageDetector,OPCPackageDetector,7858,unit
tika,697d7c047daf1f661a4ed067bbc8f9c58bb6faa2,1,2026-01-07T07:46:39.000,0.0,false,CONCRETE_CLASS,1,6,0.0,false,21,0,2.1595024193947317E-4,0,CONCRETE_CLASS,/data/tika/tika-parsers/tika-parsers-standard/tika-parsers-standard-modules/tika-parser-microsoft-module/src/main/java/org/apache/tika/parser/microsoft/onenote/fsshttpb/streamobj/ObjectGroupMetadata.java,tika-parsers/tika-parsers-standard/tika-parsers-standard-modules/tika-parser-microsoft-module/src/main/java/org/apache/tika/parser/microsoft/onenote/fsshttpb/streamobj/ObjectGroupMetadata.java,org.apache.tika.parser.microsoft.onenote.fsshttpb.streamobj.ObjectGroupMetadata,ObjectGroupMetadata,3764,unit
tika,697d7c047daf1f661a4ed067bbc8f9c58bb6faa2,1,2026-01-07T07:46:39.000,0.0,false,CONCRETE_CLASS,1,14,0.0,false,44,0,1.9853120955182625E-4,0,CONCRETE_CLASS,/data/tika/tika-parsers/tika-parsers-standard/tika-parsers-standard-modules/tika-parser-microsoft-module/src/main/java/org/apache/tika/parser/microsoft/chm/ChmParser.java,tika-parsers/tika-parsers-standard/tika-parsers-standard-modules/tika-parser-microsoft-module/src/main/java/org/apache/tika/parser/microsoft/chm/ChmParser.java,org.apache.tika.parser.microsoft.chm.ChmParser,ChmParser,11956,unit
tika,697d7c047daf1f661a4ed067bbc8f9c58bb6faa2,1,2026-01-07T07:46:39.000,0.0,false,CONCRETE_CLASS,0,5,0.0,false,23,0,1.8787557434076361E-4,0,CONCRETE_CLASS,/data/tika/tika-eval/tika-eval-core/src/main/java/org/apache/tika/eval/core/textstats/CommonTokensHellinger.java,tika-eval/tika-eval-core/src/main/java/org/apache/tika/eval/core/textstats/CommonTokensHellinger.java,org.apache.tika.eval.core.textstats.CommonTokensHellinger,CommonTokensHellinger,16053,unit
tika,697d7c047daf1f661a4ed067bbc8f9c58bb6faa2,1,2026-01-07T07:46:39.000,0.0,false,CONCRETE_CLASS,1,0,0.0,false,28,0,1.9328441176559525E-4,0,CONCRETE_CLASS,/data/tika/tika-parsers/tika-parsers-standard/tika-parsers-standard-modules/tika-parser-pdf-module/src/main/java/org/apache/tika/parser/pdf/PDFDOMUtil.java,tika-parsers/tika-parsers-standard/tika-parsers-standard-modules/tika-parser-pdf-module/src/main/java/org/apache/tika/parser/pdf/PDFDOMUtil.java,org.apache.tika.parser.pdf.PDFDOMUtil,PDFDOMUtil,24248,unit
tika,697d7c047daf1f661a4ed067bbc8f9c58bb6faa2,1,2026-01-07T07:46:39.000,0.0,false,CONCRETE_CLASS,3,0,0.0,false,9,0,2.2795706105118628E-4,0,CONCRETE_CLASS,/data/tika/tika-parsers/tika-parsers-standard/tika-parsers-standard-modules/tika-parser-microsoft-module/src/main/java/org/apache/tika/parser/microsoft/ooxml/OPCPackageWrapper.java,tika-parsers/tika-parsers-standard/tika-parsers-standard-modules/tika-parser-microsoft-module/src/main/java/org/apache/tika/parser/microsoft/ooxml/OPCPackageWrapper.java,org.apache.tika.parser.microsoft.ooxml.OPCPackageWrapper,OPCPackageWrapper,7865,unit
tika,697d7c047daf1f661a4ed067bbc8f9c58bb6faa2,1,2026-01-07T07:46:39.000,0.0,false,CONCRETE_CLASS,0,10,0.0,false,127,0,1.8787557434076361E-4,0,CONCRETE_CLASS,/data/tika/tika-server/tika-server-standard/src/test/java/org/apache/tika/server/standard/UnpackerResourceWithConfigTest.java,tika-server/tika-server-standard/src/test/java/org/apache/tika/server/standard/UnpackerResourceWithConfigTest.java,org.apache.tika.server.standard.UnpackerResourceWithConfigTest,UnpackerResourceWithConfigTest,28354,unit
tika,697d7c047daf1f661a4ed067bbc8f9c58bb6faa2,1,2026-01-07T07:46:39.000,0.0,false,CONCRETE_CLASS,0,4,0.0,false,45,0,1.8787557434076361E-4,0,CONCRETE_CLASS,/data/tika/tika-parsers/tika-parsers-standard/tika-parsers-standard-modules/tika-parser-webarchive-module/src/test/java/org/apache/tika/parser/warc/WARCParserTest.java,tika-parsers/tika-parsers-standard/tika-parsers-standard-modules/tika-parser-webarchive-module/src/test/java/org/apache/tika/parser/warc/WARCParserTest.java,org.apache.tika.parser.warc.WARCParserTest,WARCParserTest,20163,unit
tika,697d7c047daf1f661a4ed067bbc8f9c58bb6faa2,1,2026-01-07T07:46:39.000,0.0,false,CONCRETE_CLASS,1,7,0.0,false,25,0,1.9799720696235353E-4,0,CONCRETE_CLASS,/data/tika/tika-parsers/tika-parsers-standard/tika-parsers-standard-modules/tika-parser-microsoft-module/src/main/java/org/apache/tika/parser/microsoft/onenote/fsshttpb/streamobj/DataElementHash.java,tika-parsers/tika-parsers-standard/tika-parsers-standard-modules/tika-parser-microsoft-module/src/main/java/org/apache/tika/parser/microsoft/onenote/fsshttpb/streamobj/DataElementHash.java,org.apache.tika.parser.microsoft.onenote.fsshttpb.streamobj.DataElementHash,DataElementHash,3781,unit
tika,697d7c047daf1f661a4ed067bbc8f9c58bb6faa2,1,2026-01-07T07:46:39.000,0.0,false,CONCRETE_CLASS,2,0,0.0,false,4,0,2.000143157676803E-4,0,CONCRETE_CLASS,/data/tika/tika-parsers/tika-parsers-standard/tika-parsers-standard-modules/tika-parser-pdf-module/src/main/java/org/apache/tika/parser/pdf/OCRPageCounter.java,tika-parsers/tika-parsers-standard/tika-parsers-standard-modules/tika-parser-pdf-module/src/main/java/org/apache/tika/parser/pdf/OCRPageCounter.java,org.apache.tika.parser.pdf.OCRPageCounter,OCRPageCounter,24262,unit
tika,697d7c047daf1f661a4ed067bbc8f9c58bb6faa2,1,2026-01-07T07:46:39.000,0.0,false,CONCRETE_CLASS,1,6,0.0,false,47,0,2.677928384237333E-4,0,CONCRETE_CLASS,/data/tika/tika-parsers/tika-parsers-standard/tika-parsers-standard-modules/tika-parser-microsoft-module/src/main/java/org/apache/tika/parser/microsoft/chm/ChmPmgiHeader.java,tika-parsers/tika-parsers-standard/tika-parsers-standard-modules/tika-parser-microsoft-module/src/main/java/org/apache/tika/parser/microsoft/chm/ChmPmgiHeader.java,org.apache.tika.parser.microsoft.chm.ChmPmgiHeader,ChmPmgiHeader,11975,unit
tika,697d7c047daf1f661a4ed067bbc8f9c58bb6faa2,1,2026-01-07T07:46:39.000,0.0,false,CONCRETE_CLASS,2,1,0.0,false,14,0,2.949805898099242E-4,0,CONCRETE_CLASS,/data/tika/tika-eval/tika-eval-core/src/main/java/org/apache/tika/eval/core/textstats/TokenCountPriorityQueue.java,tika-eval/tika-eval-core/src/main/java/org/apache/tika/eval/core/textstats/TokenCountPriorityQueue.java,org.apache.tika.eval.core.textstats.TokenCountPriorityQueue,TokenCountPriorityQueue,16071,unit
tika,697d7c047daf1f661a4ed067bbc8f9c58bb6faa2,1,2026-01-07T07:46:39.000,0.0,false,INTERFACE,7,1,0.0,false,4,0,7.554076105108504E-4,0,INTERFACE,/data/tika/tika-parsers/tika-parsers-standard/tika-parsers-standard-modules/tika-parser-microsoft-module/src/main/java/org/apache/tika/parser/microsoft/chm/ChmAccessor.java,tika-parsers/tika-parsers-standard/tika-parsers-standard-modules/tika-parser-microsoft-module/src/main/java/org/apache/tika/parser/microsoft/chm/ChmAccessor.java,org.apache.tika.parser.microsoft.chm.ChmAccessor,ChmAccessor,11982,unit
tika,697d7c047daf1f661a4ed067bbc8f9c58bb6faa2,1,2026-01-07T07:46:39.000,0.0,false,CONCRETE_CLASS,5,0,0.0,false,58,0,3.4749495098408147E-4,0,CONCRETE_CLASS,/data/tika/tika-parsers/tika-parsers-standard/tika-parsers-standard-modules/tika-parser-pdf-module/src/main/java/org/apache/tika/parser/pdf/OcrConfig.java,tika-parsers/tika-parsers-standard/tika-parsers-standard-modules/tika-parser-pdf-module/src/main/java/org/apache/tika/parser/pdf/OcrConfig.java,org.apache.tika.parser.pdf.OcrConfig,OcrConfig,24271,unit
tika,697d7c047daf1f661a4ed067bbc8f9c58bb6faa2,1,2026-01-07T07:46:39.000,0.0,false,CONCRETE_CLASS,0,15,0.0,false,87,0,1.8787557434076361E-4,0,CONCRETE_CLASS,/data/tika/tika-parsers/tika-parsers-standard/tika-parsers-standard-modules/tika-parser-webarchive-module/src/main/java/org/apache/tika/parser/warc/WARCParser.java,tika-parsers/tika-parsers-standard/tika-parsers-standard-modules/tika-parser-webarchive-module/src/main/java/org/apache/tika/parser/warc/WARCParser.java,org.apache.tika.parser.warc.WARCParser,WARCParser,20178,unit
tika,697d7c047daf1f661a4ed067bbc8f9c58bb6faa2,1,2026-01-07T07:46:39.000,0.0,false,CONCRETE_CLASS,0,1,0.0,false,72,0,1.8787557434076361E-4,0,CONCRETE_CLASS,/data/tika/tika-parsers/tika-parsers-ml/tika-parser-nlp-module/src/main/java/org/apache/tika/parser/ner/mitie/MITIENERecogniser.java,tika-parsers/tika-parsers-ml/tika-parser-nlp-module/src/main/java/org/apache/tika/parser/ner/mitie/MITIENERecogniser.java,org.apache.tika.parser.ner.mitie.MITIENERecogniser,MITIENERecogniser,7891,unit
tika,697d7c047daf1f661a4ed067bbc8f9c58bb6faa2,1,2026-01-07T07:46:39.000,0.0,false,CONCRETE_CLASS,0,12,0.0,false,60,0,1.8787557434076361E-4,0,CONCRETE_CLASS,/data/tika/tika-server/tika-server-standard/src/test/java/org/apache/tika/server/standard/FetcherTest.java,tika-server/tika-server-standard/src/test/java/org/apache/tika/server/standard/FetcherTest.java,org.apache.tika.server.standard.FetcherTest,FetcherTest,28375,unit
tika,697d7c047daf1f661a4ed067bbc8f9c58bb6faa2,1,2026-01-07T07:46:39.000,0.0,false,CONCRETE_CLASS,10,5,0.0,false,35,0,0.0010766369685802077,0,CONCRETE_CLASS,/data/tika/tika-parsers/tika-parsers-standard/tika-parsers-standard-modules/tika-parser-microsoft-module/src/main/java/org/apache/tika/parser/microsoft/chm/ChmAssert.java,tika-parsers/tika-parsers-standard/tika-parsers-standard-modules/tika-parser-microsoft-module/src/main/java/org/apache/tika/parser/microsoft/chm/ChmAssert.java,org.apache.tika.parser.microsoft.chm.ChmAssert,ChmAssert,11993,unit
tika,697d7c047daf1f661a4ed067bbc8f9c58bb6faa2,1,2026-01-07T07:46:39.000,0.0,false,CONCRETE_CLASS,0,5,0.0,false,31,0,1.8787557434076361E-4,0,CONCRETE_CLASS,/data/tika/tika-eval/tika-eval-core/src/main/java/org/apache/tika/eval/core/textstats/CommonTokensCosine.java,tika-eval/tika-eval-core/src/main/java/org/apache/tika/eval/core/textstats/CommonTokensCosine.java,org.apache.tika.eval.core.textstats.CommonTokensCosine,CommonTokensCosine,16095,unit
tika,697d7c047daf1f661a4ed067bbc8f9c58bb6faa2,1,2026-01-07T07:46:39.000,0.0,false,INTERFACE,1,2,0.0,false,6,0,1.9853120955182625E-4,0,INTERFACE,/data/tika/tika-core/src/main/java/org/apache/tika/metadata/WARC.java,tika-core/src/main/java/org/apache/tika/metadata/WARC.java,org.apache.tika.metadata.WARC,WARC,20192,unit
tika,697d7c047daf1f661a4ed067bbc8f9c58bb6faa2,1,2026-01-07T07:46:39.000,0.0,false,INTERFACE,3,1,0.0,false,3,0,2.381034869627106E-4,0,INTERFACE,/data/tika/tika-core/src/main/java/org/apache/tika/parser/RenderingParser.java,tika-core/src/main/java/org/apache/tika/parser/RenderingParser.java,org.apache.tika.parser.RenderingParser,RenderingParser,24291,unit
tika,697d7c047daf1f661a4ed067bbc8f9c58bb6faa2,1,2026-01-07T07:46:39.000,0.0,false,CONCRETE_CLASS,5,4,0.0,false,38,0,2.970651467617257E-4,0,CONCRETE_CLASS,/data/tika/tika-parsers/tika-parsers-standard/tika-parsers-standard-modules/tika-parser-microsoft-module/src/main/java/org/apache/tika/parser/microsoft/onenote/fsshttpb/streamobj/basic/SerialNumber.java,tika-parsers/tika-parsers-standard/tika-parsers-standard-modules/tika-parser-microsoft-module/src/main/java/org/apache/tika/parser/microsoft/onenote/fsshttpb/streamobj/basic/SerialNumber.java,org.apache.tika.parser.microsoft.onenote.fsshttpb.streamobj.basic.SerialNumber,SerialNumber,3813,unit
tika,697d7c047daf1f661a4ed067bbc8f9c58bb6faa2,1,2026-01-07T07:46:39.000,0.0,false,CONCRETE_CLASS,1,10,0.0,false,202,0,2.0752395455583069E-4,0,CONCRETE_CLASS,/data/tika/tika-parsers/tika-parsers-standard/tika-parsers-standard-modules/tika-parser-miscoffice-module/src/main/java/org/apache/tika/parser/hwp/HwpTextExtractorV5.java,tika-parsers/tika-parsers-standard/tika-parsers-standard-modules/tika-parser-miscoffice-module/src/main/java/org/apache/tika/parser/hwp/HwpTextExtractorV5.java,org.apache.tika.parser.hwp.HwpTextExtractorV5,HwpTextExtractorV5,7910,unit
tika,697d7c047daf1f661a4ed067bbc8f9c58bb6faa2,1,2026-01-07T07:46:39.000,0.0,false,CONCRETE_CLASS,2,5,0.0,false,68,0,2.6304034019759023E-4,0,CONCRETE_CLASS,/data/tika/tika-parsers/tika-parsers-standard/tika-parsers-standard-modules/tika-parser-microsoft-module/src/main/java/org/apache/tika/parser/microsoft/chm/ChmPmglHeader.java,tika-parsers/tika-parsers-standard/tika-parsers-standard-modules/tika-parser-microsoft-module/src/main/java/org/apache/tika/parser/microsoft/chm/ChmPmglHeader.java,org.apache.tika.parser.microsoft.chm.ChmPmglHeader,ChmPmglHeader,12006,unit
tika,697d7c047daf1f661a4ed067bbc8f9c58bb6faa2,1,2026-01-07T07:46:39.000,0.0,false,CONCRETE_CLASS,0,11,0.0,false,71,0,1.8787557434076361E-4,0,CONCRETE_CLASS,/data/tika/tika-server/tika-server-standard/src/test/java/org/apache/tika/server/standard/OptimaizeMetadataFilterTest.java,tika-server/tika-server-standard/src/test/java/org/apache/tika/server/standard/OptimaizeMetadataFilterTest.java,org.apache.tika.server.standard.OptimaizeMetadataFilterTest,OptimaizeMetadataFilterTest,28398,unit
tika,697d7c047daf1f661a4ed067bbc8f9c58bb6faa2,1,2026-01-07T07:46:39.000,0.0,false,CONCRETE_CLASS,1,1,0.0,false,27,0,2.0553099802412525E-4,0,CONCRETE_CLASS,/data/tika/tika-parsers/tika-parsers-standard/tika-parsers-standard-modules/tika-parser-miscoffice-module/src/main/java/org/apache/tika/parser/hwp/HwpStreamReader.java,tika-parsers/tika-parsers-standard/tika-parsers-standard-modules/tika-parser-miscoffice-module/src/main/java/org/apache/tika/parser/hwp/HwpStreamReader.java,org.apache.tika.parser.hwp.HwpStreamReader,HwpStreamReader,7924,unit
tika,697d7c047daf1f661a4ed067bbc8f9c58bb6faa2,1,2026-01-07T07:46:39.000,0.0,false,ENUM,4,0,0.0,false,33,0,5.055863182442659E-4,0,ENUM,/data/tika/tika-parsers/tika-parsers-standard/tika-parsers-standard-modules/tika-parser-microsoft-module/src/main/java/org/apache/tika/parser/microsoft/onenote/fsshttpb/streamobj/StreamObjectTypeHeaderEnd.java,tika-parsers/tika-parsers-standard/tika-parsers-standard-modules/tika-parser-microsoft-module/src/main/java/org/apache/tika/parser/microsoft/onenote/fsshttpb/streamobj/StreamObjectTypeHeaderEnd.java,org.apache.tika.parser.microsoft.onenote.fsshttpb.streamobj.StreamObjectTypeHeaderEnd,StreamObjectTypeHeaderEnd,3830,unit
tika,697d7c047daf1f661a4ed067bbc8f9c58bb6faa2,1,2026-01-07T07:46:39.000,0.0,false,CONCRETE_CLASS,0,2,0.0,false,12,0,1.8787557434076361E-4,0,CONCRETE_CLASS,/data/tika/tika-integration-tests/tika-pipes-solr-integration-tests/src/test/java/org/apache/tika/pipes/solr/tests/TikaPipesSolr8ZkTest.java,tika-integration-tests/tika-pipes-solr-integration-tests/src/test/java/org/apache/tika/pipes/solr/tests/TikaPipesSolr8ZkTest.java,org.apache.tika.pipes.solr.tests.TikaPipesSolr8ZkTest,TikaPipesSolr8ZkTest,20214,unit
tika,697d7c047daf1f661a4ed067bbc8f9c58bb6faa2,1,2026-01-07T07:46:39.000,0.0,false,CONCRETE_CLASS,1,1,0.0,false,7,0,2.677928384237333E-4,0,CONCRETE_CLASS,/data/tika/tika-integration-tests/tika-pipes-solr-integration-tests/src/test/java/org/apache/tika/pipes/solr/tests/TikaPipesSolr8Test.java,tika-integration-tests/tika-pipes-solr-integration-tests/src/test/java/org/apache/tika/pipes/solr/tests/TikaPipesSolr8Test.java,org.apache.tika.pipes.solr.tests.TikaPipesSolr8Test,TikaPipesSolr8Test,20220,unit
tika,697d7c047daf1f661a4ed067bbc8f9c58bb6faa2,1,2026-01-07T07:46:39.000,0.0,false,CONCRETE_CLASS,2,7,0.0,false,441,0,2.3106443800212774E-4,0,CONCRETE_CLASS,/data/tika/tika-parsers/tika-parsers-standard/tika-parsers-standard-modules/tika-parser-microsoft-module/src/main/java/org/apache/tika/parser/microsoft/chm/ChmLzxBlock.java,tika-parsers/tika-parsers-standard/tika-parsers-standard-modules/tika-parser-microsoft-module/src/main/java/org/apache/tika/parser/microsoft/chm/ChmLzxBlock.java,org.apache.tika.parser.microsoft.chm.ChmLzxBlock,ChmLzxBlock,12030,unit
tika,697d7c047daf1f661a4ed067bbc8f9c58bb6faa2,1,2026-01-07T07:46:39.000,0.0,false,CONCRETE_CLASS,3,15,0.0,false,140,0,3.369301610377679E-4,0,CONCRETE_CLASS,/data/tika/tika-parsers/tika-parsers-standard/tika-parsers-standard-modules/tika-parser-pdf-module/src/main/java/org/apache/tika/parser/pdf/PDF2XHTML.java,tika-parsers/tika-parsers-standard/tika-parsers-standard-modules/tika-parser-pdf-module/src/main/java/org/apache/tika/parser/pdf/PDF2XHTML.java,org.apache.tika.parser.pdf.PDF2XHTML,PDF2XHTML,24318,unit
tika,697d7c047daf1f661a4ed067bbc8f9c58bb6faa2,1,2026-01-07T07:46:39.000,0.0,false,ABSTRACT_CLASS,6,2,0.0,false,8,0,3.2859471215192465E-4,0,ABSTRACT_CLASS,/data/tika/tika-parsers/tika-parsers-standard/tika-parsers-standard-modules/tika-parser-microsoft-module/src/main/java/org/apache/tika/parser/microsoft/onenote/fsshttpb/streamobj/DataElementData.java,tika-parsers/tika-parsers-standard/tika-parsers-standard-modules/tika-parser-microsoft-module/src/main/java/org/apache/tika/parser/microsoft/onenote/fsshttpb/streamobj/DataElementData.java,org.apache.tika.parser.microsoft.onenote.fsshttpb.streamobj.DataElementData,DataElementData,3839,unit
tika,697d7c047daf1f661a4ed067bbc8f9c58bb6faa2,1,2026-01-07T07:46:39.000,0.0,false,CONCRETE_CLASS,2,0,0.0,false,11,0,0.0017188651824186017,0,CONCRETE_CLASS,/data/tika/tika-core/src/main/java/org/apache/tika/io/IOUtils.java,tika-core/src/main/java/org/apache/tika/io/IOUtils.java,org.apache.tika.io.IOUtils,IOUtils,7936,unit
tika,697d7c047daf1f661a4ed067bbc8f9c58bb6faa2,1,2026-01-07T07:46:39.000,0.0,false,CONCRETE_CLASS,0,5,0.0,false,55,0,1.8787557434076361E-4,0,CONCRETE_CLASS,/data/tika/tika-server/tika-server-standard/src/test/java/org/apache/tika/server/standard/RecursiveMetadataFilterTest.java,tika-server/tika-server-standard/src/test/java/org/apache/tika/server/standard/RecursiveMetadataFilterTest.java,org.apache.tika.server.standard.RecursiveMetadataFilterTest,RecursiveMetadataFilterTest,28420,unit
tika,697d7c047daf1f661a4ed067bbc8f9c58bb6faa2,1,2026-01-07T07:46:39.000,0.0,false,CONCRETE_CLASS,0,10,0.0,false,69,0,1.8787557434076361E-4,0,CONCRETE_CLASS,/data/tika/tika-eval/tika-eval-core/src/test/java/org/apache/tika/eval/core/textstats/TextStatsTest.java,tika-eval/tika-eval-core/src/test/java/org/apache/tika/eval/core/textstats/TextStatsTest.java,org.apache.tika.eval.core.textstats.TextStatsTest,TextStatsTest,16135,unit
tika,697d7c047daf1f661a4ed067bbc8f9c58bb6faa2,1,2026-01-07T07:46:39.000,0.0,false,CONCRETE_CLASS,2,7,0.0,false,25,0,2.143116177089039E-4,0,CONCRETE_CLASS,/data/tika/tika-parsers/tika-parsers-standard/tika-parsers-standard-modules/tika-parser-microsoft-module/src/main/java/org/apache/tika/parser/microsoft/onenote/fsshttpb/streamobj/StorageIndexManifestMapping.java,tika-parsers/tika-parsers-standard/tika-parsers-standard-modules/tika-parser-microsoft-module/src/main/java/org/apache/tika/parser/microsoft/onenote/fsshttpb/streamobj/StorageIndexManifestMapping.java,org.apache.tika.parser.microsoft.onenote.fsshttpb.streamobj.StorageIndexManifestMapping,StorageIndexManifestMapping,3848,unit
tika,697d7c047daf1f661a4ed067bbc8f9c58bb6faa2,1,2026-01-07T07:46:39.000,0.0,false,CONCRETE_CLASS,1,1,0.0,false,7,0,2.677928384237333E-4,0,CONCRETE_CLASS,/data/tika/tika-integration-tests/tika-pipes-solr-integration-tests/src/test/java/org/apache/tika/pipes/solr/tests/TikaPipesSolr9Test.java,tika-integration-tests/tika-pipes-solr-integration-tests/src/test/java/org/apache/tika/pipes/solr/tests/TikaPipesSolr9Test.java,org.apache.tika.pipes.solr.tests.TikaPipesSolr9Test,TikaPipesSolr9Test,20234,unit
tika,697d7c047daf1f661a4ed067bbc8f9c58bb6faa2,1,2026-01-07T07:46:39.000,0.0,false,CONCRETE_CLASS,0,8,0.0,false,39,0,1.8787557434076361E-4,0,CONCRETE_CLASS,/data/tika/tika-parsers/tika-parsers-standard/tika-parsers-standard-modules/tika-parser-miscoffice-module/src/test/java/org/apache/tika/parser/hwp/HwpV5ParserTest.java,tika-parsers/tika-parsers-standard/tika-parsers-standard-modules/tika-parser-miscoffice-module/src/test/java/org/apache/tika/parser/hwp/HwpV5ParserTest.java,org.apache.tika.parser.hwp.HwpV5ParserTest,HwpV5ParserTest,7947,unit
tika,697d7c047daf1f661a4ed067bbc8f9c58bb6faa2,1,2026-01-07T07:46:39.000,0.0,false,ABSTRACT_CLASS,2,5,0.0,false,162,0,6.435517808299559E-4,0,ABSTRACT_CLASS,/data/tika/tika-integration-tests/tika-pipes-solr-integration-tests/src/test/java/org/apache/tika/pipes/solr/tests/TikaPipesSolrTestBase.java,tika-integration-tests/tika-pipes-solr-integration-tests/src/test/java/org/apache/tika/pipes/solr/tests/TikaPipesSolrTestBase.java,org.apache.tika.pipes.solr.tests.TikaPipesSolrTestBase,TikaPipesSolrTestBase,20240,unit
tika,697d7c047daf1f661a4ed067bbc8f9c58bb6faa2,1,2026-01-07T07:46:39.000,0.0,false,CONCRETE_CLASS,1,7,0.0,false,38,0,1.9460547834284866E-4,0,CONCRETE_CLASS,/data/tika/tika-parsers/tika-parsers-standard/tika-parsers-standard-modules/tika-parser-pdf-module/src/main/java/org/apache/tika/parser/pdf/OCR2XHTML.java,tika-parsers/tika-parsers-standard/tika-parsers-standard-modules/tika-parser-pdf-module/src/main/java/org/apache/tika/parser/pdf/OCR2XHTML.java,org.apache.tika.parser.pdf.OCR2XHTML,OCR2XHTML,24339,unit
tika,697d7c047daf1f661a4ed067bbc8f9c58bb6faa2,1,2026-01-07T07:46:39.000,0.0,false,CONCRETE_CLASS,4,0,0.0,false,6,0,2.739764689675759E-4,0,CONCRETE_CLASS,/data/tika/tika-parsers/tika-parsers-standard/tika-parsers-standard-modules/tika-parser-microsoft-module/src/main/java/org/apache/tika/parser/microsoft/onenote/fsshttpb/exception/DataElementParseErrorException.java,tika-parsers/tika-parsers-standard/tika-parsers-standard-modules/tika-parser-microsoft-module/src/main/java/org/apache/tika/parser/microsoft/onenote/fsshttpb/exception/DataElementParseErrorException.java,org.apache.tika.parser.microsoft.onenote.fsshttpb.exception.DataElementParseErrorException,DataElementParseErrorException,3860,unit
tika,697d7c047daf1f661a4ed067bbc8f9c58bb6faa2,1,2026-01-07T07:46:39.000,0.0,false,CONCRETE_CLASS,0,11,0.0,false,240,0,1.8787557434076361E-4,0,CONCRETE_CLASS,/data/tika/tika-server/tika-server-standard/src/test/java/org/apache/tika/server/standard/UnpackerResourceTest.java,tika-server/tika-server-standard/src/test/java/org/apache/tika/server/standard/UnpackerResourceTest.java,org.apache.tika.server.standard.UnpackerResourceTest,UnpackerResourceTest,28436,unit
tika,697d7c047daf1f661a4ed067bbc8f9c58bb6faa2,1,2026-01-07T07:46:39.000,0.0,false,CONCRETE_CLASS,1,9,0.0,false,30,0,2.0785489036150603E-4,0,CONCRETE_CLASS,/data/tika/tika-parsers/tika-parsers-standard/tika-parsers-standard-modules/tika-parser-miscoffice-module/src/main/java/org/apache/tika/parser/hwp/HwpV5Parser.java,tika-parsers/tika-parsers-standard/tika-parsers-standard-modules/tika-parser-miscoffice-module/src/main/java/org/apache/tika/parser/hwp/HwpV5Parser.java,org.apache.tika.parser.hwp.HwpV5Parser,HwpV5Parser,7960,unit
tika,697d7c047daf1f661a4ed067bbc8f9c58bb6faa2,1,2026-01-07T07:46:39.000,0.0,false,CONCRETE_CLASS,0,5,0.0,false,23,0,1.8787557434076361E-4,0,CONCRETE_CLASS,/data/tika/tika-eval/tika-eval-core/src/main/java/org/apache/tika/eval/core/textstats/CommonTokensKLDivergence.java,tika-eval/tika-eval-core/src/main/java/org/apache/tika/eval/core/textstats/CommonTokensKLDivergence.java,org.apache.tika.eval.core.textstats.CommonTokensKLDivergence,CommonTokensKLDivergence,16154,unit
tika,697d7c047daf1f661a4ed067bbc8f9c58bb6faa2,1,2026-01-07T07:46:39.000,0.0,false,CONCRETE_CLASS,0,2,0.0,false,14,0,1.8787557434076361E-4,0,CONCRETE_CLASS,/data/tika/tika-integration-tests/tika-pipes-solr-integration-tests/src/test/java/org/apache/tika/pipes/solr/tests/TikaPipesSolr9ZkTest.java,tika-integration-tests/tika-pipes-solr-integration-tests/src/test/java/org/apache/tika/pipes/solr/tests/TikaPipesSolr9ZkTest.java,org.apache.tika.pipes.solr.tests.TikaPipesSolr9ZkTest,TikaPipesSolr9ZkTest,20253,unit
tika,697d7c047daf1f661a4ed067bbc8f9c58bb6faa2,1,2026-01-07T07:46:39.000,0.0,false,CONCRETE_CLASS,1,7,0.0,false,238,0,1.9460547834284866E-4,0,CONCRETE_CLASS,/data/tika/tika-parsers/tika-parsers-standard/tika-parsers-standard-modules/tika-parser-pdf-module/src/main/java/org/apache/tika/parser/pdf/PDFMarkedContent2XHTML.java,tika-parsers/tika-parsers-standard/tika-parsers-standard-modules/tika-parser-pdf-module/src/main/java/org/apache/tika/parser/pdf/PDFMarkedContent2XHTML.java,org.apache.tika.parser.pdf.PDFMarkedContent2XHTML,PDFMarkedContent2XHTML,24351,unit
tika,697d7c047daf1f661a4ed067bbc8f9c58bb6faa2,1,2026-01-07T07:46:39.000,0.0,false,CONCRETE_CLASS,0,8,0.0,false,50,0,1.8787557434076361E-4,0,CONCRETE_CLASS,/data/tika/tika-parsers/tika-parsers-standard/tika-parsers-standard-modules/tika-parser-microsoft-module/src/test/java/org/apache/tika/parser/microsoft/chm/TestChmLzxcControlData.java,tika-parsers/tika-parsers-standard/tika-parsers-standard-modules/tika-parser-microsoft-module/src/test/java/org/apache/tika/parser/microsoft/chm/TestChmLzxcControlData.java,org.apache.tika.parser.microsoft.chm.TestChmLzxcControlData,TestChmLzxcControlData,12065,unit
tika,697d7c047daf1f661a4ed067bbc8f9c58bb6faa2,1,2026-01-07T07:46:39.000,0.0,false,CONCRETE_CLASS,0,10,0.0,false,69,0,1.8787557434076361E-4,0,CONCRETE_CLASS,/data/tika/tika-server/tika-server-standard/src/test/java/org/apache/tika/server/standard/OpenNLPMetadataFilterTest.java,tika-server/tika-server-standard/src/test/java/org/apache/tika/server/standard/OpenNLPMetadataFilterTest.java,org.apache.tika.server.standard.OpenNLPMetadataFilterTest,OpenNLPMetadataFilterTest,28458,unit
tika,697d7c047daf1f661a4ed067bbc8f9c58bb6faa2,1,2026-01-07T07:46:39.000,0.0,false,CONCRETE_CLASS,0,5,0.0,false,26,0,1.8787557434076361E-4,0,CONCRETE_CLASS,/data/tika/tika-eval/tika-eval-core/src/main/java/org/apache/tika/eval/core/textstats/CommonTokensKLDNormed.java,tika-eval/tika-eval-core/src/main/java/org/apache/tika/eval/core/textstats/CommonTokensKLDNormed.java,org.apache.tika.eval.core.textstats.CommonTokensKLDNormed,CommonTokensKLDNormed,16176,unit
tika,697d7c047daf1f661a4ed067bbc8f9c58bb6faa2,1,2026-01-07T07:46:39.000,0.0,false,CONCRETE_CLASS,2,1,0.0,false,43,0,3.206981286616082E-4,0,CONCRETE_CLASS,/data/tika/tika-pipes/tika-pipes-plugins/tika-pipes-solr/src/main/java/org/apache/tika/pipes/emitter/solr/SolrEmitterConfig.java,tika-pipes/tika-pipes-plugins/tika-pipes-solr/src/main/java/org/apache/tika/pipes/emitter/solr/SolrEmitterConfig.java,org.apache.tika.pipes.emitter.solr.SolrEmitterConfig,SolrEmitterConfig,20272,unit
tika,697d7c047daf1f661a4ed067bbc8f9c58bb6faa2,1,2026-01-07T07:46:39.000,0.0,false,CONCRETE_CLASS,4,4,0.0,false,23,0,2.9544497628192473E-4,0,CONCRETE_CLASS,/data/tika/tika-parsers/tika-parsers-standard/tika-parsers-standard-modules/tika-parser-microsoft-module/src/main/java/org/apache/tika/parser/microsoft/onenote/fsshttpb/streamobj/basic/CellIDArray.java,tika-parsers/tika-parsers-standard/tika-parsers-standard-modules/tika-parser-microsoft-module/src/main/java/org/apache/tika/parser/microsoft/onenote/fsshttpb/streamobj/basic/CellIDArray.java,org.apache.tika.parser.microsoft.onenote.fsshttpb.streamobj.basic.CellIDArray,CellIDArray,3890,unit
tika,697d7c047daf1f661a4ed067bbc8f9c58bb6faa2,1,2026-01-07T07:46:39.000,0.0,false,CONCRETE_CLASS,0,2,0.0,false,29,0,1.8787557434076361E-4,0,CONCRETE_CLASS,/data/tika/tika-parsers/tika-parsers-standard/tika-parsers-standard-modules/tika-parser-microsoft-module/src/test/java/org/apache/tika/parser/microsoft/chm/TestDirectoryListingEntry.java,tika-parsers/tika-parsers-standard/tika-parsers-standard-modules/tika-parser-microsoft-module/src/test/java/org/apache/tika/parser/microsoft/chm/TestDirectoryListingEntry.java,org.apache.tika.parser.microsoft.chm.TestDirectoryListingEntry,TestDirectoryListingEntry,12082,unit
tika,697d7c047daf1f661a4ed067bbc8f9c58bb6faa2,1,2026-01-07T07:46:39.000,0.0,false,CONCRETE_CLASS,1,0,0.0,false,23,0,1.9750520569849974E-4,0,CONCRETE_CLASS,/data/tika/tika-parsers/tika-parsers-standard/tika-parsers-standard-modules/tika-parser-pdf-module/src/main/java/org/apache/tika/parser/pdf/PDFEncodedStringDecoder.java,tika-parsers/tika-parsers-standard/tika-parsers-standard-modules/tika-parser-pdf-module/src/main/java/org/apache/tika/parser/pdf/PDFEncodedStringDecoder.java,org.apache.tika.parser.pdf.PDFEncodedStringDecoder,PDFEncodedStringDecoder,24377,unit
tika,697d7c047daf1f661a4ed067bbc8f9c58bb6faa2,1,2026-01-07T07:46:39.000,0.0,false,CONCRETE_CLASS,0,8,0.0,false,20,0,1.8787557434076361E-4,0,CONCRETE_CLASS,/data/tika/tika-parsers/tika-parsers-standard/tika-parsers-standard-modules/tika-parser-code-module/src/main/java/org/apache/tika/parser/asm/ClassParser.java,tika-parsers/tika-parsers-standard/tika-parsers-standard-modules/tika-parser-code-module/src/main/java/org/apache/tika/parser/asm/ClassParser.java,org.apache.tika.parser.asm.ClassParser,ClassParser,7994,unit
tika,697d7c047daf1f661a4ed067bbc8f9c58bb6faa2,1,2026-01-07T07:46:39.000,0.0,false,CONCRETE_CLASS,0,5,0.0,false,106,0,1.8787557434076361E-4,0,CONCRETE_CLASS,/data/tika/tika-server/tika-server-standard/src/test/java/org/apache/tika/server/standard/TikaParsersTest.java,tika-server/tika-server-standard/src/test/java/org/apache/tika/server/standard/TikaParsersTest.java,org.apache.tika.server.standard.TikaParsersTest,TikaParsersTest,28479,unit
tika,697d7c047daf1f661a4ed067bbc8f9c58bb6faa2,1,2026-01-07T07:46:39.000,0.0,false,CONCRETE_CLASS,5,4,0.0,false,32,0,3.1262438657713164E-4,0,CONCRETE_CLASS,/data/tika/tika-parsers/tika-parsers-standard/tika-parsers-standard-modules/tika-parser-microsoft-module/src/main/java/org/apache/tika/parser/microsoft/onenote/fsshttpb/streamobj/basic/ExGUIDArray.java,tika-parsers/tika-parsers-standard/tika-parsers-standard-modules/tika-parser-microsoft-module/src/main/java/org/apache/tika/parser/microsoft/onenote/fsshttpb/streamobj/basic/ExGUIDArray.java,org.apache.tika.parser.microsoft.onenote.fsshttpb.streamobj.basic.ExGUIDArray,ExGUIDArray,3909,unit
tika,697d7c047daf1f661a4ed067bbc8f9c58bb6faa2,1,2026-01-07T07:46:39.000,0.0,false,CONCRETE_CLASS,1,6,0.0,false,135,0,2.0785489036150603E-4,0,CONCRETE_CLASS,/data/tika/tika-parsers/tika-parsers-standard/tika-parsers-standard-modules/tika-parser-code-module/src/main/java/org/apache/tika/parser/asm/XHTMLClassVisitor.java,tika-parsers/tika-parsers-standard/tika-parsers-standard-modules/tika-parser-code-module/src/main/java/org/apache/tika/parser/asm/XHTMLClassVisitor.java,org.apache.tika.parser.asm.XHTMLClassVisitor,XHTMLClassVisitor,8007,unit
tika,697d7c047daf1f661a4ed067bbc8f9c58bb6faa2,1,2026-01-07T07:46:39.000,0.0,false,CONCRETE_CLASS,1,2,0.0,false,6,0,2.4115375039607676E-4,0,CONCRETE_CLASS,/data/tika/tika-core/src/main/java/org/apache/tika/language/translate/EmptyTranslator.java,tika-core/src/main/java/org/apache/tika/language/translate/EmptyTranslator.java,org.apache.tika.language.translate.EmptyTranslator,EmptyTranslator,20297,unit
tika,697d7c047daf1f661a4ed067bbc8f9c58bb6faa2,1,2026-01-07T07:46:39.000,0.0,false,CONCRETE_CLASS,0,2,0.0,false,9,0,1.8787557434076361E-4,0,CONCRETE_CLASS,/data/tika/tika-parsers/tika-parsers-standard/tika-parsers-standard-modules/tika-parser-pdf-module/src/test/java/org/apache/tika/parser/pdf/PDFRenderingTest.java,tika-parsers/tika-parsers-standard/tika-parsers-standard-modules/tika-parser-pdf-module/src/test/java/org/apache/tika/parser/pdf/PDFRenderingTest.java,org.apache.tika.parser.pdf.PDFRenderingTest,PDFRenderingTest,24397,unit
tika,697d7c047daf1f661a4ed067bbc8f9c58bb6faa2,1,2026-01-07T07:46:39.000,0.0,false,CONCRETE_CLASS,2,2,0.0,false,10,0,2.1517661725756047E-4,0,CONCRETE_CLASS,/data/tika/tika-parsers/tika-parsers-standard/tika-parsers-standard-modules/tika-parser-microsoft-module/src/main/java/org/apache/tika/parser/microsoft/onenote/fsshttpb/streamobj/basic/DataNodeObjectData.java,tika-parsers/tika-parsers-standard/tika-parsers-standard-modules/tika-parser-microsoft-module/src/main/java/org/apache/tika/parser/microsoft/onenote/fsshttpb/streamobj/basic/DataNodeObjectData.java,org.apache.tika.parser.microsoft.onenote.fsshttpb.streamobj.basic.DataNodeObjectData,DataNodeObjectData,3919,unit
tika,697d7c047daf1f661a4ed067bbc8f9c58bb6faa2,1,2026-01-07T07:46:39.000,0.0,false,CONCRETE_CLASS,0,6,0.0,false,92,0,1.8787557434076361E-4,0,CONCRETE_CLASS,/data/tika/tika-server/tika-server-standard/src/test/java/org/apache/tika/server/standard/TikaDetectorsTest.java,tika-server/tika-server-standard/src/test/java/org/apache/tika/server/standard/TikaDetectorsTest.java,org.apache.tika.server.standard.TikaDetectorsTest,TikaDetectorsTest,28495,unit
tika,697d7c047daf1f661a4ed067bbc8f9c58bb6faa2,1,2026-01-07T07:46:39.000,0.0,false,CONCRETE_CLASS,0,4,0.0,false,39,0,1.8787557434076361E-4,0,CONCRETE_CLASS,/data/tika/tika-parsers/tika-parsers-standard/tika-parsers-standard-modules/tika-parser-microsoft-module/src/test/java/org/apache/tika/parser/microsoft/chm/TestChmItsfHeader.java,tika-parsers/tika-parsers-standard/tika-parsers-standard-modules/tika-parser-microsoft-module/src/test/java/org/apache/tika/parser/microsoft/chm/TestChmItsfHeader.java,org.apache.tika.parser.microsoft.chm.TestChmItsfHeader,TestChmItsfHeader,12112,unit
tika,697d7c047daf1f661a4ed067bbc8f9c58bb6faa2,1,2026-01-07T07:46:39.000,0.0,false,CONCRETE_CLASS,1,9,0.0,false,139,0,2.0442212314252613E-4,0,CONCRETE_CLASS,/data/tika/tika-parsers/tika-parsers-standard/tika-parsers-standard-modules/tika-parser-microsoft-module/src/main/java/org/apache/tika/parser/microsoft/rtf/RTFObjDataParser.java,tika-parsers/tika-parsers-standard/tika-parsers-standard-modules/tika-parser-microsoft-module/src/main/java/org/apache/tika/parser/microsoft/rtf/RTFObjDataParser.java,org.apache.tika.parser.microsoft.rtf.RTFObjDataParser,RTFObjDataParser,16210,unit
tika,697d7c047daf1f661a4ed067bbc8f9c58bb6faa2,1,2026-01-07T07:46:39.000,0.0,false,CONCRETE_CLASS,0,3,0.0,false,25,0,1.8787557434076361E-4,0,CONCRETE_CLASS,/data/tika/tika-parsers/tika-parsers-standard/tika-parsers-standard-modules/tika-parser-code-module/src/test/java/org/apache/tika/parser/asm/ClassParserTest.java,tika-parsers/tika-parsers-standard/tika-parsers-standard-modules/tika-parser-code-module/src/test/java/org/apache/tika/parser/asm/ClassParserTest.java,org.apache.tika.parser.asm.ClassParserTest,ClassParserTest,8020,unit
tika,697d7c047daf1f661a4ed067bbc8f9c58bb6faa2,1,2026-01-07T07:46:39.000,0.0,false,CONCRETE_CLASS,3,5,0.0,false,27,0,4.464384817989049E-4,0,CONCRETE_CLASS,/data/tika/tika-core/src/main/java/org/apache/tika/language/translate/DefaultTranslator.java,tika-core/src/main/java/org/apache/tika/language/translate/DefaultTranslator.java,org.apache.tika.language.translate.DefaultTranslator,DefaultTranslator,20310,unit
tika,697d7c047daf1f661a4ed067bbc8f9c58bb6faa2,1,2026-01-07T07:46:39.000,0.0,false,INTERFACE,5,2,0.0,false,15,0,2.547913598952996E-4,0,INTERFACE,/data/tika/tika-core/src/main/java/org/apache/tika/metadata/RTFMetadata.java,tika-core/src/main/java/org/apache/tika/metadata/RTFMetadata.java,org.apache.tika.metadata.RTFMetadata,RTFMetadata,16216,unit
tika,697d7c047daf1f661a4ed067bbc8f9c58bb6faa2,1,2026-01-07T07:46:39.000,0.0,false,CONCRETE_CLASS,0,31,0.0,false,890,0,1.8787557434076361E-4,0,CONCRETE_CLASS,/data/tika/tika-parsers/tika-parsers-standard/tika-parsers-standard-modules/tika-parser-pdf-module/src/test/java/org/apache/tika/parser/pdf/PDFParserTest.java,tika-parsers/tika-parsers-standard/tika-parsers-standard-modules/tika-parser-pdf-module/src/test/java/org/apache/tika/parser/pdf/PDFParserTest.java,org.apache.tika.parser.pdf.PDFParserTest,PDFParserTest,24410,unit
tika,697d7c047daf1f661a4ed067bbc8f9c58bb6faa2,1,2026-01-07T07:46:39.000,0.0,false,CONCRETE_CLASS,0,12,0.0,false,169,0,1.8787557434076361E-4,0,CONCRETE_CLASS,/data/tika/tika-server/tika-server-standard/src/test/java/org/apache/tika/server/standard/MetadataResourceTest.java,tika-server/tika-server-standard/src/test/java/org/apache/tika/server/standard/MetadataResourceTest.java,org.apache.tika.server.standard.MetadataResourceTest,MetadataResourceTest,28512,unit
tika,697d7c047daf1f661a4ed067bbc8f9c58bb6faa2,1,2026-01-07T07:46:39.000,0.0,false,CONCRETE_CLASS,6,0,0.0,false,3,0,3.0401941094845413E-4,0,CONCRETE_CLASS,/data/tika/tika-core/src/main/java/org/apache/tika/exception/RuntimeSAXException.java,tika-core/src/main/java/org/apache/tika/exception/RuntimeSAXException.java,org.apache.tika.exception.RuntimeSAXException,RuntimeSAXException,8037,unit
tika,697d7c047daf1f661a4ed067bbc8f9c58bb6faa2,1,2026-01-07T07:46:39.000,0.0,false,CONCRETE_CLASS,2,15,0.0,false,569,0,2.1811294011335583E-4,0,CONCRETE_CLASS,/data/tika/tika-parsers/tika-parsers-standard/tika-parsers-standard-modules/tika-parser-microsoft-module/src/main/java/org/apache/tika/parser/microsoft/rtf/TextExtractor.java,tika-parsers/tika-parsers-standard/tika-parsers-standard-modules/tika-parser-microsoft-module/src/main/java/org/apache/tika/parser/microsoft/rtf/TextExtractor.java,org.apache.tika.parser.microsoft.rtf.TextExtractor,TextExtractor,16235,unit
tika,697d7c047daf1f661a4ed067bbc8f9c58bb6faa2,1,2026-01-07T07:46:39.000,0.0,false,CONCRETE_CLASS,2,4,0.0,false,140,0,2.319427020316765E-4,0,CONCRETE_CLASS,/data/tika/tika-parsers/tika-parsers-standard/tika-parsers-standard-modules/tika-parser-microsoft-module/src/main/java/org/apache/tika/parser/microsoft/chm/ChmLzxState.java,tika-parsers/tika-parsers-standard/tika-parsers-standard-modules/tika-parser-microsoft-module/src/main/java/org/apache/tika/parser/microsoft/chm/ChmLzxState.java,org.apache.tika.parser.microsoft.chm.ChmLzxState,ChmLzxState,12142,unit
tika,697d7c047daf1f661a4ed067bbc8f9c58bb6faa2,1,2026-01-07T07:46:39.000,0.0,false,CONCRETE_CLASS,1,0,0.0,false,7,0,2.0024658675638074E-4,0,CONCRETE_CLASS,/data/tika/tika-parsers/tika-parsers-standard/tika-parsers-standard-modules/tika-parser-microsoft-module/src/main/java/org/apache/tika/parser/microsoft/rtf/ListDescriptor.java,tika-parsers/tika-parsers-standard/tika-parsers-standard-modules/tika-parser-microsoft-module/src/main/java/org/apache/tika/parser/microsoft/rtf/ListDescriptor.java,org.apache.tika.parser.microsoft.rtf.ListDescriptor,ListDescriptor,16246,unit
tika,697d7c047daf1f661a4ed067bbc8f9c58bb6faa2,1,2026-01-07T07:46:39.000,0.0,false,CONCRETE_CLASS,0,2,0.0,false,47,0,1.8787557434076361E-4,0,CONCRETE_CLASS,/data/tika/tika-server/tika-server-standard/src/test/java/org/apache/tika/server/standard/TikaMimeTypesTest.java,tika-server/tika-server-standard/src/test/java/org/apache/tika/server/standard/TikaMimeTypesTest.java,org.apache.tika.server.standard.TikaMimeTypesTest,TikaMimeTypesTest,28535,unit
tika,697d7c047daf1f661a4ed067bbc8f9c58bb6faa2,1,2026-01-07T07:46:39.000,0.0,false,CONCRETE_CLASS,2,6,0.0,false,24,0,2.143116177089039E-4,0,CONCRETE_CLASS,/data/tika/tika-parsers/tika-parsers-standard/tika-parsers-standard-modules/tika-parser-microsoft-module/src/main/java/org/apache/tika/parser/microsoft/onenote/fsshttpb/streamobj/RevisionManifest.java,tika-parsers/tika-parsers-standard/tika-parsers-standard-modules/tika-parser-microsoft-module/src/main/java/org/apache/tika/parser/microsoft/onenote/fsshttpb/streamobj/RevisionManifest.java,org.apache.tika.parser.microsoft.onenote.fsshttpb.streamobj.RevisionManifest,RevisionManifest,3960,unit
tika,697d7c047daf1f661a4ed067bbc8f9c58bb6faa2,1,2026-01-07T07:46:39.000,0.0,false,CONCRETE_CLASS,0,0,0.0,false,16,0,1.8787557434076361E-4,0,CONCRETE_CLASS,/data/tika/tika-pipes/tika-pipes-plugins/tika-pipes-gcs/src/main/java/org/apache/tika/pipes/plugin/gcs/GCSPipesPlugin.java,tika-pipes/tika-pipes-plugins/tika-pipes-gcs/src/main/java/org/apache/tika/pipes/plugin/gcs/GCSPipesPlugin.java,org.apache.tika.pipes.plugin.gcs.GCSPipesPlugin,GCSPipesPlugin,8057,unit
tika,697d7c047daf1f661a4ed067bbc8f9c58bb6faa2,1,2026-01-07T07:46:39.000,0.0,false,CONCRETE_CLASS,0,4,0.0,false,25,0,1.8787557434076361E-4,0,CONCRETE_CLASS,/data/tika/tika-parsers/tika-parsers-standard/tika-parsers-standard-modules/tika-parser-microsoft-module/src/test/java/org/apache/tika/parser/microsoft/chm/TestPmglHeader.java,tika-parsers/tika-parsers-standard/tika-parsers-standard-modules/tika-parser-microsoft-module/src/test/java/org/apache/tika/parser/microsoft/chm/TestPmglHeader.java,org.apache.tika.parser.microsoft.chm.TestPmglHeader,TestPmglHeader,12155,unit
tika,697d7c047daf1f661a4ed067bbc8f9c58bb6faa2,1,2026-01-07T07:46:39.000,0.0,false,CONCRETE_CLASS,1,7,0.0,false,29,0,1.9303152686224554E-4,0,CONCRETE_CLASS,/data/tika/tika-parsers/tika-parsers-standard/tika-parsers-standard-modules/tika-parser-pdf-module/src/test/java/org/apache/tika/parser/pdf/MyCustomImageGraphicsEngineFactory.java,tika-parsers/tika-parsers-standard/tika-parsers-standard-modules/tika-parser-pdf-module/src/test/java/org/apache/tika/parser/pdf/MyCustomImageGraphicsEngineFactory.java,org.apache.tika.parser.pdf.MyCustomImageGraphicsEngineFactory,MyCustomImageGraphicsEngineFactory,24445,unit
tika,697d7c047daf1f661a4ed067bbc8f9c58bb6faa2,1,2026-01-07T07:46:39.000,0.0,false,CONCRETE_CLASS,0,7,0.0,false,15,0,1.8787557434076361E-4,0,CONCRETE_CLASS,/data/tika/tika-parsers/tika-parsers-standard/tika-parsers-standard-modules/tika-parser-crypto-module/src/test/java/org/apache/tika/parser/crypto/Pkcs7ParserTest.java,tika-parsers/tika-parsers-standard/tika-parsers-standard-modules/tika-parser-crypto-module/src/test/java/org/apache/tika/parser/crypto/Pkcs7ParserTest.java,org.apache.tika.parser.crypto.Pkcs7ParserTest,Pkcs7ParserTest,20352,unit
tika,697d7c047daf1f661a4ed067bbc8f9c58bb6faa2,1,2026-01-07T07:46:39.000,0.0,false,CONCRETE_CLASS,2,11,0.0,false,102,0,2.1393740372721044E-4,0,CONCRETE_CLASS,/data/tika/tika-parsers/tika-parsers-standard/tika-parsers-standard-modules/tika-parser-microsoft-module/src/main/java/org/apache/tika/parser/microsoft/rtf/RTFEmbObjHandler.java,tika-parsers/tika-parsers-standard/tika-parsers-standard-modules/tika-parser-microsoft-module/src/main/java/org/apache/tika/parser/microsoft/rtf/RTFEmbObjHandler.java,org.apache.tika.parser.microsoft.rtf.RTFEmbObjHandler,RTFEmbObjHandler,16257,unit
tika,697d7c047daf1f661a4ed067bbc8f9c58bb6faa2,1,2026-01-07T07:46:39.000,0.0,false,CONCRETE_CLASS,0,21,0.0,false,218,0,1.8787557434076361E-4,0,CONCRETE_CLASS,/data/tika/tika-server/tika-server-standard/src/test/java/org/apache/tika/server/standard/TikaPipesTest.java,tika-server/tika-server-standard/src/test/java/org/apache/tika/server/standard/TikaPipesTest.java,org.apache.tika.server.standard.TikaPipesTest,TikaPipesTest,28548,unit
tika,697d7c047daf1f661a4ed067bbc8f9c58bb6faa2,1,2026-01-07T07:46:39.000,0.0,false,CONCRETE_CLASS,0,6,0.0,false,22,0,1.8787557434076361E-4,0,CONCRETE_CLASS,/data/tika/tika-pipes/tika-async-cli/src/test/java/org/apache/tika/async/cli/TikaConfigAsyncWriterTest.java,tika-pipes/tika-async-cli/src/test/java/org/apache/tika/async/cli/TikaConfigAsyncWriterTest.java,org.apache.tika.async.cli.TikaConfigAsyncWriterTest,TikaConfigAsyncWriterTest,8069,unit
tika,697d7c047daf1f661a4ed067bbc8f9c58bb6faa2,1,2026-01-07T07:46:39.000,0.0,false,CONCRETE_CLASS,1,0,0.0,false,26,0,2.0024658675638074E-4,0,CONCRETE_CLASS,/data/tika/tika-parsers/tika-parsers-standard/tika-parsers-standard-modules/tika-parser-microsoft-module/src/main/java/org/apache/tika/parser/microsoft/rtf/GroupState.java,tika-parsers/tika-parsers-standard/tika-parsers-standard-modules/tika-parser-microsoft-module/src/main/java/org/apache/tika/parser/microsoft/rtf/GroupState.java,org.apache.tika.parser.microsoft.rtf.GroupState,GroupState,16267,unit
tika,697d7c047daf1f661a4ed067bbc8f9c58bb6faa2,1,2026-01-07T07:46:39.000,0.0,false,CONCRETE_CLASS,0,10,0.0,false,68,0,1.8787557434076361E-4,0,CONCRETE_CLASS,/data/tika/tika-parsers/tika-parsers-standard/tika-parsers-standard-modules/tika-parser-pdf-module/src/test/java/org/apache/tika/parser/pdf/CustomTikaXMPTest.java,tika-parsers/tika-parsers-standard/tika-parsers-standard-modules/tika-parser-pdf-module/src/test/java/org/apache/tika/parser/pdf/CustomTikaXMPTest.java,org.apache.tika.parser.pdf.CustomTikaXMPTest,CustomTikaXMPTest,24459,unit
tika,697d7c047daf1f661a4ed067bbc8f9c58bb6faa2,1,2026-01-07T07:46:39.000,0.0,false,CONCRETE_CLASS,2,4,0.0,false,37,0,2.2832987085613014E-4,0,CONCRETE_CLASS,/data/tika/tika-pipes/tika-async-cli/src/main/java/org/apache/tika/async/cli/PluginsWriter.java,tika-pipes/tika-async-cli/src/main/java/org/apache/tika/async/cli/PluginsWriter.java,org.apache.tika.async.cli.PluginsWriter,PluginsWriter,8076,unit
tika,697d7c047daf1f661a4ed067bbc8f9c58bb6faa2,1,2026-01-07T07:46:39.000,0.0,false,CONCRETE_CLASS,1,8,0.0,false,40,0,2.1070907836446924E-4,0,CONCRETE_CLASS,/data/tika/tika-parsers/tika-parsers-standard/tika-parsers-standard-modules/tika-parser-crypto-module/src/main/java/org/apache/tika/parser/crypto/Pkcs7Parser.java,tika-parsers/tika-parsers-standard/tika-parsers-standard-modules/tika-parser-crypto-module/src/main/java/org/apache/tika/parser/crypto/Pkcs7Parser.java,org.apache.tika.parser.crypto.Pkcs7Parser,Pkcs7Parser,20364,unit
tika,697d7c047daf1f661a4ed067bbc8f9c58bb6faa2,1,2026-01-07T07:46:39.000,0.0,false,CONCRETE_CLASS,2,5,0.0,false,50,0,2.2832987085613014E-4,0,CONCRETE_CLASS,/data/tika/tika-pipes/tika-async-cli/src/main/java/org/apache/tika/async/cli/TikaConfigAsyncWriter.java,tika-pipes/tika-async-cli/src/main/java/org/apache/tika/async/cli/TikaConfigAsyncWriter.java,org.apache.tika.async.cli.TikaConfigAsyncWriter,TikaConfigAsyncWriter,8085,unit
tika,697d7c047daf1f661a4ed067bbc8f9c58bb6faa2,1,2026-01-07T07:46:39.000,0.0,false,CONCRETE_CLASS,1,12,0.0,false,205,0,2.1070907836446924E-4,0,CONCRETE_CLASS,/data/tika/tika-parsers/tika-parsers-standard/tika-parsers-standard-modules/tika-parser-crypto-module/src/main/java/org/apache/tika/parser/crypto/TSDParser.java,tika-parsers/tika-parsers-standard/tika-parsers-standard-modules/tika-parser-crypto-module/src/main/java/org/apache/tika/parser/crypto/TSDParser.java,org.apache.tika.parser.crypto.TSDParser,TSDParser,20377,unit
tika,697d7c047daf1f661a4ed067bbc8f9c58bb6faa2,1,2026-01-07T07:46:39.000,0.0,false,CONCRETE_CLASS,5,1,0.0,false,45,0,3.690247889078734E-4,0,CONCRETE_CLASS,/data/tika/tika-pipes/tika-async-cli/src/main/java/org/apache/tika/async/cli/SimpleAsyncConfig.java,tika-pipes/tika-async-cli/src/main/java/org/apache/tika/async/cli/SimpleAsyncConfig.java,org.apache.tika.async.cli.SimpleAsyncConfig,SimpleAsyncConfig,8093,unit
tika,697d7c047daf1f661a4ed067bbc8f9c58bb6faa2,1,2026-01-07T07:46:39.000,0.0,false,CONCRETE_CLASS,3,0,0.0,false,65,0,5.347711569287134E-4,0,CONCRETE_CLASS,/data/tika/tika-core/src/main/java/org/apache/tika/utils/RereadableInputStream.java,tika-core/src/main/java/org/apache/tika/utils/RereadableInputStream.java,org.apache.tika.utils.RereadableInputStream,RereadableInputStream,20383,unit
tika,697d7c047daf1f661a4ed067bbc8f9c58bb6faa2,1,2026-01-07T07:46:39.000,0.0,false,CONCRETE_CLASS,3,8,0.0,false,50,0,3.961183159805822E-4,0,CONCRETE_CLASS,/data/tika/tika-parsers/tika-parsers-standard/tika-parsers-standard-modules/tika-parser-microsoft-module/src/main/java/org/apache/tika/parser/microsoft/onenote/fsshttpb/streamobj/StreamObjectHeaderStart32bit.java,tika-parsers/tika-parsers-standard/tika-parsers-standard-modules/tika-parser-microsoft-module/src/main/java/org/apache/tika/parser/microsoft/onenote/fsshttpb/streamobj/StreamObjectHeaderStart32bit.java,org.apache.tika.parser.microsoft.onenote.fsshttpb.streamobj.StreamObjectHeaderStart32bit,StreamObjectHeaderStart32bit,4002,unit
tika,697d7c047daf1f661a4ed067bbc8f9c58bb6faa2,1,2026-01-07T07:46:39.000,0.0,false,CONCRETE_CLASS,0,2,0.0,false,14,0,1.8787557434076361E-4,0,CONCRETE_CLASS,/data/tika/tika-parsers/tika-parsers-standard/tika-parsers-standard-modules/tika-parser-microsoft-module/src/test/java/org/apache/tika/parser/microsoft/chm/TestPmgiHeader.java,tika-parsers/tika-parsers-standard/tika-parsers-standard-modules/tika-parser-microsoft-module/src/test/java/org/apache/tika/parser/microsoft/chm/TestPmgiHeader.java,org.apache.tika.parser.microsoft.chm.TestPmgiHeader,TestPmgiHeader,12195,unit
tika,697d7c047daf1f661a4ed067bbc8f9c58bb6faa2,1,2026-01-07T07:46:39.000,0.0,false,CONCRETE_CLASS,0,10,0.0,false,399,0,1.8787557434076361E-4,0,CONCRETE_CLASS,/data/tika/tika-server/tika-server-standard/src/test/java/org/apache/tika/server/standard/RecursiveMetadataResourceTest.java,tika-server/tika-server-standard/src/test/java/org/apache/tika/server/standard/RecursiveMetadataResourceTest.java,org.apache.tika.server.standard.RecursiveMetadataResourceTest,RecursiveMetadataResourceTest,28580,unit
tika,697d7c047daf1f661a4ed067bbc8f9c58bb6faa2,1,2026-01-07T07:46:39.000,0.0,false,CONCRETE_CLASS,13,5,0.0,false,98,0,4.360623816753441E-4,0,CONCRETE_CLASS,/data/tika/tika-pipes/tika-pipes-core/src/main/java/org/apache/tika/pipes/core/PipesConfig.java,tika-pipes/tika-pipes-core/src/main/java/org/apache/tika/pipes/core/PipesConfig.java,org.apache.tika.pipes.core.PipesConfig,PipesConfig,8101,unit
tika,697d7c047daf1f661a4ed067bbc8f9c58bb6faa2,1,2026-01-07T07:46:39.000,0.0,false,CONCRETE_CLASS,0,8,0.0,false,104,0,1.8787557434076361E-4,0,CONCRETE_CLASS,/data/tika/tika-parsers/tika-parsers-standard/tika-parsers-standard-modules/tika-parser-pdf-module/src/test/java/org/apache/tika/parser/pdf/PDFIncrementalUpdatesTest.java,tika-parsers/tika-parsers-standard/tika-parsers-standard-modules/tika-parser-pdf-module/src/test/java/org/apache/tika/parser/pdf/PDFIncrementalUpdatesTest.java,org.apache.tika.parser.pdf.PDFIncrementalUpdatesTest,PDFIncrementalUpdatesTest,24486,unit
tika,697d7c047daf1f661a4ed067bbc8f9c58bb6faa2,1,2026-01-07T07:46:39.000,0.0,false,CONCRETE_CLASS,0,13,0.0,false,277,0,1.8787557434076361E-4,0,CONCRETE_CLASS,/data/tika/tika-parsers/tika-parsers-standard/tika-parsers-standard-modules/tika-parser-microsoft-module/src/test/java/org/apache/tika/parser/microsoft/rtf/RTFParserTest.java,tika-parsers/tika-parsers-standard/tika-parsers-standard-modules/tika-parser-microsoft-module/src/test/java/org/apache/tika/parser/microsoft/rtf/RTFParserTest.java,org.apache.tika.parser.microsoft.rtf.RTFParserTest,RTFParserTest,16300,unit
tika,697d7c047daf1f661a4ed067bbc8f9c58bb6faa2,1,2026-01-07T07:46:39.000,0.0,false,CONCRETE_CLASS,0,10,0.0,false,37,0,1.8787557434076361E-4,0,CONCRETE_CLASS,/data/tika/tika-parsers/tika-parsers-standard/tika-parsers-standard-modules/tika-parser-microsoft-module/src/test/java/org/apache/tika/parser/microsoft/chm/TestChmLzxState.java,tika-parsers/tika-parsers-standard/tika-parsers-standard-modules/tika-parser-microsoft-module/src/test/java/org/apache/tika/parser/microsoft/chm/TestChmLzxState.java,org.apache.tika.parser.microsoft.chm.TestChmLzxState,TestChmLzxState,12206,unit
tika,697d7c047daf1f661a4ed067bbc8f9c58bb6faa2,1,2026-01-07T07:46:39.000,0.0,false,CONCRETE_CLASS,1,5,0.0,false,33,0,2.6912313762681095E-4,0,CONCRETE_CLASS,/data/tika/tika-parsers/tika-parsers-standard/tika-parsers-standard-modules/tika-parser-microsoft-module/src/main/java/org/apache/tika/parser/microsoft/onenote/fsshttpb/streamobj/StreamObjectHeaderEnd8bit.java,tika-parsers/tika-parsers-standard/tika-parsers-standard-modules/tika-parser-microsoft-module/src/main/java/org/apache/tika/parser/microsoft/onenote/fsshttpb/streamobj/StreamObjectHeaderEnd8bit.java,org.apache.tika.parser.microsoft.onenote.fsshttpb.streamobj.StreamObjectHeaderEnd8bit,StreamObjectHeaderEnd8bit,4015,unit
tika,697d7c047daf1f661a4ed067bbc8f9c58bb6faa2,1,2026-01-07T07:46:39.000,0.0,false,CONCRETE_CLASS,10,4,0.0,false,37,0,0.0011211291952959645,0,CONCRETE_CLASS,/data/tika/tika-serialization/src/main/java/org/apache/tika/config/loader/TikaObjectMapperFactory.java,tika-serialization/src/main/java/org/apache/tika/config/loader/TikaObjectMapperFactory.java,org.apache.tika.config.loader.TikaObjectMapperFactory,TikaObjectMapperFactory,8115,unit
tika,697d7c047daf1f661a4ed067bbc8f9c58bb6faa2,1,2026-01-07T07:46:39.000,0.0,false,ABSTRACT_CLASS,4,2,0.0,false,3,0,3.664501387930166E-4,0,ABSTRACT_CLASS,/data/tika/tika-parsers/tika-parsers-standard/tika-parsers-standard-modules/tika-parser-microsoft-module/src/main/java/org/apache/tika/parser/microsoft/onenote/fsshttpb/streamobj/StreamObjectHeaderEnd.java,tika-parsers/tika-parsers-standard/tika-parsers-standard-modules/tika-parser-microsoft-module/src/main/java/org/apache/tika/parser/microsoft/onenote/fsshttpb/streamobj/StreamObjectHeaderEnd.java,org.apache.tika.parser.microsoft.onenote.fsshttpb.streamobj.StreamObjectHeaderEnd,StreamObjectHeaderEnd,4024,unit
tika,697d7c047daf1f661a4ed067bbc8f9c58bb6faa2,1,2026-01-07T07:46:39.000,0.0,false,CONCRETE_CLASS,0,3,0.0,false,45,0,1.8787557434076361E-4,0,CONCRETE_CLASS,/data/tika/tika-pipes/tika-async-cli/src/test/java/org/apache/tika/async/cli/AsyncCliParserTest.java,tika-pipes/tika-async-cli/src/test/java/org/apache/tika/async/cli/AsyncCliParserTest.java,org.apache.tika.async.cli.AsyncCliParserTest,AsyncCliParserTest,8126,unit
tika,697d7c047daf1f661a4ed067bbc8f9c58bb6faa2,1,2026-01-07T07:46:39.000,0.0,false,CONCRETE_CLASS,0,7,0.0,false,103,0,1.8787557434076361E-4,0,CONCRETE_CLASS,/data/tika/tika-parsers/tika-parsers-standard/tika-parsers-standard-modules/tika-parser-crypto-module/src/test/java/org/apache/tika/parser/crypto/TSDParserTest.java,tika-parsers/tika-parsers-standard/tika-parsers-standard-modules/tika-parser-crypto-module/src/test/java/org/apache/tika/parser/crypto/TSDParserTest.java,org.apache.tika.parser.crypto.TSDParserTest,TSDParserTest,20420,unit
tika,697d7c047daf1f661a4ed067bbc8f9c58bb6faa2,1,2026-01-07T07:46:39.000,0.0,false,CONCRETE_CLASS,1,1,0.0,false,16,0,2.0026380599659724E-4,0,CONCRETE_CLASS,/data/tika/tika-parsers/tika-parsers-ml/tika-parser-nlp-module/src/main/java/org/apache/tika/parser/geo/topic/GeoTag.java,tika-parsers/tika-parsers-ml/tika-parser-nlp-module/src/main/java/org/apache/tika/parser/geo/topic/GeoTag.java,org.apache.tika.parser.geo.topic.GeoTag,GeoTag,28612,unit
tika,697d7c047daf1f661a4ed067bbc8f9c58bb6faa2,1,2026-01-07T07:46:39.000,0.0,false,CONCRETE_CLASS,3,18,0.0,false,174,0,2.9227370721730817E-4,0,CONCRETE_CLASS,/data/tika/tika-pipes/tika-async-cli/src/main/java/org/apache/tika/async/cli/TikaAsyncCLI.java,tika-pipes/tika-async-cli/src/main/java/org/apache/tika/async/cli/TikaAsyncCLI.java,org.apache.tika.async.cli.TikaAsyncCLI,TikaAsyncCLI,8133,unit
tika,697d7c047daf1f661a4ed067bbc8f9c58bb6faa2,1,2026-01-07T07:46:39.000,0.0,false,CONCRETE_CLASS,3,0,0.0,false,21,0,4.5582809814965683E-4,0,CONCRETE_CLASS,/data/tika/tika-parsers/tika-parsers-ml/tika-parser-nlp-module/src/main/java/org/apache/tika/parser/geo/topic/gazetteer/Location.java,tika-parsers/tika-parsers-ml/tika-parser-nlp-module/src/main/java/org/apache/tika/parser/geo/topic/gazetteer/Location.java,org.apache.tika.parser.geo.topic.gazetteer.Location,Location,28618,unit
tika,697d7c047daf1f661a4ed067bbc8f9c58bb6faa2,1,2026-01-07T07:46:39.000,0.0,false,CONCRETE_CLASS,1,3,0.0,false,91,0,2.1595924921508257E-4,0,CONCRETE_CLASS,/data/tika/tika-parsers/tika-parsers-standard/tika-parsers-standard-modules/tika-parser-microsoft-module/src/main/java/org/apache/tika/parser/microsoft/chm/ChmSection.java,tika-parsers/tika-parsers-standard/tika-parsers-standard-modules/tika-parser-microsoft-module/src/main/java/org/apache/tika/parser/microsoft/chm/ChmSection.java,org.apache.tika.parser.microsoft.chm.ChmSection,ChmSection,12238,unit
tika,697d7c047daf1f661a4ed067bbc8f9c58bb6faa2,1,2026-01-07T07:46:39.000,0.0,false,CONCRETE_CLASS,0,13,0.0,false,117,0,1.8787557434076361E-4,0,CONCRETE_CLASS,/data/tika/tika-pipes/tika-async-cli/src/test/java/org/apache/tika/async/cli/AsyncProcessorTest.java,tika-pipes/tika-async-cli/src/test/java/org/apache/tika/async/cli/AsyncProcessorTest.java,org.apache.tika.async.cli.AsyncProcessorTest,AsyncProcessorTest,8145,unit
tika,697d7c047daf1f661a4ed067bbc8f9c58bb6faa2,1,2026-01-07T07:46:39.000,0.0,false,CONCRETE_CLASS,2,4,0.0,false,22,0,2.1678365162905718E-4,0,CONCRETE_CLASS,/data/tika/tika-parsers/tika-parsers-standard/tika-parsers-standard-modules/tika-parser-microsoft-module/src/main/java/org/apache/tika/parser/microsoft/onenote/fsshttpb/streamobj/StorageManifestSchemaGUID.java,tika-parsers/tika-parsers-standard/tika-parsers-standard-modules/tika-parser-microsoft-module/src/main/java/org/apache/tika/parser/microsoft/onenote/fsshttpb/streamobj/StorageManifestSchemaGUID.java,org.apache.tika.parser.microsoft.onenote.fsshttpb.streamobj.StorageManifestSchemaGUID,StorageManifestSchemaGUID,4051,unit
tika,697d7c047daf1f661a4ed067bbc8f9c58bb6faa2,1,2026-01-07T07:46:39.000,0.0,false,CONCRETE_CLASS,0,10,0.0,false,69,0,1.8787557434076361E-4,0,CONCRETE_CLASS,/data/tika/tika-parsers/tika-parsers-ml/tika-parser-nlp-module/src/test/java/org/apache/tika/parser/geo/topic/GeoParserTest.java,tika-parsers/tika-parsers-ml/tika-parser-nlp-module/src/test/java/org/apache/tika/parser/geo/topic/GeoParserTest.java,org.apache.tika.parser.geo.topic.GeoParserTest,GeoParserTest,28629,unit
tika,697d7c047daf1f661a4ed067bbc8f9c58bb6faa2,1,2026-01-07T07:46:39.000,0.0,false,ABSTRACT_CLASS,5,5,0.0,false,8,0,3.230675060355456E-4,0,ABSTRACT_CLASS,/data/tika/tika-pipes/tika-pipes-api/src/main/java/org/apache/tika/pipes/api/emitter/AbstractEmitter.java,tika-pipes/tika-pipes-api/src/main/java/org/apache/tika/pipes/api/emitter/AbstractEmitter.java,org.apache.tika.pipes.api.emitter.AbstractEmitter,AbstractEmitter,16345,unit
tika,697d7c047daf1f661a4ed067bbc8f9c58bb6faa2,1,2026-01-07T07:46:39.000,0.0,false,CONCRETE_CLASS,4,21,0.0,false,207,0,2.394646510177297E-4,0,CONCRETE_CLASS,/data/tika/tika-pipes/tika-pipes-core/src/main/java/org/apache/tika/pipes/core/async/AsyncProcessor.java,tika-pipes/tika-pipes-core/src/main/java/org/apache/tika/pipes/core/async/AsyncProcessor.java,org.apache.tika.pipes.core.async.AsyncProcessor,AsyncProcessor,8158,unit
tika,697d7c047daf1f661a4ed067bbc8f9c58bb6faa2,1,2026-01-07T07:46:39.000,0.0,false,CONCRETE_CLASS,1,14,0.0,false,81,0,2.0385902715735755E-4,0,CONCRETE_CLASS,/data/tika/tika-parsers/tika-parsers-ml/tika-parser-nlp-module/src/main/java/org/apache/tika/parser/geo/topic/GeoParser.java,tika-parsers/tika-parsers-ml/tika-parser-nlp-module/src/main/java/org/apache/tika/parser/geo/topic/GeoParser.java,org.apache.tika.parser.geo.topic.GeoParser,GeoParser,28643,unit
tika,697d7c047daf1f661a4ed067bbc8f9c58bb6faa2,1,2026-01-07T07:46:39.000,0.0,false,CONCRETE_CLASS,6,0,0.0,false,4,0,2.7429056801225095E-4,0,CONCRETE_CLASS,/data/tika/tika-pipes/tika-pipes-core/src/main/java/org/apache/tika/pipes/core/PipesException.java,tika-pipes/tika-pipes-core/src/main/java/org/apache/tika/pipes/core/PipesException.java,org.apache.tika.pipes.core.PipesException,PipesException,8167,unit
tika,697d7c047daf1f661a4ed067bbc8f9c58bb6faa2,1,2026-01-07T07:46:39.000,0.0,false,CONCRETE_CLASS,0,5,0.0,false,10,0,1.8787557434076361E-4,0,CONCRETE_CLASS,/data/tika/tika-pipes/tika-pipes-core/src/main/java/org/apache/tika/pipes/core/emitter/EmptyEmitter.java,tika-pipes/tika-pipes-core/src/main/java/org/apache/tika/pipes/core/emitter/EmptyEmitter.java,org.apache.tika.pipes.core.emitter.EmptyEmitter,EmptyEmitter,20455,unit
tika,697d7c047daf1f661a4ed067bbc8f9c58bb6faa2,1,2026-01-07T07:46:39.000,0.0,false,CONCRETE_CLASS,3,0,0.0,false,30,0,3.014353561975444E-4,0,CONCRETE_CLASS,/data/tika/tika-parsers/tika-parsers-ml/tika-parser-nlp-module/src/main/java/org/apache/tika/parser/geo/topic/GeoParserConfig.java,tika-parsers/tika-parsers-ml/tika-parser-nlp-module/src/main/java/org/apache/tika/parser/geo/topic/GeoParserConfig.java,org.apache.tika.parser.geo.topic.GeoParserConfig,GeoParserConfig,28651,unit
tika,697d7c047daf1f661a4ed067bbc8f9c58bb6faa2,1,2026-01-07T07:46:39.000,0.0,false,CONCRETE_CLASS,0,6,0.0,false,41,0,1.8787557434076361E-4,0,CONCRETE_CLASS,/data/tika/tika-parsers/tika-parsers-standard/tika-parsers-standard-modules/tika-parser-microsoft-module/src/main/java/org/apache/tika/parser/microsoft/chm/ChmWrapper.java,tika-parsers/tika-parsers-standard/tika-parsers-standard-modules/tika-parser-microsoft-module/src/main/java/org/apache/tika/parser/microsoft/chm/ChmWrapper.java,org.apache.tika.parser.microsoft.chm.ChmWrapper,ChmWrapper,12270,unit
tika,697d7c047daf1f661a4ed067bbc8f9c58bb6faa2,1,2026-01-07T07:46:39.000,0.0,false,CONCRETE_CLASS,2,0,0.0,false,4,0,2.3617866451561815E-4,0,CONCRETE_CLASS,/data/tika/tika-pipes/tika-pipes-core/src/main/java/org/apache/tika/pipes/core/emitter/TikaEmitterException.java,tika-pipes/tika-pipes-core/src/main/java/org/apache/tika/pipes/core/emitter/TikaEmitterException.java,org.apache.tika.pipes.core.emitter.TikaEmitterException,TikaEmitterException,20464,unit
tika,697d7c047daf1f661a4ed067bbc8f9c58bb6faa2,1,2026-01-07T07:46:39.000,0.0,false,CONCRETE_CLASS,10,1,0.0,false,66,0,3.6286530053156424E-4,0,CONCRETE_CLASS,/data/tika/tika-pipes/tika-pipes-core/src/main/java/org/apache/tika/pipes/core/extractor/EmbeddedDocumentBytesConfig.java,tika-pipes/tika-pipes-core/src/main/java/org/apache/tika/pipes/core/extractor/EmbeddedDocumentBytesConfig.java,org.apache.tika.pipes.core.extractor.EmbeddedDocumentBytesConfig,EmbeddedDocumentBytesConfig,8177,unit
tika,697d7c047daf1f661a4ed067bbc8f9c58bb6faa2,1,2026-01-07T07:46:39.000,0.0,false,CONCRETE_CLASS,1,2,0.0,false,38,0,2.0026380599659724E-4,0,CONCRETE_CLASS,/data/tika/tika-parsers/tika-parsers-ml/tika-parser-nlp-module/src/main/java/org/apache/tika/parser/geo/topic/gazetteer/GeoGazetteerClient.java,tika-parsers/tika-parsers-ml/tika-parser-nlp-module/src/main/java/org/apache/tika/parser/geo/topic/gazetteer/GeoGazetteerClient.java,org.apache.tika.parser.geo.topic.gazetteer.GeoGazetteerClient,GeoGazetteerClient,28668,unit
tika,697d7c047daf1f661a4ed067bbc8f9c58bb6faa2,1,2026-01-07T07:46:39.000,0.0,false,CONCRETE_CLASS,0,10,0.0,false,53,0,1.8787557434076361E-4,0,CONCRETE_CLASS,/data/tika/tika-parsers/tika-parsers-standard/tika-parsers-standard-modules/tika-parser-microsoft-module/src/test/java/org/apache/tika/parser/microsoft/chm/TestChmLzxcResetTable.java,tika-parsers/tika-parsers-standard/tika-parsers-standard-modules/tika-parser-microsoft-module/src/test/java/org/apache/tika/parser/microsoft/chm/TestChmLzxcResetTable.java,org.apache.tika.parser.microsoft.chm.TestChmLzxcResetTable,TestChmLzxcResetTable,12285,unit
