project,versionId,versionIndex,versionDate,ATDI,ATDI_WEIGHTED,AffectedClassesRatio,AffectedComponentType,AffectedConstructType,AffectedElements,AffectsIndexList,AfferentAffectedRatio,CentralComponent,EfferentAffectedRatio,InstabilityGap,LOCDensity,MeanContTreeDepth,MeanContTreeDistance,NumberOfEdges,PageRankWeighted,PageRankWeightedRanking,Severity,Shape,Size,SmellExtent,SmellExtentByWeight,StDContTreeDepth,StDContTreeDistance,Strength,TotalNumberOfChanges,smellType,vertexId,vertexLabel
tika,697d7c047daf1f661a4ed067bbc8f9c58bb6faa2,1,2026-01-07T07:46:39.000,42.50332008221866,4.843702858018144,0.0,CONTAINER,PACKAGE,"[org.apache.tika.config, org.apache.tika.config.loader, org.apache.tika]",36175;37559;35950,0.0,,0.0,0.0,0.0,4.0,0.3333333333333333,4,1.560417826067463E-4,1,4.843702858018144,CIRCLE,3,77,1,0.816496580927726,0.4714045207910317,0.0,0,cyclicDep,101009,smell
tika,697d7c047daf1f661a4ed067bbc8f9c58bb6faa2,1,2026-01-07T07:46:39.000,81.70776375736519,9.097378601337143,0.0,CONTAINER,PACKAGE,"[org.apache.tika.config, org.apache.tika.config.loader, org.apache.tika, org.apache.tika.detect]",36164;36175;37559;36001,0.0,,0.0,0.0,0.0,4.0,0.6666666666666666,10,1.3545450350879235E-4,1,5.252373984401941,CIRCLE,4,242,3,0.7071067811865476,0.7453559924999299,0.0,0,cyclicDep,101022,smell
tika,697d7c047daf1f661a4ed067bbc8f9c58bb6faa2,1,2026-01-07T07:46:39.000,90.66413411087784,10.265691687435263,0.0,CONTAINER,PACKAGE,"[org.apache.tika.detect.microsoft.ooxml, org.apache.tika.config, org.apache.tika.config.loader, org.apache.tika, org.apache.tika.detect, org.apache.tika.detect.zip]",36575;37311;36164;36175;37559;36149,0.0,,0.0,0.0,0.0,4.5,1.7333333333333334,17,9.481113506594942E-5,1,5.9268998591584525,CIRCLE,6,234,3,0.9574271077563381,1.18133634311129,0.0,0,cyclicDep,101043,smell
tika,697d7c047daf1f661a4ed067bbc8f9c58bb6faa2,1,2026-01-07T07:46:39.000,66.38541833114984,6.77543338635508,0.0,CONTAINER,PACKAGE,"[org.apache.tika.detect.microsoft.ooxml, org.apache.tika.config, org.apache.tika.detect, org.apache.tika.detect.zip]",36575;37311;36164;36146,0.0,,0.0,0.0,0.0,4.75,2.1666666666666665,8,7.770591268897706E-5,1,4.79095489296941,CIRCLE,4,192,2,0.82915619758885,0.6871842709362768,0.0,0,cyclicDep,101053,smell
tika,697d7c047daf1f661a4ed067bbc8f9c58bb6faa2,1,2026-01-07T07:46:39.000,14.092252626014343,4.248974037399105,0.0,CONTAINER,PACKAGE,"[org.apache.tika.detect.microsoft.ooxml, org.apache.tika.detect, org.apache.tika.detect.zip]",36575;37311;35818,0.0,,0.0,0.0,0.0,5.0,2.3333333333333335,4,3.358048752515251E-5,1,4.248974037399105,CIRCLE,3,11,1,0.816496580927726,0.4714045207910317,0.0,0,cyclicDep,101061,smell
tika,697d7c047daf1f661a4ed067bbc8f9c58bb6faa2,1,2026-01-07T07:46:39.000,116.43883595213322,10.225479486518553,0.0,CONTAINER,PACKAGE,"[org.apache.tika.detect.microsoft.ooxml, org.apache.tika.metadata, org.apache.tika.config, org.apache.tika.config.loader, org.apache.tika, org.apache.tika.detect, org.apache.tika.detect.zip, org.apache.tika.io]",36504;35836;36575;37311;36164;36175;37559;36984,0.0,,0.0,0.0,0.0,4.375,1.9285714285714286,31,1.1929637172661011E-4,1,5.903683334134484,CIRCLE,8,389,3,0.8569568250501305,0.9230605702371489,0.0,0,cyclicDep,101068,smell
tika,697d7c047daf1f661a4ed067bbc8f9c58bb6faa2,1,2026-01-07T07:46:39.000,99.70701310407954,8.894379560282104,0.0,CONTAINER,PACKAGE,"[org.apache.tika.detect.microsoft.ooxml, org.apache.tika.metadata, org.apache.tika.config, org.apache.tika.detect, org.apache.tika.detect.zip, org.apache.tika.io]",36504;35836;36575;37311;36164;36127,0.0,,0.0,0.0,0.0,4.5,2.2,17,1.1605463569551544E-4,1,5.135172433403579,CIRCLE,6,377,3,0.7637626158259734,0.541602560309064,0.0,0,cyclicDep,101080,smell
tika,697d7c047daf1f661a4ed067bbc8f9c58bb6faa2,1,2026-01-07T07:46:39.000,127.74034207590115,12.349124980794873,0.0,CONTAINER,PACKAGE,"[org.apache.tika.detect.microsoft.ooxml, org.apache.tika.metadata, org.apache.tika.config, org.apache.tika.config.loader, org.apache.tika, org.apache.tika.detect, org.apache.tika.metadata.writefilter, org.apache.tika.detect.zip, org.apache.tika.io]",36756;36504;35836;36575;37311;36164;36175;37559;36157,0.0,,0.0,0.0,0.0,4.444444444444445,2.3055555555555554,37,1.1273918936819654E-4,1,6.174562490397436,CIRCLE,9,428,4,0.8314794192830981,1.1742478548804585,0.0,0,cyclicDep,101090,smell
tika,697d7c047daf1f661a4ed067bbc8f9c58bb6faa2,1,2026-01-07T07:46:39.000,99.84140192842479,8.89457902455611,0.0,CONTAINER,PACKAGE,"[org.apache.tika.detect.microsoft.ooxml, org.apache.tika.metadata, org.apache.tika.config, org.apache.tika.detect, org.apache.tika.metadata.writefilter, org.apache.tika.detect.zip, org.apache.tika.io]",36756;36504;35836;36575;37311;36164;37360,0.0,,0.0,0.0,0.0,4.571428571428571,2.7142857142857144,21,1.0808707781056864E-4,1,5.135287594155869,CIRCLE,7,378,3,0.7284313590846836,0.9331389496316869,0.0,0,cyclicDep,101103,smell
tika,697d7c047daf1f661a4ed067bbc8f9c58bb6faa2,1,2026-01-07T07:46:39.000,129.53342108396868,12.435606369832062,0.0,CONTAINER,PACKAGE,"[org.apache.tika.detect.microsoft.ooxml, org.apache.tika.metadata, org.apache.tika.config, org.apache.tika.config.loader, org.apache.tika.detect, org.apache.tika.metadata.writefilter, org.apache.tika.detect.zip, org.apache.tika.io]",36756;36504;35836;36575;37311;36164;36175;37606,0.0,,0.0,0.0,0.0,4.625,2.642857142857143,28,1.0526556276257138E-4,1,6.217803184916031,CIRCLE,8,434,4,0.6959705453537527,1.0424656799518874,0.0,0,cyclicDep,101114,smell
tika,697d7c047daf1f661a4ed067bbc8f9c58bb6faa2,1,2026-01-07T07:46:39.000,56.04742981086893,4.65448570321242,0.0,CONTAINER,PACKAGE,"[org.apache.tika.metadata, org.apache.tika.metadata.writefilter, org.apache.tika.io]",36756;36504;36267,0.0,,0.0,0.0,0.0,4.333333333333333,3.3333333333333335,4,1.4859529797269077E-4,1,4.65448570321242,CIRCLE,3,145,1,0.4714045207910317,0.9428090415820634,0.0,0,cyclicDep,101126,smell
tika,697d7c047daf1f661a4ed067bbc8f9c58bb6faa2,1,2026-01-07T07:46:39.000,93.09886770921219,12.17212674724785,0.0,CONTAINER,PACKAGE,"[org.apache.tika.metadata, org.apache.tika.metadata.writefilter]",36756;36188,0.0,,0.0,0.0,0.0,4.5,4.0,2,1.4417439224680443E-4,1,6.086063373623925,TINY,2,234,4,0.5,0.0,0.0,0,cyclicDep,101133,smell
tika,697d7c047daf1f661a4ed067bbc8f9c58bb6faa2,1,2026-01-07T07:46:39.000,137.11334185829227,12.841841056302693,0.0,CONTAINER,PACKAGE,"[org.apache.tika.detect.microsoft.ooxml, org.apache.tika.metadata, org.apache.tika.config, org.apache.tika.config.loader, org.apache.tika, org.apache.tika.detect, org.apache.tika.metadata.writefilter, org.apache.tika.detect.zip, org.apache.tika.mime, org.apache.tika.io]",36881;36756;36504;35836;36575;37311;36164;36175;37559;36405,0.0,,0.0,0.0,0.0,4.4,2.311111111111111,51,1.1652488427630925E-4,1,6.420920528151346,CIRCLE,10,456,4,0.8,1.0918327552478442,0.0,0,cyclicDep,101139,smell
tika,697d7c047daf1f661a4ed067bbc8f9c58bb6faa2,1,2026-01-07T07:46:39.000,116.647571375941,10.204536771640575,0.0,CONTAINER,PACKAGE,"[org.apache.tika.detect.microsoft.ooxml, org.apache.tika.metadata, org.apache.tika.config, org.apache.tika.detect, org.apache.tika.metadata.writefilter, org.apache.tika.detect.zip, org.apache.tika.mime, org.apache.tika.io]",36881;36756;36504;35836;36575;37311;36164;35919,0.0,,0.0,0.0,0.0,4.5,2.642857142857143,31,1.1340071039041306E-4,1,5.891592052062121,CIRCLE,8,392,3,0.7071067811865476,0.8949974347244049,0.0,0,cyclicDep,101153,smell
tika,697d7c047daf1f661a4ed067bbc8f9c58bb6faa2,1,2026-01-07T07:46:39.000,125.3058716288483,11.906923252939052,0.0,CONTAINER,PACKAGE,"[org.apache.tika.detect.microsoft.ooxml, org.apache.tika.metadata, org.apache.tika.config, org.apache.tika.config.loader, org.apache.tika.detect, org.apache.tika.metadata.writefilter, org.apache.tika.detect.zip, org.apache.tika.mime, org.apache.tika.io]",36881;36756;36504;35836;36575;37311;36164;36175;36252,0.0,,0.0,0.0,0.0,4.555555555555555,2.5833333333333335,40,1.1030229339443276E-4,1,5.953461626469526,CIRCLE,9,443,4,0.6849348892187752,0.982485510212633,0.0,0,cyclicDep,101165,smell
tika,697d7c047daf1f661a4ed067bbc8f9c58bb6faa2,1,2026-01-07T07:46:39.000,77.54114222675334,7.262393362341533,0.0,CONTAINER,PACKAGE,"[org.apache.tika.detect.microsoft.ooxml, org.apache.tika.metadata, org.apache.tika.detect, org.apache.tika.metadata.writefilter, org.apache.tika.detect.zip, org.apache.tika.mime, org.apache.tika.io]",36881;36756;36504;35836;36575;37311;36295,0.0,,0.0,0.0,0.0,4.571428571428571,2.761904761904762,21,9.958907070612195E-5,1,5.135287594155869,CIRCLE,7,228,2,0.7284313590846836,0.8676603408708855,0.0,0,cyclicDep,101178,smell
tika,697d7c047daf1f661a4ed067bbc8f9c58bb6faa2,1,2026-01-07T07:46:39.000,73.82514537546841,4.687901419246007,0.0,CONTAINER,PACKAGE,"[org.apache.tika.metadata, org.apache.tika.metadata.writefilter, org.apache.tika.mime, org.apache.tika.io]",36881;36756;36504;37139,0.0,,0.0,0.0,0.0,4.25,3.0,8,1.4909550809184902E-4,1,4.687901419246007,CIRCLE,4,248,1,0.4330127018922193,1.0,0.0,0,cyclicDep,101189,smell
tika,697d7c047daf1f661a4ed067bbc8f9c58bb6faa2,1,2026-01-07T07:46:39.000,70.58877068715695,8.061805721066865,0.0,CONTAINER,PACKAGE,"[org.apache.tika.metadata, org.apache.tika.metadata.writefilter, org.apache.tika.mime]",36881;36756;36094,0.0,,0.0,0.0,0.0,4.333333333333333,3.3333333333333335,4,1.4631497431431088E-4,1,4.65448570321242,CIRCLE,3,230,3,0.4714045207910317,0.9428090415820634,0.0,0,cyclicDep,101197,smell
tika,697d7c047daf1f661a4ed067bbc8f9c58bb6faa2,1,2026-01-07T07:46:39.000,151.56428153520042,15.428837624336778,0.0,CONTAINER,PACKAGE,"[org.apache.tika.detect.microsoft.ooxml, org.apache.tika.metadata, org.apache.tika.config, org.apache.tika.config.loader, org.apache.tika.parser, org.apache.tika, org.apache.tika.detect, org.apache.tika.metadata.writefilter, org.apache.tika.detect.zip, org.apache.tika.mime, org.apache.tika.io]",36052;36881;36756;36504;35836;36575;37311;36164;36175;37559;35882,0.0,,0.0,0.0,0.0,4.363636363636363,2.309090909090909,67,1.2236216964437842E-4,1,6.298796583980019,CIRCLE,11,579,6,0.77138921583987,1.024654749353118,0.0,0,cyclicDep,101204,smell
tika,697d7c047daf1f661a4ed067bbc8f9c58bb6faa2,1,2026-01-07T07:46:39.000,147.88091896336888,14.58294318809036,0.0,CONTAINER,PACKAGE,"[org.apache.tika.detect.microsoft.ooxml, org.apache.tika.metadata, org.apache.tika.config, org.apache.tika.parser, org.apache.tika.detect, org.apache.tika.metadata.writefilter, org.apache.tika.detect.zip, org.apache.tika.mime, org.apache.tika.io]",36052;36881;36756;36504;35836;36575;37311;36164;35986,0.0,,0.0,0.0,0.0,4.444444444444445,2.5833333333333335,43,1.2088230071648605E-4,1,5.953461626469526,CIRCLE,9,617,6,0.6849348892187752,0.8620067027323833,0.0,0,cyclicDep,101219,smell
tika,697d7c047daf1f661a4ed067bbc8f9c58bb6faa2,1,2026-01-07T07:46:39.000,135.3676315064497,13.312344898222323,0.0,CONTAINER,PACKAGE,"[org.apache.tika.detect.microsoft.ooxml, org.apache.tika.metadata, org.apache.tika.config, org.apache.tika.config.loader, org.apache.tika.parser, org.apache.tika.detect, org.apache.tika.metadata.writefilter, org.apache.tika.detect.zip, org.apache.tika.mime, org.apache.tika.io]",36052;36881;36756;36504;35836;36575;37311;36164;36175;37073,0.0,,0.0,0.0,0.0,4.5,2.533333333333333,54,1.173455663874965E-4,1,5.953461626469526,CIRCLE,10,517,5,0.6708203932499369,0.9333333333333333,0.0,0,cyclicDep,101232,smell
tika,697d7c047daf1f661a4ed067bbc8f9c58bb6faa2,1,2026-01-07T07:46:39.000,118.56600291697545,10.204536771640575,0.0,CONTAINER,PACKAGE,"[org.apache.tika.detect.microsoft.ooxml, org.apache.tika.metadata, org.apache.tika.parser, org.apache.tika.detect, org.apache.tika.metadata.writefilter, org.apache.tika.detect.zip, org.apache.tika.mime, org.apache.tika.io]",36052;36881;36756;36504;35836;36575;37311;35869,0.0,,0.0,0.0,0.0,4.5,2.6785714285714284,31,1.0973231478349045E-4,1,5.891592052062121,CIRCLE,8,405,3,0.7071067811865476,0.8474150369789052,0.0,0,cyclicDep,101246,smell
tika,697d7c047daf1f661a4ed067bbc8f9c58bb6faa2,1,2026-01-07T07:46:39.000,128.1032223303626,11.906923252939052,0.0,CONTAINER,PACKAGE,"[org.apache.tika.detect.microsoft.ooxml, org.apache.tika.metadata, org.apache.tika.config, org.apache.tika.parser, org.apache.tika.detect, org.apache.tika.metadata.writefilter, org.apache.tika.detect.zip, org.apache.tika.digest, org.apache.tika.mime, org.apache.tika.io]",37130;36052;36881;36756;36504;35836;36575;37311;36164;37326,0.0,,0.0,0.0,0.0,4.4,2.533333333333333,48,1.1020990023139052E-4,1,5.953461626469526,CIRCLE,10,463,4,0.66332495807108,0.8326663997864531,0.0,0,cyclicDep,101258,smell
tika,697d7c047daf1f661a4ed067bbc8f9c58bb6faa2,1,2026-01-07T07:46:39.000,136.59396471495194,13.432945151399888,0.0,CONTAINER,PACKAGE,"[org.apache.tika.config, org.apache.tika.config.loader, org.apache.tika.detect, org.apache.tika.metadata.writefilter, org.apache.tika.extractor, org.apache.tika.mime, org.apache.tika.io, org.apache.tika.detect.microsoft.ooxml, org.apache.tika.metadata, org.apache.tika.parser, org.apache.tika, org.apache.tika.detect.zip, org.apache.tika.digest]",36632;37130;36052;36881;36756;36504;35836;36575;37311;36164;36175;37559;37083,0.0,,0.0,0.0,0.0,4.3076923076923075,2.2948717948717947,82,1.0789650142696577E-4,1,6.007395699311271,CIRCLE,13,517,5,0.7216024245882199,0.9213837748118435,0.0,0,cyclicDep,101272,smell
tika,697d7c047daf1f661a4ed067bbc8f9c58bb6faa2,1,2026-01-07T07:46:39.000,129.06797243618277,11.906923252939052,0.0,CONTAINER,PACKAGE,"[org.apache.tika.detect.microsoft.ooxml, org.apache.tika.metadata, org.apache.tika.config, org.apache.tika.parser, org.apache.tika.detect, org.apache.tika.metadata.writefilter, org.apache.tika.detect.zip, org.apache.tika.digest, org.apache.tika.extractor, org.apache.tika.mime, org.apache.tika.io]",36632;37130;36052;36881;36756;36504;35836;36575;37311;36164;36356,0.0,,0.0,0.0,0.0,4.363636363636363,2.4909090909090907,56,1.04055578082797E-4,1,5.953461626469526,CIRCLE,11,470,4,0.642824346533225,0.8061745191780133,0.0,0,cyclicDep,101289,smell
tika,697d7c047daf1f661a4ed067bbc8f9c58bb6faa2,1,2026-01-07T07:46:39.000,102.60009983104312,8.41946617522099,0.0,CONTAINER,PACKAGE,"[org.apache.tika.detect.microsoft.ooxml, org.apache.tika.metadata, org.apache.tika.parser, org.apache.tika.detect, org.apache.tika.metadata.writefilter, org.apache.tika.detect.zip, org.apache.tika.digest, org.apache.tika.extractor, org.apache.tika.mime, org.apache.tika.io]",36632;37130;36052;36881;36756;36504;35836;36575;37311;36931,0.0,,0.0,0.0,0.0,4.4,2.5555555555555554,42,9.345291707303164E-5,1,5.953461626469526,CIRCLE,10,297,2,0.6633249580710799,0.804309380926838,0.0,0,cyclicDep,101304,smell
tika,697d7c047daf1f661a4ed067bbc8f9c58bb6faa2,1,2026-01-07T07:46:39.000,83.38210000610314,7.327198288572524,0.0,CONTAINER,PACKAGE,"[org.apache.tika.metadata, org.apache.tika.parser, org.apache.tika.metadata.writefilter, org.apache.tika.digest, org.apache.tika.extractor, org.apache.tika.mime, org.apache.tika.io]",36632;37130;36052;36881;36756;36504;36221,0.0,,0.0,0.0,0.0,4.142857142857143,2.5714285714285716,24,1.1911252973640838E-4,1,5.181111596948097,CIRCLE,7,259,2,0.3499271061118826,0.9035079029052513,0.0,0,cyclicDep,101318,smell
tika,697d7c047daf1f661a4ed067bbc8f9c58bb6faa2,1,2026-01-07T07:46:39.000,66.0247998996518,6.940372879779326,0.0,CONTAINER,PACKAGE,"[org.apache.tika.metadata, org.apache.tika.parser, org.apache.tika.metadata.writefilter, org.apache.tika.digest, org.apache.tika.extractor, org.apache.tika.mime]",36632;37130;36052;36881;36756;36291,0.0,,0.0,0.0,0.0,4.166666666666667,2.6666666666666665,17,1.1272509978839921E-4,1,4.907584727255168,CIRCLE,6,181,2,0.37267799624996495,0.9428090415820634,0.0,0,cyclicDep,101329,smell
tika,697d7c047daf1f661a4ed067bbc8f9c58bb6faa2,1,2026-01-07T07:46:39.000,38.016169060096445,3.8016169060096447,0.0,CONTAINER,PACKAGE,"[org.apache.tika.parser, org.apache.tika.digest, org.apache.tika.extractor, org.apache.tika.mime]",36632;37130;36052;36766,0.0,,0.0,0.0,0.0,4.0,2.0,8,9.700045355919662E-5,1,3.8016169060096447,CIRCLE,4,100,1,0.0,0.0,0.0,0,cyclicDep,101339,smell
tika,697d7c047daf1f661a4ed067bbc8f9c58bb6faa2,1,2026-01-07T07:46:39.000,41.47382257359876,4.086537165915804,0.0,CONTAINER,PACKAGE,"[org.apache.tika.parser, org.apache.tika.digest, org.apache.tika.extractor]",36632;37130;35989,0.0,,0.0,0.0,0.0,4.0,2.0,5,7.913522526248754E-5,1,4.086537165915804,CIRCLE,3,103,1,0.0,0.0,0.0,0,cyclicDep,101347,smell
tika,697d7c047daf1f661a4ed067bbc8f9c58bb6faa2,1,2026-01-07T07:46:39.000,152.24238868773216,16.092520526906267,0.0,CONTAINER,PACKAGE,"[org.apache.tika.config, org.apache.tika.config.loader, org.apache.tika.detect, org.apache.tika.metadata.writefilter, org.apache.tika.extractor, org.apache.tika.mime, org.apache.tika.io, org.apache.tika.sax, org.apache.tika.detect.microsoft.ooxml, org.apache.tika.metadata, org.apache.tika.parser, org.apache.tika, org.apache.tika.detect.zip, org.apache.tika.digest]",36107;36632;37130;36052;36881;36756;36504;35836;36575;37311;36164;36175;37559;36385,0.0,,0.0,0.0,0.0,4.285714285714286,2.2857142857142856,94,1.090164987525188E-4,1,6.569743994364108,CIRCLE,14,537,6,0.6998542122237652,0.8806305718527109,0.0,0,cyclicDep,101354,smell
tika,697d7c047daf1f661a4ed067bbc8f9c58bb6faa2,1,2026-01-07T07:46:39.000,131.69772390941526,13.413427069784865,0.0,CONTAINER,PACKAGE,"[org.apache.tika.detect.microsoft.ooxml, org.apache.tika.metadata, org.apache.tika.config, org.apache.tika.parser, org.apache.tika.detect, org.apache.tika.metadata.writefilter, org.apache.tika.detect.zip, org.apache.tika.extractor, org.apache.tika.digest, org.apache.tika.mime, org.apache.tika.io, org.apache.tika.sax]",36107;36632;37130;36052;36881;36756;36504;35836;36575;37311;36164;36209,0.0,,0.0,0.0,0.0,4.333333333333333,2.4545454545454546,65,1.0568231857462291E-4,1,5.998666947854955,CIRCLE,12,482,5,0.6236095644623235,0.7820295697311479,0.0,0,cyclicDep,101372,smell
tika,697d7c047daf1f661a4ed067bbc8f9c58bb6faa2,1,2026-01-07T07:46:39.000,94.8129310756331,8.396774310226776,0.0,CONTAINER,PACKAGE,"[org.apache.tika.metadata, org.apache.tika.parser, org.apache.tika.metadata.writefilter, org.apache.tika.digest, org.apache.tika.extractor, org.apache.tika.mime, org.apache.tika.sax, org.apache.tika.io]",36107;36632;37130;36052;36881;36756;36504;36044,0.0,,0.0,0.0,0.0,4.125,2.5,30,1.1967052151744586E-4,1,5.937416054854348,CIRCLE,8,255,2,0.33071891388307384,0.8660254037844386,0.0,0,cyclicDep,101388,smell
tika,697d7c047daf1f661a4ed067bbc8f9c58bb6faa2,1,2026-01-07T07:46:39.000,79.76219918650139,8.973948525598425,0.0,CONTAINER,PACKAGE,"[org.apache.tika.metadata, org.apache.tika.parser, org.apache.tika.metadata.writefilter, org.apache.tika.digest, org.apache.tika.extractor, org.apache.tika.mime, org.apache.tika.sax]",36107;36632;37130;36052;36881;36756;35837,0.0,,0.0,0.0,0.0,4.142857142857143,2.5714285714285716,22,1.1427529467358618E-4,1,5.181111596948097,CIRCLE,7,237,3,0.3499271061118826,0.9035079029052513,0.0,0,cyclicDep,101400,smell
tika,697d7c047daf1f661a4ed067bbc8f9c58bb6faa2,1,2026-01-07T07:46:39.000,40.37590307704176,4.232544696461672,0.0,CONTAINER,PACKAGE,"[org.apache.tika.parser, org.apache.tika.digest, org.apache.tika.extractor, org.apache.tika.mime, org.apache.tika.sax]",36107;36632;37130;36052;37376,0.0,,0.0,0.0,0.0,4.0,2.0,12,1.023156556442989E-4,1,4.232544696461672,CIRCLE,5,91,1,0.0,0.0,0.0,0,cyclicDep,101411,smell
tika,697d7c047daf1f661a4ed067bbc8f9c58bb6faa2,1,2026-01-07T07:46:39.000,32.481029083208846,3.8016169060096447,0.0,CONTAINER,PACKAGE,"[org.apache.tika.parser, org.apache.tika.digest, org.apache.tika.extractor, org.apache.tika.sax]",36107;36632;37130;36004,0.0,,0.0,0.0,0.0,4.0,2.0,8,9.024553494304268E-5,1,3.8016169060096447,CIRCLE,4,73,1,0.0,0.0,0.0,0,cyclicDep,101420,smell
tika,697d7c047daf1f661a4ed067bbc8f9c58bb6faa2,1,2026-01-07T07:46:39.000,163.19774919089207,17.218503662038366,0.0,CONTAINER,PACKAGE,"[org.apache.tika.config, org.apache.tika.config.loader, org.apache.tika.detect, org.apache.tika.metadata.writefilter, org.apache.tika.extractor, org.apache.tika.mime, org.apache.tika.io, org.apache.tika.sax, org.apache.tika.parser.html, org.apache.tika.detect.microsoft.ooxml, org.apache.tika.metadata, org.apache.tika.parser, org.apache.tika, org.apache.tika.detect.zip, org.apache.tika.digest]",37221;36107;36632;37130;36052;36881;36756;36504;35836;36575;37311;36164;36175;37559;36170,0.0,,0.0,0.0,0.0,4.333333333333333,2.4857142857142858,106,1.0328243060481667E-4,1,7.029424684372929,CIRCLE,15,539,6,0.699205898780101,1.0058333262882617,0.0,0,cyclicDep,101428,smell
tika,697d7c047daf1f661a4ed067bbc8f9c58bb6faa2,1,2026-01-07T07:46:39.000,130.67621189189103,13.173433614485948,0.0,CONTAINER,PACKAGE,"[org.apache.tika.config, org.apache.tika.detect, org.apache.tika.metadata.writefilter, org.apache.tika.extractor, org.apache.tika.mime, org.apache.tika.io, org.apache.tika.sax, org.apache.tika.parser.html, org.apache.tika.detect.microsoft.ooxml, org.apache.tika.metadata, org.apache.tika.parser, org.apache.tika.detect.zip, org.apache.tika.digest]",37221;36107;36632;37130;36052;36881;36756;36504;35836;36575;37311;36164;36350,0.0,,0.0,0.0,0.0,4.384615384615385,2.6923076923076925,75,9.932256149480476E-5,1,5.891338611814267,CIRCLE,13,492,5,0.6249260311258431,0.910166120476864,0.0,0,cyclicDep,101447,smell
tika,697d7c047daf1f661a4ed067bbc8f9c58bb6faa2,1,2026-01-07T07:46:39.000,146.28928272089402,15.463257673137667,0.0,CONTAINER,PACKAGE,"[org.apache.tika.config, org.apache.tika.config.loader, org.apache.tika.detect, org.apache.tika.metadata.writefilter, org.apache.tika.extractor, org.apache.tika.mime, org.apache.tika.io, org.apache.tika.sax, org.apache.tika.parser.html, org.apache.tika.detect.microsoft.ooxml, org.apache.tika.metadata, org.apache.tika.parser, org.apache.tika.detect.zip, org.apache.tika.digest]",37221;36107;36632;37130;36052;36881;36756;36504;35836;36575;37311;36164;36175;37169,0.0,,0.0,0.0,0.0,4.428571428571429,2.6483516483516483,88,9.83363040613609E-5,1,6.3128485100606655,CIRCLE,14,537,6,0.6226998490772391,0.9419832523840369,0.0,0,cyclicDep,101464,smell
tika,697d7c047daf1f661a4ed067bbc8f9c58bb6faa2,1,2026-01-07T07:46:39.000,106.1654289184326,10.311698017956864,0.0,CONTAINER,PACKAGE,"[org.apache.tika.parser.html, org.apache.tika.detect.microsoft.ooxml, org.apache.tika.metadata, org.apache.tika.parser, org.apache.tika.detect, org.apache.tika.metadata.writefilter, org.apache.tika.detect.zip, org.apache.tika.extractor, org.apache.tika.digest, org.apache.tika.mime, org.apache.tika.io, org.apache.tika.sax]",37221;36107;36632;37130;36052;36881;36756;36504;35836;36575;37311;36775,0.0,,0.0,0.0,0.0,4.416666666666667,2.757575757575758,58,9.009259260433426E-5,1,5.953461626469526,CIRCLE,12,318,3,0.6400954789890507,0.9055486543929657,0.0,0,cyclicDep,101482,smell
tika,697d7c047daf1f661a4ed067bbc8f9c58bb6faa2,1,2026-01-07T07:46:39.000,28.312131233309266,4.65448570321242,0.0,CONTAINER,PACKAGE,"[org.apache.tika.parser.html, org.apache.tika.extractor, org.apache.tika.sax]",37221;36107;36192,0.0,,0.0,0.0,0.0,4.333333333333333,3.3333333333333335,4,6.303143237285228E-5,1,4.65448570321242,CIRCLE,3,37,1,0.4714045207910317,0.9428090415820634,0.0,0,cyclicDep,101498,smell
tika,697d7c047daf1f661a4ed067bbc8f9c58bb6faa2,1,2026-01-07T07:46:39.000,99.66761833697433,10.391067518999181,0.0,CONTAINER,PACKAGE,"[org.apache.tika.parser.html, org.apache.tika.metadata, org.apache.tika.parser, org.apache.tika.metadata.writefilter, org.apache.tika.digest, org.apache.tika.extractor, org.apache.tika.mime, org.apache.tika.sax, org.apache.tika.io]",37221;36107;36632;37130;36052;36881;36756;36504;36313,0.0,,0.0,0.0,0.0,4.222222222222222,2.8333333333333335,37,1.0892996096406153E-4,1,5.999285629261754,CIRCLE,9,276,3,0.41573970964154905,0.9860132971832694,0.0,0,cyclicDep,101505,smell
tika,697d7c047daf1f661a4ed067bbc8f9c58bb6faa2,1,2026-01-07T07:46:39.000,106.21172727482355,13.276465909352943,0.0,CONTAINER,PACKAGE,"[org.apache.tika.parser.html, org.apache.tika.metadata, org.apache.tika.parser, org.apache.tika.metadata.writefilter, org.apache.tika.digest, org.apache.tika.extractor, org.apache.tika.mime, org.apache.tika.sax]",37221;36107;36632;37130;36052;36881;36756;36156,0.0,,0.0,0.0,0.0,4.25,2.9285714285714284,28,1.0286656740651128E-4,1,5.937416054854348,CIRCLE,8,320,5,0.4330127018922193,0.9974457174120672,0.0,0,cyclicDep,101518,smell
tika,697d7c047daf1f661a4ed067bbc8f9c58bb6faa2,1,2026-01-07T07:46:39.000,55.52298303823461,6.940372879779326,0.0,CONTAINER,PACKAGE,"[org.apache.tika.parser.html, org.apache.tika.parser, org.apache.tika.digest, org.apache.tika.extractor, org.apache.tika.mime, org.apache.tika.sax]",37221;36107;36632;37130;36052;36371,0.0,,0.0,0.0,0.0,4.166666666666667,2.6666666666666665,17,8.90972924597469E-5,1,4.907584727255168,CIRCLE,6,128,2,0.37267799624996495,0.9428090415820634,0.0,0,cyclicDep,101530,smell
tika,697d7c047daf1f661a4ed067bbc8f9c58bb6faa2,1,2026-01-07T07:46:39.000,35.38909674560493,4.907584727255168,0.0,CONTAINER,PACKAGE,"[org.apache.tika.parser.html, org.apache.tika.parser, org.apache.tika.digest, org.apache.tika.extractor, org.apache.tika.sax]",37221;36107;36632;37130;36406,0.0,,0.0,0.0,0.0,4.2,2.8,12,7.679752326183152E-5,1,4.907584727255168,CIRCLE,5,52,1,0.4,0.9797958971132712,0.0,0,cyclicDep,101540,smell
tika,697d7c047daf1f661a4ed067bbc8f9c58bb6faa2,1,2026-01-07T07:46:39.000,139.634337374029,14.11961324755654,0.0,CONTAINER,PACKAGE,"[org.apache.tika.config, org.apache.tika.detect, org.apache.tika.parser.html.charsetdetector, org.apache.tika.metadata.writefilter, org.apache.tika.extractor, org.apache.tika.mime, org.apache.tika.io, org.apache.tika.sax, org.apache.tika.parser.html, org.apache.tika.detect.microsoft.ooxml, org.apache.tika.metadata, org.apache.tika.parser, org.apache.tika.detect.zip, org.apache.tika.digest]",37391;37221;36107;36632;37130;36052;36881;36756;36504;35836;36575;37311;36164;37518,0.0,,0.0,0.0,0.0,4.5,2.857142857142857,82,9.253742253606894E-5,1,6.314483007508597,CIRCLE,14,489,5,0.7319250547113999,1.0542580180405676,0.0,0,cyclicDep,101549,smell
tika,697d7c047daf1f661a4ed067bbc8f9c58bb6faa2,1,2026-01-07T07:46:39.000,111.27608480152097,10.876712274054436,0.0,CONTAINER,PACKAGE,"[org.apache.tika.detect, org.apache.tika.parser.html.charsetdetector, org.apache.tika.metadata.writefilter, org.apache.tika.extractor, org.apache.tika.mime, org.apache.tika.io, org.apache.tika.sax, org.apache.tika.parser.html, org.apache.tika.detect.microsoft.ooxml, org.apache.tika.metadata, org.apache.tika.parser, org.apache.tika.detect.zip, org.apache.tika.digest]",37391;37221;36107;36632;37130;36052;36881;36756;36504;35836;36575;37311;36768,0.0,,0.0,0.0,0.0,4.538461538461538,2.9358974358974357,64,8.34955174865011E-5,1,6.279672759323436,CIRCLE,13,314,3,0.7457969011409736,1.0662628673554742,0.0,0,cyclicDep,101567,smell
tika,697d7c047daf1f661a4ed067bbc8f9c58bb6faa2,1,2026-01-07T07:46:39.000,102.82808111835071,11.08823715017988,0.0,CONTAINER,PACKAGE,"[org.apache.tika.parser.html, org.apache.tika.metadata, org.apache.tika.parser, org.apache.tika.parser.html.charsetdetector, org.apache.tika.metadata.writefilter, org.apache.tika.digest, org.apache.tika.extractor, org.apache.tika.mime, org.apache.tika.sax, org.apache.tika.io]",37391;37221;36107;36632;37130;36052;36881;36756;36504;37607,0.0,,0.0,0.0,0.0,4.4,3.0,42,9.84700264749057E-5,1,6.401796703494763,CIRCLE,10,258,3,0.66332495807108,1.0954451150103321,0.0,0,cyclicDep,101584,smell
tika,697d7c047daf1f661a4ed067bbc8f9c58bb6faa2,1,2026-01-07T07:46:39.000,80.79776932199827,9.207760368587774,0.0,CONTAINER,PACKAGE,"[org.apache.tika.parser.html, org.apache.tika.metadata, org.apache.tika.parser, org.apache.tika.parser.html.charsetdetector, org.apache.tika.metadata.writefilter, org.apache.tika.digest, org.apache.tika.extractor, org.apache.tika.mime, org.apache.tika.sax]",37391;37221;36107;36632;37130;36052;36881;36756;36483,0.0,,0.0,0.0,0.0,4.444444444444445,3.111111111111111,32,9.191812836939928E-5,1,6.510869796169159,CIRCLE,9,154,2,0.6849348892187751,1.1249142628509214,0.0,0,cyclicDep,101598,smell
tika,697d7c047daf1f661a4ed067bbc8f9c58bb6faa2,1,2026-01-07T07:46:39.000,55.69657716497003,7.7237255706206245,0.0,CONTAINER,PACKAGE,"[org.apache.tika.parser.html, org.apache.tika.parser, org.apache.tika.parser.html.charsetdetector, org.apache.tika.digest, org.apache.tika.extractor, org.apache.tika.mime, org.apache.tika.sax]",37391;37221;36107;36632;37130;36052;37618,0.0,,0.0,0.0,0.0,4.428571428571429,2.9047619047619047,20,7.698776726156923E-5,1,5.461498727009779,CIRCLE,7,104,2,0.7284313590846836,1.0647942749998998,0.0,0,cyclicDep,101611,smell
tika,697d7c047daf1f661a4ed067bbc8f9c58bb6faa2,1,2026-01-07T07:46:39.000,33.062946913094656,5.670248616237613,0.0,CONTAINER,PACKAGE,"[org.apache.tika.parser.html, org.apache.tika.parser, org.apache.tika.parser.html.charsetdetector, org.apache.tika.digest, org.apache.tika.extractor, org.apache.tika.sax]",37391;37221;36107;36632;37130;37394,0.0,,0.0,0.0,0.0,4.5,3.066666666666667,14,6.471970539694348E-5,1,5.670248616237613,CIRCLE,6,34,1,0.7637626158259734,1.1234866364235145,0.0,0,cyclicDep,101622,smell
tika,697d7c047daf1f661a4ed067bbc8f9c58bb6faa2,1,2026-01-07T07:46:39.000,168.06655803600265,17.68305459727089,0.0,CONTAINER,PACKAGE,"[org.apache.tika.config, org.apache.tika.config.loader, org.apache.tika.utils, org.apache.tika.detect, org.apache.tika.metadata.writefilter, org.apache.tika.extractor, org.apache.tika.mime, org.apache.tika.io, org.apache.tika.sax, org.apache.tika.parser.html, org.apache.tika.detect.microsoft.ooxml, org.apache.tika.metadata, org.apache.tika.parser, org.apache.tika, org.apache.tika.detect.zip, org.apache.tika.digest]",37248;37221;36107;36632;37130;36052;36881;36756;36504;35836;36575;37311;36164;36175;37559;37523,0.0,,0.0,0.0,0.0,4.3125,2.466666666666667,127,1.1051470560813977E-4,1,7.219076809514995,CIRCLE,16,542,6,0.6817945071647321,0.9741092797468306,0.0,0,cyclicDep,101638,smell
tika,697d7c047daf1f661a4ed067bbc8f9c58bb6faa2,1,2026-01-07T07:46:39.000,144.06801691646493,14.508720710510861,0.0,CONTAINER,PACKAGE,"[org.apache.tika.config, org.apache.tika.utils, org.apache.tika.detect, org.apache.tika.metadata.writefilter, org.apache.tika.extractor, org.apache.tika.mime, org.apache.tika.io, org.apache.tika.sax, org.apache.tika.parser.html, org.apache.tika.detect.microsoft.ooxml, org.apache.tika.metadata, org.apache.tika.parser, org.apache.tika.detect.zip, org.apache.tika.digest]",37248;37221;36107;36632;37130;36052;36881;36756;36504;35836;36575;37311;36164;37746,0.0,,0.0,0.0,0.0,4.357142857142857,2.6483516483516483,93,1.07870866435032E-4,1,6.488497155052266,CIRCLE,14,493,5,0.6102859818083951,0.8941031035959557,0.0,0,cyclicDep,101658,smell
tika,697d7c047daf1f661a4ed067bbc8f9c58bb6faa2,1,2026-01-07T07:46:39.000,98.57832204189714,10.391067518999181,0.0,CONTAINER,PACKAGE,"[org.apache.tika.parser.html, org.apache.tika.metadata, org.apache.tika.parser, org.apache.tika.utils, org.apache.tika.metadata.writefilter, org.apache.tika.digest, org.apache.tika.extractor, org.apache.tika.mime, org.apache.tika.sax, org.apache.tika.io]",37248;37221;36107;36632;37130;36052;36881;36756;36504;37046,0.0,,0.0,0.0,0.0,4.2,2.7555555555555555,50,1.1993684793345399E-4,1,5.999285629261754,CIRCLE,10,270,3,0.4,0.9696632990787302,0.0,0,cyclicDep,101676,smell
tika,697d7c047daf1f661a4ed067bbc8f9c58bb6faa2,1,2026-01-07T07:46:39.000,80.71213340709967,10.391067518999181,0.0,CONTAINER,PACKAGE,"[org.apache.tika.parser.html, org.apache.tika.metadata, org.apache.tika.parser, org.apache.tika.utils, org.apache.tika.metadata.writefilter, org.apache.tika.digest, org.apache.tika.extractor, org.apache.tika.mime, org.apache.tika.sax]",37248;37221;36107;36632;37130;36052;36881;36756;36260,0.0,,0.0,0.0,0.0,4.222222222222222,2.8333333333333335,39,1.1577015221223072E-4,1,5.999285629261754,CIRCLE,9,181,3,0.41573970964154905,0.9860132971832694,0.0,0,cyclicDep,101690,smell
tika,697d7c047daf1f661a4ed067bbc8f9c58bb6faa2,1,2026-01-07T07:46:39.000,46.03681044564338,4.964276939794748,0.0,CONTAINER,PACKAGE,"[org.apache.tika.parser.html, org.apache.tika.parser, org.apache.tika.utils, org.apache.tika.digest, org.apache.tika.extractor, org.apache.tika.sax]",37248;37221;36107;36632;37130;36318,0.0,,0.0,0.0,0.0,4.166666666666667,2.6666666666666665,19,1.0049774116119062E-4,1,4.964276939794748,CIRCLE,6,86,1,0.37267799624996495,0.9428090415820634,0.0,0,cyclicDep,101703,smell
tika,697d7c047daf1f661a4ed067bbc8f9c58bb6faa2,1,2026-01-07T07:46:39.000,19.473011309363784,4.722898969256126,0.0,CONTAINER,PACKAGE,"[org.apache.tika.parser.html, org.apache.tika.utils, org.apache.tika.sax]",37248;37221;37519,0.0,,0.0,0.0,0.0,4.333333333333333,3.3333333333333335,5,1.2186025705989366E-4,1,4.722898969256126,CIRCLE,3,17,1,0.4714045207910317,0.9428090415820634,0.0,0,cyclicDep,101713,smell
tika,697d7c047daf1f661a4ed067bbc8f9c58bb6faa2,1,2026-01-07T07:46:39.000,155.19061359391478,16.419452838131033,0.0,CONTAINER,PACKAGE,"[org.apache.tika.config, org.apache.tika.config.loader, org.apache.tika.detect, org.apache.tika.metadata.writefilter, org.apache.tika.extractor, org.apache.tika.mime, org.apache.tika.io, org.apache.tika.sax, org.apache.tika.detect.microsoft.ooxml, org.apache.tika.metadata, org.apache.tika.parser.mock, org.apache.tika.parser, org.apache.tika, org.apache.tika.detect.zip, org.apache.tika.digest]",36827;36107;36632;37130;36052;36881;36756;36504;35836;36575;37311;36164;36175;37559;36855,0.0,,0.0,0.0,0.0,4.333333333333333,2.4952380952380953,102,1.0252787880071884E-4,1,6.703213551519019,CIRCLE,15,536,6,0.699205898780101,0.9964107923543288,0.0,0,cyclicDep,101720,smell
tika,697d7c047daf1f661a4ed067bbc8f9c58bb6faa2,1,2026-01-07T07:46:39.000,19.74731042206403,4.65448570321242,0.0,CONTAINER,PACKAGE,"[org.apache.tika.parser.mock, org.apache.tika.extractor, org.apache.tika.sax]",36827;36107;37408,0.0,,0.0,0.0,0.0,4.333333333333333,3.3333333333333335,4,5.9258673352363065E-5,1,4.65448570321242,CIRCLE,3,18,1,0.4714045207910317,0.9428090415820634,0.0,0,cyclicDep,101739,smell
tika,697d7c047daf1f661a4ed067bbc8f9c58bb6faa2,1,2026-01-07T07:46:39.000,94.47684456650592,8.48427110145198,0.0,CONTAINER,PACKAGE,"[org.apache.tika.metadata, org.apache.tika.parser.mock, org.apache.tika.parser, org.apache.tika.metadata.writefilter, org.apache.tika.digest, org.apache.tika.extractor, org.apache.tika.mime, org.apache.tika.sax, org.apache.tika.io]",36827;36107;36632;37130;36052;36881;36756;36504;37017,0.0,,0.0,0.0,0.0,4.222222222222222,2.8333333333333335,37,1.0767237462389844E-4,1,5.999285629261754,CIRCLE,9,248,2,0.41573970964154905,0.9860132971832694,0.0,0,cyclicDep,101746,smell
tika,697d7c047daf1f661a4ed067bbc8f9c58bb6faa2,1,2026-01-07T07:46:39.000,80.31987563327597,10.283906272682891,0.0,CONTAINER,PACKAGE,"[org.apache.tika.metadata, org.apache.tika.parser.mock, org.apache.tika.parser, org.apache.tika.metadata.writefilter, org.apache.tika.digest, org.apache.tika.extractor, org.apache.tika.mime, org.apache.tika.sax]",36827;36107;36632;37130;36052;36881;36756;36524,0.0,,0.0,0.0,0.0,4.25,2.9285714285714284,28,1.0145178277382781E-4,1,5.937416054854348,CIRCLE,8,183,3,0.4330127018922193,0.9974457174120672,0.0,0,cyclicDep,101759,smell
tika,697d7c047daf1f661a4ed067bbc8f9c58bb6faa2,1,2026-01-07T07:46:39.000,49.56417618834388,4.907584727255168,0.0,CONTAINER,PACKAGE,"[org.apache.tika.parser.mock, org.apache.tika.parser, org.apache.tika.digest, org.apache.tika.extractor, org.apache.tika.mime, org.apache.tika.sax]",36827;36107;36632;37130;36052;37713,0.0,,0.0,0.0,0.0,4.166666666666667,2.6666666666666665,17,8.721091294950229E-5,1,4.907584727255168,CIRCLE,6,102,1,0.37267799624996495,0.9428090415820634,0.0,0,cyclicDep,101771,smell
tika,697d7c047daf1f661a4ed067bbc8f9c58bb6faa2,1,2026-01-07T07:46:39.000,28.61589046450238,4.907584727255168,0.0,CONTAINER,PACKAGE,"[org.apache.tika.parser.mock, org.apache.tika.parser, org.apache.tika.digest, org.apache.tika.extractor, org.apache.tika.sax]",36827;36107;36632;37130;37101,0.0,,0.0,0.0,0.0,4.2,2.8,12,7.453386784953797E-5,1,4.907584727255168,CIRCLE,5,34,1,0.39999999999999997,0.9797958971132712,0.0,0,cyclicDep,101781,smell
tika,697d7c047daf1f661a4ed067bbc8f9c58bb6faa2,1,2026-01-07T07:46:39.000,78.01973626679049,7.020547775633737,0.0,CONTAINER,PACKAGE,"[org.apache.tika.metadata, org.apache.tika.parser, org.apache.tika.metadata.writefilter, org.apache.tika.digest, org.apache.tika.mime, org.apache.tika.io]",37130;36052;36881;36756;36504;37175,0.0,,0.0,0.0,0.0,4.166666666666667,2.6666666666666665,18,1.3187922525966615E-4,1,4.964276939794748,CIRCLE,6,247,2,0.37267799624996495,0.9428090415820634,0.0,0,cyclicDep,101808,smell
tika,697d7c047daf1f661a4ed067bbc8f9c58bb6faa2,1,2026-01-07T07:46:39.000,58.68617778737946,6.940372879779326,0.0,CONTAINER,PACKAGE,"[org.apache.tika.metadata, org.apache.tika.parser, org.apache.tika.metadata.writefilter, org.apache.tika.digest, org.apache.tika.mime]",37130;36052;36881;36756;36706,0.0,,0.0,0.0,0.0,4.2,2.8,12,1.2676764842670666E-4,1,4.907584727255168,CIRCLE,5,143,2,0.39999999999999997,0.9797958971132712,0.0,0,cyclicDep,101818,smell
tika,697d7c047daf1f661a4ed067bbc8f9c58bb6faa2,1,2026-01-07T07:46:39.000,91.681248690562,6.940372879779326,0.0,CONTAINER,PACKAGE,"[org.apache.tika.metadata, org.apache.tika.parser, org.apache.tika.metadata.writefilter, org.apache.tika.mime, org.apache.tika.io]",36052;36881;36756;36504;36080,0.0,,0.0,0.0,0.0,4.2,2.8,14,1.5542341113849322E-4,1,4.907584727255168,CIRCLE,5,349,2,0.39999999999999997,0.9797958971132712,0.0,0,cyclicDep,101833,smell
tika,697d7c047daf1f661a4ed067bbc8f9c58bb6faa2,1,2026-01-07T07:46:39.000,135.9462689992175,14.39231895658342,0.0,CONTAINER,PACKAGE,"[org.apache.tika.metadata, org.apache.tika.parser, org.apache.tika.metadata.writefilter, org.apache.tika.mime]",36052;36881;36756;35929,0.0,,0.0,0.0,0.0,4.25,3.0,9,1.5491998656700065E-4,1,4.797439652194473,CIRCLE,4,803,9,0.4330127018922193,1.0,0.0,0,cyclicDep,101842,smell
tika,697d7c047daf1f661a4ed067bbc8f9c58bb6faa2,1,2026-01-07T07:46:39.000,42.506090723305135,4.722898969256126,0.0,CONTAINER,PACKAGE,"[org.apache.tika.parser, org.apache.tika.metadata.writefilter, org.apache.tika.mime]",36052;36881;37318,0.0,,0.0,0.0,0.0,4.333333333333333,3.3333333333333335,5,1.3053763075842722E-4,1,4.722898969256126,CIRCLE,3,81,1,0.4714045207910317,0.9428090415820634,0.0,0,cyclicDep,101850,smell
tika,697d7c047daf1f661a4ed067bbc8f9c58bb6faa2,1,2026-01-07T07:46:39.000,127.68752662421173,11.906923252939052,0.0,CONTAINER,PACKAGE,"[org.apache.tika.detect.microsoft.ooxml, org.apache.tika.metadata, org.apache.tika.config, org.apache.tika.parser, org.apache.tika.detect, org.apache.tika.parser.external, org.apache.tika.metadata.writefilter, org.apache.tika.detect.zip, org.apache.tika.mime, org.apache.tika.io]",37346;36052;36881;36756;36504;35836;36575;37311;36164;37699,0.0,,0.0,0.0,0.0,4.5,2.8666666666666667,50,1.1059256392194118E-4,1,5.953461626469526,CIRCLE,10,460,4,0.6708203932499369,0.9568466729604882,0.0,0,cyclicDep,101863,smell
tika,697d7c047daf1f661a4ed067bbc8f9c58bb6faa2,1,2026-01-07T07:46:39.000,72.5980313648901,6.769801331654113,0.0,CONTAINER,PACKAGE,"[org.apache.tika.metadata, org.apache.tika.parser, org.apache.tika.parser.external, org.apache.tika.metadata.writefilter, org.apache.tika.mime, org.apache.tika.io]",37346;36052;36881;36756;36504;36563,0.0,,0.0,0.0,0.0,4.333333333333333,3.2,19,1.325169980772506E-4,1,4.786972428898343,CIRCLE,6,230,2,0.4714045207910317,0.9797958971132712,0.0,0,cyclicDep,101877,smell
tika,697d7c047daf1f661a4ed067bbc8f9c58bb6faa2,1,2026-01-07T07:46:39.000,58.5404018697346,6.671297943253823,0.0,CONTAINER,PACKAGE,"[org.apache.tika.metadata, org.apache.tika.parser, org.apache.tika.parser.external, org.apache.tika.metadata.writefilter, org.apache.tika.mime]",37346;36052;36881;36756;36148,0.0,,0.0,0.0,0.0,4.4,3.4,13,1.27532975807808E-4,1,4.717320014990645,CIRCLE,5,154,2,0.48989794855663565,0.9165151389911681,0.0,0,cyclicDep,101887,smell
tika,697d7c047daf1f661a4ed067bbc8f9c58bb6faa2,1,2026-01-07T07:46:39.000,46.515160360452974,4.722898969256126,0.0,CONTAINER,PACKAGE,"[org.apache.tika.parser, org.apache.tika.parser.external, org.apache.tika.mime]",37346;36052;37160,0.0,,0.0,0.0,0.0,4.333333333333333,3.3333333333333335,5,1.1643869818181039E-4,1,4.722898969256126,CIRCLE,3,97,1,0.4714045207910317,0.9428090415820634,0.0,0,cyclicDep,101896,smell
tika,697d7c047daf1f661a4ed067bbc8f9c58bb6faa2,1,2026-01-07T07:46:39.000,73.69450382018185,6.769801331654113,0.0,CONTAINER,PACKAGE,"[org.apache.tika.metadata, org.apache.tika.parser, org.apache.tika.parser.multiple, org.apache.tika.metadata.writefilter, org.apache.tika.mime, org.apache.tika.io]",37423;36052;36881;36756;36504;36512,0.0,,0.0,0.0,0.0,4.333333333333333,3.2,19,1.3137145526606218E-4,1,4.786972428898343,CIRCLE,6,237,2,0.4714045207910317,0.9797958971132712,0.0,0,cyclicDep,101909,smell
tika,697d7c047daf1f661a4ed067bbc8f9c58bb6faa2,1,2026-01-07T07:46:39.000,65.02376906584203,6.671297943253823,0.0,CONTAINER,PACKAGE,"[org.apache.tika.metadata, org.apache.tika.parser, org.apache.tika.parser.multiple, org.apache.tika.metadata.writefilter, org.apache.tika.mime]",37423;36052;36881;36756;36296,0.0,,0.0,0.0,0.0,4.4,3.4,13,1.261583244343819E-4,1,4.717320014990645,CIRCLE,5,190,2,0.48989794855663565,0.9165151389911681,0.0,0,cyclicDep,101919,smell
tika,697d7c047daf1f661a4ed067bbc8f9c58bb6faa2,1,2026-01-07T07:46:39.000,50.2051047020068,4.722898969256126,0.0,CONTAINER,PACKAGE,"[org.apache.tika.parser, org.apache.tika.parser.multiple, org.apache.tika.mime]",37423;36052;36464,0.0,,0.0,0.0,0.0,4.333333333333333,3.3333333333333335,5,1.1414761255943356E-4,1,4.722898969256126,CIRCLE,3,113,1,0.4714045207910317,0.9428090415820634,0.0,0,cyclicDep,101928,smell
tika,697d7c047daf1f661a4ed067bbc8f9c58bb6faa2,1,2026-01-07T07:46:39.000,129.20520583213772,13.312344898222323,0.0,CONTAINER,PACKAGE,"[org.apache.tika.detect.microsoft.ooxml, org.apache.tika.metadata, org.apache.tika.config, org.apache.tika.parser, org.apache.tika.parser.ogg, org.apache.tika.detect, org.apache.tika.metadata.writefilter, org.apache.tika.detect.zip, org.apache.tika.mime, org.apache.tika.io]",36847;36052;36881;36756;36504;35836;36575;37311;36164;36437,0.0,,0.0,0.0,0.0,4.5,2.8666666666666667,49,1.0990490837021291E-4,1,5.953461626469526,CIRCLE,10,471,5,0.6708203932499369,0.9568466729604882,0.0,0,cyclicDep,101941,smell
tika,697d7c047daf1f661a4ed067bbc8f9c58bb6faa2,1,2026-01-07T07:46:39.000,128.93059296943213,13.312344898222323,0.0,CONTAINER,PACKAGE,"[org.apache.tika.detect.microsoft.ooxml, org.apache.tika.metadata, org.apache.tika.config, org.apache.tika.parser, org.apache.tika.parser.ogg, org.apache.tika.detect, org.apache.tika.detect.ogg, org.apache.tika.metadata.writefilter, org.apache.tika.detect.zip, org.apache.tika.mime, org.apache.tika.io]",36217;36847;36052;36881;36756;36504;35836;36575;37311;36164;37608,0.0,,0.0,0.0,0.0,4.545454545454546,2.7636363636363637,56,1.0029566004433141E-4,1,5.953461626469526,CIRCLE,11,469,5,0.655554777357089,0.9716646702463555,0.0,0,cyclicDep,101955,smell
tika,697d7c047daf1f661a4ed067bbc8f9c58bb6faa2,1,2026-01-07T07:46:39.000,102.08060231663252,10.311698017956864,0.0,CONTAINER,PACKAGE,"[org.apache.tika.detect.microsoft.ooxml, org.apache.tika.metadata, org.apache.tika.parser, org.apache.tika.parser.ogg, org.apache.tika.detect, org.apache.tika.detect.ogg, org.apache.tika.metadata.writefilter, org.apache.tika.detect.zip, org.apache.tika.mime, org.apache.tika.io]",36217;36847;36052;36881;36756;36504;35836;36575;37311;36733,0.0,,0.0,0.0,0.0,4.6,2.8444444444444446,42,8.931700723071948E-5,1,5.953461626469526,CIRCLE,10,294,3,0.66332495807108,0.965068922249265,0.0,0,cyclicDep,101970,smell
tika,697d7c047daf1f661a4ed067bbc8f9c58bb6faa2,1,2026-01-07T07:46:39.000,77.95952052719923,7.058123352047021,0.0,CONTAINER,PACKAGE,"[org.apache.tika.metadata, org.apache.tika.parser, org.apache.tika.parser.ogg, org.apache.tika.detect.ogg, org.apache.tika.metadata.writefilter, org.apache.tika.mime, org.apache.tika.io]",36217;36847;36052;36881;36756;36504;37517,0.0,,0.0,0.0,0.0,4.428571428571429,3.0476190476190474,24,1.132040871045339E-4,1,4.990846884683574,CIRCLE,7,244,2,0.4948716593053935,0.9988655696858586,0.0,0,cyclicDep,101984,smell
tika,697d7c047daf1f661a4ed067bbc8f9c58bb6faa2,1,2026-01-07T07:46:39.000,59.05650185803027,7.297045738832861,0.0,CONTAINER,PACKAGE,"[org.apache.tika.metadata, org.apache.tika.parser, org.apache.tika.parser.ogg, org.apache.tika.detect.ogg, org.apache.tika.metadata.writefilter, org.apache.tika.mime]",36217;36847;36052;36881;36756;36366,0.0,,0.0,0.0,0.0,4.5,3.2,17,1.0583191671787897E-4,1,5.159790524557117,CIRCLE,6,131,2,0.5,0.9797958971132712,0.0,0,cyclicDep,101995,smell
tika,697d7c047daf1f661a4ed067bbc8f9c58bb6faa2,1,2026-01-07T07:46:39.000,47.96814164214259,5.001024473959066,0.0,CONTAINER,PACKAGE,"[org.apache.tika.parser, org.apache.tika.parser.ogg, org.apache.tika.detect.ogg, org.apache.tika.mime]",36217;36847;36052;35883,0.0,,0.0,0.0,0.0,4.5,3.0,8,8.666067895341625E-5,1,5.001024473959066,CIRCLE,4,92,1,0.5,1.0,0.0,0,cyclicDep,102005,smell
tika,697d7c047daf1f661a4ed067bbc8f9c58bb6faa2,1,2026-01-07T07:46:39.000,17.415490813058454,4.65448570321242,0.0,CONTAINER,PACKAGE,"[org.apache.tika.parser, org.apache.tika.parser.ogg, org.apache.tika.detect.ogg]",36217;36847;37098,0.0,,0.0,0.0,0.0,4.666666666666667,3.3333333333333335,4,6.534885912144706E-5,1,4.65448570321242,CIRCLE,3,14,1,0.4714045207910317,0.9428090415820634,0.0,0,cyclicDep,102013,smell
tika,697d7c047daf1f661a4ed067bbc8f9c58bb6faa2,1,2026-01-07T07:46:39.000,74.31379625239805,6.769801331654113,0.0,CONTAINER,PACKAGE,"[org.apache.tika.metadata, org.apache.tika.parser, org.apache.tika.parser.ogg, org.apache.tika.metadata.writefilter, org.apache.tika.mime, org.apache.tika.io]",36847;36052;36881;36756;36504;36206,0.0,,0.0,0.0,0.0,4.333333333333333,3.2,19,1.313709054910368E-4,1,4.786972428898343,CIRCLE,6,241,2,0.4714045207910317,0.9797958971132712,0.0,0,cyclicDep,102020,smell
tika,697d7c047daf1f661a4ed067bbc8f9c58bb6faa2,1,2026-01-07T07:46:39.000,69.65039533983445,8.170637941525374,0.0,CONTAINER,PACKAGE,"[org.apache.tika.metadata, org.apache.tika.parser, org.apache.tika.parser.ogg, org.apache.tika.metadata.writefilter, org.apache.tika.mime]",36847;36052;36881;36756;36086,0.0,,0.0,0.0,0.0,4.4,3.4,13,1.2615766470435143E-4,1,4.717320014990645,CIRCLE,5,218,3,0.48989794855663565,0.9165151389911681,0.0,0,cyclicDep,102030,smell
tika,697d7c047daf1f661a4ed067bbc8f9c58bb6faa2,1,2026-01-07T07:46:39.000,55.07799338789385,6.6791877760399245,0.0,CONTAINER,PACKAGE,"[org.apache.tika.parser, org.apache.tika.parser.ogg, org.apache.tika.mime]",36847;36052;36062,0.0,,0.0,0.0,0.0,4.333333333333333,3.3333333333333335,5,1.1414651300938282E-4,1,4.722898969256126,CIRCLE,3,136,2,0.4714045207910317,0.9428090415820634,0.0,0,cyclicDep,102039,smell
tika,697d7c047daf1f661a4ed067bbc8f9c58bb6faa2,1,2026-01-07T07:46:39.000,128.51757345762425,11.906923252939052,0.0,CONTAINER,PACKAGE,"[org.apache.tika.detect.microsoft.ooxml, org.apache.tika.metadata, org.apache.tika.config, org.apache.tika.renderer, org.apache.tika.parser, org.apache.tika.detect, org.apache.tika.metadata.writefilter, org.apache.tika.detect.zip, org.apache.tika.mime, org.apache.tika.io]",36574;36052;36881;36756;36504;35836;36575;37311;36164;37180,0.0,,0.0,0.0,0.0,4.4,2.533333333333333,49,1.1061773201659703E-4,1,5.953461626469526,CIRCLE,10,466,4,0.66332495807108,0.8326663997864531,0.0,0,cyclicDep,102052,smell
tika,697d7c047daf1f661a4ed067bbc8f9c58bb6faa2,1,2026-01-07T07:46:39.000,76.74585906001522,7.020547775633737,0.0,CONTAINER,PACKAGE,"[org.apache.tika.metadata, org.apache.tika.renderer, org.apache.tika.parser, org.apache.tika.metadata.writefilter, org.apache.tika.mime, org.apache.tika.io]",36574;36052;36881;36756;36504;36661,0.0,,0.0,0.0,0.0,4.166666666666667,2.6666666666666665,19,1.32558944901677E-4,1,4.964276939794748,CIRCLE,6,239,2,0.37267799624996495,0.9428090415820634,0.0,0,cyclicDep,102066,smell
tika,697d7c047daf1f661a4ed067bbc8f9c58bb6faa2,1,2026-01-07T07:46:39.000,56.383855817821114,6.940372879779326,0.0,CONTAINER,PACKAGE,"[org.apache.tika.metadata, org.apache.tika.renderer, org.apache.tika.parser, org.apache.tika.metadata.writefilter, org.apache.tika.mime]",36574;36052;36881;36756;36600,0.0,,0.0,0.0,0.0,4.2,2.8,13,1.2758331199711972E-4,1,4.907584727255168,CIRCLE,5,132,2,0.39999999999999997,0.9797958971132712,0.0,0,cyclicDep,102076,smell
tika,697d7c047daf1f661a4ed067bbc8f9c58bb6faa2,1,2026-01-07T07:46:39.000,40.2477234488596,4.086537165915804,0.0,CONTAINER,PACKAGE,"[org.apache.tika.renderer, org.apache.tika.parser, org.apache.tika.mime]",36574;36052;36082,0.0,,0.0,0.0,0.0,4.0,2.0,5,1.1652259183066323E-4,1,4.086537165915804,CIRCLE,3,97,1,0.0,0.0,0.0,0,cyclicDep,102085,smell
tika,697d7c047daf1f661a4ed067bbc8f9c58bb6faa2,1,2026-01-07T07:46:39.000,136.0541634036158,19.29365531985911,0.0,CONTAINER,PACKAGE,"[org.apache.tika.detect.microsoft.ooxml, org.apache.tika.config, org.apache.tika.config.loader, org.apache.tika.parser.microsoft.ooxml, org.apache.tika, org.apache.tika.detect]",37638;37311;36164;36175;37559;36833,0.0,,0.0,0.0,0.0,4.666666666666667,2.2,16,9.304324927002988E-5,1,5.817255957310643,CIRCLE,6,547,11,1.1055415967851332,1.514375558880073,0.0,0,cyclicDep,102104,smell
tika,697d7c047daf1f661a4ed067bbc8f9c58bb6faa2,1,2026-01-07T07:46:39.000,83.42004260185922,8.79324457100513,0.0,CONTAINER,PACKAGE,"[org.apache.tika.detect.microsoft.ooxml, org.apache.tika.config, org.apache.tika.parser.microsoft.ooxml, org.apache.tika.detect]",37638;37311;36164;37244,0.0,,0.0,0.0,0.0,5.0,3.0,6,7.505408399509779E-5,1,6.217762864789521,CIRCLE,4,180,2,1.0,1.1547005383792515,0.0,0,cyclicDep,102114,smell
tika,697d7c047daf1f661a4ed067bbc8f9c58bb6faa2,1,2026-01-07T07:46:39.000,78.15251395354102,8.925646076183156,0.0,CONTAINER,PACKAGE,"[org.apache.tika.detect.microsoft.ooxml, org.apache.tika.config, org.apache.tika.config.loader, org.apache.tika.parser.microsoft.ooxml, org.apache.tika.detect]",37638;37311;36164;36175;37468,0.0,,0.0,0.0,0.0,5.0,2.8,11,7.714625868139634E-5,1,5.153224164775673,CIRCLE,5,230,3,0.8944271909999159,1.4000000000000001,0.0,0,cyclicDep,102122,smell
tika,697d7c047daf1f661a4ed067bbc8f9c58bb6faa2,1,2026-01-07T07:46:39.000,88.22305470090693,10.07578287869476,0.0,CONTAINER,PACKAGE,"[org.apache.tika.detect.microsoft.ooxml, org.apache.tika.config, org.apache.tika.config.loader, org.apache.tika.parser.microsoft.ooxml, org.apache.tika, org.apache.tika.detect, org.apache.tika.detect.microsoft]",37338;37638;37311;36164;36175;37559;37674,0.0,,0.0,0.0,0.0,4.714285714285714,2.142857142857143,21,8.163305669998619E-5,1,5.817255957310643,CIRCLE,7,230,3,1.0301575072754257,1.456862718169367,0.0,0,cyclicDep,102131,smell
tika,697d7c047daf1f661a4ed067bbc8f9c58bb6faa2,1,2026-01-07T07:46:39.000,70.99997191673181,7.4428193967992,0.0,CONTAINER,PACKAGE,"[org.apache.tika.detect.microsoft.ooxml, org.apache.tika.config, org.apache.tika.parser.microsoft.ooxml, org.apache.tika.detect, org.apache.tika.detect.microsoft]",37338;37638;37311;36164;37589,0.0,,0.0,0.0,0.0,5.0,2.6,10,6.267764745202301E-5,1,5.262868066623483,CIRCLE,5,182,2,0.8944271909999159,1.3564659966250538,0.0,0,cyclicDep,102142,smell
tika,697d7c047daf1f661a4ed067bbc8f9c58bb6faa2,1,2026-01-07T07:46:39.000,12.82120797983032,4.845961117438265,0.0,CONTAINER,PACKAGE,"[org.apache.tika.detect.microsoft.ooxml, org.apache.tika.parser.microsoft.ooxml, org.apache.tika.detect, org.apache.tika.detect.microsoft]",37338;37638;37311;36886,0.0,,0.0,0.0,0.0,5.25,2.8333333333333335,5,2.5826512269916092E-5,1,4.845961117438265,CIRCLE,4,7,1,0.82915619758885,1.5723301886761007,0.0,0,cyclicDep,102151,smell
tika,697d7c047daf1f661a4ed067bbc8f9c58bb6faa2,1,2026-01-07T07:46:39.000,172.27656092560522,25.440327474826383,0.0,CONTAINER,PACKAGE,"[org.apache.tika.detect.microsoft.ooxml, org.apache.tika.config, org.apache.tika.config.loader, org.apache.tika.parser.microsoft, org.apache.tika.parser.microsoft.ooxml, org.apache.tika, org.apache.tika.detect, org.apache.tika.detect.microsoft]",36748;37338;37638;37311;36164;36175;37559;36073,0.0,,0.0,0.0,0.0,4.75,2.1785714285714284,29,7.248898539461733E-5,1,6.79921351558087,CIRCLE,8,642,14,0.9682458365518543,1.4405745735784787,0.0,0,cyclicDep,102159,smell
tika,697d7c047daf1f661a4ed067bbc8f9c58bb6faa2,1,2026-01-07T07:46:39.000,76.78986593175676,7.548032030567007,0.0,CONTAINER,PACKAGE,"[org.apache.tika.detect.microsoft.ooxml, org.apache.tika.config, org.apache.tika.parser.microsoft.ooxml, org.apache.tika.parser.microsoft, org.apache.tika.detect, org.apache.tika.detect.microsoft]",36748;37338;37638;37311;36164;35993,0.0,,0.0,0.0,0.0,5.0,2.466666666666667,16,5.364478725285841E-5,1,5.337264633427196,CIRCLE,6,207,2,0.816496580927726,1.3597385369580761,0.0,0,cyclicDep,102171,smell
tika,697d7c047daf1f661a4ed067bbc8f9c58bb6faa2,1,2026-01-07T07:46:39.000,84.44843141807063,9.481209348038625,0.0,CONTAINER,PACKAGE,"[org.apache.tika.detect.microsoft.ooxml, org.apache.tika.config, org.apache.tika.config.loader, org.apache.tika.parser.microsoft, org.apache.tika.parser.microsoft.ooxml, org.apache.tika.detect, org.apache.tika.detect.microsoft]",36748;37338;37638;37311;36164;36175;36967,0.0,,0.0,0.0,0.0,5.0,2.5714285714285716,22,5.8197668706248725E-5,1,5.473978769333296,CIRCLE,7,238,3,0.7559289460184544,1.3997084244475304,0.0,0,cyclicDep,102181,smell
tika,697d7c047daf1f661a4ed067bbc8f9c58bb6faa2,1,2026-01-07T07:46:39.000,22.837298516330737,5.538858469799595,0.0,CONTAINER,PACKAGE,"[org.apache.tika.detect.microsoft.ooxml, org.apache.tika.parser.microsoft, org.apache.tika.parser.microsoft.ooxml, org.apache.tika.detect, org.apache.tika.detect.microsoft]",36748;37338;37638;37311;36478,0.0,,0.0,0.0,0.0,5.2,2.6,10,2.2357307067339956E-5,1,5.538858469799595,CIRCLE,5,17,1,0.7483314773547882,1.5620499351813308,0.0,0,cyclicDep,102192,smell
tika,697d7c047daf1f661a4ed067bbc8f9c58bb6faa2,1,2026-01-07T07:46:39.000,11.613140019458694,4.389354347437072,0.0,CONTAINER,PACKAGE,"[org.apache.tika.parser.microsoft, org.apache.tika.parser.microsoft.ooxml, org.apache.tika.detect.microsoft]",36748;37338;37753,0.0,,0.0,0.0,0.0,5.333333333333333,2.3333333333333335,5,1.009283797628183E-5,1,4.389354347437072,CIRCLE,3,7,1,0.4714045207910317,1.699673171197595,0.0,0,cyclicDep,102207,smell
tika,697d7c047daf1f661a4ed067bbc8f9c58bb6faa2,1,2026-01-07T07:46:39.000,121.5995597229168,15.830914256074193,0.0,CONTAINER,PACKAGE,"[org.apache.tika.parser.microsoft.rtf, org.apache.tika.detect.microsoft.ooxml, org.apache.tika.config, org.apache.tika.config.loader, org.apache.tika.parser.microsoft, org.apache.tika.parser.microsoft.ooxml, org.apache.tika, org.apache.tika.detect, org.apache.tika.detect.microsoft]",37516;36748;37338;37638;37311;36164;36175;37559;36945,0.0,,0.0,0.0,0.0,4.888888888888889,2.361111111111111,34,6.484095002079181E-5,1,7.079800084510481,CIRCLE,9,295,5,0.9938079899999066,1.4366778378873055,0.0,0,cyclicDep,102214,smell
tika,697d7c047daf1f661a4ed067bbc8f9c58bb6faa2,1,2026-01-07T07:46:39.000,66.71271234807077,6.880890891135155,0.0,CONTAINER,PACKAGE,"[org.apache.tika.parser.microsoft.rtf, org.apache.tika.detect.microsoft.ooxml, org.apache.tika.config, org.apache.tika.parser.microsoft, org.apache.tika.parser.microsoft.ooxml, org.apache.tika.detect, org.apache.tika.detect.microsoft]",37516;36748;37338;37638;37311;36164;37031,0.0,,0.0,0.0,0.0,5.142857142857143,2.619047619047619,19,4.650362722104829E-5,1,4.865524609726414,CIRCLE,7,188,2,0.8329931278350429,1.361938061530961,0.0,0,cyclicDep,102227,smell
tika,697d7c047daf1f661a4ed067bbc8f9c58bb6faa2,1,2026-01-07T07:46:39.000,97.0553762341731,10.873798335546631,0.0,CONTAINER,PACKAGE,"[org.apache.tika.parser.microsoft.rtf, org.apache.tika.detect.microsoft.ooxml, org.apache.tika.config, org.apache.tika.config.loader, org.apache.tika.parser.microsoft, org.apache.tika.parser.microsoft.ooxml, org.apache.tika.detect, org.apache.tika.detect.microsoft]",37516;36748;37338;37638;37311;36164;36175;36865,0.0,,0.0,0.0,0.0,5.125,2.7142857142857144,26,5.138004349674108E-5,1,6.277990396141552,CIRCLE,8,239,3,0.7806247497997998,1.385051387833237,0.0,0,cyclicDep,102238,smell
tika,697d7c047daf1f661a4ed067bbc8f9c58bb6faa2,1,2026-01-07T07:46:39.000,98.8527793460084,12.405150050938886,0.0,CONTAINER,PACKAGE,"[org.apache.tika.detect.microsoft.ooxml, org.apache.tika.config, org.apache.tika.config.loader, org.apache.tika.parser.microsoft, org.apache.tika.parser.microsoft.ooxml, org.apache.tika, org.apache.tika.parser.txt, org.apache.tika.detect, org.apache.tika.detect.microsoft]",35948;36748;37338;37638;37311;36164;36175;37559;36248,0.0,,0.0,0.0,0.0,4.777777777777778,2.388888888888889,35,6.59012749670923E-5,1,6.202575025469443,CIRCLE,9,254,4,0.9162456945817024,1.4390926496654022,0.0,0,cyclicDep,102256,smell
tika,697d7c047daf1f661a4ed067bbc8f9c58bb6faa2,1,2026-01-07T07:46:39.000,72.60790899997653,7.334506403094165,0.0,CONTAINER,PACKAGE,"[org.apache.tika.detect.microsoft.ooxml, org.apache.tika.config, org.apache.tika.parser.microsoft, org.apache.tika.parser.microsoft.ooxml, org.apache.tika.parser.txt, org.apache.tika.detect, org.apache.tika.detect.microsoft]",35948;36748;37338;37638;37311;36164;36230,0.0,,0.0,0.0,0.0,5.0,2.6666666666666665,20,4.786690215200608E-5,1,5.1862792142840375,CIRCLE,7,196,2,0.7559289460184544,1.3569339855976197,0.0,0,cyclicDep,102269,smell
tika,697d7c047daf1f661a4ed067bbc8f9c58bb6faa2,1,2026-01-07T07:46:39.000,97.0553762341731,10.873798335546631,0.0,CONTAINER,PACKAGE,"[org.apache.tika.detect.microsoft.ooxml, org.apache.tika.config, org.apache.tika.config.loader, org.apache.tika.parser.microsoft, org.apache.tika.parser.microsoft.ooxml, org.apache.tika.parser.txt, org.apache.tika.detect, org.apache.tika.detect.microsoft]",35948;36748;37338;37638;37311;36164;36175;37532,0.0,,0.0,0.0,0.0,5.0,2.75,27,5.257290906132913E-5,1,6.277990396141552,CIRCLE,8,239,3,0.7071067811865476,1.379052469736273,0.0,0,cyclicDep,102280,smell
tika,697d7c047daf1f661a4ed067bbc8f9c58bb6faa2,1,2026-01-07T07:46:39.000,29.827665703263648,5.538858469799595,0.0,CONTAINER,PACKAGE,"[org.apache.tika.detect.microsoft.ooxml, org.apache.tika.parser.microsoft, org.apache.tika.parser.microsoft.ooxml, org.apache.tika.parser.txt, org.apache.tika.detect, org.apache.tika.detect.microsoft]",35948;36748;37338;37638;37311;36117,0.0,,0.0,0.0,0.0,5.166666666666667,2.7333333333333334,12,2.0831021147265306E-5,1,5.538858469799595,CIRCLE,6,29,1,0.6871842709362768,1.4817407180595246,0.0,0,cyclicDep,102292,smell
tika,697d7c047daf1f661a4ed067bbc8f9c58bb6faa2,1,2026-01-07T07:46:39.000,93.09143515358667,10.631791107817874,0.0,CONTAINER,PACKAGE,"[org.apache.tika.detect.microsoft.ooxml, org.apache.tika.config, org.apache.tika.config.loader, org.apache.tika.parser.microsoft.ooxml, org.apache.tika, org.apache.tika.detect, org.apache.tika.parser.microsoft.ooxml.xps]",37464;37638;37311;36164;36175;37559;37585,0.0,,0.0,0.0,0.0,5.0,2.7142857142857144,19,8.02286711590826E-5,1,6.138267458066519,CIRCLE,7,230,3,1.3093073414159542,1.6659862556700857,0.0,0,cyclicDep,102308,smell
tika,697d7c047daf1f661a4ed067bbc8f9c58bb6faa2,1,2026-01-07T07:46:39.000,84.77651397887477,9.498110793705361,0.0,CONTAINER,PACKAGE,"[org.apache.tika.parser.iwork, org.apache.tika.config, org.apache.tika.config.loader, org.apache.tika, org.apache.tika.detect]",36210;36164;36175;37559;37268,0.0,,0.0,0.0,0.0,4.2,1.8,14,1.0990823439622994E-4,1,5.48373682353868,CIRCLE,5,239,3,0.7483314773547882,1.6,0.0,0,cyclicDep,102337,smell
tika,697d7c047daf1f661a4ed067bbc8f9c58bb6faa2,1,2026-01-07T07:46:39.000,71.83210448965853,7.408915873411548,0.0,CONTAINER,PACKAGE,"[org.apache.tika.parser.iwork, org.apache.tika.config, org.apache.tika.detect]",36210;36164;36447,0.0,,0.0,0.0,0.0,4.333333333333333,3.0,5,9.716600411378716E-5,1,5.238894655329958,CIRCLE,3,188,2,0.4714045207910317,1.4142135623730951,0.0,0,cyclicDep,102346,smell
tika,697d7c047daf1f661a4ed067bbc8f9c58bb6faa2,1,2026-01-07T07:46:39.000,82.96462197050761,9.295111752650323,0.0,CONTAINER,PACKAGE,"[org.apache.tika.parser.iwork, org.apache.tika.config, org.apache.tika.config.loader, org.apache.tika, org.apache.tika.detect, org.apache.tika.detect.apple]",36583;36210;36164;36175;37559;36814,0.0,,0.0,0.0,0.0,4.333333333333333,2.066666666666667,19,9.220813156937505E-5,1,5.366535272540318,CIRCLE,6,239,3,0.7453559924999299,1.4360439485692011,0.0,0,cyclicDep,102359,smell
tika,697d7c047daf1f661a4ed067bbc8f9c58bb6faa2,1,2026-01-07T07:46:39.000,76.42220962618256,7.8614686378834655,0.0,CONTAINER,PACKAGE,"[org.apache.tika.parser.iwork, org.apache.tika.config, org.apache.tika.detect, org.apache.tika.detect.apple]",36583;36210;36164;36040,0.0,,0.0,0.0,0.0,4.5,2.8333333333333335,9,7.380140744411551E-5,1,5.558897783932769,CIRCLE,4,189,2,0.5,1.2133516482134197,0.0,0,cyclicDep,102369,smell
tika,697d7c047daf1f661a4ed067bbc8f9c58bb6faa2,1,2026-01-07T07:46:39.000,17.187722656445228,4.593612102807866,0.0,CONTAINER,PACKAGE,"[org.apache.tika.parser.iwork, org.apache.tika.detect, org.apache.tika.detect.apple]",36583;36210;36516,0.0,,0.0,0.0,0.0,4.666666666666667,3.3333333333333335,5,2.8374480532003775E-5,1,4.593612102807866,CIRCLE,3,14,1,0.4714045207910317,0.9428090415820634,0.0,0,cyclicDep,102377,smell
tika,697d7c047daf1f661a4ed067bbc8f9c58bb6faa2,1,2026-01-07T07:46:39.000,81.8048975409898,11.522959535732982,0.0,CONTAINER,PACKAGE,"[org.apache.tika.parser.iwork, org.apache.tika.config, org.apache.tika.config.loader, org.apache.tika, org.apache.tika.detect, org.apache.tika.parser.iwork.iwana, org.apache.tika.detect.apple]",35846;36583;36210;36164;36175;37559;37515,0.0,,0.0,0.0,0.0,4.571428571428571,2.5238095238095237,23,8.01388496231758E-5,1,5.153224164775673,CIRCLE,7,252,5,0.9035079029052513,1.8157786633273922,0.0,0,cyclicDep,102390,smell
tika,697d7c047daf1f661a4ed067bbc8f9c58bb6faa2,1,2026-01-07T07:46:39.000,79.74950061905287,11.222310565806497,0.0,CONTAINER,PACKAGE,"[org.apache.tika.parser.iwork, org.apache.tika.config, org.apache.tika.detect, org.apache.tika.parser.iwork.iwana, org.apache.tika.detect.apple]",35846;36583;36210;36164;36629,0.0,,0.0,0.0,0.0,4.8,3.1,12,6.0585757544488466E-5,1,5.6111552829032485,CIRCLE,5,202,4,0.7483314773547882,1.7,0.0,0,cyclicDep,102401,smell
tika,697d7c047daf1f661a4ed067bbc8f9c58bb6faa2,1,2026-01-07T07:46:39.000,37.95673786772121,4.900193787934822,0.0,CONTAINER,PACKAGE,"[org.apache.tika.parser.executable, org.apache.tika.config, org.apache.tika.config.loader, org.apache.tika]",37463;36175;37559;37099,0.0,,0.0,0.0,0.0,4.25,1.8333333333333333,7,1.2011439615483482E-4,1,4.900193787934822,CIRCLE,4,60,1,0.82915619758885,1.6749792701868151,0.0,0,cyclicDep,102416,smell
tika,697d7c047daf1f661a4ed067bbc8f9c58bb6faa2,1,2026-01-07T07:46:39.000,42.41279504067894,5.771650356383795,0.0,CONTAINER,PACKAGE,"[org.apache.tika.config, org.apache.tika.config.loader, org.apache.tika, org.apache.tika.parser.microsoft.pst]",36979;36175;37559;36869,0.0,,0.0,0.0,0.0,4.5,1.6666666666666667,7,1.2011439615483482E-4,1,5.771650356383795,CIRCLE,4,54,1,1.118033988749895,1.4907119849998596,0.0,0,cyclicDep,102430,smell
tika,697d7c047daf1f661a4ed067bbc8f9c58bb6faa2,1,2026-01-07T07:46:39.000,36.99565179965013,4.900193787934822,0.0,CONTAINER,PACKAGE,"[org.apache.tika.config, org.apache.tika.config.loader, org.apache.tika, org.apache.tika.parser.xml]",37362;36175;37559;36452,0.0,,0.0,0.0,0.0,4.25,1.8333333333333333,7,1.2030479221799272E-4,1,4.900193787934822,CIRCLE,4,57,1,0.82915619758885,1.6749792701868151,0.0,0,cyclicDep,102444,smell
tika,697d7c047daf1f661a4ed067bbc8f9c58bb6faa2,1,2026-01-07T07:46:39.000,54.25286039232305,8.919115306916838,0.0,CONTAINER,PACKAGE,"[org.apache.tika.config.loader, org.apache.tika, org.apache.tika.metadata.filter]",36955;37559;36431,0.0,,0.0,0.0,0.0,4.333333333333333,2.3333333333333335,4,8.998176250618878E-5,1,5.149453623381748,CIRCLE,3,111,3,0.9428090415820634,1.247219128924647,0.0,0,cyclicDep,102458,smell
tika,697d7c047daf1f661a4ed067bbc8f9c58bb6faa2,1,2026-01-07T07:46:39.000,43.49001278021191,11.506375833146148,0.0,CONTAINER,PACKAGE,"[org.apache.tika.config.loader, org.apache.tika.serialization.serdes, org.apache.tika.serialization]",35917;36429;37610,0.0,,0.0,0.0,0.0,4.666666666666667,1.6666666666666667,5,3.458924827842778E-5,1,4.349001278021191,CIRCLE,3,100,7,0.4714045207910317,1.247219128924647,0.0,0,cyclicDep,102477,smell
tika,697d7c047daf1f661a4ed067bbc8f9c58bb6faa2,1,2026-01-07T07:46:39.000,16.213542733421967,16.213542733421967,0.0,CONTAINER,PACKAGE,"[org.apache.tika.eval.app, org.apache.tika.eval.app.reports]",36891;36637,0.0,,0.0,0.0,0.0,5.5,0.0,2,3.4484114087648133E-6,1,5.404514244473988,TINY,2,9,9,0.5,0.0,0.0,0,cyclicDep,102520,smell
tika,697d7c047daf1f661a4ed067bbc8f9c58bb6faa2,1,2026-01-07T07:46:39.000,32.427085466843934,32.427085466843934,0.0,CONTAINER,PACKAGE,"[org.apache.tika.parser.geo.topic.gazetteer, org.apache.tika.parser.geo.topic]",36212;37329,0.0,,0.0,0.0,0.0,6.5,0.0,2,4.64073004079051E-6,1,5.404514244473988,TINY,2,36,36,0.5,0.0,0.0,0,cyclicDep,102538,smell
tika,697d7c047daf1f661a4ed067bbc8f9c58bb6faa2,1,2026-01-07T07:46:39.000,30.09106180878949,13.238302206564612,0.0,CONTAINER,PACKAGE,"[org.apache.tika.parser.microsoft.onenote.fsshttpb, org.apache.tika.parser.microsoft.onenote]",37111;37237,0.0,,0.0,0.0,0.0,6.5,0.0,2,5.4593653573593505E-6,1,5.404514244473988,TINY,2,31,6,0.5,0.0,0.0,0,cyclicDep,102544,smell
tika,697d7c047daf1f661a4ed067bbc8f9c58bb6faa2,1,2026-01-07T07:46:39.000,22.344650790737763,9.719003303253478,0.0,CONTAINER,PACKAGE,"[org.apache.tika.parser.microsoft.onenote.fsshttpb.property, org.apache.tika.parser.microsoft.onenote.fsshttpb, org.apache.tika.parser.microsoft.onenote.fsshttpb.streamobj]",36498;36681;36201,0.0,,0.0,0.0,0.0,7.666666666666667,1.6666666666666667,5,7.137010104406592E-6,1,3.6734379616891393,CIRCLE,3,37,7,0.4714045207910317,0.4714045207910317,0.0,0,cyclicDep,102550,smell
tika,697d7c047daf1f661a4ed067bbc8f9c58bb6faa2,1,2026-01-07T07:46:39.000,115.08561762034158,40.42104097886696,0.0,CONTAINER,PACKAGE,"[org.apache.tika.parser.microsoft.onenote.fsshttpb.property, org.apache.tika.parser.microsoft.onenote.fsshttpb, org.apache.tika.parser.microsoft.onenote, org.apache.tika.parser.microsoft.onenote.fsshttpb.streamobj, org.apache.tika.parser.microsoft.onenote.fsshttpb.streamobj.basic]",35909;36498;36681;37111;37465,0.0,,0.0,0.0,0.0,7.6,1.7,14,7.440096283457449E-6,1,5.896014798718477,CIRCLE,5,381,47,1.019803902718557,1.345362404707371,0.0,0,cyclicDep,102563,smell
tika,697d7c047daf1f661a4ed067bbc8f9c58bb6faa2,1,2026-01-07T07:46:39.000,105.1660973855149,36.931781535966095,0.0,CONTAINER,PACKAGE,"[org.apache.tika.parser.microsoft.onenote.fsshttpb.property, org.apache.tika.parser.microsoft.onenote.fsshttpb, org.apache.tika.parser.microsoft.onenote.fsshttpb.streamobj, org.apache.tika.parser.microsoft.onenote.fsshttpb.streamobj.basic]",35909;36498;36681;37681,0.0,,0.0,0.0,0.0,8.0,2.3333333333333335,10,8.057112506595238E-6,1,5.445294113948153,CIRCLE,4,373,46,0.7071067811865476,1.247219128924647,0.0,0,cyclicDep,102572,smell
tika,697d7c047daf1f661a4ed067bbc8f9c58bb6faa2,1,2026-01-07T07:46:39.000,162.68025808766868,60.01732812161054,0.0,CONTAINER,PACKAGE,"[org.apache.tika.parser.microsoft.onenote.fsshttpb.util, org.apache.tika.parser.microsoft.onenote.fsshttpb.streamobj, org.apache.tika.parser.microsoft.onenote.fsshttpb.streamobj.space, org.apache.tika.parser.microsoft.onenote.fsshttpb.streamobj.basic]",35890;36648;35909;35833,0.0,,0.0,0.0,0.0,8.5,3.1666666666666665,11,9.499955431915662E-6,1,5.456120738328231,CIRCLE,4,889,121,0.5,1.2133516482134197,0.0,0,cyclicDep,102599,smell
tika,697d7c047daf1f661a4ed067bbc8f9c58bb6faa2,1,2026-01-07T07:46:39.000,128.71953787624295,52.9892839856398,0.0,CONTAINER,PACKAGE,"[org.apache.tika.parser.microsoft.onenote.fsshttpb.util, org.apache.tika.parser.microsoft.onenote.fsshttpb.streamobj.space, org.apache.tika.parser.microsoft.onenote.fsshttpb.streamobj.basic]",35890;36648;36491,0.0,,0.0,0.0,0.0,8.666666666666666,3.0,5,9.04331213556758E-6,1,4.817207635058164,CIRCLE,3,714,121,0.4714045207910317,1.4142135623730951,0.0,0,cyclicDep,102607,smell
tika,697d7c047daf1f661a4ed067bbc8f9c58bb6faa2,1,2026-01-07T07:46:39.000,7.013611510604705,7.013611510604705,0.0,UNIT,CONCRETE_CLASS,"[org.apache.tika.metadata.Property, org.apache.tika.metadata.PropertyTypeException]",22276;22386,0.0,,0.0,0.0,0.0,4.0,2.0,2,4.818390940467731E-5,1,4.0493104936390845,TINY,2,3,3,0.0,0.0,0.0,0,cyclicDep,102644,smell
tika,697d7c047daf1f661a4ed067bbc8f9c58bb6faa2,1,2026-01-07T07:46:39.000,6.76090776591332,6.76090776591332,0.0,UNIT,CONCRETE_CLASS,"[org.apache.tika.config.ServiceLoader, org.apache.tika.utils.ServiceLoaderUtils]",27358;29048,0.0,,0.0,0.0,0.0,4.0,2.0,2,8.896651778758591E-7,1,3.903411918616287,TINY,2,3,3,0.0,0.0,0.0,0,cyclicDep,102674,smell
tika,697d7c047daf1f661a4ed067bbc8f9c58bb6faa2,1,2026-01-07T07:46:39.000,19.601812065594476,4.496964100221189,0.0,UNIT,ABSTRACTION,"[org.apache.tika.io.FilenameUtils, org.apache.tika.detect.CompositeDetector, org.apache.tika.mime.MimeTypes, org.apache.tika.Tika, org.apache.tika.io.TikaInputStream, org.apache.tika.detect.DefaultDetector, org.apache.tika.detect.Detector]",13366;23665;15337;29516;29434;13111;13190,0.0,,0.0,0.0,0.0,3.857142857142857,1.4285714285714286,14,1.9174679208257444E-6,1,4.496964100221189,CIRCLE,7,19,1,0.3499271061118826,0.9035079029052513,0.0,0,cyclicDep,102680,smell
tika,697d7c047daf1f661a4ed067bbc8f9c58bb6faa2,1,2026-01-07T07:46:39.000,17.952106200723417,4.118495618561225,0.0,UNIT,CONCRETE_CLASS,"[org.apache.tika.io.FilenameUtils, org.apache.tika.detect.CompositeDetector, org.apache.tika.mime.MimeTypes, org.apache.tika.Tika, org.apache.tika.io.TikaInputStream, org.apache.tika.detect.DefaultDetector]",13366;23665;15337;29516;29434;13183,0.0,,0.0,0.0,0.0,3.8333333333333335,1.6,9,2.012256133048298E-6,1,4.118495618561225,CIRCLE,6,19,1,0.3726779962499649,0.8,0.0,0,cyclicDep,102691,smell
tika,697d7c047daf1f661a4ed067bbc8f9c58bb6faa2,1,2026-01-07T07:46:39.000,10.066149128177333,3.558921154484623,0.0,UNIT,CONCRETE_CLASS,"[org.apache.tika.detect.CompositeDetector, org.apache.tika.mime.MediaTypeRegistry, org.apache.tika.mime.MimeTypes, org.apache.tika.Tika, org.apache.tika.detect.DefaultDetector]",13184;13366;23665;15337;15459,0.0,,0.0,0.0,0.0,3.8,1.4,7,8.400232138264302E-7,1,2.5165372820443332,CIRCLE,5,16,2,0.39999999999999997,0.9165151389911681,0.0,0,cyclicDep,102701,smell
tika,697d7c047daf1f661a4ed067bbc8f9c58bb6faa2,1,2026-01-07T07:46:39.000,33.05524202053974,8.834385034125207,0.0,UNIT,ABSTRACTION,"[org.apache.tika.io.FilenameUtils, org.apache.tika.mime.MimeTypes, org.apache.tika.Tika, org.apache.tika.io.TikaInputStream, org.apache.tika.detect.DefaultDetector, org.apache.tika.detect.Detector]",23665;15337;29516;29434;13111;13365,0.0,,0.0,0.0,0.0,3.8333333333333335,1.6,11,2.181476118656529E-6,1,4.417192517062603,CIRCLE,6,56,4,0.3726779962499649,0.8,0.0,0,cyclicDep,102710,smell
tika,697d7c047daf1f661a4ed067bbc8f9c58bb6faa2,1,2026-01-07T07:46:39.000,15.577940602792719,4.496964100221189,0.0,UNIT,ABSTRACTION,"[org.apache.tika.detect.OverrideDetector, org.apache.tika.io.FilenameUtils, org.apache.tika.mime.MimeTypes, org.apache.tika.Tika, org.apache.tika.io.TikaInputStream, org.apache.tika.detect.DefaultDetector, org.apache.tika.detect.Detector]",13364;23665;15337;29516;29434;13111;13269,0.0,,0.0,0.0,0.0,3.857142857142857,1.4285714285714286,14,1.8917681422254866E-6,1,4.496964100221189,CIRCLE,7,12,1,0.3499271061118826,0.9035079029052513,0.0,0,cyclicDep,102720,smell
tika,697d7c047daf1f661a4ed067bbc8f9c58bb6faa2,1,2026-01-07T07:46:39.000,14.266887324195704,4.118495618561225,0.0,UNIT,CONCRETE_CLASS,"[org.apache.tika.detect.OverrideDetector, org.apache.tika.io.FilenameUtils, org.apache.tika.mime.MimeTypes, org.apache.tika.Tika, org.apache.tika.io.TikaInputStream, org.apache.tika.detect.DefaultDetector]",13364;23665;15337;29516;29434;13263,0.0,,0.0,0.0,0.0,3.8333333333333335,1.6,9,1.9822730580146634E-6,1,4.118495618561225,CIRCLE,6,12,1,0.3726779962499649,0.8,0.0,0,cyclicDep,102731,smell
tika,697d7c047daf1f661a4ed067bbc8f9c58bb6faa2,1,2026-01-07T07:46:39.000,10.024669787792874,3.022551666665514,0.0,UNIT,CONCRETE_CLASS,"[org.apache.tika.mime.MimeTypes, org.apache.tika.Tika, org.apache.tika.detect.DefaultDetector]",23665;15337;13368,0.0,,0.0,0.0,0.0,3.6666666666666665,1.3333333333333333,3,1.049275648378007E-6,1,3.022551666665514,CIRCLE,3,11,1,0.4714045207910317,0.9428090415820634,0.0,0,cyclicDep,102741,smell
tika,697d7c047daf1f661a4ed067bbc8f9c58bb6faa2,1,2026-01-07T07:46:39.000,11.574172977192788,2.655297387507508,0.0,UNIT,ABSTRACTION,"[org.apache.tika.io.FilenameUtils, org.apache.tika.mime.MimeTypes, org.apache.tika.Tika, org.apache.tika.io.TikaInputStream, org.apache.tika.detect.Detector]",15337;29516;29434;13111;23666,0.0,,0.0,0.0,0.0,3.8,1.8,8,2.5395372083254774E-6,1,2.655297387507508,CIRCLE,5,19,1,0.39999999999999997,0.6,0.0,0,cyclicDep,102748,smell
tika,697d7c047daf1f661a4ed067bbc8f9c58bb6faa2,1,2026-01-07T07:46:39.000,13.222551212700274,2.5931556405014864,0.0,UNIT,CONCRETE_CLASS,"[org.apache.tika.io.FilenameUtils, org.apache.tika.mime.MimeTypes, org.apache.tika.Tika, org.apache.tika.io.TikaInputStream]",15337;29516;29434;23658,0.0,,0.0,0.0,0.0,3.75,2.0,5,2.837236848534241E-6,1,2.5931556405014864,CIRCLE,4,26,1,0.4330127018922193,0.0,0.0,0,cyclicDep,102757,smell
tika,697d7c047daf1f661a4ed067bbc8f9c58bb6faa2,1,2026-01-07T07:46:39.000,22.085962585313016,4.417192517062603,0.0,UNIT,ABSTRACTION,"[org.apache.tika.io.FilenameUtils, org.apache.tika.mime.MimeTypes, org.apache.tika.Tika, org.apache.tika.io.TikaInputStream, org.apache.tika.parser.AutoDetectParser, org.apache.tika.detect.Detector]",23657;15337;29516;29434;13111;25044,0.0,,0.0,0.0,0.0,3.8333333333333335,1.8666666666666667,11,2.2263606712405486E-6,1,4.417192517062603,CIRCLE,6,25,1,0.3726779962499649,0.49888765156985887,0.0,0,cyclicDep,102765,smell
tika,697d7c047daf1f661a4ed067bbc8f9c58bb6faa2,1,2026-01-07T07:46:39.000,17.741889500411396,4.303040259307831,0.0,UNIT,ABSTRACTION,"[org.apache.tika.digest.DigestHelper, org.apache.tika.io.FilenameUtils, org.apache.tika.mime.MimeTypes, org.apache.tika.Tika, org.apache.tika.io.TikaInputStream, org.apache.tika.digest.Digester, org.apache.tika.parser.AutoDetectParser]",10496;25050;23657;15337;29516;29434;10500,0.0,,0.0,0.0,0.0,3.857142857142857,2.0,11,1.8015775013289123E-6,1,4.303040259307831,CIRCLE,7,17,1,0.3499271061118826,0.0,0.0,0,cyclicDep,102775,smell
tika,697d7c047daf1f661a4ed067bbc8f9c58bb6faa2,1,2026-01-07T07:46:39.000,18.989962762488446,4.7474906906221115,0.0,UNIT,ABSTRACTION,"[org.apache.tika.digest.DigestHelper, org.apache.tika.io.FilenameUtils, org.apache.tika.extractor.DefaultEmbeddedStreamTranslator, org.apache.tika.mime.MimeTypes, org.apache.tika.extractor.EmbeddedStreamTranslator, org.apache.tika.Tika, org.apache.tika.io.TikaInputStream, org.apache.tika.parser.AutoDetectParser]",678;10492;25050;23657;15337;29516;29434;407,0.0,,0.0,0.0,0.0,3.875,2.0,14,1.5599644169138695E-6,1,4.7474906906221115,CIRCLE,8,16,1,0.33071891388307384,0.0,0.0,0,cyclicDep,102786,smell
tika,697d7c047daf1f661a4ed067bbc8f9c58bb6faa2,1,2026-01-07T07:46:39.000,17.212161037231326,4.303040259307831,0.0,UNIT,CONCRETE_CLASS,"[org.apache.tika.digest.DigestHelper, org.apache.tika.io.FilenameUtils, org.apache.tika.extractor.DefaultEmbeddedStreamTranslator, org.apache.tika.mime.MimeTypes, org.apache.tika.Tika, org.apache.tika.io.TikaInputStream, org.apache.tika.parser.AutoDetectParser]",10492;25050;23657;15337;29516;29434;660,0.0,,0.0,0.0,0.0,3.857142857142857,2.0,11,1.7544593107298805E-6,1,4.303040259307831,CIRCLE,7,16,1,0.3499271061118826,0.0,0.0,0,cyclicDep,102798,smell
tika,697d7c047daf1f661a4ed067bbc8f9c58bb6faa2,1,2026-01-07T07:46:39.000,8.290988744851276,2.299506541835085,0.0,UNIT,CONCRETE_CLASS,"[org.apache.tika.digest.DigestHelper, org.apache.tika.io.FilenameUtils, org.apache.tika.io.TemporaryResources, org.apache.tika.mime.MimeTypes, org.apache.tika.Tika, org.apache.tika.parser.AutoDetectParser]",10490;25050;23657;15337;29516;29468,0.0,,0.0,0.0,0.0,3.8333333333333335,2.0,6,1.0708496954895212E-6,1,2.299506541835085,CIRCLE,6,13,1,0.3726779962499649,0.0,0.0,0,cyclicDep,102809,smell
tika,697d7c047daf1f661a4ed067bbc8f9c58bb6faa2,1,2026-01-07T07:46:39.000,16.4739824742449,4.118495618561225,0.0,UNIT,CONCRETE_CLASS,"[org.apache.tika.digest.DigestHelper, org.apache.tika.io.FilenameUtils, org.apache.tika.mime.MimeTypes, org.apache.tika.Tika, org.apache.tika.io.TikaInputStream, org.apache.tika.parser.AutoDetectParser]",25050;23657;15337;29516;29434;10491,0.0,,0.0,0.0,0.0,3.8333333333333335,2.0,9,2.0233047890459093E-6,1,4.118495618561225,CIRCLE,6,16,1,0.3726779962499649,0.0,0.0,0,cyclicDep,102819,smell
tika,697d7c047daf1f661a4ed067bbc8f9c58bb6faa2,1,2026-01-07T07:46:39.000,16.4739824742449,4.118495618561225,0.0,UNIT,ABSTRACTION,"[org.apache.tika.io.FilenameUtils, org.apache.tika.mime.MimeTypes, org.apache.tika.Tika, org.apache.tika.io.TikaInputStream, org.apache.tika.parser.AutoDetectParser, org.apache.tika.extractor.EmbeddedDocumentExtractor]",25045;23657;15337;29516;29434;744,0.0,,0.0,0.0,0.0,3.8333333333333335,2.0,9,2.1061706166703817E-6,1,4.118495618561225,CIRCLE,6,16,1,0.3726779962499649,0.0,0.0,0,cyclicDep,102829,smell
tika,697d7c047daf1f661a4ed067bbc8f9c58bb6faa2,1,2026-01-07T07:46:39.000,18.756517640309895,4.303040259307831,0.0,UNIT,CONCRETE_CLASS,"[org.apache.tika.extractor.ParsingEmbeddedDocumentExtractor, org.apache.tika.io.FilenameUtils, org.apache.tika.mime.MimeTypes, org.apache.tika.extractor.ParsingEmbeddedDocumentExtractorFactory, org.apache.tika.Tika, org.apache.tika.io.TikaInputStream, org.apache.tika.parser.AutoDetectParser]",504;25039;23657;15337;29516;29434;711,0.0,,0.0,0.0,0.0,3.857142857142857,2.0,10,1.7578241928064203E-6,1,4.303040259307831,CIRCLE,7,19,1,0.3499271061118826,0.0,0.0,0,cyclicDep,102839,smell
tika,697d7c047daf1f661a4ed067bbc8f9c58bb6faa2,1,2026-01-07T07:46:39.000,19.319147988091945,4.553566849708754,0.0,UNIT,CONCRETE_CLASS,"[org.apache.tika.extractor.ParsingEmbeddedDocumentExtractor, org.apache.tika.io.FilenameUtils, org.apache.tika.parser.DelegatingParser, org.apache.tika.mime.MimeTypes, org.apache.tika.extractor.ParsingEmbeddedDocumentExtractorFactory, org.apache.tika.Tika, org.apache.tika.io.TikaInputStream, org.apache.tika.parser.AutoDetectParser]",725;504;25039;23657;15337;29516;29434;24908,0.0,,0.0,0.0,0.0,3.875,1.9285714285714286,12,1.555373164483314E-6,1,4.553566849708754,CIRCLE,8,18,1,0.33071891388307384,0.37115374447904514,0.0,0,cyclicDep,102850,smell
tika,697d7c047daf1f661a4ed067bbc8f9c58bb6faa2,1,2026-01-07T07:46:39.000,21.163945211267364,6.866490537810776,0.0,UNIT,CONCRETE_CLASS,"[org.apache.tika.extractor.ParsingEmbeddedDocumentExtractor, org.apache.tika.io.FilenameUtils, org.apache.tika.parser.DelegatingParser, org.apache.tika.mime.MimeTypes, org.apache.tika.extractor.ParsingEmbeddedDocumentExtractorFactory, org.apache.tika.Tika, org.apache.tika.io.TikaInputStream, org.apache.tika.parser.AutoDetectParser, org.apache.tika.parser.EmptyParser]",24914;725;504;25039;23657;15337;29516;29434;25193,0.0,,0.0,0.0,0.0,3.888888888888889,1.8333333333333333,15,1.4140372405081144E-6,1,4.855342022239263,CIRCLE,9,19,2,0.3142696805273545,0.5527707983925667,0.0,0,cyclicDep,102862,smell
tika,697d7c047daf1f661a4ed067bbc8f9c58bb6faa2,1,2026-01-07T07:46:39.000,22.865588696676074,7.418576586732586,0.0,UNIT,ABSTRACTION,"[org.apache.tika.extractor.ParsingEmbeddedDocumentExtractor, org.apache.tika.io.FilenameUtils, org.apache.tika.parser.Parser, org.apache.tika.parser.DelegatingParser, org.apache.tika.mime.MimeTypes, org.apache.tika.extractor.ParsingEmbeddedDocumentExtractorFactory, org.apache.tika.Tika, org.apache.tika.io.TikaInputStream, org.apache.tika.parser.AutoDetectParser, org.apache.tika.parser.EmptyParser]",25200;24914;725;504;25039;23657;15337;29516;29434;24789,0.0,,0.0,0.0,0.0,3.9,1.7333333333333334,21,1.6110921538909833E-6,1,5.245725811230363,CIRCLE,10,19,2,0.3,0.6798692684790381,0.0,0,cyclicDep,102875,smell
tika,697d7c047daf1f661a4ed067bbc8f9c58bb6faa2,1,2026-01-07T07:46:39.000,11.725228728451361,2.299506541835085,0.0,UNIT,CONCRETE_CLASS,"[org.apache.tika.io.FilenameUtils, org.apache.tika.mime.MimeTypes, org.apache.tika.Tika, org.apache.tika.io.TikaInputStream, org.apache.tika.parser.AutoDetectParser]",23657;15337;29516;29434;25032,0.0,,0.0,0.0,0.0,3.8,2.0,7,2.401885075990573E-6,1,2.299506541835085,CIRCLE,5,26,1,0.39999999999999997,0.0,0.0,0,cyclicDep,102889,smell
tika,697d7c047daf1f661a4ed067bbc8f9c58bb6faa2,1,2026-01-07T07:46:39.000,18.873317921400787,4.118495618561225,0.0,UNIT,CONCRETE_CLASS,"[org.apache.tika.io.FilenameUtils, org.apache.tika.mime.MimeTypes, org.apache.tika.Tika, org.apache.tika.parser.CompositeParser, org.apache.tika.io.TikaInputStream, org.apache.tika.parser.AutoDetectParser]",25031;23657;15337;29516;29434;24687,0.0,,0.0,0.0,0.0,3.8333333333333335,1.8666666666666667,9,2.102700287152015E-6,1,4.118495618561225,CIRCLE,6,21,1,0.3726779962499649,0.49888765156985887,0.0,0,cyclicDep,102898,smell
tika,697d7c047daf1f661a4ed067bbc8f9c58bb6faa2,1,2026-01-07T07:46:39.000,19.719007706720543,4.303040259307831,0.0,UNIT,CONCRETE_CLASS,"[org.apache.tika.io.FilenameUtils, org.apache.tika.parser.ParserDecorator, org.apache.tika.mime.MimeTypes, org.apache.tika.Tika, org.apache.tika.parser.CompositeParser, org.apache.tika.io.TikaInputStream, org.apache.tika.parser.AutoDetectParser]",24699;25031;23657;15337;29516;29434;24959,0.0,,0.0,0.0,0.0,3.857142857142857,1.7142857142857142,11,1.859529154283098E-6,1,4.303040259307831,CIRCLE,7,21,1,0.3499271061118826,0.6998542122237652,0.0,0,cyclicDep,102908,smell
tika,697d7c047daf1f661a4ed067bbc8f9c58bb6faa2,1,2026-01-07T07:46:39.000,26.20588582892582,5.139397046641438,0.0,UNIT,ABSTRACTION,"[org.apache.tika.io.FilenameUtils, org.apache.tika.parser.ParserDecorator, org.apache.tika.mime.MimeTypes, org.apache.tika.Tika, org.apache.tika.parser.CompositeParser, org.apache.tika.io.TikaInputStream, org.apache.tika.parser.AutoDetectParser, org.apache.tika.parser.multiple.AbstractMultipleParser]",24958;24699;25031;23657;15337;29516;29434;4550,0.0,,0.0,0.0,0.0,4.0,2.2142857142857144,13,1.652398786811298E-6,1,5.139397046641438,CIRCLE,8,26,1,0.5,1.1134612334371354,0.0,0,cyclicDep,102919,smell
tika,697d7c047daf1f661a4ed067bbc8f9c58bb6faa2,1,2026-01-07T07:46:39.000,29.33956267586834,8.243705436069037,0.0,UNIT,ABSTRACTION,"[org.apache.tika.io.FilenameUtils, org.apache.tika.parser.ParserDecorator, org.apache.tika.mime.MimeTypes, org.apache.tika.Tika, org.apache.tika.parser.CompositeParser, org.apache.tika.io.TikaInputStream, org.apache.tika.parser.AutoDetectParser, org.apache.tika.parser.multiple.AbstractMultipleParser, org.apache.tika.utils.ParserUtils]",4547;24958;24699;25031;23657;15337;29516;29434;28918,0.0,,0.0,0.0,0.0,4.0,2.2222222222222223,17,1.495444246296063E-6,1,4.75950555263444,CIRCLE,9,38,3,0.4714045207910317,1.0304020550550783,0.0,0,cyclicDep,102931,smell
tika,697d7c047daf1f661a4ed067bbc8f9c58bb6faa2,1,2026-01-07T07:46:39.000,13.34466132911489,7.3091720322230955,0.0,UNIT,ABSTRACTION,"[org.apache.tika.parser.ParserDecorator, org.apache.tika.parser.multiple.AbstractMultipleParser, org.apache.tika.utils.ParserUtils]",4547;24958;28923,0.0,,0.0,0.0,0.0,4.333333333333333,3.3333333333333335,3,2.809321645841584E-7,1,4.219952440357289,CIRCLE,3,10,3,0.4714045207910317,0.9428090415820634,0.0,0,cyclicDep,102944,smell
tika,697d7c047daf1f661a4ed067bbc8f9c58bb6faa2,1,2026-01-07T07:46:39.000,21.713749631476578,4.855342022239263,0.0,UNIT,ABSTRACTION,"[org.apache.tika.detect.DefaultEncodingDetector, org.apache.tika.io.FilenameUtils, org.apache.tika.detect.CompositeEncodingDetector, org.apache.tika.mime.MimeTypes, org.apache.tika.parser.DefaultParser, org.apache.tika.Tika, org.apache.tika.detect.EncodingDetector, org.apache.tika.io.TikaInputStream, org.apache.tika.parser.AutoDetectParser]",12940;13339;24983;25030;23657;15337;29516;29434;12903,0.0,,0.0,0.0,0.0,3.888888888888889,1.6111111111111112,15,1.4822291396181684E-6,1,4.855342022239263,CIRCLE,9,20,1,0.3142696805273545,0.7915448249319449,0.0,0,cyclicDep,102951,smell
tika,697d7c047daf1f661a4ed067bbc8f9c58bb6faa2,1,2026-01-07T07:46:39.000,20.364170032076686,4.553566849708754,0.0,UNIT,CONCRETE_CLASS,"[org.apache.tika.detect.DefaultEncodingDetector, org.apache.tika.io.FilenameUtils, org.apache.tika.detect.CompositeEncodingDetector, org.apache.tika.mime.MimeTypes, org.apache.tika.parser.DefaultParser, org.apache.tika.Tika, org.apache.tika.io.TikaInputStream, org.apache.tika.parser.AutoDetectParser]",13339;24983;25030;23657;15337;29516;29434;12935,0.0,,0.0,0.0,0.0,3.875,1.7142857142857142,11,1.5919022467349123E-6,1,4.553566849708754,CIRCLE,8,20,1,0.33071891388307384,0.6998542122237652,0.0,0,cyclicDep,102964,smell
tika,697d7c047daf1f661a4ed067bbc8f9c58bb6faa2,1,2026-01-07T07:46:39.000,20.364170032076686,4.553566849708754,0.0,UNIT,ABSTRACTION,"[org.apache.tika.io.FilenameUtils, org.apache.tika.parser.RenderingParser, org.apache.tika.renderer.Renderer, org.apache.tika.mime.MimeTypes, org.apache.tika.parser.DefaultParser, org.apache.tika.Tika, org.apache.tika.io.TikaInputStream, org.apache.tika.parser.AutoDetectParser]",24662;24975;25030;23657;15337;29516;29434;12765,0.0,,0.0,0.0,0.0,3.875,1.7857142857142858,12,1.6181193846327133E-6,1,4.553566849708754,CIRCLE,8,20,1,0.33071891388307384,0.6185895741317419,0.0,0,cyclicDep,102976,smell
tika,697d7c047daf1f661a4ed067bbc8f9c58bb6faa2,1,2026-01-07T07:46:39.000,26.593803499831942,12.846027521006532,0.0,UNIT,ABSTRACTION,"[org.apache.tika.io.FilenameUtils, org.apache.tika.parser.RenderingParser, org.apache.tika.renderer.Renderer, org.apache.tika.mime.MimeTypes, org.apache.tika.parser.DefaultParser, org.apache.tika.renderer.RenderResult, org.apache.tika.Tika, org.apache.tika.io.TikaInputStream, org.apache.tika.parser.AutoDetectParser, org.apache.tika.renderer.RenderResults]",12745;12764;24662;24975;25030;23657;15337;29516;29434;12785,0.0,,0.0,0.0,0.0,3.9,1.8666666666666667,15,1.347268371312246E-6,1,4.855342022239263,CIRCLE,10,30,7,0.3,0.49888765156985887,0.0,0,cyclicDep,102988,smell
tika,697d7c047daf1f661a4ed067bbc8f9c58bb6faa2,1,2026-01-07T07:46:39.000,18.756517640309895,4.303040259307831,0.0,UNIT,CONCRETE_CLASS,"[org.apache.tika.io.FilenameUtils, org.apache.tika.renderer.CompositeRenderer, org.apache.tika.mime.MimeTypes, org.apache.tika.parser.DefaultParser, org.apache.tika.Tika, org.apache.tika.io.TikaInputStream, org.apache.tika.parser.AutoDetectParser]",24976;25030;23657;15337;29516;29434;12729,0.0,,0.0,0.0,0.0,3.857142857142857,1.9047619047619047,10,1.7802475818539632E-6,1,4.303040259307831,CIRCLE,7,19,1,0.3499271061118826,0.4259177099999599,0.0,0,cyclicDep,103002,smell
tika,697d7c047daf1f661a4ed067bbc8f9c58bb6faa2,1,2026-01-07T07:46:39.000,9.107759007891138,2.8801262844851467,0.0,UNIT,CONCRETE_CLASS,"[org.apache.tika.io.FilenameUtils, org.apache.tika.mime.MimeTypes, org.apache.tika.Tika, org.apache.tika.parser.AutoDetectParser, org.apache.tika.parser.RecursiveParserWrapper]",25029;23657;15337;29516;24655,0.0,,0.0,0.0,0.0,3.8,1.8,5,1.058632721945098E-6,1,2.8801262844851467,CIRCLE,5,10,1,0.39999999999999997,0.6,0.0,0,cyclicDep,103013,smell
tika,697d7c047daf1f661a4ed067bbc8f9c58bb6faa2,1,2026-01-07T07:46:39.000,20.718469396204558,4.417192517062603,0.0,UNIT,CONCRETE_CLASS,"[org.apache.tika.io.FilenameUtils, org.apache.tika.mime.MimeTypes, org.apache.tika.Tika, org.apache.tika.io.TikaInputStream, org.apache.tika.parser.AutoDetectParser, org.apache.tika.parser.RecursiveParserWrapper]",25029;23657;15337;29516;29434;24637,0.0,,0.0,0.0,0.0,3.8333333333333335,1.8666666666666667,10,2.0805394455979676E-6,1,4.417192517062603,CIRCLE,6,22,1,0.3726779962499649,0.49888765156985887,0.0,0,cyclicDep,103022,smell
tika,697d7c047daf1f661a4ed067bbc8f9c58bb6faa2,1,2026-01-07T07:46:39.000,21.080505955915196,7.45308435613552,0.0,UNIT,CONCRETE_CLASS,"[org.apache.tika.io.FilenameUtils, org.apache.tika.sax.SecureContentHandler, org.apache.tika.mime.MimeTypes, org.apache.tika.Tika, org.apache.tika.io.TikaInputStream, org.apache.tika.parser.AutoDetectParser, org.apache.tika.parser.RecursiveParserWrapper]",24642;25029;23657;15337;29516;29434;7372,0.0,,0.0,0.0,0.0,3.857142857142857,1.9047619047619047,13,1.8088597928808567E-6,1,4.303040259307831,CIRCLE,7,24,3,0.3499271061118826,0.4259177099999599,0.0,0,cyclicDep,103032,smell
tika,697d7c047daf1f661a4ed067bbc8f9c58bb6faa2,1,2026-01-07T07:46:39.000,8.290988744851276,2.299506541835085,0.0,UNIT,CONCRETE_CLASS,"[org.apache.tika.io.FilenameUtils, org.apache.tika.mime.MimeTypes, org.apache.tika.Tika, org.apache.tika.io.TikaInputStream, org.apache.tika.parser.ParsingReader]",23674;15337;29516;29434;25164,0.0,,0.0,0.0,0.0,3.8,2.0,7,2.3115609765642475E-6,1,2.299506541835085,CIRCLE,5,13,1,0.39999999999999997,0.0,0.0,0,cyclicDep,103043,smell
tika,697d7c047daf1f661a4ed067bbc8f9c58bb6faa2,1,2026-01-07T07:46:39.000,8.789894880929545,2.929964960309848,0.0,UNIT,ABSTRACTION,"[org.apache.tika.io.FilenameUtils, org.apache.tika.mime.MimeTypes, org.apache.tika.io.TikaInputStream, org.apache.tika.detect.Detector]",29516;29434;13111;15346,0.0,,0.0,0.0,0.0,4.0,2.0,5,2.800452907976527E-6,1,2.929964960309848,CIRCLE,4,9,1,0.0,0.0,0.0,0,cyclicDep,103052,smell
tika,697d7c047daf1f661a4ed067bbc8f9c58bb6faa2,1,2026-01-07T07:46:39.000,9.37244296655479,2.599447976328855,0.0,UNIT,ABSTRACTION,"[org.apache.tika.io.FilenameUtils, org.apache.tika.mime.MimeTypes, org.apache.tika.detect.TextDetector, org.apache.tika.io.TikaInputStream, org.apache.tika.detect.Detector]",15331;29516;29434;13111;12846,0.0,,0.0,0.0,0.0,4.0,1.8,8,2.2779746625148082E-6,1,2.599447976328855,CIRCLE,5,13,1,0.0,0.6,0.0,0,cyclicDep,103060,smell
tika,697d7c047daf1f661a4ed067bbc8f9c58bb6faa2,1,2026-01-07T07:46:39.000,12.08055501071616,2.929964960309848,0.0,UNIT,CONCRETE_CLASS,"[org.apache.tika.io.FilenameUtils, org.apache.tika.mime.MimeTypes, org.apache.tika.detect.TextDetector, org.apache.tika.io.TikaInputStream]",15331;29516;29434;12833,0.0,,0.0,0.0,0.0,4.0,2.0,5,2.5102836662709046E-6,1,2.929964960309848,CIRCLE,4,17,1,0.0,0.0,0.0,0,cyclicDep,103069,smell
tika,697d7c047daf1f661a4ed067bbc8f9c58bb6faa2,1,2026-01-07T07:46:39.000,11.270636181319688,3.012204222962604,0.0,UNIT,CONCRETE_CLASS,"[org.apache.tika.io.FilenameUtils, org.apache.tika.mime.MimeTypes, org.apache.tika.io.TikaInputStream]",29516;29434;15332,0.0,,0.0,0.0,0.0,4.0,2.0,3,3.2843576614718946E-6,1,3.012204222962604,CIRCLE,3,14,1,0.0,0.0,0.0,0,cyclicDep,103077,smell
tika,697d7c047daf1f661a4ed067bbc8f9c58bb6faa2,1,2026-01-07T07:46:39.000,17.014578088260606,17.014578088260606,0.0,UNIT,CONCRETE_CLASS,"[org.apache.tika.mime.Magic, org.apache.tika.mime.MimeType]",15236;15243,0.0,,0.0,0.0,0.0,4.0,2.0,2,5.433813544833027E-7,1,3.903411918616287,TINY,2,19,19,0.0,0.0,0.0,0,cyclicDep,103084,smell
tika,697d7c047daf1f661a4ed067bbc8f9c58bb6faa2,1,2026-01-07T07:46:39.000,17.45658878841779,3.903411918616287,0.0,UNIT,CONCRETE_CLASS,"[org.apache.tika.mime.MimeTypes, org.apache.tika.mime.MimeTypesFactory]",15333;15207,0.0,,0.0,0.0,0.0,4.0,2.0,2,7.404506615046887E-7,1,3.903411918616287,TINY,2,20,1,0.0,0.0,0.0,0,cyclicDep,103090,smell
tika,697d7c047daf1f661a4ed067bbc8f9c58bb6faa2,1,2026-01-07T07:46:39.000,23.485432633601423,10.871642792021202,0.0,UNIT,ABSTRACTION,"[org.apache.tika.io.FilenameUtils, org.apache.tika.mime.MagicMatch, org.apache.tika.detect.MagicDetector, org.apache.tika.mime.MimeTypes, org.apache.tika.mime.MimeTypesReader, org.apache.tika.io.TikaInputStream, org.apache.tika.mime.MimeTypesFactory, org.apache.tika.detect.Detector]",15501;15403;15214;15333;29516;29434;13111;12822,0.0,,0.0,0.0,0.0,4.0,1.9285714285714286,13,1.4852708861067203E-6,1,4.438329584376435,CIRCLE,8,28,6,0.0,0.37115374447904514,0.0,0,cyclicDep,103096,smell
tika,697d7c047daf1f661a4ed067bbc8f9c58bb6faa2,1,2026-01-07T07:46:39.000,24.418877802960335,10.2579804785397,0.0,UNIT,CONCRETE_CLASS,"[org.apache.tika.io.FilenameUtils, org.apache.tika.mime.MagicMatch, org.apache.tika.detect.MagicDetector, org.apache.tika.mime.MimeTypes, org.apache.tika.mime.MimeTypesReader, org.apache.tika.io.TikaInputStream, org.apache.tika.mime.MimeTypesFactory]",15501;15403;15214;15333;29516;29434;12816,0.0,,0.0,0.0,0.0,4.0,2.0,10,1.5047754916233336E-6,1,4.187802993975512,CIRCLE,7,34,6,0.0,0.0,0.0,0,cyclicDep,103108,smell
tika,697d7c047daf1f661a4ed067bbc8f9c58bb6faa2,1,2026-01-07T07:46:39.000,11.79271199780095,5.106394084804581,0.0,UNIT,CONCRETE_CLASS,"[org.apache.tika.mime.MimeTypes, org.apache.tika.mime.MimeTypesReader, org.apache.tika.mime.MimeTypesFactory]",15214;15333;15406,0.0,,0.0,0.0,0.0,4.0,2.0,4,5.572816118131333E-7,1,2.9481779994502375,CIRCLE,3,16,3,0.0,0.0,0.0,0,cyclicDep,103119,smell
tika,697d7c047daf1f661a4ed067bbc8f9c58bb6faa2,1,2026-01-07T07:46:39.000,13.692503298488145,8.451196513294857,0.0,UNIT,ABSTRACTION,"[org.apache.tika.config.loader.ComponentInstantiator, org.apache.tika.config.loader.LoaderContext, org.apache.tika.serialization.ComponentNameResolver, org.apache.tika.config.loader.ComponentLoader, org.apache.tika.serialization.ComponentConfig]",30088;30061;23077;23292;30099,0.0,,0.0,0.0,0.0,4.6,1.4,6,3.4448654110839124E-7,1,2.9879491818454498,CIRCLE,5,21,8,0.48989794855663565,0.9165151389911681,0.0,0,cyclicDep,103126,smell
tika,697d7c047daf1f661a4ed067bbc8f9c58bb6faa2,1,2026-01-07T07:46:39.000,13.692503298488145,8.451196513294857,0.0,UNIT,ABSTRACTION,"[org.apache.tika.serialization.ComponentNameResolver, org.apache.tika.config.loader.ComponentLoader, org.apache.tika.config.loader.TikaObjectMapperFactory, org.apache.tika.config.loader.TikaJsonConfig, org.apache.tika.serialization.ComponentConfig]",23077;23292;29983;30008;30059,0.0,,0.0,0.0,0.0,4.6,1.4,6,5.363106309975166E-7,1,2.9879491818454498,CIRCLE,5,21,8,0.48989794855663565,0.9165151389911681,0.0,0,cyclicDep,103135,smell
tika,697d7c047daf1f661a4ed067bbc8f9c58bb6faa2,1,2026-01-07T07:46:39.000,15.11784935418842,8.728294394208895,0.0,UNIT,CONCRETE_CLASS,"[org.apache.tika.serialization.ComponentNameResolver, org.apache.tika.serialization.ComponentConfig]",23292;23085,0.0,,0.0,0.0,0.0,4.0,2.0,2,5.075954300629482E-7,1,3.903411918616287,TINY,2,15,5,0.0,0.0,0.0,0,cyclicDep,103144,smell
tika,697d7c047daf1f661a4ed067bbc8f9c58bb6faa2,1,2026-01-07T07:46:39.000,12.576419837728308,12.576419837728308,0.0,UNIT,CONCRETE_CLASS,"[org.apache.tika.async.cli.TikaAsyncCLI, org.apache.tika.async.cli.TikaConfigAsyncWriter]",8208;8192,0.0,,0.0,0.0,0.0,5.0,0.0,2,1.468143198176645E-7,1,3.977013149774666,TINY,2,10,10,0.0,0.0,0.0,0,cyclicDep,103162,smell
tika,697d7c047daf1f661a4ed067bbc8f9c58bb6faa2,1,2026-01-07T07:46:39.000,50.29735121933594,50.29735121933594,0.0,UNIT,CONCRETE_CLASS,"[org.apache.tika.pipes.core.PipesClient, org.apache.tika.pipes.core.server.PipesServer]",11270;8759,0.0,,0.0,0.0,0.0,5.5,0.0,2,1.2726739271342548E-7,1,6.055089534494311,TINY,2,69,69,0.5,0.0,0.0,0,cyclicDep,103168,smell
tika,697d7c047daf1f661a4ed067bbc8f9c58bb6faa2,1,2026-01-07T07:46:39.000,6.888388837779254,6.888388837779254,0.0,UNIT,ABSTRACTION,"[org.apache.tika.pipes.core.config.FileBasedConfigStoreFactory, org.apache.tika.pipes.core.config.ConfigStoreFactory]",14491;14445,0.0,,0.0,0.0,0.0,6.0,0.0,2,1.4080319539391067E-7,1,3.977013149774666,TINY,2,3,3,0.0,0.0,0.0,0,cyclicDep,103174,smell
tika,697d7c047daf1f661a4ed067bbc8f9c58bb6faa2,1,2026-01-07T07:46:39.000,10.275515449984299,10.275515449984299,0.0,UNIT,CONCRETE_CLASS,"[org.apache.tika.pipes.core.server.ParseHandler, org.apache.tika.pipes.core.server.PipesWorker]",8809;8662,0.0,,0.0,0.0,0.0,6.0,2.0,2,1.1308253092612864E-7,1,5.1377577249921496,TINY,2,4,4,0.0,0.0,0.0,0,cyclicDep,103180,smell
tika,697d7c047daf1f661a4ed067bbc8f9c58bb6faa2,1,2026-01-07T07:46:39.000,6.975376162265323,6.975376162265323,0.0,UNIT,CONCRETE_CLASS,"[org.apache.tika.plugins.ThreadSafeUnzipper, org.apache.tika.plugins.TikaPluginManager]",14643;14625,0.0,,0.0,0.0,0.0,4.0,2.0,2,3.9812811187862305E-7,1,4.027235304982783,TINY,2,3,3,0.0,0.0,0.0,0,cyclicDep,103186,smell
tika,697d7c047daf1f661a4ed067bbc8f9c58bb6faa2,1,2026-01-07T07:46:39.000,8.791732778721807,8.791732778721807,0.0,UNIT,CONCRETE_CLASS,"[org.apache.tika.parser.ocr.ImagePreprocessor, org.apache.tika.parser.ocr.TesseractOCRParser]",1346;1492,0.0,,0.0,0.0,0.0,5.0,2.0,2,1.4927525137045063E-7,1,4.395866389360903,TINY,2,4,4,0.0,0.0,0.0,0,cyclicDep,103192,smell
tika,697d7c047daf1f661a4ed067bbc8f9c58bb6faa2,1,2026-01-07T07:46:39.000,8.054470609965566,8.054470609965566,0.0,UNIT,CONCRETE_CLASS,"[org.apache.tika.gui.ParsingTransferHandler, org.apache.tika.gui.TikaGUI]",9144;9159,0.0,,0.0,0.0,0.0,4.0,2.0,2,1.623846629583063E-7,1,4.027235304982783,TINY,2,4,4,0.0,0.0,0.0,0,cyclicDep,103198,smell
tika,697d7c047daf1f661a4ed067bbc8f9c58bb6faa2,1,2026-01-07T07:46:39.000,19.407363516003567,16.685033513430934,0.0,UNIT,ABSTRACTION,"[org.apache.tika.parser.microsoft.AbstractPOIFSExtractor, org.apache.tika.parser.microsoft.OfficeParser, org.apache.tika.parser.microsoft.ExcelExtractor]",26564;26679;27109,0.0,,0.0,0.0,0.0,5.0,0.0,3,1.8502939917196206E-7,1,2.8614596406087482,CIRCLE,3,46,34,0.0,0.0,0.0,0,cyclicDep,103210,smell
tika,697d7c047daf1f661a4ed067bbc8f9c58bb6faa2,1,2026-01-07T07:46:39.000,16.365079705423167,11.263220311409677,0.0,UNIT,CONCRETE_CLASS,"[org.apache.tika.parser.microsoft.rtf.RTFParser, org.apache.tika.parser.microsoft.rtf.RTFObjDataParser, org.apache.tika.parser.microsoft.rtf.RTFEmbObjHandler, org.apache.tika.parser.microsoft.OutlookExtractor, org.apache.tika.parser.microsoft.OfficeParser]",16280;16332;26965;26697;16230,0.0,,0.0,0.0,0.0,5.6,1.8,5,1.526483632497674E-7,1,3.7544067704698922,CIRCLE,5,19,9,0.4898979485566356,0.6,0.0,0,cyclicDep,103223,smell
tika,697d7c047daf1f661a4ed067bbc8f9c58bb6faa2,1,2026-01-07T07:46:39.000,11.488375525007116,8.89885741666589,0.0,UNIT,CONCRETE_CLASS,"[org.apache.tika.parser.microsoft.rtf.TextExtractor, org.apache.tika.parser.microsoft.rtf.RTFEmbObjHandler]",16281;16263,0.0,,0.0,0.0,0.0,6.0,2.0,2,1.2184160852807848E-7,1,5.1377577249921496,TINY,2,5,3,0.0,0.0,0.0,0,cyclicDep,103232,smell
tika,697d7c047daf1f661a4ed067bbc8f9c58bb6faa2,1,2026-01-07T07:46:39.000,14.67873199355916,10.940880853699761,0.0,UNIT,CONCRETE_CLASS,"[org.apache.tika.parser.microsoft.ooxml.OOXMLExtractorFactory, org.apache.tika.parser.microsoft.ooxml.OOXMLParser]",26365;26337,0.0,,0.0,0.0,0.0,6.0,2.0,2,1.3129191293876877E-7,1,4.89291066451972,TINY,2,9,5,0.0,0.0,0.0,0,cyclicDep,103293,smell
tika,697d7c047daf1f661a4ed067bbc8f9c58bb6faa2,1,2026-01-07T07:46:39.000,10.773164427726444,7.905341439168317,0.0,UNIT,ABSTRACTION,"[org.apache.tika.parser.microsoft.ooxml.POIXMLTextExtractorDecorator, org.apache.tika.parser.microsoft.ooxml.AbstractOOXMLExtractor, org.apache.tika.parser.microsoft.ooxml.OOXMLExtractorFactory, org.apache.tika.parser.microsoft.OfficeParser, org.apache.tika.parser.microsoft.ooxml.OOXMLParser]",26171;26320;26365;26712;25951,0.0,,0.0,0.0,0.0,5.8,1.2,6,1.7100934674004618E-7,1,2.9879382110132586,CIRCLE,5,13,7,0.39999999999999997,0.9797958971132713,0.0,0,cyclicDep,103299,smell
tika,697d7c047daf1f661a4ed067bbc8f9c58bb6faa2,1,2026-01-07T07:46:39.000,12.629587942155634,6.750798716525391,0.0,UNIT,CONCRETE_CLASS,"[org.apache.tika.parser.pdf.PDFParser, org.apache.tika.parser.pdf.OCR2XHTML, org.apache.tika.parser.pdf.AbstractPDF2XHTML]",24508;24345;24257,0.0,,0.0,0.0,0.0,5.0,2.0,3,1.4536517394821892E-7,1,3.3753993582626953,CIRCLE,3,14,4,0.0,0.0,0.0,0,cyclicDep,103308,smell
tika,697d7c047daf1f661a4ed067bbc8f9c58bb6faa2,1,2026-01-07T07:46:39.000,27.667543972832963,12.456624657960923,0.0,UNIT,CONCRETE_CLASS,"[org.apache.tika.parser.pdf.PDF2XHTML, org.apache.tika.parser.pdf.PDFParserConfig, org.apache.tika.parser.pdf.AbstractPDF2XHTML]",24543;24287;24548,0.0,,0.0,0.0,0.0,5.0,2.0,4,1.8981640456253938E-7,1,3.216286656682621,CIRCLE,3,74,15,0.0,0.0,0.0,0,cyclicDep,103315,smell
tika,697d7c047daf1f661a4ed067bbc8f9c58bb6faa2,1,2026-01-07T07:46:39.000,25.193564186839538,12.596782093419769,0.0,UNIT,CONCRETE_CLASS,"[org.apache.tika.parser.pdf.PDF2XHTML, org.apache.tika.parser.pdf.PDFParser, org.apache.tika.parser.pdf.PDFParserConfig, org.apache.tika.parser.pdf.OCR2XHTML, org.apache.tika.parser.pdf.AbstractPDF2XHTML]",24543;24287;24508;24345;24549,0.0,,0.0,0.0,0.0,5.0,2.0,11,1.7242404913962854E-7,1,4.761136105551473,CIRCLE,5,28,7,0.0,0.0,0.0,0,cyclicDep,103322,smell
tika,697d7c047daf1f661a4ed067bbc8f9c58bb6faa2,1,2026-01-07T07:46:39.000,12.620771236914173,6.5173382422482895,0.0,UNIT,CONCRETE_CLASS,"[org.apache.tika.parser.pdf.PDF2XHTML, org.apache.tika.parser.pdf.image.ImageGraphicsEngine, org.apache.tika.parser.pdf.PDFParserConfig]",24557;24543;18744,0.0,,0.0,0.0,0.0,5.333333333333333,0.6666666666666666,4,1.9431185454183268E-7,1,3.2586691211241448,CIRCLE,3,15,4,0.4714045207910317,0.9428090415820634,0.0,0,cyclicDep,103337,smell
tika,697d7c047daf1f661a4ed067bbc8f9c58bb6faa2,1,2026-01-07T07:46:39.000,16.14596307879367,9.321876129867285,0.0,UNIT,CONCRETE_CLASS,"[org.apache.tika.parser.pdf.PDFParser, org.apache.tika.renderer.pdf.pdfbox.PDFBoxRenderer]",24303;6799,0.0,,0.0,0.0,0.0,5.5,4.0,2,1.4633551600526226E-7,1,6.591561824810166,TINY,2,6,2,0.5,0.0,0.0,0,cyclicDep,103350,smell
tika,697d7c047daf1f661a4ed067bbc8f9c58bb6faa2,1,2026-01-07T07:46:39.000,7.265886654871037,7.265886654871037,0.0,UNIT,CONCRETE_CLASS,"[org.apache.tika.parser.microsoft.pst.PSTMailItemParser, org.apache.tika.parser.microsoft.pst.OutlookPSTParser]",27570;27592,0.0,,0.0,0.0,0.0,6.0,2.0,2,1.205592691060845E-7,1,5.1377577249921496,TINY,2,2,2,0.0,0.0,0.0,0,cyclicDep,103356,smell
tika,697d7c047daf1f661a4ed067bbc8f9c58bb6faa2,1,2026-01-07T07:46:39.000,31.53692136492797,31.53692136492797,0.0,UNIT,ABSTRACTION,"[org.apache.tika.eval.app.EvalFilePaths, org.apache.tika.eval.app.ProfilerBase]",13942;14083,0.0,,0.0,0.0,0.0,5.0,0.0,2,1.9896721077518174E-7,1,3.8819266717069567,TINY,2,66,66,0.0,0.0,0.0,0,cyclicDep,103362,smell
tika,697d7c047daf1f661a4ed067bbc8f9c58bb6faa2,1,2026-01-07T07:46:39.000,10.52218775513744,10.52218775513744,0.0,UNIT,CONCRETE_CLASS,"[org.apache.tika.pipes.fork.PipesForkParserConfig, org.apache.tika.pipes.fork.PipesForkParser]",25525;25544,0.0,,0.0,0.0,0.0,5.0,0.0,2,1.4043476173153882E-7,1,3.977013149774666,TINY,2,7,7,0.0,0.0,0.0,0,cyclicDep,103368,smell
tika,697d7c047daf1f661a4ed067bbc8f9c58bb6faa2,1,2026-01-07T07:46:39.000,17.32697333782267,12.252020344612914,0.0,UNIT,CONCRETE_CLASS,"[org.apache.tika.langdetect.tika.LanguageProfile, org.apache.tika.langdetect.tika.LanguageIdentifier, org.apache.tika.langdetect.tika.ProfilingWriter]",14396;14350;14369,0.0,,0.0,0.0,0.0,5.0,0.0,4,1.5816092532161705E-6,1,2.6736100307298867,CIRCLE,3,42,21,0.0,0.0,0.0,0,cyclicDep,103374,smell
tika,697d7c047daf1f661a4ed067bbc8f9c58bb6faa2,1,2026-01-07T07:46:39.000,9.943006694305673,7.516206570680923,0.0,UNIT,CONCRETE_CLASS,"[org.apache.tika.langdetect.tika.LanguageProfile, org.apache.tika.langdetect.tika.ProfilingWriter]",14396;14370,0.0,,0.0,0.0,0.0,5.0,0.0,2,1.881528386655325E-6,1,3.7581032853404617,TINY,2,7,4,0.0,0.0,0.0,0,cyclicDep,103381,smell
tika,697d7c047daf1f661a4ed067bbc8f9c58bb6faa2,1,2026-01-07T07:46:39.000,11.630369262916378,11.630369262916378,0.0,UNIT,CONCRETE_CLASS,"[org.apache.tika.parser.csv.CSVSniffer, org.apache.tika.parser.csv.TextAndCSVParser]",9308;9273,0.0,,0.0,0.0,0.0,5.0,2.0,2,1.4308005401613518E-7,1,4.395866389360903,TINY,2,7,7,0.0,0.0,0.0,0,cyclicDep,103387,smell
tika,697d7c047daf1f661a4ed067bbc8f9c58bb6faa2,1,2026-01-07T07:46:39.000,10.667216058442868,7.8782611753944805,0.0,UNIT,CONCRETE_CLASS,"[org.apache.tika.parser.dbf.DBFReader, org.apache.tika.parser.dbf.DBFRow, org.apache.tika.parser.dbf.DBFCell]",29182;29114;29148,0.0,,0.0,0.0,0.0,5.0,2.0,4,1.9816974100169268E-7,1,3.216286656682621,CIRCLE,3,11,6,0.0,0.0,0.0,0,cyclicDep,103405,smell
tika,697d7c047daf1f661a4ed067bbc8f9c58bb6faa2,1,2026-01-07T07:46:39.000,14.579439442044455,14.579439442044455,0.0,UNIT,CONCRETE_CLASS,"[org.apache.tika.parser.external2.ExternalParserConfig, org.apache.tika.parser.external2.ExternalParser]",5281;5251,0.0,,0.0,0.0,0.0,5.0,2.0,2,1.3807451647870704E-7,1,4.395866389360903,TINY,2,11,11,0.0,0.0,0.0,0,cyclicDep,103412,smell
tika,697d7c047daf1f661a4ed067bbc8f9c58bb6faa2,1,2026-01-07T07:46:39.000,12.945424805574966,12.945424805574966,0.0,UNIT,CONCRETE_CLASS,"[org.apache.tika.parser.sqlite3.SQLite3Parser, org.apache.tika.parser.sqlite3.SQLite3DBParser]",11498;11476,0.0,,0.0,0.0,0.0,5.0,2.0,2,1.335443828626996E-7,1,4.89291066451972,TINY,2,7,7,0.0,0.0,0.0,0,cyclicDep,103418,smell
tika,697d7c047daf1f661a4ed067bbc8f9c58bb6faa2,1,2026-01-07T07:46:39.000,13.792699408991838,13.792699408991838,0.0,UNIT,CONCRETE_CLASS,"[org.apache.tika.parser.microsoft.JackcessExtractor, org.apache.tika.parser.microsoft.JackcessParser]",26665;27183,0.0,,0.0,0.0,0.0,5.0,0.0,2,1.1257747204378432E-7,1,5.21315036349428,TINY,2,7,7,0.0,0.0,0.0,0,cyclicDep,103424,smell
tika,697d7c047daf1f661a4ed067bbc8f9c58bb6faa2,1,2026-01-07T07:46:39.000,12.675458422717073,7.53034440801378,0.0,UNIT,CONCRETE_CLASS,"[org.apache.tika.parser.microsoft.chm.ChmAssert, org.apache.tika.parser.microsoft.chm.ChmLzxcResetTable, org.apache.tika.parser.microsoft.chm.ChmCommons]",12225;12061;12189,0.0,,0.0,0.0,0.0,6.0,2.0,5,6.202648774256939E-7,1,3.0742502311757365,CIRCLE,3,17,6,0.0,0.0,0.0,0,cyclicDep,103436,smell
tika,697d7c047daf1f661a4ed067bbc8f9c58bb6faa2,1,2026-01-07T07:46:39.000,11.08436684211114,6.148500462351473,0.0,UNIT,CONCRETE_CLASS,"[org.apache.tika.parser.microsoft.chm.DirectoryListingEntry, org.apache.tika.parser.microsoft.chm.ChmAssert, org.apache.tika.parser.microsoft.chm.ChmCommons]",12227;12061;12024,0.0,,0.0,0.0,0.0,6.0,2.0,5,6.294434453393493E-7,1,3.0742502311757365,CIRCLE,3,13,4,0.0,0.0,0.0,0,cyclicDep,103443,smell
tika,697d7c047daf1f661a4ed067bbc8f9c58bb6faa2,1,2026-01-07T07:46:39.000,16.092044923979163,6.082221279332595,0.0,UNIT,CONCRETE_CLASS,"[org.apache.tika.parser.microsoft.onenote.FileNodeList, org.apache.tika.parser.microsoft.onenote.FileNode]",5715;5828,0.0,,0.0,0.0,0.0,6.0,2.0,2,3.167162688996443E-7,1,4.300779911293196,TINY,2,14,2,0.0,0.0,0.0,0,cyclicDep,103456,smell
tika,697d7c047daf1f661a4ed067bbc8f9c58bb6faa2,1,2026-01-07T07:46:39.000,23.015841687786903,7.533702622671689,0.0,UNIT,CONCRETE_CLASS,"[org.apache.tika.parser.microsoft.onenote.OneNoteDocument, org.apache.tika.parser.microsoft.onenote.PropertySet, org.apache.tika.parser.microsoft.onenote.FileNode, org.apache.tika.parser.microsoft.onenote.FileNodeUnion, org.apache.tika.parser.microsoft.onenote.ObjectDeclarationWithRefCount, org.apache.tika.parser.microsoft.onenote.ObjectSpaceObjectPropSet]",5583;5502;5639;5761;5745;5814,0.0,,0.0,0.0,0.0,6.0,2.0,9,2.2850155067899559E-7,1,4.3495852371940895,CIRCLE,6,28,3,0.0,0.0,0.0,0,cyclicDep,103462,smell
tika,697d7c047daf1f661a4ed067bbc8f9c58bb6faa2,1,2026-01-07T07:46:39.000,31.581804075856358,12.596782093419769,0.0,UNIT,CONCRETE_CLASS,"[org.apache.tika.parser.microsoft.onenote.OneNoteDocument, org.apache.tika.parser.microsoft.onenote.PropertySet, org.apache.tika.parser.microsoft.onenote.FileNodePtr, org.apache.tika.parser.microsoft.onenote.FileNode, org.apache.tika.parser.microsoft.onenote.FileNodeUnion, org.apache.tika.parser.microsoft.onenote.ObjectDeclarationWithRefCount, org.apache.tika.parser.microsoft.onenote.ObjectSpaceObjectPropSet]",5809;5583;5502;5639;5761;5745;5661,0.0,,0.0,0.0,0.0,6.0,2.0,12,2.3728652803030618E-7,1,4.761136105551473,CIRCLE,7,44,7,0.0,0.0,0.0,0,cyclicDep,103472,smell
tika,697d7c047daf1f661a4ed067bbc8f9c58bb6faa2,1,2026-01-07T07:46:39.000,20.625815873409987,10.534716278680628,0.0,UNIT,CONCRETE_CLASS,"[org.apache.tika.parser.microsoft.onenote.OneNoteDocument, org.apache.tika.parser.microsoft.onenote.FileNodePtr]",5809;5658,0.0,,0.0,0.0,0.0,6.0,2.0,2,2.7968912002115933E-7,1,4.300779911293196,TINY,2,23,6,0.0,0.0,0.0,0,cyclicDep,103483,smell
tika,697d7c047daf1f661a4ed067bbc8f9c58bb6faa2,1,2026-01-07T07:46:39.000,11.966095774523751,3.1980736175422315,0.0,UNIT,CONCRETE_CLASS,"[org.apache.tika.parser.microsoft.onenote.OneNoteDocument, org.apache.tika.parser.microsoft.onenote.PropertySet, org.apache.tika.parser.microsoft.onenote.FileNodeUnion, org.apache.tika.parser.microsoft.onenote.ObjectDeclarationWithRefCount, org.apache.tika.parser.microsoft.onenote.ObjectSpaceObjectPropSet]",5583;5502;5639;5761;5815,0.0,,0.0,0.0,0.0,6.0,2.0,5,2.0170346391614647E-7,1,3.1980736175422315,CIRCLE,5,14,1,0.0,0.0,0.0,0,cyclicDep,103489,smell
tika,697d7c047daf1f661a4ed067bbc8f9c58bb6faa2,1,2026-01-07T07:46:39.000,25.193564186839538,8.246529636565768,0.0,UNIT,CONCRETE_CLASS,"[org.apache.tika.parser.microsoft.onenote.PropertySet, org.apache.tika.parser.microsoft.onenote.CheckedFileNodePushBack, org.apache.tika.parser.microsoft.onenote.OneNotePtr, org.apache.tika.parser.microsoft.onenote.FileNode, org.apache.tika.parser.microsoft.onenote.FileNodeUnion, org.apache.tika.parser.microsoft.onenote.ObjectDeclarationWithRefCount, org.apache.tika.parser.microsoft.onenote.ObjectSpaceObjectPropSet]",5584;5502;5639;5761;5745;5415;5886,0.0,,0.0,0.0,0.0,6.0,2.0,14,2.0218326276453792E-7,1,4.761136105551473,CIRCLE,7,28,3,0.0,0.0,0.0,0,cyclicDep,103498,smell
tika,697d7c047daf1f661a4ed067bbc8f9c58bb6faa2,1,2026-01-07T07:46:39.000,90.83668748734317,22.833606621786107,0.0,UNIT,CONCRETE_CLASS,"[org.apache.tika.parser.microsoft.onenote.PropertySet, org.apache.tika.parser.microsoft.onenote.OneNotePtr, org.apache.tika.parser.microsoft.onenote.FileNode, org.apache.tika.parser.microsoft.onenote.FileNodeUnion, org.apache.tika.parser.microsoft.onenote.ObjectDeclarationWithRefCount, org.apache.tika.parser.microsoft.onenote.ObjectSpaceObjectPropSet]",5584;5502;5639;5761;5745;5936,0.0,,0.0,0.0,0.0,6.0,2.0,12,2.175479497458939E-7,1,4.761136105551473,CIRCLE,6,364,23,0.0,0.0,0.0,0,cyclicDep,103509,smell
tika,697d7c047daf1f661a4ed067bbc8f9c58bb6faa2,1,2026-01-07T07:46:39.000,30.94565936962756,7.99013489173167,0.0,UNIT,CONCRETE_CLASS,"[org.apache.tika.parser.microsoft.onenote.PropertySet, org.apache.tika.parser.microsoft.onenote.OneNotePtr, org.apache.tika.parser.microsoft.onenote.FileNodeUnion, org.apache.tika.parser.microsoft.onenote.ObjectDeclarationWithRefCount, org.apache.tika.parser.microsoft.onenote.ObjectSpaceObjectPropSet]",5584;5502;5639;5761;5937,0.0,,0.0,0.0,0.0,6.0,2.0,8,1.8855914279642442E-7,1,2.526702506985495,CIRCLE,5,150,10,0.0,0.0,0.0,0,cyclicDep,103519,smell
tika,697d7c047daf1f661a4ed067bbc8f9c58bb6faa2,1,2026-01-07T07:46:39.000,15.575640315398203,3.5732969534609875,0.0,UNIT,CONCRETE_CLASS,"[org.apache.tika.parser.microsoft.onenote.PropertySet, org.apache.tika.parser.microsoft.onenote.OneNotePtr, org.apache.tika.parser.microsoft.onenote.ObjectDeclarationWithRefCount, org.apache.tika.parser.microsoft.onenote.ObjectSpaceObjectPropSet]",5584;5502;5639;5924,0.0,,0.0,0.0,0.0,6.0,2.0,6,1.9508407232332264E-7,1,2.526702506985495,CIRCLE,4,38,2,0.0,0.0,0.0,0,cyclicDep,103528,smell
tika,697d7c047daf1f661a4ed067bbc8f9c58bb6faa2,1,2026-01-07T07:46:39.000,9.785876730375353,2.526702506985495,0.0,UNIT,CONCRETE_CLASS,"[org.apache.tika.parser.microsoft.onenote.PropertySet, org.apache.tika.parser.microsoft.onenote.OneNotePtr, org.apache.tika.parser.microsoft.onenote.ObjectRevisionWithRefCountFNDX, org.apache.tika.parser.microsoft.onenote.ObjectSpaceObjectPropSet]",5934;5584;5502;6051,0.0,,0.0,0.0,0.0,6.0,2.0,6,1.9508407232332264E-7,1,2.526702506985495,CIRCLE,4,15,1,0.0,0.0,0.0,0,cyclicDep,103536,smell
tika,697d7c047daf1f661a4ed067bbc8f9c58bb6faa2,1,2026-01-07T07:46:39.000,17.907526227723213,4.548516210360181,0.0,UNIT,CONCRETE_CLASS,"[org.apache.tika.parser.microsoft.onenote.PropertySet, org.apache.tika.parser.microsoft.onenote.OneNotePtr, org.apache.tika.parser.microsoft.onenote.ObjectSpaceObjectPropSet]",5584;5502;5905,0.0,,0.0,0.0,0.0,6.0,2.0,4,2.1960707355724142E-7,1,3.216286656682621,CIRCLE,3,31,2,0.0,0.0,0.0,0,cyclicDep,103544,smell
tika,697d7c047daf1f661a4ed067bbc8f9c58bb6faa2,1,2026-01-07T07:46:39.000,51.5891748616983,16.464291493123927,0.0,UNIT,CONCRETE_CLASS,"[org.apache.tika.parser.microsoft.onenote.OneNoteParser, org.apache.tika.parser.microsoft.onenote.OneNoteTreeWalker, org.apache.tika.parser.microsoft.onenote.PropertySet, org.apache.tika.parser.microsoft.onenote.OneNotePtr, org.apache.tika.parser.microsoft.onenote.FileNode, org.apache.tika.parser.microsoft.onenote.FileNodeUnion, org.apache.tika.parser.microsoft.onenote.ObjectDeclarationWithRefCount, org.apache.tika.parser.microsoft.onenote.ObjectSpaceObjectPropSet]",5575;5910;5584;5502;5639;5761;5745;5995,0.0,,0.0,0.0,0.0,6.0,2.0,19,1.9404161850091615E-7,1,4.964170665612031,CIRCLE,8,108,11,0.0,0.0,0.0,0,cyclicDep,103557,smell
tika,697d7c047daf1f661a4ed067bbc8f9c58bb6faa2,1,2026-01-07T07:46:39.000,31.938671946425124,10.646223982141708,0.0,UNIT,CONCRETE_CLASS,"[org.apache.tika.parser.microsoft.onenote.OneNoteParser, org.apache.tika.parser.microsoft.onenote.OneNoteTreeWalker, org.apache.tika.parser.microsoft.onenote.PropertySet, org.apache.tika.parser.microsoft.onenote.OneNotePtr, org.apache.tika.parser.microsoft.onenote.FileNodeUnion, org.apache.tika.parser.microsoft.onenote.ObjectDeclarationWithRefCount, org.apache.tika.parser.microsoft.onenote.ObjectSpaceObjectPropSet]",5575;5910;5584;5502;5639;5761;5996,0.0,,0.0,0.0,0.0,6.0,2.0,14,1.6997728050201258E-7,1,4.761136105551473,CIRCLE,7,45,5,0.0,0.0,0.0,0,cyclicDep,103569,smell
tika,697d7c047daf1f661a4ed067bbc8f9c58bb6faa2,1,2026-01-07T07:46:39.000,26.49098507800263,8.111174528098708,0.0,UNIT,CONCRETE_CLASS,"[org.apache.tika.parser.microsoft.onenote.OneNoteParser, org.apache.tika.parser.microsoft.onenote.OneNoteTreeWalker, org.apache.tika.parser.microsoft.onenote.OneNotePtr]",5575;5910;5977,0.0,,0.0,0.0,0.0,6.0,2.0,4,1.5023516394583484E-7,1,3.311373134750329,CIRCLE,3,64,6,0.0,0.0,0.0,0,cyclicDep,103580,smell
tika,697d7c047daf1f661a4ed067bbc8f9c58bb6faa2,1,2026-01-07T07:46:39.000,14.068084173867113,5.05340501397099,0.0,UNIT,CONCRETE_CLASS,"[org.apache.tika.parser.microsoft.onenote.OneNoteParser, org.apache.tika.parser.microsoft.onenote.OneNoteTreeWalker, org.apache.tika.parser.microsoft.onenote.PropertySet, org.apache.tika.parser.microsoft.onenote.OneNotePtr]",5575;5910;5584;5985,0.0,,0.0,0.0,0.0,6.0,2.0,7,1.731216484882346E-7,1,2.526702506985495,CIRCLE,4,31,4,0.0,0.0,0.0,0,cyclicDep,103587,smell
tika,697d7c047daf1f661a4ed067bbc8f9c58bb6faa2,1,2026-01-07T07:46:39.000,22.59951425815482,8.752754235421067,0.0,UNIT,CONCRETE_CLASS,"[org.apache.tika.parser.microsoft.onenote.OneNoteParser, org.apache.tika.parser.microsoft.onenote.OneNoteTreeWalker, org.apache.tika.parser.microsoft.onenote.OneNotePtr, org.apache.tika.parser.microsoft.onenote.PropertyValue]",5990;5575;5910;5675,0.0,,0.0,0.0,0.0,6.0,2.0,7,1.538498783181518E-7,1,2.526702506985495,CIRCLE,4,80,12,0.0,0.0,0.0,0,cyclicDep,103595,smell
tika,697d7c047daf1f661a4ed067bbc8f9c58bb6faa2,1,2026-01-07T07:46:39.000,42.58489592856683,16.493059273131536,0.0,UNIT,CONCRETE_CLASS,"[org.apache.tika.parser.microsoft.onenote.OneNoteParser, org.apache.tika.parser.microsoft.onenote.OneNoteTreeWalker, org.apache.tika.parser.microsoft.onenote.PropertySet, org.apache.tika.parser.microsoft.onenote.OneNotePtr, org.apache.tika.parser.microsoft.onenote.PropertyValue]",5990;5575;5910;5584;5697,0.0,,0.0,0.0,0.0,6.0,2.0,12,1.714361230776082E-7,1,4.761136105551473,CIRCLE,5,80,12,0.0,0.0,0.0,0,cyclicDep,103603,smell
tika,697d7c047daf1f661a4ed067bbc8f9c58bb6faa2,1,2026-01-07T07:46:39.000,27.984596497553138,16.15691432102536,0.0,UNIT,ABSTRACTION,"[org.apache.tika.parser.microsoft.onenote.fsshttpb.streamobj.StreamObjectHeaderStart16bit, org.apache.tika.parser.microsoft.onenote.fsshttpb.streamobj.StreamObjectHeaderStart, org.apache.tika.parser.microsoft.onenote.fsshttpb.streamobj.StreamObject]",3999;4164;3458,0.0,,0.0,0.0,0.0,8.0,0.0,5,4.020733312706903E-7,1,2.901867476448485,CIRCLE,3,93,31,0.0,0.0,0.0,0,cyclicDep,103618,smell
tika,697d7c047daf1f661a4ed067bbc8f9c58bb6faa2,1,2026-01-07T07:46:39.000,27.984596497553138,16.15691432102536,0.0,UNIT,ABSTRACTION,"[org.apache.tika.parser.microsoft.onenote.fsshttpb.streamobj.StreamObjectHeaderStart, org.apache.tika.parser.microsoft.onenote.fsshttpb.streamobj.StreamObjectHeaderStart32bit, org.apache.tika.parser.microsoft.onenote.fsshttpb.streamobj.StreamObject]",4008;4164;4115,0.0,,0.0,0.0,0.0,8.0,0.0,5,4.052273057182026E-7,1,2.901867476448485,CIRCLE,3,93,31,0.0,0.0,0.0,0,cyclicDep,103631,smell
tika,697d7c047daf1f661a4ed067bbc8f9c58bb6faa2,1,2026-01-07T07:46:39.000,9.741652917286862,9.741652917286862,0.0,UNIT,CONCRETE_CLASS,"[org.apache.tika.parser.microsoft.onenote.fsshttpb.property.PrtArrayOfPropertyValues, org.apache.tika.parser.microsoft.onenote.fsshttpb.streamobj.PropertySet]",3723;30313,0.0,,0.0,0.0,0.0,8.0,1.0,2,1.3780710831632936E-7,1,3.977013149774666,TINY,2,6,6,0.0,0.0,0.0,0,cyclicDep,103644,smell
tika,697d7c047daf1f661a4ed067bbc8f9c58bb6faa2,1,2026-01-07T07:46:39.000,18.80625065600581,13.298027367555665,0.0,UNIT,CONCRETE_CLASS,"[org.apache.tika.parser.microsoft.onenote.fsshttpb.streamobj.IntermediateNodeObject, org.apache.tika.parser.microsoft.onenote.fsshttpb.streamobj.LeafNodeObject, org.apache.tika.parser.microsoft.onenote.fsshttpb.streamobj.ObjectGroupDataElementData]",3690;3905;4250,0.0,,0.0,0.0,0.0,8.0,0.0,5,1.7493185507096415E-7,1,2.901867476448485,CIRCLE,3,42,21,0.0,0.0,0.0,0,cyclicDep,103662,smell
tika,697d7c047daf1f661a4ed067bbc8f9c58bb6faa2,1,2026-01-07T07:46:39.000,10.42630072698856,10.42630072698856,0.0,UNIT,CONCRETE_CLASS,"[org.apache.tika.parser.microsoft.ooxml.xwpf.ml2006.Word2006MLDocHandler, org.apache.tika.parser.microsoft.ooxml.xwpf.ml2006.BinaryDataHandler]",2676;2779,0.0,,0.0,0.0,0.0,8.0,0.0,2,1.199214350578721E-7,1,5.21315036349428,TINY,2,4,4,0.0,0.0,0.0,0,cyclicDep,103681,smell
tika,697d7c047daf1f661a4ed067bbc8f9c58bb6faa2,1,2026-01-07T07:46:39.000,9.616836237917102,9.616836237917102,0.0,UNIT,CONCRETE_CLASS,"[org.apache.tika.parser.mp3.LyricsHandler, org.apache.tika.parser.mp3.ID3v1Handler]",24019;24070,0.0,,0.0,0.0,0.0,5.0,2.0,2,1.6953930208478123E-7,1,4.300779911293196,TINY,2,5,5,0.0,0.0,0.0,0,cyclicDep,103687,smell
tika,697d7c047daf1f661a4ed067bbc8f9c58bb6faa2,1,2026-01-07T07:46:39.000,6.723694226653198,6.723694226653198,0.0,UNIT,CONCRETE_CLASS,"[org.apache.tika.pipes.emitter.opensearch.OpenSearchClient, org.apache.tika.pipes.emitter.opensearch.OpenSearchEmitter]",28282;28235,0.0,,0.0,0.0,0.0,6.0,0.0,2,1.6779013195861926E-7,1,3.8819266717069567,TINY,2,3,3,0.0,0.0,0.0,0,cyclicDep,103693,smell
tika,697d7c047daf1f661a4ed067bbc8f9c58bb6faa2,1,2026-01-07T07:46:39.000,14.524839606107115,14.524839606107115,0.0,UNIT,CONCRETE_CLASS,"[org.apache.tika.pipes.reporter.jdbc.JDBCPipesReporter, org.apache.tika.pipes.reporter.jdbc.JDBCPipesReporterConfig]",11075;11021,0.0,,0.0,0.0,0.0,6.0,0.0,2,1.600816815419571E-7,1,3.8819266717069567,TINY,2,14,14,0.0,0.0,0.0,0,cyclicDep,103699,smell
tika,697d7c047daf1f661a4ed067bbc8f9c58bb6faa2,1,2026-01-07T07:46:39.000,12.464218520876248,9.205435449761223,0.0,UNIT,CONCRETE_CLASS,"[org.apache.tika.server.core.ServerStatus, org.apache.tika.server.core.ServerStatusWatcher]",9858;9844,0.0,,0.0,0.0,0.0,5.0,0.0,2,1.2123261989183355E-6,1,3.7581032853404617,TINY,2,11,6,0.0,0.0,0.0,0,cyclicDep,103705,smell
tika,697d7c047daf1f661a4ed067bbc8f9c58bb6faa2,1,2026-01-07T07:46:39.000,10.39448919043897,7.350013793529662,0.0,UNIT,CONCRETE_CLASS,"[org.apache.tika.server.core.TaskStatus, org.apache.tika.server.core.ServerStatus, org.apache.tika.server.core.ServerStatusWatcher]",9845;9858;9924,0.0,,0.0,0.0,0.0,5.0,0.0,5,1.1645947086238987E-6,1,2.77804409008199,CIRCLE,3,14,7,0.0,0.0,0.0,0,cyclicDep,103711,smell
tika,697d7c047daf1f661a4ed067bbc8f9c58bb6faa2,1,2026-01-07T07:46:39.000,16.65684897214196,9.616836237917102,0.0,UNIT,CONCRETE_CLASS,"[org.apache.tika.server.core.resource.RecursiveMetadataResource, org.apache.tika.server.core.resource.TikaResource]",30645;30554,0.0,,0.0,0.0,0.0,6.0,2.0,2,3.5098391105144575E-7,1,4.300779911293196,TINY,2,15,5,0.0,0.0,0.0,0,cyclicDep,103718,smell
tika,697d7c047daf1f661a4ed067bbc8f9c58bb6faa2,1,2026-01-07T07:46:39.000,33.03555233305722,33.03555233305722,0.0,UNIT,CONCRETE_CLASS,"[org.apache.tika.server.core.TikaServerIntegrationTest, org.apache.tika.server.core.IntegrationTestBase]",9682;9818,0.0,,0.0,0.0,0.0,5.0,0.0,2,1.4595111584140944E-7,1,3.977013149774666,TINY,2,69,69,0.0,0.0,0.0,0,cyclicDep,103724,smell
tika,697d7c047daf1f661a4ed067bbc8f9c58bb6faa2,1,2026-01-07T07:46:39.000,18.73852730964665,13.839319591808103,0.0,UNIT,ABSTRACTION,"[org.apache.tika.parser.txt.CharsetMatch, org.apache.tika.parser.txt.CharsetDetector, org.apache.tika.parser.txt.CharsetRecognizer]",20785;20744;20739;20731;20935;20936,0.0,,0.0,0.0,0.0,5.0,2.0,6,1.445338555739913E-6,1,2.526702506985495,CLIQUE,3,55,30,0.0,0.0,0.0,0,cyclicDep,103730,smell
tika,697d7c047daf1f661a4ed067bbc8f9c58bb6faa2,1,2026-01-07T07:46:39.000,93.55882491742159,32.573001871188566,0.0,CONTAINER,PACKAGE,"[org.apache.tika.parser.microsoft.onenote.fsshttpb.streamobj, org.apache.tika.parser.microsoft.onenote.fsshttpb.streamobj.space, org.apache.tika.parser.microsoft.onenote.fsshttpb.streamobj.basic]",36292;36057;36021;36648;35909;37065,0.0,,0.0,0.0,0.0,8.666666666666666,3.0,6,9.271467967367773E-6,1,4.517062632398264,CLIQUE,3,429,52,0.4714045207910317,1.4142135623730951,0.0,0,cyclicDep,103737,smell
tika,697d7c047daf1f661a4ed067bbc8f9c58bb6faa2,1,2026-01-07T07:46:39.000,86.89806407920643,9.392327314969233,0.0,CONTAINER,PACKAGE,"[org.apache.tika.config, org.apache.tika.config.loader, org.apache.tika.detect]",36130;36175;36227;36883;36164;36407,0.0,,0.0,0.0,0.0,4.333333333333333,1.0,6,1.2309660394065725E-4,1,4.200376468639856,CLIQUE,3,428,5,0.4714045207910317,0.816496580927726,0.0,0,cyclicDep,103744,smell
tika,697d7c047daf1f661a4ed067bbc8f9c58bb6faa2,1,2026-01-07T07:46:39.000,47.3258873085369,32.431642247115825,0.0,CONTAINER,PACKAGE,"[org.apache.tika.pipes.core.fetcher, org.apache.tika.pipes.core.server, org.apache.tika.pipes.core, org.apache.tika.pipes.core.emitter]",37058;36839;36306;36520;36099;36959;11380;11344;11376,0.0,,0.0,0.0,0.0,5.75,1.6666666666666667,8,5.203492321384702E-6,1,3.5177055002388538,STAR,4,181,85,0.4330127018922193,0.7453559924999299,0.0,0,cyclicDep,103751,smell
tika,697d7c047daf1f661a4ed067bbc8f9c58bb6faa2,1,2026-01-07T07:46:39.000,8.654741940943696,3.8705182615337153,0.0,UNIT,CONCRETE_CLASS,"[org.apache.tika.parser.microsoft.SummaryExtractor, org.apache.tika.parser.microsoft.OfficeParser, org.apache.tika.parser.microsoft.HSLFExtractor, org.apache.tika.detect.microsoft.POIFSContainerDetector]",26687;27058;26708;26912;26701;19908,0.0,,0.0,0.0,0.0,5.0,1.5,6,1.7824205691796286E-7,1,2.736869709436857,STAR,4,10,2,0.0,1.5,0.0,0,cyclicDep,103759,smell
tika,697d7c047daf1f661a4ed067bbc8f9c58bb6faa2,1,2026-01-07T07:46:39.000,40.221078548270455,6.657440290497402,0.0,CONTAINER,PACKAGE,"[org.apache.tika.parser.html, org.apache.tika.parser.mock, org.apache.tika.sax.boilerpipe, org.apache.tika.sax.xpath, org.apache.tika.sax]",7790;36488;35859;37221;37286;7782;37229;36900;36666;36827,0.0,,0.0,0.0,0.0,4.8,3.5,8,3.6501687674194764E-5,1,4.707521174755252,STAR,5,73,2,0.4,1.02469507659596,0.0,0,cyclicDep,103767,smell
tika,697d7c047daf1f661a4ed067bbc8f9c58bb6faa2,1,2026-01-07T07:46:39.000,163.67222390100753,16.17625654973661,0.0,CONTAINER,PACKAGE,"[org.apache.tika.renderer, org.apache.tika.parser, org.apache.tika.parser.multiple, org.apache.tika.parser.ogg, org.apache.tika.parser.external, org.apache.tika.digest, org.apache.tika.renderer.pdf, org.apache.tika.mime]",36474;36052;35866;37112;36574;35939;25463;25247;25331;36418;35930;36337;37346;37423;37130;36847;37016,0.0,,0.0,0.0,0.0,4.5,3.2857142857142856,18,5.186879637323281E-5,1,5.7191703502660305,STAR,8,819,8,0.5,0.9583148474999099,0.0,0,cyclicDep,103776,smell
tika,697d7c047daf1f661a4ed067bbc8f9c58bb6faa2,1,2026-01-07T07:46:39.000,23.52107555648326,5.014710158096669,0.0,CONTAINER,PACKAGE,"[org.apache.tika.parser.executable, org.apache.tika.config, org.apache.tika.language.translate, org.apache.tika.parser.microsoft.pst, org.apache.tika.parser.xml]",36979;37362;36253;37463;36348;36207;37040;37032,0.0,,0.0,0.0,0.0,5.0,2.9,8,5.610670009840778E-5,1,5.014710158096669,STAR,5,22,1,0.6324555320336759,0.8306623862918076,0.0,0,cyclicDep,103788,smell
tika,697d7c047daf1f661a4ed067bbc8f9c58bb6faa2,1,2026-01-07T07:46:39.000,42.65984366841317,42.65984366841317,0.0,UNIT,INTERFACE,"[org.apache.tika.metadata.TikaCoreProperties, org.apache.tika.metadata.OfficeOpenXMLExtended, org.apache.tika.metadata.XMP, org.apache.tika.metadata.Office, org.apache.tika.metadata.DublinCore]",22269;22267;22288;22443;22272;22266;22327;22476,0.0,,0.0,0.0,0.0,4.0,2.0,9,3.689528923987106E-6,1,3.910621457429281,STAR,5,119,119,0.0,0.0,0.0,0,cyclicDep,103797,smell
tika,697d7c047daf1f661a4ed067bbc8f9c58bb6faa2,1,2026-01-07T07:46:39.000,39.453206686141364,7.390262720728006,0.0,CONTAINER,PACKAGE,"[org.apache.tika.detect.microsoft.ooxml, org.apache.tika.parser.microsoft.ooxml, org.apache.tika.parser.microsoft.ooxml.xwpf, org.apache.tika.parser.microsoft.ooxml.xslf, org.apache.tika.parser.microsoft.ooxml.xps]",36791;37223;36181;37110;26419;26411;36550;37638;26415;37464;36627,0.0,,0.0,0.0,0.0,6.6,4.1,8,5.293017813041298E-6,1,5.225704884576917,STAR,5,57,2,0.48989794855663565,1.57797338380595,0.0,0,cyclicDep,103806,smell
tika,697d7c047daf1f661a4ed067bbc8f9c58bb6faa2,1,2026-01-07T07:46:39.000,57.340095535568466,40.54557038708494,0.0,UNIT,ABSTRACTION,"[org.apache.tika.parser.txt.CharsetRecog_mbcs, org.apache.tika.parser.txt.CharsetRecog_Unicode, org.apache.tika.parser.txt.CharsetRecog_UTF8, org.apache.tika.parser.txt.CharsetDetector, org.apache.tika.parser.txt.CharsetRecog_2022, org.apache.tika.parser.txt.CharsetRecog_sbcs]",20767;20908;20783;20829;20852;20860;20775;20751;20900;20759,0.0,,0.0,0.0,0.0,5.0,2.0,10,5.406791641523472E-7,1,4.322172325786667,STAR,6,176,88,0.0,0.0,0.0,0,cyclicDep,103815,smell
tika,697d7c047daf1f661a4ed067bbc8f9c58bb6faa2,1,2026-01-07T07:46:39.000,40.97781472286649,30.425359673167986,0.0,UNIT,ABSTRACTION,"[org.apache.tika.parser.microsoft.onenote.fsshttpb.streamobj.IntermediateNodeObject, org.apache.tika.parser.microsoft.onenote.fsshttpb.streamobj.LeafNodeObject, org.apache.tika.parser.microsoft.onenote.fsshttpb.streamobj.chunking.ChunkingFactory, org.apache.tika.parser.microsoft.onenote.fsshttpb.streamobj.NodeObject]",3666;29596;4255;3690;4088;4251;29584,0.0,,0.0,0.0,0.0,8.25,2.0,9,1.609617658521461E-7,1,4.639823852013402,CHAIN,4,78,43,0.4330127018922193,2.0,0.0,0,cyclicDep,103825,smell
tika,697d7c047daf1f661a4ed067bbc8f9c58bb6faa2,1,2026-01-07T07:46:39.000,40.663045105087605,24.52073880852242,0.0,CONTAINER,PACKAGE,"[org.apache.tika.parser.pdf.image, org.apache.tika.renderer.pdf.pdfbox, org.apache.tika.parser.pdf]",37062;37575;36920;36035,0.0,,0.0,0.0,0.0,5.666666666666667,3.0,4,3.555210562151987E-6,1,5.00527484974509,CHAIN,3,66,24,0.4714045207910317,2.160246899469287,0.0,0,cyclicDep,103833,smell
tika,697d7c047daf1f661a4ed067bbc8f9c58bb6faa2,1,2026-01-07T07:46:39.000,17.548342388693264,4.387085597173316,0.0,CONTAINER,PACKAGE,"[org.apache.tika.parser.microsoft.rtf, org.apache.tika.parser.microsoft, org.apache.tika.detect.microsoft]",36922;36748;36322;37516,0.0,,0.0,0.0,0.0,5.333333333333333,3.0,4,8.436351522315647E-6,1,4.387085597173316,CHAIN,3,16,1,0.4714045207910317,0.816496580927726,0.0,0,cyclicDep,103840,smell
tika,697d7c047daf1f661a4ed067bbc8f9c58bb6faa2,1,2026-01-07T07:46:39.000,14.986929893184543,4.662216705463135,0.0,UNIT,CONCRETE_CLASS,"[org.apache.tika.parser.microsoft.onenote.OneNoteParser, org.apache.tika.parser.microsoft.onenote.PropertySet, org.apache.tika.parser.microsoft.onenote.fsshttpb.MSOneStorePackage, org.apache.tika.parser.microsoft.onenote.OneNotePtr]",5568;3318;5910;5554;5584;5912,0.0,,0.0,0.0,0.0,6.25,1.0,6,1.743666384017263E-7,1,2.6917320699195115,CHAIN,4,31,3,0.4330127018922193,1.0,0.0,0,cyclicDep,103847,smell
tika,697d7c047daf1f661a4ed067bbc8f9c58bb6faa2,1,2026-01-07T07:46:39.000,76.4148118140263,15.232272464084971,0.0,CONTAINER,PACKAGE,"[org.apache.tika.config.loader, org.apache.tika.serialization.serdes, org.apache.tika.serialization, org.apache.tika.metadata.filter]",36955;36180;36089;36429;36302;35917,0.0,,0.0,0.0,0.0,4.75,2.6666666666666665,8,2.8917468178515366E-5,1,4.3971783037545915,CHAIN,4,302,12,0.4330127018922193,1.3743685418725535,0.0,0,cyclicDep,103855,smell
tika,697d7c047daf1f661a4ed067bbc8f9c58bb6faa2,1,2026-01-07T07:46:39.000,62.30003735162193,20.514952491692544,0.0,CONTAINER,PACKAGE,"[org.apache.tika.parser.microsoft.onenote.fsshttpb.property, org.apache.tika.parser.microsoft.onenote.fsshttpb.streamobj.chunking, org.apache.tika.parser.microsoft.onenote.fsshttpb.streamobj]",36354;36498;36288;36904,0.0,,0.0,0.0,0.0,8.333333333333334,3.0,4,6.517752333008304E-6,1,4.835420674198553,CHAIN,3,166,18,0.4714045207910317,1.4142135623730951,0.0,0,cyclicDep,103863,smell
tika,697d7c047daf1f661a4ed067bbc8f9c58bb6faa2,1,2026-01-07T07:46:39.000,12.252020344612914,12.252020344612914,0.0,UNIT,CONCRETE_CLASS,"[org.apache.tika.config.loader.TikaLoader, org.apache.tika.config.loader.DetectorLoader, org.apache.tika.config.loader.ParserLoader]",29837;29814;29996;29858,0.0,,0.0,0.0,0.0,5.0,0.0,4,4.9096408185783E-7,1,2.6736100307298867,CHAIN,3,21,21,0.0,0.0,0.0,0,cyclicDep,103870,smell
tika,697d7c047daf1f661a4ed067bbc8f9c58bb6faa2,1,2026-01-07T07:46:39.000,59.53526656556887,54.86096254795202,0.0,CONTAINER,PACKAGE,"[org.apache.tika.server.core.resource, org.apache.tika.server.core.writer, org.apache.tika.server.core]",35906;36522;37590;36140,0.0,,0.0,0.0,0.0,5.666666666666667,1.3333333333333333,4,4.026948752564429E-6,1,3.9086817410387766,CHAIN,3,232,197,0.4714045207910317,0.9428090415820634,0.0,0,cyclicDep,103877,smell
tika,697d7c047daf1f661a4ed067bbc8f9c58bb6faa2,1,2026-01-07T07:46:39.000,46.76850270625911,46.76850270625911,0.0,CONTAINER,PACKAGE,"[org.apache.tika.eval.core.langid, org.apache.tika.eval.core.tokens, org.apache.tika.eval.core.textstats]",36324;37396;37033;36025;37548,0.0,,0.0,0.0,0.0,6.0,1.6666666666666667,5,1.0529371501557377E-5,1,3.4292329978706264,CHAIN,3,186,186,0.0,0.4714045207910317,0.0,0,cyclicDep,103884,smell
tika,697d7c047daf1f661a4ed067bbc8f9c58bb6faa2,1,2026-01-07T07:46:39.000,21.668826073076787,12.510502566314065,0.0,UNIT,ABSTRACTION,"[org.apache.tika.parser.microsoft.onenote.fsshttpb.streamobj.StreamObjectHeaderStart16bit, org.apache.tika.parser.microsoft.onenote.fsshttpb.streamobj.StreamObjectHeaderStart, org.apache.tika.parser.microsoft.onenote.fsshttpb.streamobj.StreamObjectHeaderStart32bit]",3999;3483;4119;4008,0.0,,0.0,0.0,0.0,8.0,0.0,4,2.4319434658907265E-7,1,2.7974334170963817,CHAIN,3,60,20,0.0,0.0,0.0,0,cyclicDep,103891,smell
tika,697d7c047daf1f661a4ed067bbc8f9c58bb6faa2,1,2026-01-07T07:46:39.000,16.293345605620722,7.982076587317866,0.0,UNIT,CONCRETE_CLASS,"[org.apache.tika.parser.pdf.PDF2XHTML, org.apache.tika.parser.pdf.image.ImageGraphicsEngineFactory, org.apache.tika.parser.pdf.PDFParserConfig]",24543;24562;18711;24542,0.0,,0.0,0.0,0.0,5.333333333333333,0.6666666666666666,4,2.0531689425282332E-7,1,3.2586691211241448,CHAIN,3,25,6,0.4714045207910317,0.9428090415820634,0.0,0,cyclicDep,103898,smell
tika,697d7c047daf1f661a4ed067bbc8f9c58bb6faa2,1,2026-01-07T07:46:39.000,11.502791086270191,6.8742324967533905,0.0,UNIT,CONCRETE_CLASS,"[org.apache.tika.parser.microsoft.chm.DirectoryListingEntry, org.apache.tika.parser.microsoft.chm.ChmAssert, org.apache.tika.parser.microsoft.chm.ChmCommons]",12229;12061;12023;12227;12024,0.0,,0.0,0.0,0.0,6.0,2.0,5,6.294434453393493E-7,1,3.0742502311757365,CHAIN,3,14,5,0.0,0.0,0.0,0,cyclicDep,103905,smell
tika,697d7c047daf1f661a4ed067bbc8f9c58bb6faa2,1,2026-01-07T07:46:39.000,24.307110487052164,6.496348536072076,0.0,CONTAINER,PACKAGE,"[org.apache.tika.parser.iwork, org.apache.tika.detect, org.apache.tika.detect.apple]",37231;36210;37150;36583;36516,0.0,,0.0,0.0,0.0,4.666666666666667,3.3333333333333335,5,2.8374480532003775E-5,1,4.593612102807866,CHAIN,3,28,2,0.4714045207910317,0.9428090415820634,0.0,0,cyclicDep,103912,smell
tika,697d7c047daf1f661a4ed067bbc8f9c58bb6faa2,1,2026-01-07T07:46:39.000,11.596486457259834,8.509494638677593,0.0,UNIT,CONCRETE_CLASS,"[org.apache.tika.parser.dbf.DBFReader, org.apache.tika.parser.dbf.DBFFileHeader, org.apache.tika.parser.dbf.DBFCell]",29181;29114;29135;29180,0.0,,0.0,0.0,0.0,5.0,2.0,4,2.1336193639256177E-7,1,3.216286656682621,CHAIN,3,13,7,0.0,0.0,0.0,0,cyclicDep,103919,smell
tika,697d7c047daf1f661a4ed067bbc8f9c58bb6faa2,1,2026-01-07T07:46:39.000,15.992403270320567,15.992403270320567,0.0,CONTAINER,PACKAGE,"[org.apache.tika.parser.ner.opennlp, org.apache.tika.parser.ner, org.apache.tika.parser.ner.regex]",37578;36738;36823;37123,0.0,,0.0,0.0,0.0,5.666666666666667,1.0,4,7.68264835735504E-6,1,3.489828501452539,CHAIN,3,21,21,0.4714045207910317,0.816496580927726,0.0,0,cyclicDep,103926,smell
tika,697d7c047daf1f661a4ed067bbc8f9c58bb6faa2,1,2026-01-07T07:46:39.000,372.90829883498606,372.90829883498606,0.0,CONTAINER,PACKAGE,[org.apache.tika],,0.0,org.apache.tika,0.0,0.0,178.2340425531915,3.0,0.0,63,1.7252820221319766E-4,1,6.822000577606092,,47,2988,2988,0.0,0.0,0.0,0,godComponent,103933,smell
tika,697d7c047daf1f661a4ed067bbc8f9c58bb6faa2,1,2026-01-07T07:46:39.000,79.24189925647391,78.47129521869847,0.0,UNIT,CONCRETE_CLASS,"[org.apache.tika.pipes.api.fetcher.FetcherNotFoundException, org.apache.tika.pipes.core.AbstractComponentManager, org.apache.tika.pipes.core.fetcher.FetcherManagerTest, org.apache.tika.pipes.core.PluginManagerTest, org.apache.tika.plugins.ExtensionConfig, org.apache.tika.server.standard.FetcherTest, org.apache.tika.pipes.core.config.ConfigStore, org.apache.tika.config.loader.TikaJsonConfig, org.apache.tika.server.standard.TikaPipesTest, org.apache.tika.server.core.TikaPipesTest, org.apache.tika.server.core.TikaServerProcess, org.apache.tika.pipes.grpc.TikaGrpcServerImpl, org.apache.tika.exception.TikaException, org.apache.tika.server.core.FetcherStreamFactory, org.apache.tika.server.core.TikaResourceFetcherTest, org.apache.tika.pipes.core.fetcher.FetcherManager, org.apache.tika.pipes.api.fetcher.Fetcher, org.apache.tika.pipes.api.fetcher.FetcherFactory, org.apache.tika.exception.TikaConfigException, org.apache.tika.pipes.core.server.PipesServer, org.apache.tika.pipes.fetcher.http.HttpFetcherTest, org.apache.tika.pipes.core.server.FetchHandler]",,0.0,org.apache.tika.pipes.core.fetcher.FetcherManager,0.0,0.0,0.0,5.2727272727272725,2.7532467532467533,71,1.6528625461915342E-6,1,6.3648625141744395,,22,155,152,0.6863485850246136,1.0505308180719382,0.0,0,hubLikeDep,103940,smell
tika,697d7c047daf1f661a4ed067bbc8f9c58bb6faa2,1,2026-01-07T07:46:39.000,111.00274012607343,22.2898866076008,0.0,UNIT,CONCRETE_CLASS,"[org.apache.tika.digest.DigestHelper, org.apache.tika.config.ComponentRegistryIntegrationTest, org.apache.tika.parser.Parser, org.apache.tika.mime.MediaTypeRegistry, org.apache.tika.bundle.BundleIT, org.apache.tika.parser.image.HeifParserTest, org.apache.tika.parser.microsoft.ooxml.SXSLFExtractorTest, org.apache.tika.metadata.Metadata, org.apache.tika.parser.digest.SkipContainerDocumentDigestTest, org.apache.tika.extractor.ParsingEmbeddedDocumentExtractorFactory, org.apache.tika.exception.ZeroByteFileException, org.apache.tika.parser.CompositeParser, org.apache.tika.example.GrabPhoneNumbersExample, org.apache.tika.example.ParsingExample, org.apache.tika.parser.AutoDetectParser, org.apache.tika.parser.mbox.MboxParserTest, org.apache.tika.parser.RecursiveParserWrapper, org.apache.tika.parser.ParsingReader, org.apache.tika.sax.SecureContentHandler, org.apache.tika.parser.ParseContext, org.apache.tika.parser.DefaultParser, org.apache.tika.cli.TikaCLI, org.apache.tika.pipes.core.server.PipesServer, org.apache.tika.example.Language, org.apache.tika.config.loader.TikaLoader, org.apache.tika.parser.pdf.PDFParserTest, org.apache.tika.parser.mail.MboxParserTest, org.apache.tika.extractor.EmbeddedDocumentExtractor, org.apache.tika.mime.MediaType, org.apache.tika.sax.BodyContentHandlerTest, org.apache.tika.example.StandardsExtractionExample, org.apache.tika.exception.TikaException, org.apache.tika.extractor.EmbeddedDocumentUtil, org.apache.tika.io.TikaInputStream, org.apache.tika.example.TIAParsingExample, org.apache.tika.pipes.core.server.PipesWorker, org.apache.tika.extractor.EmbeddedDocumentExtractorFactory, org.apache.tika.parser.ParseRecord, org.apache.tika.parser.EmptyParser, org.apache.tika.metadata.writefilter.StandardWriteFilterTest, org.apache.tika.parser.ocr.TestOCR, org.apache.tika.pipes.core.server.ParseHandler, org.apache.tika.parser.txt.CharsetDetectorTest, org.apache.tika.parser.AutoDetectParserConfig, org.apache.tika.extractor.ParserContainerExtractor, org.apache.tika.detect.Detector, org.apache.tika.parser.AutoDetectParserTest, org.apache.tika.TikaTest, org.apache.tika.example.ContentHandlerExample, org.apache.tika.metadata.TikaCoreProperties, org.apache.tika.Tika, org.apache.tika.metadata.HttpHeaders, org.apache.tika.detect.DefaultDetector]",,0.0,org.apache.tika.parser.AutoDetectParser,0.0,0.0,0.0,4.283018867924528,2.5130624092888243,328,1.8230557860081223E-6,1,7.048681046690234,,53,248,10,0.6552360511013335,1.055177598954721,0.0,0,hubLikeDep,103967,smell
tika,697d7c047daf1f661a4ed067bbc8f9c58bb6faa2,1,2026-01-07T07:46:39.000,99.68377171784749,43.19810103611034,0.0,UNIT,CONCRETE_CLASS,"[org.apache.tika.sax.BodyContentHandler, org.apache.tika.parser.microsoft.SummaryExtractor, org.apache.tika.parser.microsoft.ProjectParserTest, org.apache.tika.config.TikaComponent, org.apache.tika.parser.microsoft.WriteProtectedParserTest, org.apache.tika.extractor.EmbeddedDocumentExtractor, org.apache.tika.mime.MediaType, org.apache.tika.parser.microsoft.ooxml.OOXMLParser, org.apache.tika.parser.microsoft.activemime.ActiveMimeParser, org.apache.tika.metadata.Metadata, org.apache.tika.exception.TikaException, org.apache.tika.parser.microsoft.ooxml.AbstractOOXMLExtractor, org.apache.tika.parser.PasswordProvider, org.apache.tika.config.ConfigDeserializer, org.apache.tika.parser.microsoft.OutlookExtractor, org.apache.tika.extractor.EmbeddedDocumentUtil, org.apache.tika.parser.microsoft.OfficeParserConfig, org.apache.tika.parser.microsoft.AbstractPOIFSExtractor, org.apache.tika.io.TikaInputStream, org.apache.tika.parser.microsoft.SolidworksParserTest, org.apache.tika.sax.EmbeddedContentHandler, org.apache.tika.parser.microsoft.PublisherParserTest, org.apache.tika.parser.microsoft.OfficeParserTest, org.apache.tika.parser.microsoft.HSLFExtractor, org.apache.tika.detect.microsoft.POIFSContainerDetector, org.apache.tika.parser.microsoft.OfficeParser, org.apache.tika.config.JsonConfig, org.apache.tika.xmp.convert.TikaToXMP, org.apache.tika.parser.microsoft.AbstractOfficeParser, org.apache.tika.sax.XHTMLContentHandler, org.apache.tika.extractor.microsoft.MSEmbeddedStreamTranslator, org.apache.tika.parser.microsoft.ExcelExtractor, org.apache.tika.parser.microsoft.VisioParserTest, org.apache.tika.metadata.TikaCoreProperties, org.apache.tika.parser.microsoft.WordExtractor, org.apache.tika.parser.microsoft.rtf.RTFObjDataParser, org.apache.tika.utils.StringUtils, org.apache.tika.parser.ParseContext, org.apache.tika.parser.microsoft.WordParserTest, org.apache.tika.exception.EncryptedDocumentException]",,0.0,org.apache.tika.parser.microsoft.OfficeParser,0.0,0.0,0.0,4.675,2.1756410256410255,206,2.581167814171761E-6,1,6.830219493409412,,40,213,40,0.6475916923494309,1.4845085431640848,0.0,0,hubLikeDep,104025,smell
tika,697d7c047daf1f661a4ed067bbc8f9c58bb6faa2,1,2026-01-07T07:46:39.000,78.59236646441931,30.207216338343077,0.0,UNIT,CONCRETE_CLASS,"[org.apache.tika.detect.DefaultEncodingDetector, org.apache.tika.config.ServiceLoader, org.apache.custom.parser.CustomParserTest, org.apache.tika.parser.Parser, org.apache.tika.mime.MediaTypeRegistry, org.apache.tika.config.TikaComponent, org.apache.tika.serialization.serdes.DefaultParserSerializer, org.apache.tika.mime.MediaType, org.apache.tika.bundle.BundleIT, org.apache.tika.parser.CompositeParserTest, org.apache.tika.parser.internal.Activator, org.apache.tika.config.TikaParserConfigTest, org.apache.tika.parser.scientific.integration.TestParsers, org.apache.tika.parser.RenderingParser, org.apache.tika.parser.ParserDecorator, org.apache.tika.utils.ServiceLoaderUtils, org.apache.tika.parser.AbstractEncodingDetectorParser, org.apache.tika.parser.ocr.TestOCR, org.apache.tika.serialization.TikaModule, org.apache.tika.config.loader.ParserLoader, org.apache.tika.parser.CompositeParser, org.apache.tika.utils.ServiceLoaderUtilsTest, org.apache.tika.parser.AutoDetectParser, org.apache.tika.renderer.CompositeRenderer, org.apache.tika.parser.ParseContext, org.apache.tika.renderer.Renderer, org.apache.tika.parser.DefaultParser, org.apache.tika.detect.EncodingDetector]",,0.0,org.apache.tika.parser.DefaultParser,0.0,0.0,0.0,4.214285714285714,2.1560846560846563,106,1.0939471270843043E-6,1,5.924122521558852,,28,176,26,0.4896896143143603,1.0859748081049756,0.0,0,hubLikeDep,104073,smell
tika,697d7c047daf1f661a4ed067bbc8f9c58bb6faa2,1,2026-01-07T07:46:39.000,152.12507127564646,101.9212780653434,0.0,UNIT,CONCRETE_CLASS,"[org.apache.tika.server.core.StackTraceTest, org.apache.tika.server.core.InputStreamFactory, org.apache.tika.parser.Parser, org.apache.tika.server.standard.OpenNLPMetadataFilterTest, org.apache.tika.server.core.TikaResourceNoStackTest, org.apache.tika.metadata.Metadata, org.apache.tika.server.core.TikaResourceTest, org.apache.tika.server.core.resource.TikaParsers, org.apache.tika.sax.ContentHandlerFactory, org.apache.tika.server.core.ServerStatus, org.apache.tika.server.core.resource.TikaWelcome, org.apache.tika.exception.TikaConfigException, org.apache.tika.config.JsonConfig, org.apache.tika.server.core.resource.RecursiveMetadataResource, org.apache.tika.server.core.resource.MetadataResource, StandardCharsets, org.apache.tika.sax.ExpandedTitleContentHandler, org.apache.tika.server.core.resource.TikaResource, org.apache.tika.server.core.StackTraceOffTest, org.apache.tika.server.core.resource.TikaMimeTypes, org.apache.tika.parser.ParseContext, org.apache.tika.utils.ExceptionUtils, org.apache.tika.server.core.resource.TikaDetectors, org.apache.tika.server.core.TikaServerConfig, org.apache.tika.server.standard.OptimaizeMetadataFilterTest, org.apache.tika.exception.WriteLimitReachedException, org.apache.tika.sax.BodyContentHandler, org.apache.tika.config.loader.TikaLoader, org.apache.tika.server.core.resource.UnpackerResource, org.apache.tika.server.core.resource.TranslateResource, org.apache.tika.config.TikaTaskTimeout, org.apache.tika.server.core.TikaServerProcess, org.apache.tika.exception.TikaException, org.apache.tika.server.standard.TikaResourceTest, org.apache.tika.server.core.TikaResourceFetcherTest, org.apache.tika.io.TikaInputStream, org.apache.tika.sax.boilerpipe.BoilerpipeContentHandler, org.apache.tika.server.core.resource.DetectorResource, org.apache.tika.serialization.ParseContextUtils, org.apache.tika.server.standard.JsonMaxFieldLengthTest, org.apache.tika.sax.RichTextContentHandler, org.apache.tika.server.core.CXFTestBase, org.apache.tika.server.standard.resource.XMPMetadataResource, org.apache.tika.utils.XMLReaderUtils, org.apache.tika.serialization.serdes.ParseContextDeserializer, org.apache.tika.sax.BasicContentHandlerFactory, org.apache.tika.metadata.TikaCoreProperties, org.apache.tika.server.core.resource.TikaVersion, org.apache.tika.Tika, org.apache.tika.metadata.HttpHeaders, org.apache.tika.exception.EncryptedDocumentException, org.apache.tika.server.core.TikaResourceMetadataFilterTest, org.apache.tika.server.core.TikaServerParseException]",,0.0,org.apache.tika.server.core.resource.TikaResource,0.0,0.0,0.0,4.716981132075472,1.9871794871794872,194,2.0676333224098156E-6,1,7.596763536925536,,53,401,180,1.0348157887397802,1.059604514885317,0.0,0,hubLikeDep,104106,smell
tika,697d7c047daf1f661a4ed067bbc8f9c58bb6faa2,1,2026-01-07T07:46:39.000,92.04980022297865,60.57056550015166,0.0,UNIT,CONCRETE_CLASS,"[org.apache.tika.server.core.StackTraceTest, org.apache.tika.server.core.resource.RecursiveMetadataResource, org.apache.tika.server.standard.RecursiveMetadataResourceTest, org.apache.tika.parser.Parser, org.apache.tika.server.standard.FetcherTest, org.apache.tika.server.standard.OpenNLPMetadataFilterTest, org.apache.tika.server.core.resource.TikaResource, org.apache.tika.server.core.StackTraceOffTest, org.apache.tika.parser.RecursiveParserWrapper, org.apache.tika.sax.BasicContentHandlerFactory, org.apache.tika.server.core.MetadataList, org.apache.tika.metadata.Metadata, org.apache.tika.server.core.TikaServerProcess, org.apache.tika.sax.ContentHandlerFactory, org.apache.tika.metadata.filter.MetadataFilter, org.apache.tika.pipes.api.ParseMode, org.apache.tika.parser.ParseContext, org.apache.tika.server.standard.RecursiveMetadataFilterTest, org.apache.tika.io.TikaInputStream, org.apache.tika.server.core.TikaServerParseException, org.apache.tika.sax.RecursiveParserWrapperHandler, org.apache.tika.server.standard.OptimaizeMetadataFilterTest, org.apache.tika.server.core.resource.ServerHandlerConfig, org.apache.tika.server.core.RecursiveMetadataResourceTest]",,0.0,org.apache.tika.server.core.resource.RecursiveMetadataResource,0.0,0.0,0.0,4.791666666666667,1.9891304347826086,60,1.8286255319453622E-6,1,6.608790506922041,,24,194,84,0.6441510347391795,0.9686524916880328,0.0,0,hubLikeDep,104165,smell
tika,697d7c047daf1f661a4ed067bbc8f9c58bb6faa2,1,2026-01-07T07:46:39.000,87.5320790187619,86.15353492779441,0.0,UNIT,CONCRETE_CLASS,"[org.apache.tika.parser.image.WebPParser, org.apache.tika.metadata.TIFF, org.apache.tika.parser.image.ImageMetadataExtractor, org.apache.tika.parser.image.JpegParserTest, org.apache.tika.parser.image.JpegParser, org.apache.tika.utils.XMLReaderUtils, org.apache.tika.parser.image.WebPParserTest, org.apache.tika.parser.image.ImageParserTest, org.apache.tika.parser.image.ImageMetadataExtractorTest, org.apache.tika.parser.image.HeifParserTest, org.apache.tika.metadata.TikaCoreProperties, org.apache.tika.parser.image.ImageParser, org.apache.tika.metadata.Metadata, org.apache.tika.metadata.Property, org.apache.tika.exception.TikaException, org.apache.tika.metadata.Geographic, org.apache.tika.metadata.IPTC, org.apache.tika.parser.ParseContext, org.apache.tika.parser.image.BPGParser, org.apache.tika.parser.xmp.JempboxExtractor, org.apache.tika.parser.image.HeifParser, org.apache.tika.parser.image.MetadataFields, org.apache.tika.parser.image.TiffParser]",,0.0,org.apache.tika.parser.image.ImageMetadataExtractor,0.0,0.0,0.0,4.608695652173913,2.9960474308300395,81,5.167831801251603E-6,1,5.470754938672619,,23,256,248,0.48804226784007926,0.9999921885679691,0.0,0,hubLikeDep,104195,smell
tika,697d7c047daf1f661a4ed067bbc8f9c58bb6faa2,1,2026-01-07T07:46:39.000,89.25319624255751,81.69655856738214,0.0,UNIT,CONCRETE_CLASS,"[org.apache.tika.detect.TestContainerAwareDetector, org.apache.tika.parser.Parser, org.apache.tika.utils.XMLReaderUtils, org.apache.tika.mime.MediaType, org.apache.tika.parser.AutoDetectReaderParserTest, org.apache.tika.detect.Detector, org.apache.tika.TikaTest, org.apache.tika.parser.TestParsers, org.apache.tika.sax.BasicContentHandlerFactory, org.apache.tika.metadata.TikaCoreProperties, org.apache.tika.metadata.Metadata, org.apache.tika.MultiThreadedTikaTest, org.apache.tika.parser.hwp.HwpV5ParserTest, org.apache.tika.exception.TikaException, org.apache.tika.parser.ParseContext, org.apache.tika.detect.TestFileCommandDetector, org.apache.tika.io.TikaInputStream, org.apache.tika.detect.XmlRootExtractor, org.apache.tika.parser.microsoft.xml.XML2003ParserTest, org.apache.tika.sax.RecursiveParserWrapperHandler, org.apache.tika.parser.microsoft.ooxml.xwpf.ml2006.Word2006MLParserTest, org.apache.tika.parser.microsoft.chm.TestChmExtraction]",,0.0,org.apache.tika.MultiThreadedTikaTest,0.0,0.0,0.0,4.318181818181818,2.329004329004329,93,3.860597106494582E-6,1,7.336567538021388,,22,148,124,1.0611470481753411,1.1714416895500568,0.0,0,hubLikeDep,104223,smell
tika,697d7c047daf1f661a4ed067bbc8f9c58bb6faa2,1,2026-01-07T07:46:39.000,99.95385505265298,47.41227643210692,0.0,UNIT,CONCRETE_CLASS,"[org.apache.tika.sax.WriteLimiter, org.apache.tika.exception.WriteLimitReachedException, org.apache.tika.parser.Parser, org.apache.tika.parser.StatefulParser, org.apache.tika.extractor.ParentContentHandler, org.apache.tika.mime.MediaType, org.apache.tika.exception.CorruptedFileException, org.apache.tika.io.FilenameUtils, org.apache.tika.metadata.Metadata, org.apache.tika.parser.ParserDecorator, org.apache.tika.parser.hwp.HwpV5ParserTest, org.apache.tika.exception.TikaException, org.apache.tika.sax.ContentHandlerFactory, org.apache.tika.gui.TikaGUI, org.apache.tika.io.TikaInputStream, org.apache.tika.parser.ParseRecord, org.apache.tika.ossfuzz.ParserFuzzer, org.apache.tika.server.core.resource.RecursiveMetadataResource, org.apache.tika.pipes.core.server.ParseHandler, org.apache.tika.exception.ZeroByteFileException, org.apache.tika.sax.AbstractRecursiveParserWrapperHandler, org.apache.tika.parser.RecursiveParserWrapperTest, org.apache.tika.parser.sqlite3.SQLite3ParserTest, org.apache.tika.example.ParsingExample, org.apache.tika.parser.AutoDetectParser, org.apache.tika.TikaTest, org.apache.tika.parser.RecursiveParserWrapper, org.apache.tika.parser.microsoft.JackcessParserTest, org.apache.tika.metadata.TikaCoreProperties, org.apache.tika.sax.SecureContentHandler, org.apache.tika.parser.ParseContext, org.apache.tika.utils.ExceptionUtils, org.apache.tika.cli.TikaCLI, org.apache.tika.exception.EncryptedDocumentException, org.apache.tika.pipes.core.server.PipesServer, org.apache.tika.sax.RecursiveParserWrapperHandler, org.apache.tika.utils.ParserUtils, org.apache.tika.parser.microsoft.chm.TestChmExtraction]",,0.0,org.apache.tika.parser.RecursiveParserWrapper,0.0,0.0,0.0,4.2631578947368425,2.3072546230440967,188,2.35271285249483E-6,1,7.067804871346818,,38,200,45,0.6760648725613226,0.9478830207808355,0.0,0,hubLikeDep,104250,smell
tika,697d7c047daf1f661a4ed067bbc8f9c58bb6faa2,1,2026-01-07T07:46:39.000,428.74363981186104,273.17097975841637,1.3888888888888888,CONTAINER,PACKAGE,"[org.apache.tika.pipes.core.config, org.apache.tika.pipes.core.server, org.apache.tika.pipes.core.fetcher, org.apache.tika.pipes.api.emitter, org.apache.tika.async, org.apache.tika.mime, org.apache.tika.example, org.apache.tika.pipes.core.async, org.apache.tika, org.apache.tika.pipes.opensearch, org.apache.tika.serialization, org.apache.tika.pipes.fork, org.apache.tika.pipes.api, org.apache.tika.pipes.pipesiterator, org.apache.tika.plugins, org.apache.tika.config, org.apache.tika.eval, org.apache.tika.config.loader, org.apache.tika.utils, org.apache.tika.detect, org.apache.tika.pipes.api.fetcher, org.apache.tika.pipes.core.emitter, org.apache.tika.server.core, org.apache.tika.metadata.filter, org.apache.tika.io, org.apache.tika.server.core.resource, org.apache.tika.pipes.grpc, org.apache.tika.metadata, org.apache.tika.parser, org.apache.tika.async.cli, org.apache.tika.pipes.core, org.apache.tika.pipes.fetcher, org.apache.tika.exception, org.apache.tika.server]",,0.6111111111111112,org.apache.tika.pipes.core,0.7777777777777778,0.0,0.0,4.764705882352941,2.4242424242424243,274,5.6625752068591926E-5,1,8.0694187203027,,34,2823,1146,0.8422247684280207,0.8475931142936713,0.0,0,hubLikeDep,104293,smell
tika,697d7c047daf1f661a4ed067bbc8f9c58bb6faa2,1,2026-01-07T07:46:39.000,225.95157124850041,57.61650828340794,1.4,CONTAINER,PACKAGE,"[org.apache.tika.pipes.core.server, org.apache.tika.cli, org.apache.tika.pipes.emitter.gcs, org.apache.tika.metadata.writefilter, org.apache.tika.extractor, org.apache.tika.mime, org.apache.tika.sax, org.apache.tika.example, org.apache.tika.pipes.core.async, org.apache.tika.pipes.core.serialization, org.apache.tika.pipes.fetcher.azblob, org.apache.tika.serialization, org.apache.tika.server.core.writer, org.apache.tika.digest, org.apache.tika.server.standard, org.apache.tika.config, org.apache.tika.config.loader, org.apache.tika.detect, org.apache.tika.pipes.emitter.azblob, org.apache.tika.serialization.serdes, org.apache.tika.server.core, org.apache.tika.metadata.filter, org.apache.tika.pipes.emitter.s3, org.apache.tika.server.core.resource, org.apache.tika.metadata, org.apache.tika.renderer, org.apache.tika.parser, org.apache.tika.async.cli, org.apache.tika.pipes.core, org.apache.tika.language.translate, org.apache.tika.pipes.emitter.fs, org.apache.tika.exception, org.apache.tika.gui, org.apache.tika.eval.app.io]",,0.4,org.apache.tika.serialization,1.0,0.0,0.0,4.911764705882353,2.9393939393939394,242,4.5974925254119196E-5,1,7.565418176526952,,34,892,58,0.8529411764705882,0.9364279552640391,0.0,0,hubLikeDep,104335,smell
tika,697d7c047daf1f661a4ed067bbc8f9c58bb6faa2,1,2026-01-07T07:46:39.000,93.53805343134894,23.115200959608977,1.2,CONTAINER,PACKAGE,"[org.apache.tika.config, org.apache.tika.parser.scientific.integration, org.apache.tika.utils, org.apache.tika.parser.ocr, org.apache.tika.detect, org.apache.tika.parser.external, org.apache.tika.parser.dwg, org.apache.tika.mime, org.apache.tika.io, org.apache.tika.sax, org.apache.tika.parser.pkg, org.apache.tika.metadata, org.apache.tika.parser, org.apache.tika.parser.external2, org.apache.tika.detect.siegfried, org.apache.tika.parser.gdal, org.apache.tika.exception, org.apache.tika.embedder, org.apache.tika.parser.strings]",,0.4,org.apache.tika.parser.external,0.8,0.0,0.0,4.526315789473684,2.935672514619883,134,8.607551467527163E-5,1,8.172457673514648,,19,131,8,0.5954583420518295,1.0211001911446618,0.0,0,hubLikeDep,104376,smell
tika,697d7c047daf1f661a4ed067bbc8f9c58bb6faa2,1,2026-01-07T07:46:39.000,147.1856588323931,90.415431488727,1.4,CONTAINER,PACKAGE,"[org.apache.tika.pipes.core.config, org.apache.tika.pipes.core.server, org.apache.tika.config, org.apache.tika.config.loader, org.apache.tika.pipes.api.emitter, org.apache.tika.utils, org.apache.tika.pipes.core.extractor, org.apache.tika.pipes.core.emitter, org.apache.tika.server.core, org.apache.tika.pipes.opensearch.tests, org.apache.tika.server.core.resource, org.apache.tika.pipes.core.async, org.apache.tika.metadata, org.apache.tika.parser, org.apache.tika.pipes.core.serialization, org.apache.tika.pipes.core, org.apache.tika.exception, org.apache.tika.plugins]",,0.6,org.apache.tika.pipes.core.emitter,0.8,0.0,0.0,5.166666666666667,2.849673202614379,117,7.038192515198294E-5,1,7.641498661581231,,18,371,140,0.8975274678557507,0.9886363608464857,0.0,0,hubLikeDep,104401,smell
tika,697d7c047daf1f661a4ed067bbc8f9c58bb6faa2,1,2026-01-07T07:46:39.000,63.41434687212694,21.967374142264074,0.0,CONTAINER,PACKAGE,"[org.apache.tika.parser.microsoft.onenote.fsshttpb, org.apache.tika.parser.microsoft.onenote, org.apache.tika.parser.microsoft.onenote.fsshttpb.streamobj, org.apache.tika.parser.microsoft.onenote.fsshttpb.streamobj.space, org.apache.tika.parser.microsoft.onenote.fsshttpb.streamobj.basic]",,0.0,org.apache.tika.parser.microsoft.onenote.fsshttpb.streamobj.basic,0.0,0.4570730344923893,0.0,7.8,1.8,15,7.746626923364403E-6,1,7.322458047421358,,5,75,9,1.16619037896906,1.32664991614216,0.6666666666666666,0,unstableDep,104425,smell
tika,697d7c047daf1f661a4ed067bbc8f9c58bb6faa2,1,2026-01-07T07:46:39.000,49.14273967870241,6.095406673034417,0.0,CONTAINER,PACKAGE,"[org.apache.tika.renderer, org.apache.tika.parser, org.apache.tika.zip, org.apache.tika.parser.multiple, org.apache.tika.parser.ogg, org.apache.tika.parser.external, org.apache.tika.metadata.writefilter, org.apache.tika.digest, org.apache.tika.renderer.pdf]",,0.0,org.apache.tika.parser,0.0,0.635169473772415,0.0,4.555555555555555,3.4444444444444446,15,3.733317041141388E-5,1,6.095406673034417,,9,65,1,0.4969039949999533,0.8958064164776166,0.42105263157894735,0,unstableDep,104435,smell
tika,697d7c047daf1f661a4ed067bbc8f9c58bb6faa2,1,2026-01-07T07:46:39.000,48.24038777852724,6.3342732389681675,0.0,CONTAINER,PACKAGE,"[org.apache.tika.language, org.apache.tika.parser.html, org.apache.tika.parser.executable, org.apache.tika.config, org.apache.tika.parser.txt, org.apache.tika.detect.zip, org.apache.tika.detect.microsoft, org.apache.tika.parser.microsoft.pst, org.apache.tika.parser.xml]",,0.0,org.apache.tika.config,0.0,0.6685559745859836,0.0,4.888888888888889,3.0555555555555554,16,3.8288027751999595E-5,1,6.3342732389681675,,9,58,1,0.5665577237325317,0.9984555975339683,0.42105263157894735,0,unstableDep,104449,smell
