,,versionIndex,versionDate,project,versionId,from,fromId,to,toId
tika,697d7c047daf1f661a4ed067bbc8f9c58bb6faa2,1,2026-01-07T07:46:39.000,101013,affects,cyclicDep,101009,org.apache.tika.config.loader,27547
tika,697d7c047daf1f661a4ed067bbc8f9c58bb6faa2,1,2026-01-07T07:46:39.000,101012,affects,cyclicDep,101009,org.apache.tika.config,23922
tika,697d7c047daf1f661a4ed067bbc8f9c58bb6faa2,1,2026-01-07T07:46:39.000,101014,affects,cyclicDep,101009,org.apache.tika,15836
tika,697d7c047daf1f661a4ed067bbc8f9c58bb6faa2,1,2026-01-07T07:46:39.000,101025,affects,cyclicDep,101022,org.apache.tika.detect,12804
tika,697d7c047daf1f661a4ed067bbc8f9c58bb6faa2,1,2026-01-07T07:46:39.000,101027,affects,cyclicDep,101022,org.apache.tika.config.loader,27547
tika,697d7c047daf1f661a4ed067bbc8f9c58bb6faa2,1,2026-01-07T07:46:39.000,101026,affects,cyclicDep,101022,org.apache.tika.config,23922
tika,697d7c047daf1f661a4ed067bbc8f9c58bb6faa2,1,2026-01-07T07:46:39.000,101028,affects,cyclicDep,101022,org.apache.tika,15836
tika,697d7c047daf1f661a4ed067bbc8f9c58bb6faa2,1,2026-01-07T07:46:39.000,101047,affects,cyclicDep,101043,org.apache.tika.detect.microsoft.ooxml,7852
tika,697d7c047daf1f661a4ed067bbc8f9c58bb6faa2,1,2026-01-07T07:46:39.000,101046,affects,cyclicDep,101043,org.apache.tika.detect.zip,889
tika,697d7c047daf1f661a4ed067bbc8f9c58bb6faa2,1,2026-01-07T07:46:39.000,101049,affects,cyclicDep,101043,org.apache.tika.config,23922
tika,697d7c047daf1f661a4ed067bbc8f9c58bb6faa2,1,2026-01-07T07:46:39.000,101048,affects,cyclicDep,101043,org.apache.tika.detect,12804
tika,697d7c047daf1f661a4ed067bbc8f9c58bb6faa2,1,2026-01-07T07:46:39.000,101051,affects,cyclicDep,101043,org.apache.tika,15836
tika,697d7c047daf1f661a4ed067bbc8f9c58bb6faa2,1,2026-01-07T07:46:39.000,101050,affects,cyclicDep,101043,org.apache.tika.config.loader,27547
tika,697d7c047daf1f661a4ed067bbc8f9c58bb6faa2,1,2026-01-07T07:46:39.000,101057,affects,cyclicDep,101053,org.apache.tika.detect.microsoft.ooxml,7852
tika,697d7c047daf1f661a4ed067bbc8f9c58bb6faa2,1,2026-01-07T07:46:39.000,101056,affects,cyclicDep,101053,org.apache.tika.detect.zip,889
tika,697d7c047daf1f661a4ed067bbc8f9c58bb6faa2,1,2026-01-07T07:46:39.000,101059,affects,cyclicDep,101053,org.apache.tika.config,23922
tika,697d7c047daf1f661a4ed067bbc8f9c58bb6faa2,1,2026-01-07T07:46:39.000,101058,affects,cyclicDep,101053,org.apache.tika.detect,12804
tika,697d7c047daf1f661a4ed067bbc8f9c58bb6faa2,1,2026-01-07T07:46:39.000,101065,affects,cyclicDep,101061,org.apache.tika.detect.microsoft.ooxml,7852
tika,697d7c047daf1f661a4ed067bbc8f9c58bb6faa2,1,2026-01-07T07:46:39.000,101064,affects,cyclicDep,101061,org.apache.tika.detect.zip,889
tika,697d7c047daf1f661a4ed067bbc8f9c58bb6faa2,1,2026-01-07T07:46:39.000,101066,affects,cyclicDep,101061,org.apache.tika.detect,12804
tika,697d7c047daf1f661a4ed067bbc8f9c58bb6faa2,1,2026-01-07T07:46:39.000,101071,affects,cyclicDep,101068,org.apache.tika.metadata,22184
tika,697d7c047daf1f661a4ed067bbc8f9c58bb6faa2,1,2026-01-07T07:46:39.000,101073,affects,cyclicDep,101068,org.apache.tika.detect.zip,889
tika,697d7c047daf1f661a4ed067bbc8f9c58bb6faa2,1,2026-01-07T07:46:39.000,101072,affects,cyclicDep,101068,org.apache.tika.io,23890
tika,697d7c047daf1f661a4ed067bbc8f9c58bb6faa2,1,2026-01-07T07:46:39.000,101075,affects,cyclicDep,101068,org.apache.tika.detect,12804
tika,697d7c047daf1f661a4ed067bbc8f9c58bb6faa2,1,2026-01-07T07:46:39.000,101074,affects,cyclicDep,101068,org.apache.tika.detect.microsoft.ooxml,7852
tika,697d7c047daf1f661a4ed067bbc8f9c58bb6faa2,1,2026-01-07T07:46:39.000,101077,affects,cyclicDep,101068,org.apache.tika.config.loader,27547
tika,697d7c047daf1f661a4ed067bbc8f9c58bb6faa2,1,2026-01-07T07:46:39.000,101076,affects,cyclicDep,101068,org.apache.tika.config,23922
tika,697d7c047daf1f661a4ed067bbc8f9c58bb6faa2,1,2026-01-07T07:46:39.000,101078,affects,cyclicDep,101068,org.apache.tika,15836
tika,697d7c047daf1f661a4ed067bbc8f9c58bb6faa2,1,2026-01-07T07:46:39.000,101083,affects,cyclicDep,101080,org.apache.tika.metadata,22184
tika,697d7c047daf1f661a4ed067bbc8f9c58bb6faa2,1,2026-01-07T07:46:39.000,101085,affects,cyclicDep,101080,org.apache.tika.detect.zip,889
tika,697d7c047daf1f661a4ed067bbc8f9c58bb6faa2,1,2026-01-07T07:46:39.000,101084,affects,cyclicDep,101080,org.apache.tika.io,23890
tika,697d7c047daf1f661a4ed067bbc8f9c58bb6faa2,1,2026-01-07T07:46:39.000,101087,affects,cyclicDep,101080,org.apache.tika.detect,12804
tika,697d7c047daf1f661a4ed067bbc8f9c58bb6faa2,1,2026-01-07T07:46:39.000,101086,affects,cyclicDep,101080,org.apache.tika.detect.microsoft.ooxml,7852
tika,697d7c047daf1f661a4ed067bbc8f9c58bb6faa2,1,2026-01-07T07:46:39.000,101088,affects,cyclicDep,101080,org.apache.tika.config,23922
tika,697d7c047daf1f661a4ed067bbc8f9c58bb6faa2,1,2026-01-07T07:46:39.000,101093,affects,cyclicDep,101090,org.apache.tika.metadata.writefilter,21343
tika,697d7c047daf1f661a4ed067bbc8f9c58bb6faa2,1,2026-01-07T07:46:39.000,101095,affects,cyclicDep,101090,org.apache.tika.io,23890
tika,697d7c047daf1f661a4ed067bbc8f9c58bb6faa2,1,2026-01-07T07:46:39.000,101094,affects,cyclicDep,101090,org.apache.tika.metadata,22184
tika,697d7c047daf1f661a4ed067bbc8f9c58bb6faa2,1,2026-01-07T07:46:39.000,101097,affects,cyclicDep,101090,org.apache.tika.detect.microsoft.ooxml,7852
tika,697d7c047daf1f661a4ed067bbc8f9c58bb6faa2,1,2026-01-07T07:46:39.000,101096,affects,cyclicDep,101090,org.apache.tika.detect.zip,889
tika,697d7c047daf1f661a4ed067bbc8f9c58bb6faa2,1,2026-01-07T07:46:39.000,101099,affects,cyclicDep,101090,org.apache.tika.config,23922
tika,697d7c047daf1f661a4ed067bbc8f9c58bb6faa2,1,2026-01-07T07:46:39.000,101098,affects,cyclicDep,101090,org.apache.tika.detect,12804
tika,697d7c047daf1f661a4ed067bbc8f9c58bb6faa2,1,2026-01-07T07:46:39.000,101101,affects,cyclicDep,101090,org.apache.tika,15836
tika,697d7c047daf1f661a4ed067bbc8f9c58bb6faa2,1,2026-01-07T07:46:39.000,101100,affects,cyclicDep,101090,org.apache.tika.config.loader,27547
tika,697d7c047daf1f661a4ed067bbc8f9c58bb6faa2,1,2026-01-07T07:46:39.000,101107,affects,cyclicDep,101103,org.apache.tika.metadata,22184
tika,697d7c047daf1f661a4ed067bbc8f9c58bb6faa2,1,2026-01-07T07:46:39.000,101106,affects,cyclicDep,101103,org.apache.tika.metadata.writefilter,21343
tika,697d7c047daf1f661a4ed067bbc8f9c58bb6faa2,1,2026-01-07T07:46:39.000,101109,affects,cyclicDep,101103,org.apache.tika.detect.zip,889
tika,697d7c047daf1f661a4ed067bbc8f9c58bb6faa2,1,2026-01-07T07:46:39.000,101108,affects,cyclicDep,101103,org.apache.tika.io,23890
tika,697d7c047daf1f661a4ed067bbc8f9c58bb6faa2,1,2026-01-07T07:46:39.000,101111,affects,cyclicDep,101103,org.apache.tika.detect,12804
tika,697d7c047daf1f661a4ed067bbc8f9c58bb6faa2,1,2026-01-07T07:46:39.000,101110,affects,cyclicDep,101103,org.apache.tika.detect.microsoft.ooxml,7852
tika,697d7c047daf1f661a4ed067bbc8f9c58bb6faa2,1,2026-01-07T07:46:39.000,101112,affects,cyclicDep,101103,org.apache.tika.config,23922
tika,697d7c047daf1f661a4ed067bbc8f9c58bb6faa2,1,2026-01-07T07:46:39.000,101117,affects,cyclicDep,101114,org.apache.tika.metadata.writefilter,21343
tika,697d7c047daf1f661a4ed067bbc8f9c58bb6faa2,1,2026-01-07T07:46:39.000,101119,affects,cyclicDep,101114,org.apache.tika.io,23890
tika,697d7c047daf1f661a4ed067bbc8f9c58bb6faa2,1,2026-01-07T07:46:39.000,101118,affects,cyclicDep,101114,org.apache.tika.metadata,22184
tika,697d7c047daf1f661a4ed067bbc8f9c58bb6faa2,1,2026-01-07T07:46:39.000,101121,affects,cyclicDep,101114,org.apache.tika.detect.microsoft.ooxml,7852
tika,697d7c047daf1f661a4ed067bbc8f9c58bb6faa2,1,2026-01-07T07:46:39.000,101120,affects,cyclicDep,101114,org.apache.tika.detect.zip,889
tika,697d7c047daf1f661a4ed067bbc8f9c58bb6faa2,1,2026-01-07T07:46:39.000,101123,affects,cyclicDep,101114,org.apache.tika.config,23922
tika,697d7c047daf1f661a4ed067bbc8f9c58bb6faa2,1,2026-01-07T07:46:39.000,101122,affects,cyclicDep,101114,org.apache.tika.detect,12804
tika,697d7c047daf1f661a4ed067bbc8f9c58bb6faa2,1,2026-01-07T07:46:39.000,101124,affects,cyclicDep,101114,org.apache.tika.config.loader,27547
tika,697d7c047daf1f661a4ed067bbc8f9c58bb6faa2,1,2026-01-07T07:46:39.000,101129,affects,cyclicDep,101126,org.apache.tika.metadata.writefilter,21343
tika,697d7c047daf1f661a4ed067bbc8f9c58bb6faa2,1,2026-01-07T07:46:39.000,101131,affects,cyclicDep,101126,org.apache.tika.io,23890
tika,697d7c047daf1f661a4ed067bbc8f9c58bb6faa2,1,2026-01-07T07:46:39.000,101130,affects,cyclicDep,101126,org.apache.tika.metadata,22184
tika,697d7c047daf1f661a4ed067bbc8f9c58bb6faa2,1,2026-01-07T07:46:39.000,101137,affects,cyclicDep,101133,org.apache.tika.metadata,22184
tika,697d7c047daf1f661a4ed067bbc8f9c58bb6faa2,1,2026-01-07T07:46:39.000,101136,affects,cyclicDep,101133,org.apache.tika.metadata.writefilter,21343
tika,697d7c047daf1f661a4ed067bbc8f9c58bb6faa2,1,2026-01-07T07:46:39.000,101143,affects,cyclicDep,101139,org.apache.tika.metadata.writefilter,21343
tika,697d7c047daf1f661a4ed067bbc8f9c58bb6faa2,1,2026-01-07T07:46:39.000,101142,affects,cyclicDep,101139,org.apache.tika.mime,15151
tika,697d7c047daf1f661a4ed067bbc8f9c58bb6faa2,1,2026-01-07T07:46:39.000,101145,affects,cyclicDep,101139,org.apache.tika.io,23890
tika,697d7c047daf1f661a4ed067bbc8f9c58bb6faa2,1,2026-01-07T07:46:39.000,101144,affects,cyclicDep,101139,org.apache.tika.metadata,22184
tika,697d7c047daf1f661a4ed067bbc8f9c58bb6faa2,1,2026-01-07T07:46:39.000,101147,affects,cyclicDep,101139,org.apache.tika.detect.microsoft.ooxml,7852
tika,697d7c047daf1f661a4ed067bbc8f9c58bb6faa2,1,2026-01-07T07:46:39.000,101146,affects,cyclicDep,101139,org.apache.tika.detect.zip,889
tika,697d7c047daf1f661a4ed067bbc8f9c58bb6faa2,1,2026-01-07T07:46:39.000,101149,affects,cyclicDep,101139,org.apache.tika.config,23922
tika,697d7c047daf1f661a4ed067bbc8f9c58bb6faa2,1,2026-01-07T07:46:39.000,101148,affects,cyclicDep,101139,org.apache.tika.detect,12804
tika,697d7c047daf1f661a4ed067bbc8f9c58bb6faa2,1,2026-01-07T07:46:39.000,101151,affects,cyclicDep,101139,org.apache.tika,15836
tika,697d7c047daf1f661a4ed067bbc8f9c58bb6faa2,1,2026-01-07T07:46:39.000,101150,affects,cyclicDep,101139,org.apache.tika.config.loader,27547
tika,697d7c047daf1f661a4ed067bbc8f9c58bb6faa2,1,2026-01-07T07:46:39.000,101157,affects,cyclicDep,101153,org.apache.tika.metadata.writefilter,21343
tika,697d7c047daf1f661a4ed067bbc8f9c58bb6faa2,1,2026-01-07T07:46:39.000,101156,affects,cyclicDep,101153,org.apache.tika.mime,15151
tika,697d7c047daf1f661a4ed067bbc8f9c58bb6faa2,1,2026-01-07T07:46:39.000,101159,affects,cyclicDep,101153,org.apache.tika.io,23890
tika,697d7c047daf1f661a4ed067bbc8f9c58bb6faa2,1,2026-01-07T07:46:39.000,101158,affects,cyclicDep,101153,org.apache.tika.metadata,22184
tika,697d7c047daf1f661a4ed067bbc8f9c58bb6faa2,1,2026-01-07T07:46:39.000,101161,affects,cyclicDep,101153,org.apache.tika.detect.microsoft.ooxml,7852
tika,697d7c047daf1f661a4ed067bbc8f9c58bb6faa2,1,2026-01-07T07:46:39.000,101160,affects,cyclicDep,101153,org.apache.tika.detect.zip,889
tika,697d7c047daf1f661a4ed067bbc8f9c58bb6faa2,1,2026-01-07T07:46:39.000,101163,affects,cyclicDep,101153,org.apache.tika.config,23922
tika,697d7c047daf1f661a4ed067bbc8f9c58bb6faa2,1,2026-01-07T07:46:39.000,101162,affects,cyclicDep,101153,org.apache.tika.detect,12804
tika,697d7c047daf1f661a4ed067bbc8f9c58bb6faa2,1,2026-01-07T07:46:39.000,101169,affects,cyclicDep,101165,org.apache.tika.metadata.writefilter,21343
tika,697d7c047daf1f661a4ed067bbc8f9c58bb6faa2,1,2026-01-07T07:46:39.000,101168,affects,cyclicDep,101165,org.apache.tika.mime,15151
tika,697d7c047daf1f661a4ed067bbc8f9c58bb6faa2,1,2026-01-07T07:46:39.000,101171,affects,cyclicDep,101165,org.apache.tika.io,23890
tika,697d7c047daf1f661a4ed067bbc8f9c58bb6faa2,1,2026-01-07T07:46:39.000,101170,affects,cyclicDep,101165,org.apache.tika.metadata,22184
tika,697d7c047daf1f661a4ed067bbc8f9c58bb6faa2,1,2026-01-07T07:46:39.000,101173,affects,cyclicDep,101165,org.apache.tika.detect.microsoft.ooxml,7852
tika,697d7c047daf1f661a4ed067bbc8f9c58bb6faa2,1,2026-01-07T07:46:39.000,101172,affects,cyclicDep,101165,org.apache.tika.detect.zip,889
tika,697d7c047daf1f661a4ed067bbc8f9c58bb6faa2,1,2026-01-07T07:46:39.000,101175,affects,cyclicDep,101165,org.apache.tika.config,23922
tika,697d7c047daf1f661a4ed067bbc8f9c58bb6faa2,1,2026-01-07T07:46:39.000,101174,affects,cyclicDep,101165,org.apache.tika.detect,12804
tika,697d7c047daf1f661a4ed067bbc8f9c58bb6faa2,1,2026-01-07T07:46:39.000,101176,affects,cyclicDep,101165,org.apache.tika.config.loader,27547
tika,697d7c047daf1f661a4ed067bbc8f9c58bb6faa2,1,2026-01-07T07:46:39.000,101181,affects,cyclicDep,101178,org.apache.tika.mime,15151
tika,697d7c047daf1f661a4ed067bbc8f9c58bb6faa2,1,2026-01-07T07:46:39.000,101183,affects,cyclicDep,101178,org.apache.tika.metadata,22184
tika,697d7c047daf1f661a4ed067bbc8f9c58bb6faa2,1,2026-01-07T07:46:39.000,101182,affects,cyclicDep,101178,org.apache.tika.metadata.writefilter,21343
tika,697d7c047daf1f661a4ed067bbc8f9c58bb6faa2,1,2026-01-07T07:46:39.000,101185,affects,cyclicDep,101178,org.apache.tika.detect.zip,889
tika,697d7c047daf1f661a4ed067bbc8f9c58bb6faa2,1,2026-01-07T07:46:39.000,101184,affects,cyclicDep,101178,org.apache.tika.io,23890
tika,697d7c047daf1f661a4ed067bbc8f9c58bb6faa2,1,2026-01-07T07:46:39.000,101187,affects,cyclicDep,101178,org.apache.tika.detect,12804
tika,697d7c047daf1f661a4ed067bbc8f9c58bb6faa2,1,2026-01-07T07:46:39.000,101186,affects,cyclicDep,101178,org.apache.tika.detect.microsoft.ooxml,7852
tika,697d7c047daf1f661a4ed067bbc8f9c58bb6faa2,1,2026-01-07T07:46:39.000,101193,affects,cyclicDep,101189,org.apache.tika.metadata.writefilter,21343
tika,697d7c047daf1f661a4ed067bbc8f9c58bb6faa2,1,2026-01-07T07:46:39.000,101192,affects,cyclicDep,101189,org.apache.tika.mime,15151
tika,697d7c047daf1f661a4ed067bbc8f9c58bb6faa2,1,2026-01-07T07:46:39.000,101195,affects,cyclicDep,101189,org.apache.tika.io,23890
tika,697d7c047daf1f661a4ed067bbc8f9c58bb6faa2,1,2026-01-07T07:46:39.000,101194,affects,cyclicDep,101189,org.apache.tika.metadata,22184
tika,697d7c047daf1f661a4ed067bbc8f9c58bb6faa2,1,2026-01-07T07:46:39.000,101201,affects,cyclicDep,101197,org.apache.tika.metadata.writefilter,21343
tika,697d7c047daf1f661a4ed067bbc8f9c58bb6faa2,1,2026-01-07T07:46:39.000,101200,affects,cyclicDep,101197,org.apache.tika.mime,15151
tika,697d7c047daf1f661a4ed067bbc8f9c58bb6faa2,1,2026-01-07T07:46:39.000,101202,affects,cyclicDep,101197,org.apache.tika.metadata,22184
tika,697d7c047daf1f661a4ed067bbc8f9c58bb6faa2,1,2026-01-07T07:46:39.000,101207,affects,cyclicDep,101204,org.apache.tika.parser,23878
tika,697d7c047daf1f661a4ed067bbc8f9c58bb6faa2,1,2026-01-07T07:46:39.000,101209,affects,cyclicDep,101204,org.apache.tika.metadata.writefilter,21343
tika,697d7c047daf1f661a4ed067bbc8f9c58bb6faa2,1,2026-01-07T07:46:39.000,101208,affects,cyclicDep,101204,org.apache.tika.mime,15151
tika,697d7c047daf1f661a4ed067bbc8f9c58bb6faa2,1,2026-01-07T07:46:39.000,101211,affects,cyclicDep,101204,org.apache.tika.io,23890
tika,697d7c047daf1f661a4ed067bbc8f9c58bb6faa2,1,2026-01-07T07:46:39.000,101210,affects,cyclicDep,101204,org.apache.tika.metadata,22184
tika,697d7c047daf1f661a4ed067bbc8f9c58bb6faa2,1,2026-01-07T07:46:39.000,101213,affects,cyclicDep,101204,org.apache.tika.detect.microsoft.ooxml,7852
tika,697d7c047daf1f661a4ed067bbc8f9c58bb6faa2,1,2026-01-07T07:46:39.000,101212,affects,cyclicDep,101204,org.apache.tika.detect.zip,889
tika,697d7c047daf1f661a4ed067bbc8f9c58bb6faa2,1,2026-01-07T07:46:39.000,101215,affects,cyclicDep,101204,org.apache.tika.config,23922
tika,697d7c047daf1f661a4ed067bbc8f9c58bb6faa2,1,2026-01-07T07:46:39.000,101214,affects,cyclicDep,101204,org.apache.tika.detect,12804
tika,697d7c047daf1f661a4ed067bbc8f9c58bb6faa2,1,2026-01-07T07:46:39.000,101217,affects,cyclicDep,101204,org.apache.tika,15836
tika,697d7c047daf1f661a4ed067bbc8f9c58bb6faa2,1,2026-01-07T07:46:39.000,101216,affects,cyclicDep,101204,org.apache.tika.config.loader,27547
tika,697d7c047daf1f661a4ed067bbc8f9c58bb6faa2,1,2026-01-07T07:46:39.000,101223,affects,cyclicDep,101219,org.apache.tika.mime,15151
tika,697d7c047daf1f661a4ed067bbc8f9c58bb6faa2,1,2026-01-07T07:46:39.000,101222,affects,cyclicDep,101219,org.apache.tika.parser,23878
tika,697d7c047daf1f661a4ed067bbc8f9c58bb6faa2,1,2026-01-07T07:46:39.000,101225,affects,cyclicDep,101219,org.apache.tika.metadata,22184
tika,697d7c047daf1f661a4ed067bbc8f9c58bb6faa2,1,2026-01-07T07:46:39.000,101224,affects,cyclicDep,101219,org.apache.tika.metadata.writefilter,21343
tika,697d7c047daf1f661a4ed067bbc8f9c58bb6faa2,1,2026-01-07T07:46:39.000,101227,affects,cyclicDep,101219,org.apache.tika.detect.zip,889
tika,697d7c047daf1f661a4ed067bbc8f9c58bb6faa2,1,2026-01-07T07:46:39.000,101226,affects,cyclicDep,101219,org.apache.tika.io,23890
tika,697d7c047daf1f661a4ed067bbc8f9c58bb6faa2,1,2026-01-07T07:46:39.000,101229,affects,cyclicDep,101219,org.apache.tika.detect,12804
tika,697d7c047daf1f661a4ed067bbc8f9c58bb6faa2,1,2026-01-07T07:46:39.000,101228,affects,cyclicDep,101219,org.apache.tika.detect.microsoft.ooxml,7852
tika,697d7c047daf1f661a4ed067bbc8f9c58bb6faa2,1,2026-01-07T07:46:39.000,101230,affects,cyclicDep,101219,org.apache.tika.config,23922
tika,697d7c047daf1f661a4ed067bbc8f9c58bb6faa2,1,2026-01-07T07:46:39.000,101235,affects,cyclicDep,101232,org.apache.tika.parser,23878
tika,697d7c047daf1f661a4ed067bbc8f9c58bb6faa2,1,2026-01-07T07:46:39.000,101237,affects,cyclicDep,101232,org.apache.tika.metadata.writefilter,21343
tika,697d7c047daf1f661a4ed067bbc8f9c58bb6faa2,1,2026-01-07T07:46:39.000,101236,affects,cyclicDep,101232,org.apache.tika.mime,15151
tika,697d7c047daf1f661a4ed067bbc8f9c58bb6faa2,1,2026-01-07T07:46:39.000,101239,affects,cyclicDep,101232,org.apache.tika.io,23890
tika,697d7c047daf1f661a4ed067bbc8f9c58bb6faa2,1,2026-01-07T07:46:39.000,101238,affects,cyclicDep,101232,org.apache.tika.metadata,22184
tika,697d7c047daf1f661a4ed067bbc8f9c58bb6faa2,1,2026-01-07T07:46:39.000,101241,affects,cyclicDep,101232,org.apache.tika.detect.microsoft.ooxml,7852
tika,697d7c047daf1f661a4ed067bbc8f9c58bb6faa2,1,2026-01-07T07:46:39.000,101240,affects,cyclicDep,101232,org.apache.tika.detect.zip,889
tika,697d7c047daf1f661a4ed067bbc8f9c58bb6faa2,1,2026-01-07T07:46:39.000,101243,affects,cyclicDep,101232,org.apache.tika.config,23922
tika,697d7c047daf1f661a4ed067bbc8f9c58bb6faa2,1,2026-01-07T07:46:39.000,101242,affects,cyclicDep,101232,org.apache.tika.detect,12804
tika,697d7c047daf1f661a4ed067bbc8f9c58bb6faa2,1,2026-01-07T07:46:39.000,101244,affects,cyclicDep,101232,org.apache.tika.config.loader,27547
tika,697d7c047daf1f661a4ed067bbc8f9c58bb6faa2,1,2026-01-07T07:46:39.000,101249,affects,cyclicDep,101246,org.apache.tika.parser,23878
tika,697d7c047daf1f661a4ed067bbc8f9c58bb6faa2,1,2026-01-07T07:46:39.000,101251,affects,cyclicDep,101246,org.apache.tika.metadata.writefilter,21343
tika,697d7c047daf1f661a4ed067bbc8f9c58bb6faa2,1,2026-01-07T07:46:39.000,101250,affects,cyclicDep,101246,org.apache.tika.mime,15151
tika,697d7c047daf1f661a4ed067bbc8f9c58bb6faa2,1,2026-01-07T07:46:39.000,101253,affects,cyclicDep,101246,org.apache.tika.io,23890
tika,697d7c047daf1f661a4ed067bbc8f9c58bb6faa2,1,2026-01-07T07:46:39.000,101252,affects,cyclicDep,101246,org.apache.tika.metadata,22184
tika,697d7c047daf1f661a4ed067bbc8f9c58bb6faa2,1,2026-01-07T07:46:39.000,101255,affects,cyclicDep,101246,org.apache.tika.detect.microsoft.ooxml,7852
tika,697d7c047daf1f661a4ed067bbc8f9c58bb6faa2,1,2026-01-07T07:46:39.000,101254,affects,cyclicDep,101246,org.apache.tika.detect.zip,889
tika,697d7c047daf1f661a4ed067bbc8f9c58bb6faa2,1,2026-01-07T07:46:39.000,101256,affects,cyclicDep,101246,org.apache.tika.detect,12804
tika,697d7c047daf1f661a4ed067bbc8f9c58bb6faa2,1,2026-01-07T07:46:39.000,101261,affects,cyclicDep,101258,org.apache.tika.digest,10424
tika,697d7c047daf1f661a4ed067bbc8f9c58bb6faa2,1,2026-01-07T07:46:39.000,101263,affects,cyclicDep,101258,org.apache.tika.mime,15151
tika,697d7c047daf1f661a4ed067bbc8f9c58bb6faa2,1,2026-01-07T07:46:39.000,101262,affects,cyclicDep,101258,org.apache.tika.parser,23878
tika,697d7c047daf1f661a4ed067bbc8f9c58bb6faa2,1,2026-01-07T07:46:39.000,101265,affects,cyclicDep,101258,org.apache.tika.metadata,22184
tika,697d7c047daf1f661a4ed067bbc8f9c58bb6faa2,1,2026-01-07T07:46:39.000,101264,affects,cyclicDep,101258,org.apache.tika.metadata.writefilter,21343
tika,697d7c047daf1f661a4ed067bbc8f9c58bb6faa2,1,2026-01-07T07:46:39.000,101267,affects,cyclicDep,101258,org.apache.tika.detect.zip,889
tika,697d7c047daf1f661a4ed067bbc8f9c58bb6faa2,1,2026-01-07T07:46:39.000,101266,affects,cyclicDep,101258,org.apache.tika.io,23890
tika,697d7c047daf1f661a4ed067bbc8f9c58bb6faa2,1,2026-01-07T07:46:39.000,101269,affects,cyclicDep,101258,org.apache.tika.detect,12804
tika,697d7c047daf1f661a4ed067bbc8f9c58bb6faa2,1,2026-01-07T07:46:39.000,101268,affects,cyclicDep,101258,org.apache.tika.detect.microsoft.ooxml,7852
tika,697d7c047daf1f661a4ed067bbc8f9c58bb6faa2,1,2026-01-07T07:46:39.000,101270,affects,cyclicDep,101258,org.apache.tika.config,23922
tika,697d7c047daf1f661a4ed067bbc8f9c58bb6faa2,1,2026-01-07T07:46:39.000,101275,affects,cyclicDep,101272,org.apache.tika.extractor,395
tika,697d7c047daf1f661a4ed067bbc8f9c58bb6faa2,1,2026-01-07T07:46:39.000,101277,affects,cyclicDep,101272,org.apache.tika.parser,23878
tika,697d7c047daf1f661a4ed067bbc8f9c58bb6faa2,1,2026-01-07T07:46:39.000,101276,affects,cyclicDep,101272,org.apache.tika.digest,10424
tika,697d7c047daf1f661a4ed067bbc8f9c58bb6faa2,1,2026-01-07T07:46:39.000,101279,affects,cyclicDep,101272,org.apache.tika.metadata.writefilter,21343
tika,697d7c047daf1f661a4ed067bbc8f9c58bb6faa2,1,2026-01-07T07:46:39.000,101278,affects,cyclicDep,101272,org.apache.tika.mime,15151
tika,697d7c047daf1f661a4ed067bbc8f9c58bb6faa2,1,2026-01-07T07:46:39.000,101281,affects,cyclicDep,101272,org.apache.tika.io,23890
tika,697d7c047daf1f661a4ed067bbc8f9c58bb6faa2,1,2026-01-07T07:46:39.000,101280,affects,cyclicDep,101272,org.apache.tika.metadata,22184
tika,697d7c047daf1f661a4ed067bbc8f9c58bb6faa2,1,2026-01-07T07:46:39.000,101283,affects,cyclicDep,101272,org.apache.tika.detect.microsoft.ooxml,7852
tika,697d7c047daf1f661a4ed067bbc8f9c58bb6faa2,1,2026-01-07T07:46:39.000,101282,affects,cyclicDep,101272,org.apache.tika.detect.zip,889
tika,697d7c047daf1f661a4ed067bbc8f9c58bb6faa2,1,2026-01-07T07:46:39.000,101285,affects,cyclicDep,101272,org.apache.tika.config,23922
tika,697d7c047daf1f661a4ed067bbc8f9c58bb6faa2,1,2026-01-07T07:46:39.000,101284,affects,cyclicDep,101272,org.apache.tika.detect,12804
tika,697d7c047daf1f661a4ed067bbc8f9c58bb6faa2,1,2026-01-07T07:46:39.000,101287,affects,cyclicDep,101272,org.apache.tika,15836
tika,697d7c047daf1f661a4ed067bbc8f9c58bb6faa2,1,2026-01-07T07:46:39.000,101286,affects,cyclicDep,101272,org.apache.tika.config.loader,27547
tika,697d7c047daf1f661a4ed067bbc8f9c58bb6faa2,1,2026-01-07T07:46:39.000,101293,affects,cyclicDep,101289,org.apache.tika.digest,10424
tika,697d7c047daf1f661a4ed067bbc8f9c58bb6faa2,1,2026-01-07T07:46:39.000,101292,affects,cyclicDep,101289,org.apache.tika.extractor,395
tika,697d7c047daf1f661a4ed067bbc8f9c58bb6faa2,1,2026-01-07T07:46:39.000,101295,affects,cyclicDep,101289,org.apache.tika.mime,15151
tika,697d7c047daf1f661a4ed067bbc8f9c58bb6faa2,1,2026-01-07T07:46:39.000,101294,affects,cyclicDep,101289,org.apache.tika.parser,23878
tika,697d7c047daf1f661a4ed067bbc8f9c58bb6faa2,1,2026-01-07T07:46:39.000,101297,affects,cyclicDep,101289,org.apache.tika.metadata,22184
tika,697d7c047daf1f661a4ed067bbc8f9c58bb6faa2,1,2026-01-07T07:46:39.000,101296,affects,cyclicDep,101289,org.apache.tika.metadata.writefilter,21343
tika,697d7c047daf1f661a4ed067bbc8f9c58bb6faa2,1,2026-01-07T07:46:39.000,101299,affects,cyclicDep,101289,org.apache.tika.detect.zip,889
tika,697d7c047daf1f661a4ed067bbc8f9c58bb6faa2,1,2026-01-07T07:46:39.000,101298,affects,cyclicDep,101289,org.apache.tika.io,23890
tika,697d7c047daf1f661a4ed067bbc8f9c58bb6faa2,1,2026-01-07T07:46:39.000,101301,affects,cyclicDep,101289,org.apache.tika.detect,12804
tika,697d7c047daf1f661a4ed067bbc8f9c58bb6faa2,1,2026-01-07T07:46:39.000,101300,affects,cyclicDep,101289,org.apache.tika.detect.microsoft.ooxml,7852
tika,697d7c047daf1f661a4ed067bbc8f9c58bb6faa2,1,2026-01-07T07:46:39.000,101302,affects,cyclicDep,101289,org.apache.tika.config,23922
tika,697d7c047daf1f661a4ed067bbc8f9c58bb6faa2,1,2026-01-07T07:46:39.000,101307,affects,cyclicDep,101304,org.apache.tika.extractor,395
tika,697d7c047daf1f661a4ed067bbc8f9c58bb6faa2,1,2026-01-07T07:46:39.000,101309,affects,cyclicDep,101304,org.apache.tika.parser,23878
tika,697d7c047daf1f661a4ed067bbc8f9c58bb6faa2,1,2026-01-07T07:46:39.000,101308,affects,cyclicDep,101304,org.apache.tika.digest,10424
tika,697d7c047daf1f661a4ed067bbc8f9c58bb6faa2,1,2026-01-07T07:46:39.000,101311,affects,cyclicDep,101304,org.apache.tika.metadata.writefilter,21343
tika,697d7c047daf1f661a4ed067bbc8f9c58bb6faa2,1,2026-01-07T07:46:39.000,101310,affects,cyclicDep,101304,org.apache.tika.mime,15151
tika,697d7c047daf1f661a4ed067bbc8f9c58bb6faa2,1,2026-01-07T07:46:39.000,101313,affects,cyclicDep,101304,org.apache.tika.io,23890
tika,697d7c047daf1f661a4ed067bbc8f9c58bb6faa2,1,2026-01-07T07:46:39.000,101312,affects,cyclicDep,101304,org.apache.tika.metadata,22184
tika,697d7c047daf1f661a4ed067bbc8f9c58bb6faa2,1,2026-01-07T07:46:39.000,101315,affects,cyclicDep,101304,org.apache.tika.detect.microsoft.ooxml,7852
tika,697d7c047daf1f661a4ed067bbc8f9c58bb6faa2,1,2026-01-07T07:46:39.000,101314,affects,cyclicDep,101304,org.apache.tika.detect.zip,889
tika,697d7c047daf1f661a4ed067bbc8f9c58bb6faa2,1,2026-01-07T07:46:39.000,101316,affects,cyclicDep,101304,org.apache.tika.detect,12804
tika,697d7c047daf1f661a4ed067bbc8f9c58bb6faa2,1,2026-01-07T07:46:39.000,101321,affects,cyclicDep,101318,org.apache.tika.extractor,395
tika,697d7c047daf1f661a4ed067bbc8f9c58bb6faa2,1,2026-01-07T07:46:39.000,101323,affects,cyclicDep,101318,org.apache.tika.parser,23878
tika,697d7c047daf1f661a4ed067bbc8f9c58bb6faa2,1,2026-01-07T07:46:39.000,101322,affects,cyclicDep,101318,org.apache.tika.digest,10424
tika,697d7c047daf1f661a4ed067bbc8f9c58bb6faa2,1,2026-01-07T07:46:39.000,101325,affects,cyclicDep,101318,org.apache.tika.metadata.writefilter,21343
tika,697d7c047daf1f661a4ed067bbc8f9c58bb6faa2,1,2026-01-07T07:46:39.000,101324,affects,cyclicDep,101318,org.apache.tika.mime,15151
tika,697d7c047daf1f661a4ed067bbc8f9c58bb6faa2,1,2026-01-07T07:46:39.000,101327,affects,cyclicDep,101318,org.apache.tika.io,23890
tika,697d7c047daf1f661a4ed067bbc8f9c58bb6faa2,1,2026-01-07T07:46:39.000,101326,affects,cyclicDep,101318,org.apache.tika.metadata,22184
tika,697d7c047daf1f661a4ed067bbc8f9c58bb6faa2,1,2026-01-07T07:46:39.000,101333,affects,cyclicDep,101329,org.apache.tika.digest,10424
tika,697d7c047daf1f661a4ed067bbc8f9c58bb6faa2,1,2026-01-07T07:46:39.000,101332,affects,cyclicDep,101329,org.apache.tika.extractor,395
tika,697d7c047daf1f661a4ed067bbc8f9c58bb6faa2,1,2026-01-07T07:46:39.000,101335,affects,cyclicDep,101329,org.apache.tika.mime,15151
tika,697d7c047daf1f661a4ed067bbc8f9c58bb6faa2,1,2026-01-07T07:46:39.000,101334,affects,cyclicDep,101329,org.apache.tika.parser,23878
tika,697d7c047daf1f661a4ed067bbc8f9c58bb6faa2,1,2026-01-07T07:46:39.000,101337,affects,cyclicDep,101329,org.apache.tika.metadata,22184
tika,697d7c047daf1f661a4ed067bbc8f9c58bb6faa2,1,2026-01-07T07:46:39.000,101336,affects,cyclicDep,101329,org.apache.tika.metadata.writefilter,21343
tika,697d7c047daf1f661a4ed067bbc8f9c58bb6faa2,1,2026-01-07T07:46:39.000,101343,affects,cyclicDep,101339,org.apache.tika.digest,10424
tika,697d7c047daf1f661a4ed067bbc8f9c58bb6faa2,1,2026-01-07T07:46:39.000,101342,affects,cyclicDep,101339,org.apache.tika.extractor,395
tika,697d7c047daf1f661a4ed067bbc8f9c58bb6faa2,1,2026-01-07T07:46:39.000,101345,affects,cyclicDep,101339,org.apache.tika.mime,15151
tika,697d7c047daf1f661a4ed067bbc8f9c58bb6faa2,1,2026-01-07T07:46:39.000,101344,affects,cyclicDep,101339,org.apache.tika.parser,23878
tika,697d7c047daf1f661a4ed067bbc8f9c58bb6faa2,1,2026-01-07T07:46:39.000,101351,affects,cyclicDep,101347,org.apache.tika.digest,10424
tika,697d7c047daf1f661a4ed067bbc8f9c58bb6faa2,1,2026-01-07T07:46:39.000,101350,affects,cyclicDep,101347,org.apache.tika.extractor,395
tika,697d7c047daf1f661a4ed067bbc8f9c58bb6faa2,1,2026-01-07T07:46:39.000,101352,affects,cyclicDep,101347,org.apache.tika.parser,23878
tika,697d7c047daf1f661a4ed067bbc8f9c58bb6faa2,1,2026-01-07T07:46:39.000,101357,affects,cyclicDep,101354,org.apache.tika.sax,7070
tika,697d7c047daf1f661a4ed067bbc8f9c58bb6faa2,1,2026-01-07T07:46:39.000,101359,affects,cyclicDep,101354,org.apache.tika.digest,10424
tika,697d7c047daf1f661a4ed067bbc8f9c58bb6faa2,1,2026-01-07T07:46:39.000,101358,affects,cyclicDep,101354,org.apache.tika.extractor,395
tika,697d7c047daf1f661a4ed067bbc8f9c58bb6faa2,1,2026-01-07T07:46:39.000,101361,affects,cyclicDep,101354,org.apache.tika.mime,15151
tika,697d7c047daf1f661a4ed067bbc8f9c58bb6faa2,1,2026-01-07T07:46:39.000,101360,affects,cyclicDep,101354,org.apache.tika.parser,23878
tika,697d7c047daf1f661a4ed067bbc8f9c58bb6faa2,1,2026-01-07T07:46:39.000,101363,affects,cyclicDep,101354,org.apache.tika.metadata,22184
tika,697d7c047daf1f661a4ed067bbc8f9c58bb6faa2,1,2026-01-07T07:46:39.000,101362,affects,cyclicDep,101354,org.apache.tika.metadata.writefilter,21343
tika,697d7c047daf1f661a4ed067bbc8f9c58bb6faa2,1,2026-01-07T07:46:39.000,101365,affects,cyclicDep,101354,org.apache.tika.detect.zip,889
tika,697d7c047daf1f661a4ed067bbc8f9c58bb6faa2,1,2026-01-07T07:46:39.000,101364,affects,cyclicDep,101354,org.apache.tika.io,23890
tika,697d7c047daf1f661a4ed067bbc8f9c58bb6faa2,1,2026-01-07T07:46:39.000,101367,affects,cyclicDep,101354,org.apache.tika.detect,12804
tika,697d7c047daf1f661a4ed067bbc8f9c58bb6faa2,1,2026-01-07T07:46:39.000,101366,affects,cyclicDep,101354,org.apache.tika.detect.microsoft.ooxml,7852
tika,697d7c047daf1f661a4ed067bbc8f9c58bb6faa2,1,2026-01-07T07:46:39.000,101369,affects,cyclicDep,101354,org.apache.tika.config.loader,27547
tika,697d7c047daf1f661a4ed067bbc8f9c58bb6faa2,1,2026-01-07T07:46:39.000,101368,affects,cyclicDep,101354,org.apache.tika.config,23922
tika,697d7c047daf1f661a4ed067bbc8f9c58bb6faa2,1,2026-01-07T07:46:39.000,101370,affects,cyclicDep,101354,org.apache.tika,15836
tika,697d7c047daf1f661a4ed067bbc8f9c58bb6faa2,1,2026-01-07T07:46:39.000,101375,affects,cyclicDep,101372,org.apache.tika.sax,7070
tika,697d7c047daf1f661a4ed067bbc8f9c58bb6faa2,1,2026-01-07T07:46:39.000,101377,affects,cyclicDep,101372,org.apache.tika.digest,10424
tika,697d7c047daf1f661a4ed067bbc8f9c58bb6faa2,1,2026-01-07T07:46:39.000,101376,affects,cyclicDep,101372,org.apache.tika.extractor,395
tika,697d7c047daf1f661a4ed067bbc8f9c58bb6faa2,1,2026-01-07T07:46:39.000,101379,affects,cyclicDep,101372,org.apache.tika.mime,15151
tika,697d7c047daf1f661a4ed067bbc8f9c58bb6faa2,1,2026-01-07T07:46:39.000,101378,affects,cyclicDep,101372,org.apache.tika.parser,23878
tika,697d7c047daf1f661a4ed067bbc8f9c58bb6faa2,1,2026-01-07T07:46:39.000,101381,affects,cyclicDep,101372,org.apache.tika.metadata,22184
tika,697d7c047daf1f661a4ed067bbc8f9c58bb6faa2,1,2026-01-07T07:46:39.000,101380,affects,cyclicDep,101372,org.apache.tika.metadata.writefilter,21343
tika,697d7c047daf1f661a4ed067bbc8f9c58bb6faa2,1,2026-01-07T07:46:39.000,101383,affects,cyclicDep,101372,org.apache.tika.detect.zip,889
tika,697d7c047daf1f661a4ed067bbc8f9c58bb6faa2,1,2026-01-07T07:46:39.000,101382,affects,cyclicDep,101372,org.apache.tika.io,23890
tika,697d7c047daf1f661a4ed067bbc8f9c58bb6faa2,1,2026-01-07T07:46:39.000,101385,affects,cyclicDep,101372,org.apache.tika.detect,12804
tika,697d7c047daf1f661a4ed067bbc8f9c58bb6faa2,1,2026-01-07T07:46:39.000,101384,affects,cyclicDep,101372,org.apache.tika.detect.microsoft.ooxml,7852
tika,697d7c047daf1f661a4ed067bbc8f9c58bb6faa2,1,2026-01-07T07:46:39.000,101386,affects,cyclicDep,101372,org.apache.tika.config,23922
tika,697d7c047daf1f661a4ed067bbc8f9c58bb6faa2,1,2026-01-07T07:46:39.000,101391,affects,cyclicDep,101388,org.apache.tika.sax,7070
tika,697d7c047daf1f661a4ed067bbc8f9c58bb6faa2,1,2026-01-07T07:46:39.000,101393,affects,cyclicDep,101388,org.apache.tika.digest,10424
tika,697d7c047daf1f661a4ed067bbc8f9c58bb6faa2,1,2026-01-07T07:46:39.000,101392,affects,cyclicDep,101388,org.apache.tika.extractor,395
tika,697d7c047daf1f661a4ed067bbc8f9c58bb6faa2,1,2026-01-07T07:46:39.000,101395,affects,cyclicDep,101388,org.apache.tika.mime,15151
tika,697d7c047daf1f661a4ed067bbc8f9c58bb6faa2,1,2026-01-07T07:46:39.000,101394,affects,cyclicDep,101388,org.apache.tika.parser,23878
tika,697d7c047daf1f661a4ed067bbc8f9c58bb6faa2,1,2026-01-07T07:46:39.000,101397,affects,cyclicDep,101388,org.apache.tika.metadata,22184
tika,697d7c047daf1f661a4ed067bbc8f9c58bb6faa2,1,2026-01-07T07:46:39.000,101396,affects,cyclicDep,101388,org.apache.tika.metadata.writefilter,21343
tika,697d7c047daf1f661a4ed067bbc8f9c58bb6faa2,1,2026-01-07T07:46:39.000,101398,affects,cyclicDep,101388,org.apache.tika.io,23890
tika,697d7c047daf1f661a4ed067bbc8f9c58bb6faa2,1,2026-01-07T07:46:39.000,101403,affects,cyclicDep,101400,org.apache.tika.sax,7070
tika,697d7c047daf1f661a4ed067bbc8f9c58bb6faa2,1,2026-01-07T07:46:39.000,101405,affects,cyclicDep,101400,org.apache.tika.digest,10424
tika,697d7c047daf1f661a4ed067bbc8f9c58bb6faa2,1,2026-01-07T07:46:39.000,101404,affects,cyclicDep,101400,org.apache.tika.extractor,395
tika,697d7c047daf1f661a4ed067bbc8f9c58bb6faa2,1,2026-01-07T07:46:39.000,101407,affects,cyclicDep,101400,org.apache.tika.mime,15151
tika,697d7c047daf1f661a4ed067bbc8f9c58bb6faa2,1,2026-01-07T07:46:39.000,101406,affects,cyclicDep,101400,org.apache.tika.parser,23878
tika,697d7c047daf1f661a4ed067bbc8f9c58bb6faa2,1,2026-01-07T07:46:39.000,101409,affects,cyclicDep,101400,org.apache.tika.metadata,22184
tika,697d7c047daf1f661a4ed067bbc8f9c58bb6faa2,1,2026-01-07T07:46:39.000,101408,affects,cyclicDep,101400,org.apache.tika.metadata.writefilter,21343
tika,697d7c047daf1f661a4ed067bbc8f9c58bb6faa2,1,2026-01-07T07:46:39.000,101415,affects,cyclicDep,101411,org.apache.tika.extractor,395
tika,697d7c047daf1f661a4ed067bbc8f9c58bb6faa2,1,2026-01-07T07:46:39.000,101414,affects,cyclicDep,101411,org.apache.tika.sax,7070
tika,697d7c047daf1f661a4ed067bbc8f9c58bb6faa2,1,2026-01-07T07:46:39.000,101417,affects,cyclicDep,101411,org.apache.tika.parser,23878
tika,697d7c047daf1f661a4ed067bbc8f9c58bb6faa2,1,2026-01-07T07:46:39.000,101416,affects,cyclicDep,101411,org.apache.tika.digest,10424
tika,697d7c047daf1f661a4ed067bbc8f9c58bb6faa2,1,2026-01-07T07:46:39.000,101418,affects,cyclicDep,101411,org.apache.tika.mime,15151
tika,697d7c047daf1f661a4ed067bbc8f9c58bb6faa2,1,2026-01-07T07:46:39.000,101423,affects,cyclicDep,101420,org.apache.tika.sax,7070
tika,697d7c047daf1f661a4ed067bbc8f9c58bb6faa2,1,2026-01-07T07:46:39.000,101425,affects,cyclicDep,101420,org.apache.tika.digest,10424
tika,697d7c047daf1f661a4ed067bbc8f9c58bb6faa2,1,2026-01-07T07:46:39.000,101424,affects,cyclicDep,101420,org.apache.tika.extractor,395
tika,697d7c047daf1f661a4ed067bbc8f9c58bb6faa2,1,2026-01-07T07:46:39.000,101426,affects,cyclicDep,101420,org.apache.tika.parser,23878
tika,697d7c047daf1f661a4ed067bbc8f9c58bb6faa2,1,2026-01-07T07:46:39.000,101431,affects,cyclicDep,101428,org.apache.tika.parser.html,18095
tika,697d7c047daf1f661a4ed067bbc8f9c58bb6faa2,1,2026-01-07T07:46:39.000,101433,affects,cyclicDep,101428,org.apache.tika.extractor,395
tika,697d7c047daf1f661a4ed067bbc8f9c58bb6faa2,1,2026-01-07T07:46:39.000,101432,affects,cyclicDep,101428,org.apache.tika.sax,7070
tika,697d7c047daf1f661a4ed067bbc8f9c58bb6faa2,1,2026-01-07T07:46:39.000,101435,affects,cyclicDep,101428,org.apache.tika.parser,23878
tika,697d7c047daf1f661a4ed067bbc8f9c58bb6faa2,1,2026-01-07T07:46:39.000,101434,affects,cyclicDep,101428,org.apache.tika.digest,10424
tika,697d7c047daf1f661a4ed067bbc8f9c58bb6faa2,1,2026-01-07T07:46:39.000,101437,affects,cyclicDep,101428,org.apache.tika.metadata.writefilter,21343
tika,697d7c047daf1f661a4ed067bbc8f9c58bb6faa2,1,2026-01-07T07:46:39.000,101436,affects,cyclicDep,101428,org.apache.tika.mime,15151
tika,697d7c047daf1f661a4ed067bbc8f9c58bb6faa2,1,2026-01-07T07:46:39.000,101439,affects,cyclicDep,101428,org.apache.tika.io,23890
tika,697d7c047daf1f661a4ed067bbc8f9c58bb6faa2,1,2026-01-07T07:46:39.000,101438,affects,cyclicDep,101428,org.apache.tika.metadata,22184
tika,697d7c047daf1f661a4ed067bbc8f9c58bb6faa2,1,2026-01-07T07:46:39.000,101441,affects,cyclicDep,101428,org.apache.tika.detect.microsoft.ooxml,7852
tika,697d7c047daf1f661a4ed067bbc8f9c58bb6faa2,1,2026-01-07T07:46:39.000,101440,affects,cyclicDep,101428,org.apache.tika.detect.zip,889
tika,697d7c047daf1f661a4ed067bbc8f9c58bb6faa2,1,2026-01-07T07:46:39.000,101443,affects,cyclicDep,101428,org.apache.tika.config,23922
tika,697d7c047daf1f661a4ed067bbc8f9c58bb6faa2,1,2026-01-07T07:46:39.000,101442,affects,cyclicDep,101428,org.apache.tika.detect,12804
tika,697d7c047daf1f661a4ed067bbc8f9c58bb6faa2,1,2026-01-07T07:46:39.000,101445,affects,cyclicDep,101428,org.apache.tika,15836
tika,697d7c047daf1f661a4ed067bbc8f9c58bb6faa2,1,2026-01-07T07:46:39.000,101444,affects,cyclicDep,101428,org.apache.tika.config.loader,27547
tika,697d7c047daf1f661a4ed067bbc8f9c58bb6faa2,1,2026-01-07T07:46:39.000,101451,affects,cyclicDep,101447,org.apache.tika.sax,7070
tika,697d7c047daf1f661a4ed067bbc8f9c58bb6faa2,1,2026-01-07T07:46:39.000,101450,affects,cyclicDep,101447,org.apache.tika.parser.html,18095
tika,697d7c047daf1f661a4ed067bbc8f9c58bb6faa2,1,2026-01-07T07:46:39.000,101453,affects,cyclicDep,101447,org.apache.tika.digest,10424
tika,697d7c047daf1f661a4ed067bbc8f9c58bb6faa2,1,2026-01-07T07:46:39.000,101452,affects,cyclicDep,101447,org.apache.tika.extractor,395
tika,697d7c047daf1f661a4ed067bbc8f9c58bb6faa2,1,2026-01-07T07:46:39.000,101455,affects,cyclicDep,101447,org.apache.tika.mime,15151
tika,697d7c047daf1f661a4ed067bbc8f9c58bb6faa2,1,2026-01-07T07:46:39.000,101454,affects,cyclicDep,101447,org.apache.tika.parser,23878
tika,697d7c047daf1f661a4ed067bbc8f9c58bb6faa2,1,2026-01-07T07:46:39.000,101457,affects,cyclicDep,101447,org.apache.tika.metadata,22184
tika,697d7c047daf1f661a4ed067bbc8f9c58bb6faa2,1,2026-01-07T07:46:39.000,101456,affects,cyclicDep,101447,org.apache.tika.metadata.writefilter,21343
tika,697d7c047daf1f661a4ed067bbc8f9c58bb6faa2,1,2026-01-07T07:46:39.000,101459,affects,cyclicDep,101447,org.apache.tika.detect.zip,889
tika,697d7c047daf1f661a4ed067bbc8f9c58bb6faa2,1,2026-01-07T07:46:39.000,101458,affects,cyclicDep,101447,org.apache.tika.io,23890
tika,697d7c047daf1f661a4ed067bbc8f9c58bb6faa2,1,2026-01-07T07:46:39.000,101461,affects,cyclicDep,101447,org.apache.tika.detect,12804
tika,697d7c047daf1f661a4ed067bbc8f9c58bb6faa2,1,2026-01-07T07:46:39.000,101460,affects,cyclicDep,101447,org.apache.tika.detect.microsoft.ooxml,7852
tika,697d7c047daf1f661a4ed067bbc8f9c58bb6faa2,1,2026-01-07T07:46:39.000,101462,affects,cyclicDep,101447,org.apache.tika.config,23922
tika,697d7c047daf1f661a4ed067bbc8f9c58bb6faa2,1,2026-01-07T07:46:39.000,101467,affects,cyclicDep,101464,org.apache.tika.parser.html,18095
tika,697d7c047daf1f661a4ed067bbc8f9c58bb6faa2,1,2026-01-07T07:46:39.000,101469,affects,cyclicDep,101464,org.apache.tika.extractor,395
tika,697d7c047daf1f661a4ed067bbc8f9c58bb6faa2,1,2026-01-07T07:46:39.000,101468,affects,cyclicDep,101464,org.apache.tika.sax,7070
tika,697d7c047daf1f661a4ed067bbc8f9c58bb6faa2,1,2026-01-07T07:46:39.000,101471,affects,cyclicDep,101464,org.apache.tika.parser,23878
tika,697d7c047daf1f661a4ed067bbc8f9c58bb6faa2,1,2026-01-07T07:46:39.000,101470,affects,cyclicDep,101464,org.apache.tika.digest,10424
tika,697d7c047daf1f661a4ed067bbc8f9c58bb6faa2,1,2026-01-07T07:46:39.000,101473,affects,cyclicDep,101464,org.apache.tika.metadata.writefilter,21343
tika,697d7c047daf1f661a4ed067bbc8f9c58bb6faa2,1,2026-01-07T07:46:39.000,101472,affects,cyclicDep,101464,org.apache.tika.mime,15151
tika,697d7c047daf1f661a4ed067bbc8f9c58bb6faa2,1,2026-01-07T07:46:39.000,101475,affects,cyclicDep,101464,org.apache.tika.io,23890
tika,697d7c047daf1f661a4ed067bbc8f9c58bb6faa2,1,2026-01-07T07:46:39.000,101474,affects,cyclicDep,101464,org.apache.tika.metadata,22184
tika,697d7c047daf1f661a4ed067bbc8f9c58bb6faa2,1,2026-01-07T07:46:39.000,101477,affects,cyclicDep,101464,org.apache.tika.detect.microsoft.ooxml,7852
tika,697d7c047daf1f661a4ed067bbc8f9c58bb6faa2,1,2026-01-07T07:46:39.000,101476,affects,cyclicDep,101464,org.apache.tika.detect.zip,889
tika,697d7c047daf1f661a4ed067bbc8f9c58bb6faa2,1,2026-01-07T07:46:39.000,101479,affects,cyclicDep,101464,org.apache.tika.config,23922
tika,697d7c047daf1f661a4ed067bbc8f9c58bb6faa2,1,2026-01-07T07:46:39.000,101478,affects,cyclicDep,101464,org.apache.tika.detect,12804
tika,697d7c047daf1f661a4ed067bbc8f9c58bb6faa2,1,2026-01-07T07:46:39.000,101480,affects,cyclicDep,101464,org.apache.tika.config.loader,27547
tika,697d7c047daf1f661a4ed067bbc8f9c58bb6faa2,1,2026-01-07T07:46:39.000,101485,affects,cyclicDep,101482,org.apache.tika.parser.html,18095
tika,697d7c047daf1f661a4ed067bbc8f9c58bb6faa2,1,2026-01-07T07:46:39.000,101487,affects,cyclicDep,101482,org.apache.tika.extractor,395
tika,697d7c047daf1f661a4ed067bbc8f9c58bb6faa2,1,2026-01-07T07:46:39.000,101486,affects,cyclicDep,101482,org.apache.tika.sax,7070
tika,697d7c047daf1f661a4ed067bbc8f9c58bb6faa2,1,2026-01-07T07:46:39.000,101489,affects,cyclicDep,101482,org.apache.tika.parser,23878
tika,697d7c047daf1f661a4ed067bbc8f9c58bb6faa2,1,2026-01-07T07:46:39.000,101488,affects,cyclicDep,101482,org.apache.tika.digest,10424
tika,697d7c047daf1f661a4ed067bbc8f9c58bb6faa2,1,2026-01-07T07:46:39.000,101491,affects,cyclicDep,101482,org.apache.tika.metadata.writefilter,21343
tika,697d7c047daf1f661a4ed067bbc8f9c58bb6faa2,1,2026-01-07T07:46:39.000,101490,affects,cyclicDep,101482,org.apache.tika.mime,15151
tika,697d7c047daf1f661a4ed067bbc8f9c58bb6faa2,1,2026-01-07T07:46:39.000,101493,affects,cyclicDep,101482,org.apache.tika.io,23890
tika,697d7c047daf1f661a4ed067bbc8f9c58bb6faa2,1,2026-01-07T07:46:39.000,101492,affects,cyclicDep,101482,org.apache.tika.metadata,22184
tika,697d7c047daf1f661a4ed067bbc8f9c58bb6faa2,1,2026-01-07T07:46:39.000,101495,affects,cyclicDep,101482,org.apache.tika.detect.microsoft.ooxml,7852
tika,697d7c047daf1f661a4ed067bbc8f9c58bb6faa2,1,2026-01-07T07:46:39.000,101494,affects,cyclicDep,101482,org.apache.tika.detect.zip,889
tika,697d7c047daf1f661a4ed067bbc8f9c58bb6faa2,1,2026-01-07T07:46:39.000,101496,affects,cyclicDep,101482,org.apache.tika.detect,12804
tika,697d7c047daf1f661a4ed067bbc8f9c58bb6faa2,1,2026-01-07T07:46:39.000,101501,affects,cyclicDep,101498,org.apache.tika.parser.html,18095
tika,697d7c047daf1f661a4ed067bbc8f9c58bb6faa2,1,2026-01-07T07:46:39.000,101503,affects,cyclicDep,101498,org.apache.tika.extractor,395
tika,697d7c047daf1f661a4ed067bbc8f9c58bb6faa2,1,2026-01-07T07:46:39.000,101502,affects,cyclicDep,101498,org.apache.tika.sax,7070
tika,697d7c047daf1f661a4ed067bbc8f9c58bb6faa2,1,2026-01-07T07:46:39.000,101509,affects,cyclicDep,101505,org.apache.tika.sax,7070
tika,697d7c047daf1f661a4ed067bbc8f9c58bb6faa2,1,2026-01-07T07:46:39.000,101508,affects,cyclicDep,101505,org.apache.tika.parser.html,18095
tika,697d7c047daf1f661a4ed067bbc8f9c58bb6faa2,1,2026-01-07T07:46:39.000,101511,affects,cyclicDep,101505,org.apache.tika.digest,10424
tika,697d7c047daf1f661a4ed067bbc8f9c58bb6faa2,1,2026-01-07T07:46:39.000,101510,affects,cyclicDep,101505,org.apache.tika.extractor,395
tika,697d7c047daf1f661a4ed067bbc8f9c58bb6faa2,1,2026-01-07T07:46:39.000,101513,affects,cyclicDep,101505,org.apache.tika.mime,15151
tika,697d7c047daf1f661a4ed067bbc8f9c58bb6faa2,1,2026-01-07T07:46:39.000,101512,affects,cyclicDep,101505,org.apache.tika.parser,23878
tika,697d7c047daf1f661a4ed067bbc8f9c58bb6faa2,1,2026-01-07T07:46:39.000,101515,affects,cyclicDep,101505,org.apache.tika.metadata,22184
tika,697d7c047daf1f661a4ed067bbc8f9c58bb6faa2,1,2026-01-07T07:46:39.000,101514,affects,cyclicDep,101505,org.apache.tika.metadata.writefilter,21343
tika,697d7c047daf1f661a4ed067bbc8f9c58bb6faa2,1,2026-01-07T07:46:39.000,101516,affects,cyclicDep,101505,org.apache.tika.io,23890
tika,697d7c047daf1f661a4ed067bbc8f9c58bb6faa2,1,2026-01-07T07:46:39.000,101521,affects,cyclicDep,101518,org.apache.tika.parser.html,18095
tika,697d7c047daf1f661a4ed067bbc8f9c58bb6faa2,1,2026-01-07T07:46:39.000,101523,affects,cyclicDep,101518,org.apache.tika.extractor,395
tika,697d7c047daf1f661a4ed067bbc8f9c58bb6faa2,1,2026-01-07T07:46:39.000,101522,affects,cyclicDep,101518,org.apache.tika.sax,7070
tika,697d7c047daf1f661a4ed067bbc8f9c58bb6faa2,1,2026-01-07T07:46:39.000,101525,affects,cyclicDep,101518,org.apache.tika.parser,23878
tika,697d7c047daf1f661a4ed067bbc8f9c58bb6faa2,1,2026-01-07T07:46:39.000,101524,affects,cyclicDep,101518,org.apache.tika.digest,10424
tika,697d7c047daf1f661a4ed067bbc8f9c58bb6faa2,1,2026-01-07T07:46:39.000,101527,affects,cyclicDep,101518,org.apache.tika.metadata.writefilter,21343
tika,697d7c047daf1f661a4ed067bbc8f9c58bb6faa2,1,2026-01-07T07:46:39.000,101526,affects,cyclicDep,101518,org.apache.tika.mime,15151
tika,697d7c047daf1f661a4ed067bbc8f9c58bb6faa2,1,2026-01-07T07:46:39.000,101528,affects,cyclicDep,101518,org.apache.tika.metadata,22184
tika,697d7c047daf1f661a4ed067bbc8f9c58bb6faa2,1,2026-01-07T07:46:39.000,101533,affects,cyclicDep,101530,org.apache.tika.parser.html,18095
tika,697d7c047daf1f661a4ed067bbc8f9c58bb6faa2,1,2026-01-07T07:46:39.000,101535,affects,cyclicDep,101530,org.apache.tika.extractor,395
tika,697d7c047daf1f661a4ed067bbc8f9c58bb6faa2,1,2026-01-07T07:46:39.000,101534,affects,cyclicDep,101530,org.apache.tika.sax,7070
tika,697d7c047daf1f661a4ed067bbc8f9c58bb6faa2,1,2026-01-07T07:46:39.000,101537,affects,cyclicDep,101530,org.apache.tika.parser,23878
tika,697d7c047daf1f661a4ed067bbc8f9c58bb6faa2,1,2026-01-07T07:46:39.000,101536,affects,cyclicDep,101530,org.apache.tika.digest,10424
tika,697d7c047daf1f661a4ed067bbc8f9c58bb6faa2,1,2026-01-07T07:46:39.000,101538,affects,cyclicDep,101530,org.apache.tika.mime,15151
tika,697d7c047daf1f661a4ed067bbc8f9c58bb6faa2,1,2026-01-07T07:46:39.000,101543,affects,cyclicDep,101540,org.apache.tika.parser.html,18095
tika,697d7c047daf1f661a4ed067bbc8f9c58bb6faa2,1,2026-01-07T07:46:39.000,101545,affects,cyclicDep,101540,org.apache.tika.extractor,395
tika,697d7c047daf1f661a4ed067bbc8f9c58bb6faa2,1,2026-01-07T07:46:39.000,101544,affects,cyclicDep,101540,org.apache.tika.sax,7070
tika,697d7c047daf1f661a4ed067bbc8f9c58bb6faa2,1,2026-01-07T07:46:39.000,101547,affects,cyclicDep,101540,org.apache.tika.parser,23878
tika,697d7c047daf1f661a4ed067bbc8f9c58bb6faa2,1,2026-01-07T07:46:39.000,101546,affects,cyclicDep,101540,org.apache.tika.digest,10424
tika,697d7c047daf1f661a4ed067bbc8f9c58bb6faa2,1,2026-01-07T07:46:39.000,101553,affects,cyclicDep,101549,org.apache.tika.parser.html,18095
tika,697d7c047daf1f661a4ed067bbc8f9c58bb6faa2,1,2026-01-07T07:46:39.000,101552,affects,cyclicDep,101549,org.apache.tika.parser.html.charsetdetector,18331
tika,697d7c047daf1f661a4ed067bbc8f9c58bb6faa2,1,2026-01-07T07:46:39.000,101555,affects,cyclicDep,101549,org.apache.tika.extractor,395
tika,697d7c047daf1f661a4ed067bbc8f9c58bb6faa2,1,2026-01-07T07:46:39.000,101554,affects,cyclicDep,101549,org.apache.tika.sax,7070
tika,697d7c047daf1f661a4ed067bbc8f9c58bb6faa2,1,2026-01-07T07:46:39.000,101557,affects,cyclicDep,101549,org.apache.tika.parser,23878
tika,697d7c047daf1f661a4ed067bbc8f9c58bb6faa2,1,2026-01-07T07:46:39.000,101556,affects,cyclicDep,101549,org.apache.tika.digest,10424
tika,697d7c047daf1f661a4ed067bbc8f9c58bb6faa2,1,2026-01-07T07:46:39.000,101559,affects,cyclicDep,101549,org.apache.tika.metadata.writefilter,21343
tika,697d7c047daf1f661a4ed067bbc8f9c58bb6faa2,1,2026-01-07T07:46:39.000,101558,affects,cyclicDep,101549,org.apache.tika.mime,15151
tika,697d7c047daf1f661a4ed067bbc8f9c58bb6faa2,1,2026-01-07T07:46:39.000,101561,affects,cyclicDep,101549,org.apache.tika.io,23890
tika,697d7c047daf1f661a4ed067bbc8f9c58bb6faa2,1,2026-01-07T07:46:39.000,101560,affects,cyclicDep,101549,org.apache.tika.metadata,22184
tika,697d7c047daf1f661a4ed067bbc8f9c58bb6faa2,1,2026-01-07T07:46:39.000,101563,affects,cyclicDep,101549,org.apache.tika.detect.microsoft.ooxml,7852
tika,697d7c047daf1f661a4ed067bbc8f9c58bb6faa2,1,2026-01-07T07:46:39.000,101562,affects,cyclicDep,101549,org.apache.tika.detect.zip,889
tika,697d7c047daf1f661a4ed067bbc8f9c58bb6faa2,1,2026-01-07T07:46:39.000,101565,affects,cyclicDep,101549,org.apache.tika.config,23922
tika,697d7c047daf1f661a4ed067bbc8f9c58bb6faa2,1,2026-01-07T07:46:39.000,101564,affects,cyclicDep,101549,org.apache.tika.detect,12804
tika,697d7c047daf1f661a4ed067bbc8f9c58bb6faa2,1,2026-01-07T07:46:39.000,101571,affects,cyclicDep,101567,org.apache.tika.parser.html,18095
tika,697d7c047daf1f661a4ed067bbc8f9c58bb6faa2,1,2026-01-07T07:46:39.000,101570,affects,cyclicDep,101567,org.apache.tika.parser.html.charsetdetector,18331
tika,697d7c047daf1f661a4ed067bbc8f9c58bb6faa2,1,2026-01-07T07:46:39.000,101573,affects,cyclicDep,101567,org.apache.tika.extractor,395
tika,697d7c047daf1f661a4ed067bbc8f9c58bb6faa2,1,2026-01-07T07:46:39.000,101572,affects,cyclicDep,101567,org.apache.tika.sax,7070
tika,697d7c047daf1f661a4ed067bbc8f9c58bb6faa2,1,2026-01-07T07:46:39.000,101575,affects,cyclicDep,101567,org.apache.tika.parser,23878
tika,697d7c047daf1f661a4ed067bbc8f9c58bb6faa2,1,2026-01-07T07:46:39.000,101574,affects,cyclicDep,101567,org.apache.tika.digest,10424
tika,697d7c047daf1f661a4ed067bbc8f9c58bb6faa2,1,2026-01-07T07:46:39.000,101577,affects,cyclicDep,101567,org.apache.tika.metadata.writefilter,21343
tika,697d7c047daf1f661a4ed067bbc8f9c58bb6faa2,1,2026-01-07T07:46:39.000,101576,affects,cyclicDep,101567,org.apache.tika.mime,15151
tika,697d7c047daf1f661a4ed067bbc8f9c58bb6faa2,1,2026-01-07T07:46:39.000,101579,affects,cyclicDep,101567,org.apache.tika.io,23890
tika,697d7c047daf1f661a4ed067bbc8f9c58bb6faa2,1,2026-01-07T07:46:39.000,101578,affects,cyclicDep,101567,org.apache.tika.metadata,22184
tika,697d7c047daf1f661a4ed067bbc8f9c58bb6faa2,1,2026-01-07T07:46:39.000,101581,affects,cyclicDep,101567,org.apache.tika.detect.microsoft.ooxml,7852
tika,697d7c047daf1f661a4ed067bbc8f9c58bb6faa2,1,2026-01-07T07:46:39.000,101580,affects,cyclicDep,101567,org.apache.tika.detect.zip,889
tika,697d7c047daf1f661a4ed067bbc8f9c58bb6faa2,1,2026-01-07T07:46:39.000,101582,affects,cyclicDep,101567,org.apache.tika.detect,12804
tika,697d7c047daf1f661a4ed067bbc8f9c58bb6faa2,1,2026-01-07T07:46:39.000,101587,affects,cyclicDep,101584,org.apache.tika.parser.html.charsetdetector,18331
tika,697d7c047daf1f661a4ed067bbc8f9c58bb6faa2,1,2026-01-07T07:46:39.000,101589,affects,cyclicDep,101584,org.apache.tika.sax,7070
tika,697d7c047daf1f661a4ed067bbc8f9c58bb6faa2,1,2026-01-07T07:46:39.000,101588,affects,cyclicDep,101584,org.apache.tika.parser.html,18095
tika,697d7c047daf1f661a4ed067bbc8f9c58bb6faa2,1,2026-01-07T07:46:39.000,101591,affects,cyclicDep,101584,org.apache.tika.digest,10424
tika,697d7c047daf1f661a4ed067bbc8f9c58bb6faa2,1,2026-01-07T07:46:39.000,101590,affects,cyclicDep,101584,org.apache.tika.extractor,395
tika,697d7c047daf1f661a4ed067bbc8f9c58bb6faa2,1,2026-01-07T07:46:39.000,101593,affects,cyclicDep,101584,org.apache.tika.mime,15151
tika,697d7c047daf1f661a4ed067bbc8f9c58bb6faa2,1,2026-01-07T07:46:39.000,101592,affects,cyclicDep,101584,org.apache.tika.parser,23878
tika,697d7c047daf1f661a4ed067bbc8f9c58bb6faa2,1,2026-01-07T07:46:39.000,101595,affects,cyclicDep,101584,org.apache.tika.metadata,22184
tika,697d7c047daf1f661a4ed067bbc8f9c58bb6faa2,1,2026-01-07T07:46:39.000,101594,affects,cyclicDep,101584,org.apache.tika.metadata.writefilter,21343
tika,697d7c047daf1f661a4ed067bbc8f9c58bb6faa2,1,2026-01-07T07:46:39.000,101596,affects,cyclicDep,101584,org.apache.tika.io,23890
tika,697d7c047daf1f661a4ed067bbc8f9c58bb6faa2,1,2026-01-07T07:46:39.000,101601,affects,cyclicDep,101598,org.apache.tika.parser.html.charsetdetector,18331
tika,697d7c047daf1f661a4ed067bbc8f9c58bb6faa2,1,2026-01-07T07:46:39.000,101603,affects,cyclicDep,101598,org.apache.tika.sax,7070
tika,697d7c047daf1f661a4ed067bbc8f9c58bb6faa2,1,2026-01-07T07:46:39.000,101602,affects,cyclicDep,101598,org.apache.tika.parser.html,18095
tika,697d7c047daf1f661a4ed067bbc8f9c58bb6faa2,1,2026-01-07T07:46:39.000,101605,affects,cyclicDep,101598,org.apache.tika.digest,10424
tika,697d7c047daf1f661a4ed067bbc8f9c58bb6faa2,1,2026-01-07T07:46:39.000,101604,affects,cyclicDep,101598,org.apache.tika.extractor,395
tika,697d7c047daf1f661a4ed067bbc8f9c58bb6faa2,1,2026-01-07T07:46:39.000,101607,affects,cyclicDep,101598,org.apache.tika.mime,15151
tika,697d7c047daf1f661a4ed067bbc8f9c58bb6faa2,1,2026-01-07T07:46:39.000,101606,affects,cyclicDep,101598,org.apache.tika.parser,23878
tika,697d7c047daf1f661a4ed067bbc8f9c58bb6faa2,1,2026-01-07T07:46:39.000,101609,affects,cyclicDep,101598,org.apache.tika.metadata,22184
tika,697d7c047daf1f661a4ed067bbc8f9c58bb6faa2,1,2026-01-07T07:46:39.000,101608,affects,cyclicDep,101598,org.apache.tika.metadata.writefilter,21343
tika,697d7c047daf1f661a4ed067bbc8f9c58bb6faa2,1,2026-01-07T07:46:39.000,101615,affects,cyclicDep,101611,org.apache.tika.parser.html,18095
tika,697d7c047daf1f661a4ed067bbc8f9c58bb6faa2,1,2026-01-07T07:46:39.000,101614,affects,cyclicDep,101611,org.apache.tika.parser.html.charsetdetector,18331
tika,697d7c047daf1f661a4ed067bbc8f9c58bb6faa2,1,2026-01-07T07:46:39.000,101617,affects,cyclicDep,101611,org.apache.tika.extractor,395
tika,697d7c047daf1f661a4ed067bbc8f9c58bb6faa2,1,2026-01-07T07:46:39.000,101616,affects,cyclicDep,101611,org.apache.tika.sax,7070
tika,697d7c047daf1f661a4ed067bbc8f9c58bb6faa2,1,2026-01-07T07:46:39.000,101619,affects,cyclicDep,101611,org.apache.tika.parser,23878
tika,697d7c047daf1f661a4ed067bbc8f9c58bb6faa2,1,2026-01-07T07:46:39.000,101618,affects,cyclicDep,101611,org.apache.tika.digest,10424
tika,697d7c047daf1f661a4ed067bbc8f9c58bb6faa2,1,2026-01-07T07:46:39.000,101620,affects,cyclicDep,101611,org.apache.tika.mime,15151
tika,697d7c047daf1f661a4ed067bbc8f9c58bb6faa2,1,2026-01-07T07:46:39.000,101625,affects,cyclicDep,101622,org.apache.tika.parser.html.charsetdetector,18331
tika,697d7c047daf1f661a4ed067bbc8f9c58bb6faa2,1,2026-01-07T07:46:39.000,101627,affects,cyclicDep,101622,org.apache.tika.sax,7070
tika,697d7c047daf1f661a4ed067bbc8f9c58bb6faa2,1,2026-01-07T07:46:39.000,101626,affects,cyclicDep,101622,org.apache.tika.parser.html,18095
tika,697d7c047daf1f661a4ed067bbc8f9c58bb6faa2,1,2026-01-07T07:46:39.000,101629,affects,cyclicDep,101622,org.apache.tika.digest,10424
tika,697d7c047daf1f661a4ed067bbc8f9c58bb6faa2,1,2026-01-07T07:46:39.000,101628,affects,cyclicDep,101622,org.apache.tika.extractor,395
tika,697d7c047daf1f661a4ed067bbc8f9c58bb6faa2,1,2026-01-07T07:46:39.000,101630,affects,cyclicDep,101622,org.apache.tika.parser,23878
tika,697d7c047daf1f661a4ed067bbc8f9c58bb6faa2,1,2026-01-07T07:46:39.000,101641,affects,cyclicDep,101638,org.apache.tika.utils,23822
tika,697d7c047daf1f661a4ed067bbc8f9c58bb6faa2,1,2026-01-07T07:46:39.000,101643,affects,cyclicDep,101638,org.apache.tika.sax,7070
tika,697d7c047daf1f661a4ed067bbc8f9c58bb6faa2,1,2026-01-07T07:46:39.000,101642,affects,cyclicDep,101638,org.apache.tika.parser.html,18095
tika,697d7c047daf1f661a4ed067bbc8f9c58bb6faa2,1,2026-01-07T07:46:39.000,101645,affects,cyclicDep,101638,org.apache.tika.digest,10424
tika,697d7c047daf1f661a4ed067bbc8f9c58bb6faa2,1,2026-01-07T07:46:39.000,101644,affects,cyclicDep,101638,org.apache.tika.extractor,395
tika,697d7c047daf1f661a4ed067bbc8f9c58bb6faa2,1,2026-01-07T07:46:39.000,101647,affects,cyclicDep,101638,org.apache.tika.mime,15151
tika,697d7c047daf1f661a4ed067bbc8f9c58bb6faa2,1,2026-01-07T07:46:39.000,101646,affects,cyclicDep,101638,org.apache.tika.parser,23878
tika,697d7c047daf1f661a4ed067bbc8f9c58bb6faa2,1,2026-01-07T07:46:39.000,101649,affects,cyclicDep,101638,org.apache.tika.metadata,22184
tika,697d7c047daf1f661a4ed067bbc8f9c58bb6faa2,1,2026-01-07T07:46:39.000,101648,affects,cyclicDep,101638,org.apache.tika.metadata.writefilter,21343
tika,697d7c047daf1f661a4ed067bbc8f9c58bb6faa2,1,2026-01-07T07:46:39.000,101651,affects,cyclicDep,101638,org.apache.tika.detect.zip,889
tika,697d7c047daf1f661a4ed067bbc8f9c58bb6faa2,1,2026-01-07T07:46:39.000,101650,affects,cyclicDep,101638,org.apache.tika.io,23890
tika,697d7c047daf1f661a4ed067bbc8f9c58bb6faa2,1,2026-01-07T07:46:39.000,101653,affects,cyclicDep,101638,org.apache.tika.detect,12804
tika,697d7c047daf1f661a4ed067bbc8f9c58bb6faa2,1,2026-01-07T07:46:39.000,101652,affects,cyclicDep,101638,org.apache.tika.detect.microsoft.ooxml,7852
tika,697d7c047daf1f661a4ed067bbc8f9c58bb6faa2,1,2026-01-07T07:46:39.000,101655,affects,cyclicDep,101638,org.apache.tika.config.loader,27547
tika,697d7c047daf1f661a4ed067bbc8f9c58bb6faa2,1,2026-01-07T07:46:39.000,101654,affects,cyclicDep,101638,org.apache.tika.config,23922
tika,697d7c047daf1f661a4ed067bbc8f9c58bb6faa2,1,2026-01-07T07:46:39.000,101656,affects,cyclicDep,101638,org.apache.tika,15836
tika,697d7c047daf1f661a4ed067bbc8f9c58bb6faa2,1,2026-01-07T07:46:39.000,101661,affects,cyclicDep,101658,org.apache.tika.utils,23822
tika,697d7c047daf1f661a4ed067bbc8f9c58bb6faa2,1,2026-01-07T07:46:39.000,101663,affects,cyclicDep,101658,org.apache.tika.sax,7070
tika,697d7c047daf1f661a4ed067bbc8f9c58bb6faa2,1,2026-01-07T07:46:39.000,101662,affects,cyclicDep,101658,org.apache.tika.parser.html,18095
tika,697d7c047daf1f661a4ed067bbc8f9c58bb6faa2,1,2026-01-07T07:46:39.000,101665,affects,cyclicDep,101658,org.apache.tika.digest,10424
tika,697d7c047daf1f661a4ed067bbc8f9c58bb6faa2,1,2026-01-07T07:46:39.000,101664,affects,cyclicDep,101658,org.apache.tika.extractor,395
tika,697d7c047daf1f661a4ed067bbc8f9c58bb6faa2,1,2026-01-07T07:46:39.000,101667,affects,cyclicDep,101658,org.apache.tika.mime,15151
tika,697d7c047daf1f661a4ed067bbc8f9c58bb6faa2,1,2026-01-07T07:46:39.000,101666,affects,cyclicDep,101658,org.apache.tika.parser,23878
tika,697d7c047daf1f661a4ed067bbc8f9c58bb6faa2,1,2026-01-07T07:46:39.000,101669,affects,cyclicDep,101658,org.apache.tika.metadata,22184
tika,697d7c047daf1f661a4ed067bbc8f9c58bb6faa2,1,2026-01-07T07:46:39.000,101668,affects,cyclicDep,101658,org.apache.tika.metadata.writefilter,21343
tika,697d7c047daf1f661a4ed067bbc8f9c58bb6faa2,1,2026-01-07T07:46:39.000,101671,affects,cyclicDep,101658,org.apache.tika.detect.zip,889
tika,697d7c047daf1f661a4ed067bbc8f9c58bb6faa2,1,2026-01-07T07:46:39.000,101670,affects,cyclicDep,101658,org.apache.tika.io,23890
tika,697d7c047daf1f661a4ed067bbc8f9c58bb6faa2,1,2026-01-07T07:46:39.000,101673,affects,cyclicDep,101658,org.apache.tika.detect,12804
tika,697d7c047daf1f661a4ed067bbc8f9c58bb6faa2,1,2026-01-07T07:46:39.000,101672,affects,cyclicDep,101658,org.apache.tika.detect.microsoft.ooxml,7852
tika,697d7c047daf1f661a4ed067bbc8f9c58bb6faa2,1,2026-01-07T07:46:39.000,101674,affects,cyclicDep,101658,org.apache.tika.config,23922
tika,697d7c047daf1f661a4ed067bbc8f9c58bb6faa2,1,2026-01-07T07:46:39.000,101679,affects,cyclicDep,101676,org.apache.tika.utils,23822
tika,697d7c047daf1f661a4ed067bbc8f9c58bb6faa2,1,2026-01-07T07:46:39.000,101681,affects,cyclicDep,101676,org.apache.tika.sax,7070
tika,697d7c047daf1f661a4ed067bbc8f9c58bb6faa2,1,2026-01-07T07:46:39.000,101680,affects,cyclicDep,101676,org.apache.tika.parser.html,18095
tika,697d7c047daf1f661a4ed067bbc8f9c58bb6faa2,1,2026-01-07T07:46:39.000,101683,affects,cyclicDep,101676,org.apache.tika.digest,10424
tika,697d7c047daf1f661a4ed067bbc8f9c58bb6faa2,1,2026-01-07T07:46:39.000,101682,affects,cyclicDep,101676,org.apache.tika.extractor,395
tika,697d7c047daf1f661a4ed067bbc8f9c58bb6faa2,1,2026-01-07T07:46:39.000,101685,affects,cyclicDep,101676,org.apache.tika.mime,15151
tika,697d7c047daf1f661a4ed067bbc8f9c58bb6faa2,1,2026-01-07T07:46:39.000,101684,affects,cyclicDep,101676,org.apache.tika.parser,23878
tika,697d7c047daf1f661a4ed067bbc8f9c58bb6faa2,1,2026-01-07T07:46:39.000,101687,affects,cyclicDep,101676,org.apache.tika.metadata,22184
tika,697d7c047daf1f661a4ed067bbc8f9c58bb6faa2,1,2026-01-07T07:46:39.000,101686,affects,cyclicDep,101676,org.apache.tika.metadata.writefilter,21343
tika,697d7c047daf1f661a4ed067bbc8f9c58bb6faa2,1,2026-01-07T07:46:39.000,101688,affects,cyclicDep,101676,org.apache.tika.io,23890
tika,697d7c047daf1f661a4ed067bbc8f9c58bb6faa2,1,2026-01-07T07:46:39.000,101693,affects,cyclicDep,101690,org.apache.tika.utils,23822
tika,697d7c047daf1f661a4ed067bbc8f9c58bb6faa2,1,2026-01-07T07:46:39.000,101695,affects,cyclicDep,101690,org.apache.tika.sax,7070
tika,697d7c047daf1f661a4ed067bbc8f9c58bb6faa2,1,2026-01-07T07:46:39.000,101694,affects,cyclicDep,101690,org.apache.tika.parser.html,18095
tika,697d7c047daf1f661a4ed067bbc8f9c58bb6faa2,1,2026-01-07T07:46:39.000,101697,affects,cyclicDep,101690,org.apache.tika.digest,10424
tika,697d7c047daf1f661a4ed067bbc8f9c58bb6faa2,1,2026-01-07T07:46:39.000,101696,affects,cyclicDep,101690,org.apache.tika.extractor,395
tika,697d7c047daf1f661a4ed067bbc8f9c58bb6faa2,1,2026-01-07T07:46:39.000,101699,affects,cyclicDep,101690,org.apache.tika.mime,15151
tika,697d7c047daf1f661a4ed067bbc8f9c58bb6faa2,1,2026-01-07T07:46:39.000,101698,affects,cyclicDep,101690,org.apache.tika.parser,23878
tika,697d7c047daf1f661a4ed067bbc8f9c58bb6faa2,1,2026-01-07T07:46:39.000,101701,affects,cyclicDep,101690,org.apache.tika.metadata,22184
tika,697d7c047daf1f661a4ed067bbc8f9c58bb6faa2,1,2026-01-07T07:46:39.000,101700,affects,cyclicDep,101690,org.apache.tika.metadata.writefilter,21343
tika,697d7c047daf1f661a4ed067bbc8f9c58bb6faa2,1,2026-01-07T07:46:39.000,101707,affects,cyclicDep,101703,org.apache.tika.parser.html,18095
tika,697d7c047daf1f661a4ed067bbc8f9c58bb6faa2,1,2026-01-07T07:46:39.000,101706,affects,cyclicDep,101703,org.apache.tika.utils,23822
tika,697d7c047daf1f661a4ed067bbc8f9c58bb6faa2,1,2026-01-07T07:46:39.000,101709,affects,cyclicDep,101703,org.apache.tika.extractor,395
tika,697d7c047daf1f661a4ed067bbc8f9c58bb6faa2,1,2026-01-07T07:46:39.000,101708,affects,cyclicDep,101703,org.apache.tika.sax,7070
tika,697d7c047daf1f661a4ed067bbc8f9c58bb6faa2,1,2026-01-07T07:46:39.000,101711,affects,cyclicDep,101703,org.apache.tika.parser,23878
tika,697d7c047daf1f661a4ed067bbc8f9c58bb6faa2,1,2026-01-07T07:46:39.000,101710,affects,cyclicDep,101703,org.apache.tika.digest,10424
tika,697d7c047daf1f661a4ed067bbc8f9c58bb6faa2,1,2026-01-07T07:46:39.000,101717,affects,cyclicDep,101713,org.apache.tika.parser.html,18095
tika,697d7c047daf1f661a4ed067bbc8f9c58bb6faa2,1,2026-01-07T07:46:39.000,101716,affects,cyclicDep,101713,org.apache.tika.utils,23822
tika,697d7c047daf1f661a4ed067bbc8f9c58bb6faa2,1,2026-01-07T07:46:39.000,101718,affects,cyclicDep,101713,org.apache.tika.sax,7070
tika,697d7c047daf1f661a4ed067bbc8f9c58bb6faa2,1,2026-01-07T07:46:39.000,101723,affects,cyclicDep,101720,org.apache.tika.parser.mock,15097
tika,697d7c047daf1f661a4ed067bbc8f9c58bb6faa2,1,2026-01-07T07:46:39.000,101725,affects,cyclicDep,101720,org.apache.tika.extractor,395
tika,697d7c047daf1f661a4ed067bbc8f9c58bb6faa2,1,2026-01-07T07:46:39.000,101724,affects,cyclicDep,101720,org.apache.tika.sax,7070
tika,697d7c047daf1f661a4ed067bbc8f9c58bb6faa2,1,2026-01-07T07:46:39.000,101727,affects,cyclicDep,101720,org.apache.tika.parser,23878
tika,697d7c047daf1f661a4ed067bbc8f9c58bb6faa2,1,2026-01-07T07:46:39.000,101726,affects,cyclicDep,101720,org.apache.tika.digest,10424
tika,697d7c047daf1f661a4ed067bbc8f9c58bb6faa2,1,2026-01-07T07:46:39.000,101729,affects,cyclicDep,101720,org.apache.tika.metadata.writefilter,21343
tika,697d7c047daf1f661a4ed067bbc8f9c58bb6faa2,1,2026-01-07T07:46:39.000,101728,affects,cyclicDep,101720,org.apache.tika.mime,15151
tika,697d7c047daf1f661a4ed067bbc8f9c58bb6faa2,1,2026-01-07T07:46:39.000,101731,affects,cyclicDep,101720,org.apache.tika.io,23890
tika,697d7c047daf1f661a4ed067bbc8f9c58bb6faa2,1,2026-01-07T07:46:39.000,101730,affects,cyclicDep,101720,org.apache.tika.metadata,22184
tika,697d7c047daf1f661a4ed067bbc8f9c58bb6faa2,1,2026-01-07T07:46:39.000,101733,affects,cyclicDep,101720,org.apache.tika.detect.microsoft.ooxml,7852
tika,697d7c047daf1f661a4ed067bbc8f9c58bb6faa2,1,2026-01-07T07:46:39.000,101732,affects,cyclicDep,101720,org.apache.tika.detect.zip,889
tika,697d7c047daf1f661a4ed067bbc8f9c58bb6faa2,1,2026-01-07T07:46:39.000,101735,affects,cyclicDep,101720,org.apache.tika.config,23922
tika,697d7c047daf1f661a4ed067bbc8f9c58bb6faa2,1,2026-01-07T07:46:39.000,101734,affects,cyclicDep,101720,org.apache.tika.detect,12804
tika,697d7c047daf1f661a4ed067bbc8f9c58bb6faa2,1,2026-01-07T07:46:39.000,101737,affects,cyclicDep,101720,org.apache.tika,15836
tika,697d7c047daf1f661a4ed067bbc8f9c58bb6faa2,1,2026-01-07T07:46:39.000,101736,affects,cyclicDep,101720,org.apache.tika.config.loader,27547
tika,697d7c047daf1f661a4ed067bbc8f9c58bb6faa2,1,2026-01-07T07:46:39.000,101743,affects,cyclicDep,101739,org.apache.tika.sax,7070
tika,697d7c047daf1f661a4ed067bbc8f9c58bb6faa2,1,2026-01-07T07:46:39.000,101742,affects,cyclicDep,101739,org.apache.tika.parser.mock,15097
tika,697d7c047daf1f661a4ed067bbc8f9c58bb6faa2,1,2026-01-07T07:46:39.000,101744,affects,cyclicDep,101739,org.apache.tika.extractor,395
tika,697d7c047daf1f661a4ed067bbc8f9c58bb6faa2,1,2026-01-07T07:46:39.000,101749,affects,cyclicDep,101746,org.apache.tika.parser.mock,15097
tika,697d7c047daf1f661a4ed067bbc8f9c58bb6faa2,1,2026-01-07T07:46:39.000,101751,affects,cyclicDep,101746,org.apache.tika.extractor,395
tika,697d7c047daf1f661a4ed067bbc8f9c58bb6faa2,1,2026-01-07T07:46:39.000,101750,affects,cyclicDep,101746,org.apache.tika.sax,7070
tika,697d7c047daf1f661a4ed067bbc8f9c58bb6faa2,1,2026-01-07T07:46:39.000,101753,affects,cyclicDep,101746,org.apache.tika.parser,23878
tika,697d7c047daf1f661a4ed067bbc8f9c58bb6faa2,1,2026-01-07T07:46:39.000,101752,affects,cyclicDep,101746,org.apache.tika.digest,10424
tika,697d7c047daf1f661a4ed067bbc8f9c58bb6faa2,1,2026-01-07T07:46:39.000,101755,affects,cyclicDep,101746,org.apache.tika.metadata.writefilter,21343
tika,697d7c047daf1f661a4ed067bbc8f9c58bb6faa2,1,2026-01-07T07:46:39.000,101754,affects,cyclicDep,101746,org.apache.tika.mime,15151
tika,697d7c047daf1f661a4ed067bbc8f9c58bb6faa2,1,2026-01-07T07:46:39.000,101757,affects,cyclicDep,101746,org.apache.tika.io,23890
tika,697d7c047daf1f661a4ed067bbc8f9c58bb6faa2,1,2026-01-07T07:46:39.000,101756,affects,cyclicDep,101746,org.apache.tika.metadata,22184
tika,697d7c047daf1f661a4ed067bbc8f9c58bb6faa2,1,2026-01-07T07:46:39.000,101763,affects,cyclicDep,101759,org.apache.tika.sax,7070
tika,697d7c047daf1f661a4ed067bbc8f9c58bb6faa2,1,2026-01-07T07:46:39.000,101762,affects,cyclicDep,101759,org.apache.tika.parser.mock,15097
tika,697d7c047daf1f661a4ed067bbc8f9c58bb6faa2,1,2026-01-07T07:46:39.000,101765,affects,cyclicDep,101759,org.apache.tika.digest,10424
tika,697d7c047daf1f661a4ed067bbc8f9c58bb6faa2,1,2026-01-07T07:46:39.000,101764,affects,cyclicDep,101759,org.apache.tika.extractor,395
tika,697d7c047daf1f661a4ed067bbc8f9c58bb6faa2,1,2026-01-07T07:46:39.000,101767,affects,cyclicDep,101759,org.apache.tika.mime,15151
tika,697d7c047daf1f661a4ed067bbc8f9c58bb6faa2,1,2026-01-07T07:46:39.000,101766,affects,cyclicDep,101759,org.apache.tika.parser,23878
tika,697d7c047daf1f661a4ed067bbc8f9c58bb6faa2,1,2026-01-07T07:46:39.000,101769,affects,cyclicDep,101759,org.apache.tika.metadata,22184
tika,697d7c047daf1f661a4ed067bbc8f9c58bb6faa2,1,2026-01-07T07:46:39.000,101768,affects,cyclicDep,101759,org.apache.tika.metadata.writefilter,21343
tika,697d7c047daf1f661a4ed067bbc8f9c58bb6faa2,1,2026-01-07T07:46:39.000,101775,affects,cyclicDep,101771,org.apache.tika.sax,7070
tika,697d7c047daf1f661a4ed067bbc8f9c58bb6faa2,1,2026-01-07T07:46:39.000,101774,affects,cyclicDep,101771,org.apache.tika.parser.mock,15097
tika,697d7c047daf1f661a4ed067bbc8f9c58bb6faa2,1,2026-01-07T07:46:39.000,101777,affects,cyclicDep,101771,org.apache.tika.digest,10424
tika,697d7c047daf1f661a4ed067bbc8f9c58bb6faa2,1,2026-01-07T07:46:39.000,101776,affects,cyclicDep,101771,org.apache.tika.extractor,395
tika,697d7c047daf1f661a4ed067bbc8f9c58bb6faa2,1,2026-01-07T07:46:39.000,101779,affects,cyclicDep,101771,org.apache.tika.mime,15151
tika,697d7c047daf1f661a4ed067bbc8f9c58bb6faa2,1,2026-01-07T07:46:39.000,101778,affects,cyclicDep,101771,org.apache.tika.parser,23878
tika,697d7c047daf1f661a4ed067bbc8f9c58bb6faa2,1,2026-01-07T07:46:39.000,101785,affects,cyclicDep,101781,org.apache.tika.sax,7070
tika,697d7c047daf1f661a4ed067bbc8f9c58bb6faa2,1,2026-01-07T07:46:39.000,101784,affects,cyclicDep,101781,org.apache.tika.parser.mock,15097
tika,697d7c047daf1f661a4ed067bbc8f9c58bb6faa2,1,2026-01-07T07:46:39.000,101787,affects,cyclicDep,101781,org.apache.tika.digest,10424
tika,697d7c047daf1f661a4ed067bbc8f9c58bb6faa2,1,2026-01-07T07:46:39.000,101786,affects,cyclicDep,101781,org.apache.tika.extractor,395
tika,697d7c047daf1f661a4ed067bbc8f9c58bb6faa2,1,2026-01-07T07:46:39.000,101788,affects,cyclicDep,101781,org.apache.tika.parser,23878
tika,697d7c047daf1f661a4ed067bbc8f9c58bb6faa2,1,2026-01-07T07:46:39.000,101811,affects,cyclicDep,101808,org.apache.tika.digest,10424
tika,697d7c047daf1f661a4ed067bbc8f9c58bb6faa2,1,2026-01-07T07:46:39.000,101813,affects,cyclicDep,101808,org.apache.tika.mime,15151
tika,697d7c047daf1f661a4ed067bbc8f9c58bb6faa2,1,2026-01-07T07:46:39.000,101812,affects,cyclicDep,101808,org.apache.tika.parser,23878
tika,697d7c047daf1f661a4ed067bbc8f9c58bb6faa2,1,2026-01-07T07:46:39.000,101815,affects,cyclicDep,101808,org.apache.tika.metadata,22184
tika,697d7c047daf1f661a4ed067bbc8f9c58bb6faa2,1,2026-01-07T07:46:39.000,101814,affects,cyclicDep,101808,org.apache.tika.metadata.writefilter,21343
tika,697d7c047daf1f661a4ed067bbc8f9c58bb6faa2,1,2026-01-07T07:46:39.000,101816,affects,cyclicDep,101808,org.apache.tika.io,23890
tika,697d7c047daf1f661a4ed067bbc8f9c58bb6faa2,1,2026-01-07T07:46:39.000,101821,affects,cyclicDep,101818,org.apache.tika.digest,10424
tika,697d7c047daf1f661a4ed067bbc8f9c58bb6faa2,1,2026-01-07T07:46:39.000,101823,affects,cyclicDep,101818,org.apache.tika.mime,15151
tika,697d7c047daf1f661a4ed067bbc8f9c58bb6faa2,1,2026-01-07T07:46:39.000,101822,affects,cyclicDep,101818,org.apache.tika.parser,23878
tika,697d7c047daf1f661a4ed067bbc8f9c58bb6faa2,1,2026-01-07T07:46:39.000,101825,affects,cyclicDep,101818,org.apache.tika.metadata,22184
tika,697d7c047daf1f661a4ed067bbc8f9c58bb6faa2,1,2026-01-07T07:46:39.000,101824,affects,cyclicDep,101818,org.apache.tika.metadata.writefilter,21343
tika,697d7c047daf1f661a4ed067bbc8f9c58bb6faa2,1,2026-01-07T07:46:39.000,101837,affects,cyclicDep,101833,org.apache.tika.mime,15151
tika,697d7c047daf1f661a4ed067bbc8f9c58bb6faa2,1,2026-01-07T07:46:39.000,101836,affects,cyclicDep,101833,org.apache.tika.parser,23878
tika,697d7c047daf1f661a4ed067bbc8f9c58bb6faa2,1,2026-01-07T07:46:39.000,101839,affects,cyclicDep,101833,org.apache.tika.metadata,22184
tika,697d7c047daf1f661a4ed067bbc8f9c58bb6faa2,1,2026-01-07T07:46:39.000,101838,affects,cyclicDep,101833,org.apache.tika.metadata.writefilter,21343
tika,697d7c047daf1f661a4ed067bbc8f9c58bb6faa2,1,2026-01-07T07:46:39.000,101840,affects,cyclicDep,101833,org.apache.tika.io,23890
tika,697d7c047daf1f661a4ed067bbc8f9c58bb6faa2,1,2026-01-07T07:46:39.000,101845,affects,cyclicDep,101842,org.apache.tika.parser,23878
tika,697d7c047daf1f661a4ed067bbc8f9c58bb6faa2,1,2026-01-07T07:46:39.000,101847,affects,cyclicDep,101842,org.apache.tika.metadata.writefilter,21343
tika,697d7c047daf1f661a4ed067bbc8f9c58bb6faa2,1,2026-01-07T07:46:39.000,101846,affects,cyclicDep,101842,org.apache.tika.mime,15151
tika,697d7c047daf1f661a4ed067bbc8f9c58bb6faa2,1,2026-01-07T07:46:39.000,101848,affects,cyclicDep,101842,org.apache.tika.metadata,22184
tika,697d7c047daf1f661a4ed067bbc8f9c58bb6faa2,1,2026-01-07T07:46:39.000,101853,affects,cyclicDep,101850,org.apache.tika.parser,23878
tika,697d7c047daf1f661a4ed067bbc8f9c58bb6faa2,1,2026-01-07T07:46:39.000,101855,affects,cyclicDep,101850,org.apache.tika.metadata.writefilter,21343
tika,697d7c047daf1f661a4ed067bbc8f9c58bb6faa2,1,2026-01-07T07:46:39.000,101854,affects,cyclicDep,101850,org.apache.tika.mime,15151
tika,697d7c047daf1f661a4ed067bbc8f9c58bb6faa2,1,2026-01-07T07:46:39.000,101867,affects,cyclicDep,101863,org.apache.tika.parser,23878
tika,697d7c047daf1f661a4ed067bbc8f9c58bb6faa2,1,2026-01-07T07:46:39.000,101866,affects,cyclicDep,101863,org.apache.tika.parser.external,10873
tika,697d7c047daf1f661a4ed067bbc8f9c58bb6faa2,1,2026-01-07T07:46:39.000,101869,affects,cyclicDep,101863,org.apache.tika.metadata.writefilter,21343
tika,697d7c047daf1f661a4ed067bbc8f9c58bb6faa2,1,2026-01-07T07:46:39.000,101868,affects,cyclicDep,101863,org.apache.tika.mime,15151
tika,697d7c047daf1f661a4ed067bbc8f9c58bb6faa2,1,2026-01-07T07:46:39.000,101871,affects,cyclicDep,101863,org.apache.tika.io,23890
tika,697d7c047daf1f661a4ed067bbc8f9c58bb6faa2,1,2026-01-07T07:46:39.000,101870,affects,cyclicDep,101863,org.apache.tika.metadata,22184
tika,697d7c047daf1f661a4ed067bbc8f9c58bb6faa2,1,2026-01-07T07:46:39.000,101873,affects,cyclicDep,101863,org.apache.tika.detect.microsoft.ooxml,7852
tika,697d7c047daf1f661a4ed067bbc8f9c58bb6faa2,1,2026-01-07T07:46:39.000,101872,affects,cyclicDep,101863,org.apache.tika.detect.zip,889
tika,697d7c047daf1f661a4ed067bbc8f9c58bb6faa2,1,2026-01-07T07:46:39.000,101875,affects,cyclicDep,101863,org.apache.tika.config,23922
tika,697d7c047daf1f661a4ed067bbc8f9c58bb6faa2,1,2026-01-07T07:46:39.000,101874,affects,cyclicDep,101863,org.apache.tika.detect,12804
tika,697d7c047daf1f661a4ed067bbc8f9c58bb6faa2,1,2026-01-07T07:46:39.000,101881,affects,cyclicDep,101877,org.apache.tika.parser,23878
tika,697d7c047daf1f661a4ed067bbc8f9c58bb6faa2,1,2026-01-07T07:46:39.000,101880,affects,cyclicDep,101877,org.apache.tika.parser.external,10873
tika,697d7c047daf1f661a4ed067bbc8f9c58bb6faa2,1,2026-01-07T07:46:39.000,101883,affects,cyclicDep,101877,org.apache.tika.metadata.writefilter,21343
tika,697d7c047daf1f661a4ed067bbc8f9c58bb6faa2,1,2026-01-07T07:46:39.000,101882,affects,cyclicDep,101877,org.apache.tika.mime,15151
tika,697d7c047daf1f661a4ed067bbc8f9c58bb6faa2,1,2026-01-07T07:46:39.000,101885,affects,cyclicDep,101877,org.apache.tika.io,23890
tika,697d7c047daf1f661a4ed067bbc8f9c58bb6faa2,1,2026-01-07T07:46:39.000,101884,affects,cyclicDep,101877,org.apache.tika.metadata,22184
tika,697d7c047daf1f661a4ed067bbc8f9c58bb6faa2,1,2026-01-07T07:46:39.000,101891,affects,cyclicDep,101887,org.apache.tika.parser,23878
tika,697d7c047daf1f661a4ed067bbc8f9c58bb6faa2,1,2026-01-07T07:46:39.000,101890,affects,cyclicDep,101887,org.apache.tika.parser.external,10873
tika,697d7c047daf1f661a4ed067bbc8f9c58bb6faa2,1,2026-01-07T07:46:39.000,101893,affects,cyclicDep,101887,org.apache.tika.metadata.writefilter,21343
tika,697d7c047daf1f661a4ed067bbc8f9c58bb6faa2,1,2026-01-07T07:46:39.000,101892,affects,cyclicDep,101887,org.apache.tika.mime,15151
tika,697d7c047daf1f661a4ed067bbc8f9c58bb6faa2,1,2026-01-07T07:46:39.000,101894,affects,cyclicDep,101887,org.apache.tika.metadata,22184
tika,697d7c047daf1f661a4ed067bbc8f9c58bb6faa2,1,2026-01-07T07:46:39.000,101899,affects,cyclicDep,101896,org.apache.tika.parser.external,10873
tika,697d7c047daf1f661a4ed067bbc8f9c58bb6faa2,1,2026-01-07T07:46:39.000,101901,affects,cyclicDep,101896,org.apache.tika.mime,15151
tika,697d7c047daf1f661a4ed067bbc8f9c58bb6faa2,1,2026-01-07T07:46:39.000,101900,affects,cyclicDep,101896,org.apache.tika.parser,23878
tika,697d7c047daf1f661a4ed067bbc8f9c58bb6faa2,1,2026-01-07T07:46:39.000,101913,affects,cyclicDep,101909,org.apache.tika.parser,23878
tika,697d7c047daf1f661a4ed067bbc8f9c58bb6faa2,1,2026-01-07T07:46:39.000,101912,affects,cyclicDep,101909,org.apache.tika.parser.multiple,4505
tika,697d7c047daf1f661a4ed067bbc8f9c58bb6faa2,1,2026-01-07T07:46:39.000,101915,affects,cyclicDep,101909,org.apache.tika.metadata.writefilter,21343
tika,697d7c047daf1f661a4ed067bbc8f9c58bb6faa2,1,2026-01-07T07:46:39.000,101914,affects,cyclicDep,101909,org.apache.tika.mime,15151
tika,697d7c047daf1f661a4ed067bbc8f9c58bb6faa2,1,2026-01-07T07:46:39.000,101917,affects,cyclicDep,101909,org.apache.tika.io,23890
tika,697d7c047daf1f661a4ed067bbc8f9c58bb6faa2,1,2026-01-07T07:46:39.000,101916,affects,cyclicDep,101909,org.apache.tika.metadata,22184
tika,697d7c047daf1f661a4ed067bbc8f9c58bb6faa2,1,2026-01-07T07:46:39.000,101923,affects,cyclicDep,101919,org.apache.tika.parser,23878
tika,697d7c047daf1f661a4ed067bbc8f9c58bb6faa2,1,2026-01-07T07:46:39.000,101922,affects,cyclicDep,101919,org.apache.tika.parser.multiple,4505
tika,697d7c047daf1f661a4ed067bbc8f9c58bb6faa2,1,2026-01-07T07:46:39.000,101925,affects,cyclicDep,101919,org.apache.tika.metadata.writefilter,21343
tika,697d7c047daf1f661a4ed067bbc8f9c58bb6faa2,1,2026-01-07T07:46:39.000,101924,affects,cyclicDep,101919,org.apache.tika.mime,15151
tika,697d7c047daf1f661a4ed067bbc8f9c58bb6faa2,1,2026-01-07T07:46:39.000,101926,affects,cyclicDep,101919,org.apache.tika.metadata,22184
tika,697d7c047daf1f661a4ed067bbc8f9c58bb6faa2,1,2026-01-07T07:46:39.000,101931,affects,cyclicDep,101928,org.apache.tika.parser.multiple,4505
tika,697d7c047daf1f661a4ed067bbc8f9c58bb6faa2,1,2026-01-07T07:46:39.000,101933,affects,cyclicDep,101928,org.apache.tika.mime,15151
tika,697d7c047daf1f661a4ed067bbc8f9c58bb6faa2,1,2026-01-07T07:46:39.000,101932,affects,cyclicDep,101928,org.apache.tika.parser,23878
tika,697d7c047daf1f661a4ed067bbc8f9c58bb6faa2,1,2026-01-07T07:46:39.000,101945,affects,cyclicDep,101941,org.apache.tika.parser,23878
tika,697d7c047daf1f661a4ed067bbc8f9c58bb6faa2,1,2026-01-07T07:46:39.000,101944,affects,cyclicDep,101941,org.apache.tika.parser.ogg,14873
tika,697d7c047daf1f661a4ed067bbc8f9c58bb6faa2,1,2026-01-07T07:46:39.000,101947,affects,cyclicDep,101941,org.apache.tika.metadata.writefilter,21343
tika,697d7c047daf1f661a4ed067bbc8f9c58bb6faa2,1,2026-01-07T07:46:39.000,101946,affects,cyclicDep,101941,org.apache.tika.mime,15151
tika,697d7c047daf1f661a4ed067bbc8f9c58bb6faa2,1,2026-01-07T07:46:39.000,101949,affects,cyclicDep,101941,org.apache.tika.io,23890
tika,697d7c047daf1f661a4ed067bbc8f9c58bb6faa2,1,2026-01-07T07:46:39.000,101948,affects,cyclicDep,101941,org.apache.tika.metadata,22184
tika,697d7c047daf1f661a4ed067bbc8f9c58bb6faa2,1,2026-01-07T07:46:39.000,101951,affects,cyclicDep,101941,org.apache.tika.detect.microsoft.ooxml,7852
tika,697d7c047daf1f661a4ed067bbc8f9c58bb6faa2,1,2026-01-07T07:46:39.000,101950,affects,cyclicDep,101941,org.apache.tika.detect.zip,889
tika,697d7c047daf1f661a4ed067bbc8f9c58bb6faa2,1,2026-01-07T07:46:39.000,101953,affects,cyclicDep,101941,org.apache.tika.config,23922
tika,697d7c047daf1f661a4ed067bbc8f9c58bb6faa2,1,2026-01-07T07:46:39.000,101952,affects,cyclicDep,101941,org.apache.tika.detect,12804
tika,697d7c047daf1f661a4ed067bbc8f9c58bb6faa2,1,2026-01-07T07:46:39.000,101959,affects,cyclicDep,101955,org.apache.tika.parser.ogg,14873
tika,697d7c047daf1f661a4ed067bbc8f9c58bb6faa2,1,2026-01-07T07:46:39.000,101958,affects,cyclicDep,101955,org.apache.tika.detect.ogg,13457
tika,697d7c047daf1f661a4ed067bbc8f9c58bb6faa2,1,2026-01-07T07:46:39.000,101961,affects,cyclicDep,101955,org.apache.tika.mime,15151
tika,697d7c047daf1f661a4ed067bbc8f9c58bb6faa2,1,2026-01-07T07:46:39.000,101960,affects,cyclicDep,101955,org.apache.tika.parser,23878
tika,697d7c047daf1f661a4ed067bbc8f9c58bb6faa2,1,2026-01-07T07:46:39.000,101963,affects,cyclicDep,101955,org.apache.tika.metadata,22184
tika,697d7c047daf1f661a4ed067bbc8f9c58bb6faa2,1,2026-01-07T07:46:39.000,101962,affects,cyclicDep,101955,org.apache.tika.metadata.writefilter,21343
tika,697d7c047daf1f661a4ed067bbc8f9c58bb6faa2,1,2026-01-07T07:46:39.000,101965,affects,cyclicDep,101955,org.apache.tika.detect.zip,889
tika,697d7c047daf1f661a4ed067bbc8f9c58bb6faa2,1,2026-01-07T07:46:39.000,101964,affects,cyclicDep,101955,org.apache.tika.io,23890
tika,697d7c047daf1f661a4ed067bbc8f9c58bb6faa2,1,2026-01-07T07:46:39.000,101967,affects,cyclicDep,101955,org.apache.tika.detect,12804
tika,697d7c047daf1f661a4ed067bbc8f9c58bb6faa2,1,2026-01-07T07:46:39.000,101966,affects,cyclicDep,101955,org.apache.tika.detect.microsoft.ooxml,7852
tika,697d7c047daf1f661a4ed067bbc8f9c58bb6faa2,1,2026-01-07T07:46:39.000,101968,affects,cyclicDep,101955,org.apache.tika.config,23922
tika,697d7c047daf1f661a4ed067bbc8f9c58bb6faa2,1,2026-01-07T07:46:39.000,101973,affects,cyclicDep,101970,org.apache.tika.detect.ogg,13457
tika,697d7c047daf1f661a4ed067bbc8f9c58bb6faa2,1,2026-01-07T07:46:39.000,101975,affects,cyclicDep,101970,org.apache.tika.parser,23878
tika,697d7c047daf1f661a4ed067bbc8f9c58bb6faa2,1,2026-01-07T07:46:39.000,101974,affects,cyclicDep,101970,org.apache.tika.parser.ogg,14873
tika,697d7c047daf1f661a4ed067bbc8f9c58bb6faa2,1,2026-01-07T07:46:39.000,101977,affects,cyclicDep,101970,org.apache.tika.metadata.writefilter,21343
tika,697d7c047daf1f661a4ed067bbc8f9c58bb6faa2,1,2026-01-07T07:46:39.000,101976,affects,cyclicDep,101970,org.apache.tika.mime,15151
tika,697d7c047daf1f661a4ed067bbc8f9c58bb6faa2,1,2026-01-07T07:46:39.000,101979,affects,cyclicDep,101970,org.apache.tika.io,23890
tika,697d7c047daf1f661a4ed067bbc8f9c58bb6faa2,1,2026-01-07T07:46:39.000,101978,affects,cyclicDep,101970,org.apache.tika.metadata,22184
tika,697d7c047daf1f661a4ed067bbc8f9c58bb6faa2,1,2026-01-07T07:46:39.000,101981,affects,cyclicDep,101970,org.apache.tika.detect.microsoft.ooxml,7852
tika,697d7c047daf1f661a4ed067bbc8f9c58bb6faa2,1,2026-01-07T07:46:39.000,101980,affects,cyclicDep,101970,org.apache.tika.detect.zip,889
tika,697d7c047daf1f661a4ed067bbc8f9c58bb6faa2,1,2026-01-07T07:46:39.000,101982,affects,cyclicDep,101970,org.apache.tika.detect,12804
tika,697d7c047daf1f661a4ed067bbc8f9c58bb6faa2,1,2026-01-07T07:46:39.000,101987,affects,cyclicDep,101984,org.apache.tika.detect.ogg,13457
tika,697d7c047daf1f661a4ed067bbc8f9c58bb6faa2,1,2026-01-07T07:46:39.000,101989,affects,cyclicDep,101984,org.apache.tika.parser,23878
tika,697d7c047daf1f661a4ed067bbc8f9c58bb6faa2,1,2026-01-07T07:46:39.000,101988,affects,cyclicDep,101984,org.apache.tika.parser.ogg,14873
tika,697d7c047daf1f661a4ed067bbc8f9c58bb6faa2,1,2026-01-07T07:46:39.000,101991,affects,cyclicDep,101984,org.apache.tika.metadata.writefilter,21343
tika,697d7c047daf1f661a4ed067bbc8f9c58bb6faa2,1,2026-01-07T07:46:39.000,101990,affects,cyclicDep,101984,org.apache.tika.mime,15151
tika,697d7c047daf1f661a4ed067bbc8f9c58bb6faa2,1,2026-01-07T07:46:39.000,101993,affects,cyclicDep,101984,org.apache.tika.io,23890
tika,697d7c047daf1f661a4ed067bbc8f9c58bb6faa2,1,2026-01-07T07:46:39.000,101992,affects,cyclicDep,101984,org.apache.tika.metadata,22184
tika,697d7c047daf1f661a4ed067bbc8f9c58bb6faa2,1,2026-01-07T07:46:39.000,101999,affects,cyclicDep,101995,org.apache.tika.parser.ogg,14873
tika,697d7c047daf1f661a4ed067bbc8f9c58bb6faa2,1,2026-01-07T07:46:39.000,101998,affects,cyclicDep,101995,org.apache.tika.detect.ogg,13457
tika,697d7c047daf1f661a4ed067bbc8f9c58bb6faa2,1,2026-01-07T07:46:39.000,102001,affects,cyclicDep,101995,org.apache.tika.mime,15151
tika,697d7c047daf1f661a4ed067bbc8f9c58bb6faa2,1,2026-01-07T07:46:39.000,102000,affects,cyclicDep,101995,org.apache.tika.parser,23878
tika,697d7c047daf1f661a4ed067bbc8f9c58bb6faa2,1,2026-01-07T07:46:39.000,102003,affects,cyclicDep,101995,org.apache.tika.metadata,22184
tika,697d7c047daf1f661a4ed067bbc8f9c58bb6faa2,1,2026-01-07T07:46:39.000,102002,affects,cyclicDep,101995,org.apache.tika.metadata.writefilter,21343
tika,697d7c047daf1f661a4ed067bbc8f9c58bb6faa2,1,2026-01-07T07:46:39.000,102009,affects,cyclicDep,102005,org.apache.tika.parser.ogg,14873
tika,697d7c047daf1f661a4ed067bbc8f9c58bb6faa2,1,2026-01-07T07:46:39.000,102008,affects,cyclicDep,102005,org.apache.tika.detect.ogg,13457
tika,697d7c047daf1f661a4ed067bbc8f9c58bb6faa2,1,2026-01-07T07:46:39.000,102011,affects,cyclicDep,102005,org.apache.tika.mime,15151
tika,697d7c047daf1f661a4ed067bbc8f9c58bb6faa2,1,2026-01-07T07:46:39.000,102010,affects,cyclicDep,102005,org.apache.tika.parser,23878
tika,697d7c047daf1f661a4ed067bbc8f9c58bb6faa2,1,2026-01-07T07:46:39.000,102017,affects,cyclicDep,102013,org.apache.tika.parser.ogg,14873
tika,697d7c047daf1f661a4ed067bbc8f9c58bb6faa2,1,2026-01-07T07:46:39.000,102016,affects,cyclicDep,102013,org.apache.tika.detect.ogg,13457
tika,697d7c047daf1f661a4ed067bbc8f9c58bb6faa2,1,2026-01-07T07:46:39.000,102018,affects,cyclicDep,102013,org.apache.tika.parser,23878
tika,697d7c047daf1f661a4ed067bbc8f9c58bb6faa2,1,2026-01-07T07:46:39.000,102023,affects,cyclicDep,102020,org.apache.tika.parser.ogg,14873
tika,697d7c047daf1f661a4ed067bbc8f9c58bb6faa2,1,2026-01-07T07:46:39.000,102025,affects,cyclicDep,102020,org.apache.tika.mime,15151
tika,697d7c047daf1f661a4ed067bbc8f9c58bb6faa2,1,2026-01-07T07:46:39.000,102024,affects,cyclicDep,102020,org.apache.tika.parser,23878
tika,697d7c047daf1f661a4ed067bbc8f9c58bb6faa2,1,2026-01-07T07:46:39.000,102027,affects,cyclicDep,102020,org.apache.tika.metadata,22184
tika,697d7c047daf1f661a4ed067bbc8f9c58bb6faa2,1,2026-01-07T07:46:39.000,102026,affects,cyclicDep,102020,org.apache.tika.metadata.writefilter,21343
tika,697d7c047daf1f661a4ed067bbc8f9c58bb6faa2,1,2026-01-07T07:46:39.000,102028,affects,cyclicDep,102020,org.apache.tika.io,23890
tika,697d7c047daf1f661a4ed067bbc8f9c58bb6faa2,1,2026-01-07T07:46:39.000,102033,affects,cyclicDep,102030,org.apache.tika.parser.ogg,14873
tika,697d7c047daf1f661a4ed067bbc8f9c58bb6faa2,1,2026-01-07T07:46:39.000,102035,affects,cyclicDep,102030,org.apache.tika.mime,15151
tika,697d7c047daf1f661a4ed067bbc8f9c58bb6faa2,1,2026-01-07T07:46:39.000,102034,affects,cyclicDep,102030,org.apache.tika.parser,23878
tika,697d7c047daf1f661a4ed067bbc8f9c58bb6faa2,1,2026-01-07T07:46:39.000,102037,affects,cyclicDep,102030,org.apache.tika.metadata,22184
tika,697d7c047daf1f661a4ed067bbc8f9c58bb6faa2,1,2026-01-07T07:46:39.000,102036,affects,cyclicDep,102030,org.apache.tika.metadata.writefilter,21343
tika,697d7c047daf1f661a4ed067bbc8f9c58bb6faa2,1,2026-01-07T07:46:39.000,102043,affects,cyclicDep,102039,org.apache.tika.parser,23878
tika,697d7c047daf1f661a4ed067bbc8f9c58bb6faa2,1,2026-01-07T07:46:39.000,102042,affects,cyclicDep,102039,org.apache.tika.parser.ogg,14873
tika,697d7c047daf1f661a4ed067bbc8f9c58bb6faa2,1,2026-01-07T07:46:39.000,102044,affects,cyclicDep,102039,org.apache.tika.mime,15151
tika,697d7c047daf1f661a4ed067bbc8f9c58bb6faa2,1,2026-01-07T07:46:39.000,102055,affects,cyclicDep,102052,org.apache.tika.renderer,12716
tika,697d7c047daf1f661a4ed067bbc8f9c58bb6faa2,1,2026-01-07T07:46:39.000,102057,affects,cyclicDep,102052,org.apache.tika.mime,15151
tika,697d7c047daf1f661a4ed067bbc8f9c58bb6faa2,1,2026-01-07T07:46:39.000,102056,affects,cyclicDep,102052,org.apache.tika.parser,23878
tika,697d7c047daf1f661a4ed067bbc8f9c58bb6faa2,1,2026-01-07T07:46:39.000,102059,affects,cyclicDep,102052,org.apache.tika.metadata,22184
tika,697d7c047daf1f661a4ed067bbc8f9c58bb6faa2,1,2026-01-07T07:46:39.000,102058,affects,cyclicDep,102052,org.apache.tika.metadata.writefilter,21343
tika,697d7c047daf1f661a4ed067bbc8f9c58bb6faa2,1,2026-01-07T07:46:39.000,102061,affects,cyclicDep,102052,org.apache.tika.detect.zip,889
tika,697d7c047daf1f661a4ed067bbc8f9c58bb6faa2,1,2026-01-07T07:46:39.000,102060,affects,cyclicDep,102052,org.apache.tika.io,23890
tika,697d7c047daf1f661a4ed067bbc8f9c58bb6faa2,1,2026-01-07T07:46:39.000,102063,affects,cyclicDep,102052,org.apache.tika.detect,12804
tika,697d7c047daf1f661a4ed067bbc8f9c58bb6faa2,1,2026-01-07T07:46:39.000,102062,affects,cyclicDep,102052,org.apache.tika.detect.microsoft.ooxml,7852
tika,697d7c047daf1f661a4ed067bbc8f9c58bb6faa2,1,2026-01-07T07:46:39.000,102064,affects,cyclicDep,102052,org.apache.tika.config,23922
tika,697d7c047daf1f661a4ed067bbc8f9c58bb6faa2,1,2026-01-07T07:46:39.000,102069,affects,cyclicDep,102066,org.apache.tika.renderer,12716
tika,697d7c047daf1f661a4ed067bbc8f9c58bb6faa2,1,2026-01-07T07:46:39.000,102071,affects,cyclicDep,102066,org.apache.tika.mime,15151
tika,697d7c047daf1f661a4ed067bbc8f9c58bb6faa2,1,2026-01-07T07:46:39.000,102070,affects,cyclicDep,102066,org.apache.tika.parser,23878
tika,697d7c047daf1f661a4ed067bbc8f9c58bb6faa2,1,2026-01-07T07:46:39.000,102073,affects,cyclicDep,102066,org.apache.tika.metadata,22184
tika,697d7c047daf1f661a4ed067bbc8f9c58bb6faa2,1,2026-01-07T07:46:39.000,102072,affects,cyclicDep,102066,org.apache.tika.metadata.writefilter,21343
tika,697d7c047daf1f661a4ed067bbc8f9c58bb6faa2,1,2026-01-07T07:46:39.000,102074,affects,cyclicDep,102066,org.apache.tika.io,23890
tika,697d7c047daf1f661a4ed067bbc8f9c58bb6faa2,1,2026-01-07T07:46:39.000,102079,affects,cyclicDep,102076,org.apache.tika.renderer,12716
tika,697d7c047daf1f661a4ed067bbc8f9c58bb6faa2,1,2026-01-07T07:46:39.000,102081,affects,cyclicDep,102076,org.apache.tika.mime,15151
tika,697d7c047daf1f661a4ed067bbc8f9c58bb6faa2,1,2026-01-07T07:46:39.000,102080,affects,cyclicDep,102076,org.apache.tika.parser,23878
tika,697d7c047daf1f661a4ed067bbc8f9c58bb6faa2,1,2026-01-07T07:46:39.000,102083,affects,cyclicDep,102076,org.apache.tika.metadata,22184
tika,697d7c047daf1f661a4ed067bbc8f9c58bb6faa2,1,2026-01-07T07:46:39.000,102082,affects,cyclicDep,102076,org.apache.tika.metadata.writefilter,21343
tika,697d7c047daf1f661a4ed067bbc8f9c58bb6faa2,1,2026-01-07T07:46:39.000,102089,affects,cyclicDep,102085,org.apache.tika.parser,23878
tika,697d7c047daf1f661a4ed067bbc8f9c58bb6faa2,1,2026-01-07T07:46:39.000,102088,affects,cyclicDep,102085,org.apache.tika.renderer,12716
tika,697d7c047daf1f661a4ed067bbc8f9c58bb6faa2,1,2026-01-07T07:46:39.000,102090,affects,cyclicDep,102085,org.apache.tika.mime,15151
tika,697d7c047daf1f661a4ed067bbc8f9c58bb6faa2,1,2026-01-07T07:46:39.000,102107,affects,cyclicDep,102104,org.apache.tika.parser.microsoft.ooxml,25931
tika,697d7c047daf1f661a4ed067bbc8f9c58bb6faa2,1,2026-01-07T07:46:39.000,102109,affects,cyclicDep,102104,org.apache.tika.detect,12804
tika,697d7c047daf1f661a4ed067bbc8f9c58bb6faa2,1,2026-01-07T07:46:39.000,102108,affects,cyclicDep,102104,org.apache.tika.detect.microsoft.ooxml,7852
tika,697d7c047daf1f661a4ed067bbc8f9c58bb6faa2,1,2026-01-07T07:46:39.000,102111,affects,cyclicDep,102104,org.apache.tika.config.loader,27547
tika,697d7c047daf1f661a4ed067bbc8f9c58bb6faa2,1,2026-01-07T07:46:39.000,102110,affects,cyclicDep,102104,org.apache.tika.config,23922
tika,697d7c047daf1f661a4ed067bbc8f9c58bb6faa2,1,2026-01-07T07:46:39.000,102112,affects,cyclicDep,102104,org.apache.tika,15836
tika,697d7c047daf1f661a4ed067bbc8f9c58bb6faa2,1,2026-01-07T07:46:39.000,102117,affects,cyclicDep,102114,org.apache.tika.parser.microsoft.ooxml,25931
tika,697d7c047daf1f661a4ed067bbc8f9c58bb6faa2,1,2026-01-07T07:46:39.000,102119,affects,cyclicDep,102114,org.apache.tika.detect,12804
tika,697d7c047daf1f661a4ed067bbc8f9c58bb6faa2,1,2026-01-07T07:46:39.000,102118,affects,cyclicDep,102114,org.apache.tika.detect.microsoft.ooxml,7852
tika,697d7c047daf1f661a4ed067bbc8f9c58bb6faa2,1,2026-01-07T07:46:39.000,102120,affects,cyclicDep,102114,org.apache.tika.config,23922
tika,697d7c047daf1f661a4ed067bbc8f9c58bb6faa2,1,2026-01-07T07:46:39.000,102125,affects,cyclicDep,102122,org.apache.tika.parser.microsoft.ooxml,25931
tika,697d7c047daf1f661a4ed067bbc8f9c58bb6faa2,1,2026-01-07T07:46:39.000,102127,affects,cyclicDep,102122,org.apache.tika.detect,12804
tika,697d7c047daf1f661a4ed067bbc8f9c58bb6faa2,1,2026-01-07T07:46:39.000,102126,affects,cyclicDep,102122,org.apache.tika.detect.microsoft.ooxml,7852
tika,697d7c047daf1f661a4ed067bbc8f9c58bb6faa2,1,2026-01-07T07:46:39.000,102129,affects,cyclicDep,102122,org.apache.tika.config.loader,27547
tika,697d7c047daf1f661a4ed067bbc8f9c58bb6faa2,1,2026-01-07T07:46:39.000,102128,affects,cyclicDep,102122,org.apache.tika.config,23922
tika,697d7c047daf1f661a4ed067bbc8f9c58bb6faa2,1,2026-01-07T07:46:39.000,102135,affects,cyclicDep,102131,org.apache.tika.parser.microsoft.ooxml,25931
tika,697d7c047daf1f661a4ed067bbc8f9c58bb6faa2,1,2026-01-07T07:46:39.000,102134,affects,cyclicDep,102131,org.apache.tika.detect.microsoft,13465
tika,697d7c047daf1f661a4ed067bbc8f9c58bb6faa2,1,2026-01-07T07:46:39.000,102137,affects,cyclicDep,102131,org.apache.tika.detect,12804
tika,697d7c047daf1f661a4ed067bbc8f9c58bb6faa2,1,2026-01-07T07:46:39.000,102136,affects,cyclicDep,102131,org.apache.tika.detect.microsoft.ooxml,7852
tika,697d7c047daf1f661a4ed067bbc8f9c58bb6faa2,1,2026-01-07T07:46:39.000,102139,affects,cyclicDep,102131,org.apache.tika.config.loader,27547
tika,697d7c047daf1f661a4ed067bbc8f9c58bb6faa2,1,2026-01-07T07:46:39.000,102138,affects,cyclicDep,102131,org.apache.tika.config,23922
tika,697d7c047daf1f661a4ed067bbc8f9c58bb6faa2,1,2026-01-07T07:46:39.000,102140,affects,cyclicDep,102131,org.apache.tika,15836
tika,697d7c047daf1f661a4ed067bbc8f9c58bb6faa2,1,2026-01-07T07:46:39.000,102145,affects,cyclicDep,102142,org.apache.tika.detect.microsoft,13465
tika,697d7c047daf1f661a4ed067bbc8f9c58bb6faa2,1,2026-01-07T07:46:39.000,102147,affects,cyclicDep,102142,org.apache.tika.detect.microsoft.ooxml,7852
tika,697d7c047daf1f661a4ed067bbc8f9c58bb6faa2,1,2026-01-07T07:46:39.000,102146,affects,cyclicDep,102142,org.apache.tika.parser.microsoft.ooxml,25931
tika,697d7c047daf1f661a4ed067bbc8f9c58bb6faa2,1,2026-01-07T07:46:39.000,102149,affects,cyclicDep,102142,org.apache.tika.config,23922
tika,697d7c047daf1f661a4ed067bbc8f9c58bb6faa2,1,2026-01-07T07:46:39.000,102148,affects,cyclicDep,102142,org.apache.tika.detect,12804
tika,697d7c047daf1f661a4ed067bbc8f9c58bb6faa2,1,2026-01-07T07:46:39.000,102155,affects,cyclicDep,102151,org.apache.tika.parser.microsoft.ooxml,25931
tika,697d7c047daf1f661a4ed067bbc8f9c58bb6faa2,1,2026-01-07T07:46:39.000,102154,affects,cyclicDep,102151,org.apache.tika.detect.microsoft,13465
tika,697d7c047daf1f661a4ed067bbc8f9c58bb6faa2,1,2026-01-07T07:46:39.000,102157,affects,cyclicDep,102151,org.apache.tika.detect,12804
tika,697d7c047daf1f661a4ed067bbc8f9c58bb6faa2,1,2026-01-07T07:46:39.000,102156,affects,cyclicDep,102151,org.apache.tika.detect.microsoft.ooxml,7852
tika,697d7c047daf1f661a4ed067bbc8f9c58bb6faa2,1,2026-01-07T07:46:39.000,102163,affects,cyclicDep,102159,org.apache.tika.detect.microsoft,13465
tika,697d7c047daf1f661a4ed067bbc8f9c58bb6faa2,1,2026-01-07T07:46:39.000,102162,affects,cyclicDep,102159,org.apache.tika.parser.microsoft,25345
tika,697d7c047daf1f661a4ed067bbc8f9c58bb6faa2,1,2026-01-07T07:46:39.000,102165,affects,cyclicDep,102159,org.apache.tika.detect.microsoft.ooxml,7852
tika,697d7c047daf1f661a4ed067bbc8f9c58bb6faa2,1,2026-01-07T07:46:39.000,102164,affects,cyclicDep,102159,org.apache.tika.parser.microsoft.ooxml,25931
tika,697d7c047daf1f661a4ed067bbc8f9c58bb6faa2,1,2026-01-07T07:46:39.000,102167,affects,cyclicDep,102159,org.apache.tika.config,23922
tika,697d7c047daf1f661a4ed067bbc8f9c58bb6faa2,1,2026-01-07T07:46:39.000,102166,affects,cyclicDep,102159,org.apache.tika.detect,12804
tika,697d7c047daf1f661a4ed067bbc8f9c58bb6faa2,1,2026-01-07T07:46:39.000,102169,affects,cyclicDep,102159,org.apache.tika,15836
tika,697d7c047daf1f661a4ed067bbc8f9c58bb6faa2,1,2026-01-07T07:46:39.000,102168,affects,cyclicDep,102159,org.apache.tika.config.loader,27547
tika,697d7c047daf1f661a4ed067bbc8f9c58bb6faa2,1,2026-01-07T07:46:39.000,102175,affects,cyclicDep,102171,org.apache.tika.detect.microsoft,13465
tika,697d7c047daf1f661a4ed067bbc8f9c58bb6faa2,1,2026-01-07T07:46:39.000,102174,affects,cyclicDep,102171,org.apache.tika.parser.microsoft,25345
tika,697d7c047daf1f661a4ed067bbc8f9c58bb6faa2,1,2026-01-07T07:46:39.000,102177,affects,cyclicDep,102171,org.apache.tika.detect.microsoft.ooxml,7852
tika,697d7c047daf1f661a4ed067bbc8f9c58bb6faa2,1,2026-01-07T07:46:39.000,102176,affects,cyclicDep,102171,org.apache.tika.parser.microsoft.ooxml,25931
tika,697d7c047daf1f661a4ed067bbc8f9c58bb6faa2,1,2026-01-07T07:46:39.000,102179,affects,cyclicDep,102171,org.apache.tika.config,23922
tika,697d7c047daf1f661a4ed067bbc8f9c58bb6faa2,1,2026-01-07T07:46:39.000,102178,affects,cyclicDep,102171,org.apache.tika.detect,12804
tika,697d7c047daf1f661a4ed067bbc8f9c58bb6faa2,1,2026-01-07T07:46:39.000,102185,affects,cyclicDep,102181,org.apache.tika.detect.microsoft,13465
tika,697d7c047daf1f661a4ed067bbc8f9c58bb6faa2,1,2026-01-07T07:46:39.000,102184,affects,cyclicDep,102181,org.apache.tika.parser.microsoft,25345
tika,697d7c047daf1f661a4ed067bbc8f9c58bb6faa2,1,2026-01-07T07:46:39.000,102187,affects,cyclicDep,102181,org.apache.tika.detect.microsoft.ooxml,7852
tika,697d7c047daf1f661a4ed067bbc8f9c58bb6faa2,1,2026-01-07T07:46:39.000,102186,affects,cyclicDep,102181,org.apache.tika.parser.microsoft.ooxml,25931
tika,697d7c047daf1f661a4ed067bbc8f9c58bb6faa2,1,2026-01-07T07:46:39.000,102189,affects,cyclicDep,102181,org.apache.tika.config,23922
tika,697d7c047daf1f661a4ed067bbc8f9c58bb6faa2,1,2026-01-07T07:46:39.000,102188,affects,cyclicDep,102181,org.apache.tika.detect,12804
tika,697d7c047daf1f661a4ed067bbc8f9c58bb6faa2,1,2026-01-07T07:46:39.000,102190,affects,cyclicDep,102181,org.apache.tika.config.loader,27547
tika,697d7c047daf1f661a4ed067bbc8f9c58bb6faa2,1,2026-01-07T07:46:39.000,102195,affects,cyclicDep,102192,org.apache.tika.parser.microsoft,25345
tika,697d7c047daf1f661a4ed067bbc8f9c58bb6faa2,1,2026-01-07T07:46:39.000,102197,affects,cyclicDep,102192,org.apache.tika.parser.microsoft.ooxml,25931
tika,697d7c047daf1f661a4ed067bbc8f9c58bb6faa2,1,2026-01-07T07:46:39.000,102196,affects,cyclicDep,102192,org.apache.tika.detect.microsoft,13465
tika,697d7c047daf1f661a4ed067bbc8f9c58bb6faa2,1,2026-01-07T07:46:39.000,102199,affects,cyclicDep,102192,org.apache.tika.detect,12804
tika,697d7c047daf1f661a4ed067bbc8f9c58bb6faa2,1,2026-01-07T07:46:39.000,102198,affects,cyclicDep,102192,org.apache.tika.detect.microsoft.ooxml,7852
tika,697d7c047daf1f661a4ed067bbc8f9c58bb6faa2,1,2026-01-07T07:46:39.000,102211,affects,cyclicDep,102207,org.apache.tika.detect.microsoft,13465
tika,697d7c047daf1f661a4ed067bbc8f9c58bb6faa2,1,2026-01-07T07:46:39.000,102210,affects,cyclicDep,102207,org.apache.tika.parser.microsoft,25345
tika,697d7c047daf1f661a4ed067bbc8f9c58bb6faa2,1,2026-01-07T07:46:39.000,102212,affects,cyclicDep,102207,org.apache.tika.parser.microsoft.ooxml,25931
tika,697d7c047daf1f661a4ed067bbc8f9c58bb6faa2,1,2026-01-07T07:46:39.000,102217,affects,cyclicDep,102214,org.apache.tika.parser.microsoft.rtf,16204
tika,697d7c047daf1f661a4ed067bbc8f9c58bb6faa2,1,2026-01-07T07:46:39.000,102219,affects,cyclicDep,102214,org.apache.tika.detect.microsoft,13465
tika,697d7c047daf1f661a4ed067bbc8f9c58bb6faa2,1,2026-01-07T07:46:39.000,102218,affects,cyclicDep,102214,org.apache.tika.parser.microsoft,25345
tika,697d7c047daf1f661a4ed067bbc8f9c58bb6faa2,1,2026-01-07T07:46:39.000,102221,affects,cyclicDep,102214,org.apache.tika.detect.microsoft.ooxml,7852
tika,697d7c047daf1f661a4ed067bbc8f9c58bb6faa2,1,2026-01-07T07:46:39.000,102220,affects,cyclicDep,102214,org.apache.tika.parser.microsoft.ooxml,25931
tika,697d7c047daf1f661a4ed067bbc8f9c58bb6faa2,1,2026-01-07T07:46:39.000,102223,affects,cyclicDep,102214,org.apache.tika.config,23922
tika,697d7c047daf1f661a4ed067bbc8f9c58bb6faa2,1,2026-01-07T07:46:39.000,102222,affects,cyclicDep,102214,org.apache.tika.detect,12804
tika,697d7c047daf1f661a4ed067bbc8f9c58bb6faa2,1,2026-01-07T07:46:39.000,102225,affects,cyclicDep,102214,org.apache.tika,15836
tika,697d7c047daf1f661a4ed067bbc8f9c58bb6faa2,1,2026-01-07T07:46:39.000,102224,affects,cyclicDep,102214,org.apache.tika.config.loader,27547
tika,697d7c047daf1f661a4ed067bbc8f9c58bb6faa2,1,2026-01-07T07:46:39.000,102231,affects,cyclicDep,102227,org.apache.tika.parser.microsoft,25345
tika,697d7c047daf1f661a4ed067bbc8f9c58bb6faa2,1,2026-01-07T07:46:39.000,102230,affects,cyclicDep,102227,org.apache.tika.parser.microsoft.rtf,16204
tika,697d7c047daf1f661a4ed067bbc8f9c58bb6faa2,1,2026-01-07T07:46:39.000,102233,affects,cyclicDep,102227,org.apache.tika.parser.microsoft.ooxml,25931
tika,697d7c047daf1f661a4ed067bbc8f9c58bb6faa2,1,2026-01-07T07:46:39.000,102232,affects,cyclicDep,102227,org.apache.tika.detect.microsoft,13465
tika,697d7c047daf1f661a4ed067bbc8f9c58bb6faa2,1,2026-01-07T07:46:39.000,102235,affects,cyclicDep,102227,org.apache.tika.detect,12804
tika,697d7c047daf1f661a4ed067bbc8f9c58bb6faa2,1,2026-01-07T07:46:39.000,102234,affects,cyclicDep,102227,org.apache.tika.detect.microsoft.ooxml,7852
tika,697d7c047daf1f661a4ed067bbc8f9c58bb6faa2,1,2026-01-07T07:46:39.000,102236,affects,cyclicDep,102227,org.apache.tika.config,23922
tika,697d7c047daf1f661a4ed067bbc8f9c58bb6faa2,1,2026-01-07T07:46:39.000,102241,affects,cyclicDep,102238,org.apache.tika.parser.microsoft.rtf,16204
tika,697d7c047daf1f661a4ed067bbc8f9c58bb6faa2,1,2026-01-07T07:46:39.000,102243,affects,cyclicDep,102238,org.apache.tika.detect.microsoft,13465
tika,697d7c047daf1f661a4ed067bbc8f9c58bb6faa2,1,2026-01-07T07:46:39.000,102242,affects,cyclicDep,102238,org.apache.tika.parser.microsoft,25345
tika,697d7c047daf1f661a4ed067bbc8f9c58bb6faa2,1,2026-01-07T07:46:39.000,102245,affects,cyclicDep,102238,org.apache.tika.detect.microsoft.ooxml,7852
tika,697d7c047daf1f661a4ed067bbc8f9c58bb6faa2,1,2026-01-07T07:46:39.000,102244,affects,cyclicDep,102238,org.apache.tika.parser.microsoft.ooxml,25931
tika,697d7c047daf1f661a4ed067bbc8f9c58bb6faa2,1,2026-01-07T07:46:39.000,102247,affects,cyclicDep,102238,org.apache.tika.config,23922
tika,697d7c047daf1f661a4ed067bbc8f9c58bb6faa2,1,2026-01-07T07:46:39.000,102246,affects,cyclicDep,102238,org.apache.tika.detect,12804
tika,697d7c047daf1f661a4ed067bbc8f9c58bb6faa2,1,2026-01-07T07:46:39.000,102248,affects,cyclicDep,102238,org.apache.tika.config.loader,27547
tika,697d7c047daf1f661a4ed067bbc8f9c58bb6faa2,1,2026-01-07T07:46:39.000,102259,affects,cyclicDep,102256,org.apache.tika.parser.txt,20697
tika,697d7c047daf1f661a4ed067bbc8f9c58bb6faa2,1,2026-01-07T07:46:39.000,102261,affects,cyclicDep,102256,org.apache.tika.detect.microsoft,13465
tika,697d7c047daf1f661a4ed067bbc8f9c58bb6faa2,1,2026-01-07T07:46:39.000,102260,affects,cyclicDep,102256,org.apache.tika.parser.microsoft,25345
tika,697d7c047daf1f661a4ed067bbc8f9c58bb6faa2,1,2026-01-07T07:46:39.000,102263,affects,cyclicDep,102256,org.apache.tika.detect.microsoft.ooxml,7852
tika,697d7c047daf1f661a4ed067bbc8f9c58bb6faa2,1,2026-01-07T07:46:39.000,102262,affects,cyclicDep,102256,org.apache.tika.parser.microsoft.ooxml,25931
tika,697d7c047daf1f661a4ed067bbc8f9c58bb6faa2,1,2026-01-07T07:46:39.000,102265,affects,cyclicDep,102256,org.apache.tika.config,23922
tika,697d7c047daf1f661a4ed067bbc8f9c58bb6faa2,1,2026-01-07T07:46:39.000,102264,affects,cyclicDep,102256,org.apache.tika.detect,12804
tika,697d7c047daf1f661a4ed067bbc8f9c58bb6faa2,1,2026-01-07T07:46:39.000,102267,affects,cyclicDep,102256,org.apache.tika,15836
tika,697d7c047daf1f661a4ed067bbc8f9c58bb6faa2,1,2026-01-07T07:46:39.000,102266,affects,cyclicDep,102256,org.apache.tika.config.loader,27547
tika,697d7c047daf1f661a4ed067bbc8f9c58bb6faa2,1,2026-01-07T07:46:39.000,102273,affects,cyclicDep,102269,org.apache.tika.parser.microsoft,25345
tika,697d7c047daf1f661a4ed067bbc8f9c58bb6faa2,1,2026-01-07T07:46:39.000,102272,affects,cyclicDep,102269,org.apache.tika.parser.txt,20697
tika,697d7c047daf1f661a4ed067bbc8f9c58bb6faa2,1,2026-01-07T07:46:39.000,102275,affects,cyclicDep,102269,org.apache.tika.parser.microsoft.ooxml,25931
tika,697d7c047daf1f661a4ed067bbc8f9c58bb6faa2,1,2026-01-07T07:46:39.000,102274,affects,cyclicDep,102269,org.apache.tika.detect.microsoft,13465
tika,697d7c047daf1f661a4ed067bbc8f9c58bb6faa2,1,2026-01-07T07:46:39.000,102277,affects,cyclicDep,102269,org.apache.tika.detect,12804
tika,697d7c047daf1f661a4ed067bbc8f9c58bb6faa2,1,2026-01-07T07:46:39.000,102276,affects,cyclicDep,102269,org.apache.tika.detect.microsoft.ooxml,7852
tika,697d7c047daf1f661a4ed067bbc8f9c58bb6faa2,1,2026-01-07T07:46:39.000,102278,affects,cyclicDep,102269,org.apache.tika.config,23922
tika,697d7c047daf1f661a4ed067bbc8f9c58bb6faa2,1,2026-01-07T07:46:39.000,102283,affects,cyclicDep,102280,org.apache.tika.parser.txt,20697
tika,697d7c047daf1f661a4ed067bbc8f9c58bb6faa2,1,2026-01-07T07:46:39.000,102285,affects,cyclicDep,102280,org.apache.tika.detect.microsoft,13465
tika,697d7c047daf1f661a4ed067bbc8f9c58bb6faa2,1,2026-01-07T07:46:39.000,102284,affects,cyclicDep,102280,org.apache.tika.parser.microsoft,25345
tika,697d7c047daf1f661a4ed067bbc8f9c58bb6faa2,1,2026-01-07T07:46:39.000,102287,affects,cyclicDep,102280,org.apache.tika.detect.microsoft.ooxml,7852
tika,697d7c047daf1f661a4ed067bbc8f9c58bb6faa2,1,2026-01-07T07:46:39.000,102286,affects,cyclicDep,102280,org.apache.tika.parser.microsoft.ooxml,25931
tika,697d7c047daf1f661a4ed067bbc8f9c58bb6faa2,1,2026-01-07T07:46:39.000,102289,affects,cyclicDep,102280,org.apache.tika.config,23922
tika,697d7c047daf1f661a4ed067bbc8f9c58bb6faa2,1,2026-01-07T07:46:39.000,102288,affects,cyclicDep,102280,org.apache.tika.detect,12804
tika,697d7c047daf1f661a4ed067bbc8f9c58bb6faa2,1,2026-01-07T07:46:39.000,102290,affects,cyclicDep,102280,org.apache.tika.config.loader,27547
tika,697d7c047daf1f661a4ed067bbc8f9c58bb6faa2,1,2026-01-07T07:46:39.000,102295,affects,cyclicDep,102292,org.apache.tika.parser.txt,20697
tika,697d7c047daf1f661a4ed067bbc8f9c58bb6faa2,1,2026-01-07T07:46:39.000,102297,affects,cyclicDep,102292,org.apache.tika.detect.microsoft,13465
tika,697d7c047daf1f661a4ed067bbc8f9c58bb6faa2,1,2026-01-07T07:46:39.000,102296,affects,cyclicDep,102292,org.apache.tika.parser.microsoft,25345
tika,697d7c047daf1f661a4ed067bbc8f9c58bb6faa2,1,2026-01-07T07:46:39.000,102299,affects,cyclicDep,102292,org.apache.tika.detect.microsoft.ooxml,7852
tika,697d7c047daf1f661a4ed067bbc8f9c58bb6faa2,1,2026-01-07T07:46:39.000,102298,affects,cyclicDep,102292,org.apache.tika.parser.microsoft.ooxml,25931
tika,697d7c047daf1f661a4ed067bbc8f9c58bb6faa2,1,2026-01-07T07:46:39.000,102300,affects,cyclicDep,102292,org.apache.tika.detect,12804
tika,697d7c047daf1f661a4ed067bbc8f9c58bb6faa2,1,2026-01-07T07:46:39.000,102311,affects,cyclicDep,102308,org.apache.tika.parser.microsoft.ooxml.xps,12367
tika,697d7c047daf1f661a4ed067bbc8f9c58bb6faa2,1,2026-01-07T07:46:39.000,102313,affects,cyclicDep,102308,org.apache.tika.detect.microsoft.ooxml,7852
tika,697d7c047daf1f661a4ed067bbc8f9c58bb6faa2,1,2026-01-07T07:46:39.000,102312,affects,cyclicDep,102308,org.apache.tika.parser.microsoft.ooxml,25931
tika,697d7c047daf1f661a4ed067bbc8f9c58bb6faa2,1,2026-01-07T07:46:39.000,102315,affects,cyclicDep,102308,org.apache.tika.config,23922
tika,697d7c047daf1f661a4ed067bbc8f9c58bb6faa2,1,2026-01-07T07:46:39.000,102314,affects,cyclicDep,102308,org.apache.tika.detect,12804
tika,697d7c047daf1f661a4ed067bbc8f9c58bb6faa2,1,2026-01-07T07:46:39.000,102317,affects,cyclicDep,102308,org.apache.tika,15836
tika,697d7c047daf1f661a4ed067bbc8f9c58bb6faa2,1,2026-01-07T07:46:39.000,102316,affects,cyclicDep,102308,org.apache.tika.config.loader,27547
tika,697d7c047daf1f661a4ed067bbc8f9c58bb6faa2,1,2026-01-07T07:46:39.000,102341,affects,cyclicDep,102337,org.apache.tika.detect,12804
tika,697d7c047daf1f661a4ed067bbc8f9c58bb6faa2,1,2026-01-07T07:46:39.000,102340,affects,cyclicDep,102337,org.apache.tika.parser.iwork,22506
tika,697d7c047daf1f661a4ed067bbc8f9c58bb6faa2,1,2026-01-07T07:46:39.000,102343,affects,cyclicDep,102337,org.apache.tika.config.loader,27547
tika,697d7c047daf1f661a4ed067bbc8f9c58bb6faa2,1,2026-01-07T07:46:39.000,102342,affects,cyclicDep,102337,org.apache.tika.config,23922
tika,697d7c047daf1f661a4ed067bbc8f9c58bb6faa2,1,2026-01-07T07:46:39.000,102344,affects,cyclicDep,102337,org.apache.tika,15836
tika,697d7c047daf1f661a4ed067bbc8f9c58bb6faa2,1,2026-01-07T07:46:39.000,102349,affects,cyclicDep,102346,org.apache.tika.parser.iwork,22506
tika,697d7c047daf1f661a4ed067bbc8f9c58bb6faa2,1,2026-01-07T07:46:39.000,102351,affects,cyclicDep,102346,org.apache.tika.config,23922
tika,697d7c047daf1f661a4ed067bbc8f9c58bb6faa2,1,2026-01-07T07:46:39.000,102350,affects,cyclicDep,102346,org.apache.tika.detect,12804
tika,697d7c047daf1f661a4ed067bbc8f9c58bb6faa2,1,2026-01-07T07:46:39.000,102363,affects,cyclicDep,102359,org.apache.tika.parser.iwork,22506
tika,697d7c047daf1f661a4ed067bbc8f9c58bb6faa2,1,2026-01-07T07:46:39.000,102362,affects,cyclicDep,102359,org.apache.tika.detect.apple,13437
tika,697d7c047daf1f661a4ed067bbc8f9c58bb6faa2,1,2026-01-07T07:46:39.000,102365,affects,cyclicDep,102359,org.apache.tika.config,23922
tika,697d7c047daf1f661a4ed067bbc8f9c58bb6faa2,1,2026-01-07T07:46:39.000,102364,affects,cyclicDep,102359,org.apache.tika.detect,12804
tika,697d7c047daf1f661a4ed067bbc8f9c58bb6faa2,1,2026-01-07T07:46:39.000,102367,affects,cyclicDep,102359,org.apache.tika,15836
tika,697d7c047daf1f661a4ed067bbc8f9c58bb6faa2,1,2026-01-07T07:46:39.000,102366,affects,cyclicDep,102359,org.apache.tika.config.loader,27547
tika,697d7c047daf1f661a4ed067bbc8f9c58bb6faa2,1,2026-01-07T07:46:39.000,102373,affects,cyclicDep,102369,org.apache.tika.parser.iwork,22506
tika,697d7c047daf1f661a4ed067bbc8f9c58bb6faa2,1,2026-01-07T07:46:39.000,102372,affects,cyclicDep,102369,org.apache.tika.detect.apple,13437
tika,697d7c047daf1f661a4ed067bbc8f9c58bb6faa2,1,2026-01-07T07:46:39.000,102375,affects,cyclicDep,102369,org.apache.tika.config,23922
tika,697d7c047daf1f661a4ed067bbc8f9c58bb6faa2,1,2026-01-07T07:46:39.000,102374,affects,cyclicDep,102369,org.apache.tika.detect,12804
tika,697d7c047daf1f661a4ed067bbc8f9c58bb6faa2,1,2026-01-07T07:46:39.000,102381,affects,cyclicDep,102377,org.apache.tika.parser.iwork,22506
tika,697d7c047daf1f661a4ed067bbc8f9c58bb6faa2,1,2026-01-07T07:46:39.000,102380,affects,cyclicDep,102377,org.apache.tika.detect.apple,13437
tika,697d7c047daf1f661a4ed067bbc8f9c58bb6faa2,1,2026-01-07T07:46:39.000,102382,affects,cyclicDep,102377,org.apache.tika.detect,12804
tika,697d7c047daf1f661a4ed067bbc8f9c58bb6faa2,1,2026-01-07T07:46:39.000,102393,affects,cyclicDep,102390,org.apache.tika.parser.iwork.iwana,14697
tika,697d7c047daf1f661a4ed067bbc8f9c58bb6faa2,1,2026-01-07T07:46:39.000,102395,affects,cyclicDep,102390,org.apache.tika.parser.iwork,22506
tika,697d7c047daf1f661a4ed067bbc8f9c58bb6faa2,1,2026-01-07T07:46:39.000,102394,affects,cyclicDep,102390,org.apache.tika.detect.apple,13437
tika,697d7c047daf1f661a4ed067bbc8f9c58bb6faa2,1,2026-01-07T07:46:39.000,102397,affects,cyclicDep,102390,org.apache.tika.config,23922
tika,697d7c047daf1f661a4ed067bbc8f9c58bb6faa2,1,2026-01-07T07:46:39.000,102396,affects,cyclicDep,102390,org.apache.tika.detect,12804
tika,697d7c047daf1f661a4ed067bbc8f9c58bb6faa2,1,2026-01-07T07:46:39.000,102399,affects,cyclicDep,102390,org.apache.tika,15836
tika,697d7c047daf1f661a4ed067bbc8f9c58bb6faa2,1,2026-01-07T07:46:39.000,102398,affects,cyclicDep,102390,org.apache.tika.config.loader,27547
tika,697d7c047daf1f661a4ed067bbc8f9c58bb6faa2,1,2026-01-07T07:46:39.000,102405,affects,cyclicDep,102401,org.apache.tika.detect.apple,13437
tika,697d7c047daf1f661a4ed067bbc8f9c58bb6faa2,1,2026-01-07T07:46:39.000,102404,affects,cyclicDep,102401,org.apache.tika.parser.iwork.iwana,14697
tika,697d7c047daf1f661a4ed067bbc8f9c58bb6faa2,1,2026-01-07T07:46:39.000,102407,affects,cyclicDep,102401,org.apache.tika.detect,12804
tika,697d7c047daf1f661a4ed067bbc8f9c58bb6faa2,1,2026-01-07T07:46:39.000,102406,affects,cyclicDep,102401,org.apache.tika.parser.iwork,22506
tika,697d7c047daf1f661a4ed067bbc8f9c58bb6faa2,1,2026-01-07T07:46:39.000,102408,affects,cyclicDep,102401,org.apache.tika.config,23922
tika,697d7c047daf1f661a4ed067bbc8f9c58bb6faa2,1,2026-01-07T07:46:39.000,102419,affects,cyclicDep,102416,org.apache.tika.parser.executable,6241
tika,697d7c047daf1f661a4ed067bbc8f9c58bb6faa2,1,2026-01-07T07:46:39.000,102421,affects,cyclicDep,102416,org.apache.tika.config.loader,27547
tika,697d7c047daf1f661a4ed067bbc8f9c58bb6faa2,1,2026-01-07T07:46:39.000,102420,affects,cyclicDep,102416,org.apache.tika.config,23922
tika,697d7c047daf1f661a4ed067bbc8f9c58bb6faa2,1,2026-01-07T07:46:39.000,102422,affects,cyclicDep,102416,org.apache.tika,15836
tika,697d7c047daf1f661a4ed067bbc8f9c58bb6faa2,1,2026-01-07T07:46:39.000,102433,affects,cyclicDep,102430,org.apache.tika.parser.microsoft.pst,27257
tika,697d7c047daf1f661a4ed067bbc8f9c58bb6faa2,1,2026-01-07T07:46:39.000,102435,affects,cyclicDep,102430,org.apache.tika.config.loader,27547
tika,697d7c047daf1f661a4ed067bbc8f9c58bb6faa2,1,2026-01-07T07:46:39.000,102434,affects,cyclicDep,102430,org.apache.tika.config,23922
tika,697d7c047daf1f661a4ed067bbc8f9c58bb6faa2,1,2026-01-07T07:46:39.000,102436,affects,cyclicDep,102430,org.apache.tika,15836
tika,697d7c047daf1f661a4ed067bbc8f9c58bb6faa2,1,2026-01-07T07:46:39.000,102447,affects,cyclicDep,102444,org.apache.tika.parser.xml,2133
tika,697d7c047daf1f661a4ed067bbc8f9c58bb6faa2,1,2026-01-07T07:46:39.000,102449,affects,cyclicDep,102444,org.apache.tika.config.loader,27547
tika,697d7c047daf1f661a4ed067bbc8f9c58bb6faa2,1,2026-01-07T07:46:39.000,102448,affects,cyclicDep,102444,org.apache.tika.config,23922
tika,697d7c047daf1f661a4ed067bbc8f9c58bb6faa2,1,2026-01-07T07:46:39.000,102450,affects,cyclicDep,102444,org.apache.tika,15836
tika,697d7c047daf1f661a4ed067bbc8f9c58bb6faa2,1,2026-01-07T07:46:39.000,102461,affects,cyclicDep,102458,org.apache.tika.metadata.filter,19477
tika,697d7c047daf1f661a4ed067bbc8f9c58bb6faa2,1,2026-01-07T07:46:39.000,102463,affects,cyclicDep,102458,org.apache.tika,15836
tika,697d7c047daf1f661a4ed067bbc8f9c58bb6faa2,1,2026-01-07T07:46:39.000,102462,affects,cyclicDep,102458,org.apache.tika.config.loader,27547
tika,697d7c047daf1f661a4ed067bbc8f9c58bb6faa2,1,2026-01-07T07:46:39.000,102481,affects,cyclicDep,102477,org.apache.tika.serialization,23013
tika,697d7c047daf1f661a4ed067bbc8f9c58bb6faa2,1,2026-01-07T07:46:39.000,102480,affects,cyclicDep,102477,org.apache.tika.serialization.serdes,23302
tika,697d7c047daf1f661a4ed067bbc8f9c58bb6faa2,1,2026-01-07T07:46:39.000,102482,affects,cyclicDep,102477,org.apache.tika.config.loader,27547
tika,697d7c047daf1f661a4ed067bbc8f9c58bb6faa2,1,2026-01-07T07:46:39.000,102523,affects,cyclicDep,102520,org.apache.tika.eval.app.reports,4983
tika,697d7c047daf1f661a4ed067bbc8f9c58bb6faa2,1,2026-01-07T07:46:39.000,102524,affects,cyclicDep,102520,org.apache.tika.eval.app,13708
tika,697d7c047daf1f661a4ed067bbc8f9c58bb6faa2,1,2026-01-07T07:46:39.000,102541,affects,cyclicDep,102538,org.apache.tika.parser.geo.topic.gazetteer,28703
tika,697d7c047daf1f661a4ed067bbc8f9c58bb6faa2,1,2026-01-07T07:46:39.000,102542,affects,cyclicDep,102538,org.apache.tika.parser.geo.topic,8482
tika,697d7c047daf1f661a4ed067bbc8f9c58bb6faa2,1,2026-01-07T07:46:39.000,102547,affects,cyclicDep,102544,org.apache.tika.parser.microsoft.onenote.fsshttpb,3072
tika,697d7c047daf1f661a4ed067bbc8f9c58bb6faa2,1,2026-01-07T07:46:39.000,102548,affects,cyclicDep,102544,org.apache.tika.parser.microsoft.onenote,5372
tika,697d7c047daf1f661a4ed067bbc8f9c58bb6faa2,1,2026-01-07T07:46:39.000,102553,affects,cyclicDep,102550,org.apache.tika.parser.microsoft.onenote.fsshttpb.streamobj,3387
tika,697d7c047daf1f661a4ed067bbc8f9c58bb6faa2,1,2026-01-07T07:46:39.000,102555,affects,cyclicDep,102550,org.apache.tika.parser.microsoft.onenote.fsshttpb,3072
tika,697d7c047daf1f661a4ed067bbc8f9c58bb6faa2,1,2026-01-07T07:46:39.000,102554,affects,cyclicDep,102550,org.apache.tika.parser.microsoft.onenote.fsshttpb.property,3395
tika,697d7c047daf1f661a4ed067bbc8f9c58bb6faa2,1,2026-01-07T07:46:39.000,102567,affects,cyclicDep,102563,org.apache.tika.parser.microsoft.onenote.fsshttpb.streamobj,3387
tika,697d7c047daf1f661a4ed067bbc8f9c58bb6faa2,1,2026-01-07T07:46:39.000,102566,affects,cyclicDep,102563,org.apache.tika.parser.microsoft.onenote.fsshttpb.streamobj.basic,4370
tika,697d7c047daf1f661a4ed067bbc8f9c58bb6faa2,1,2026-01-07T07:46:39.000,102569,affects,cyclicDep,102563,org.apache.tika.parser.microsoft.onenote.fsshttpb,3072
tika,697d7c047daf1f661a4ed067bbc8f9c58bb6faa2,1,2026-01-07T07:46:39.000,102568,affects,cyclicDep,102563,org.apache.tika.parser.microsoft.onenote.fsshttpb.property,3395
tika,697d7c047daf1f661a4ed067bbc8f9c58bb6faa2,1,2026-01-07T07:46:39.000,102570,affects,cyclicDep,102563,org.apache.tika.parser.microsoft.onenote,5372
tika,697d7c047daf1f661a4ed067bbc8f9c58bb6faa2,1,2026-01-07T07:46:39.000,102575,affects,cyclicDep,102572,org.apache.tika.parser.microsoft.onenote.fsshttpb.streamobj.basic,4370
tika,697d7c047daf1f661a4ed067bbc8f9c58bb6faa2,1,2026-01-07T07:46:39.000,102577,affects,cyclicDep,102572,org.apache.tika.parser.microsoft.onenote.fsshttpb.property,3395
tika,697d7c047daf1f661a4ed067bbc8f9c58bb6faa2,1,2026-01-07T07:46:39.000,102576,affects,cyclicDep,102572,org.apache.tika.parser.microsoft.onenote.fsshttpb.streamobj,3387
tika,697d7c047daf1f661a4ed067bbc8f9c58bb6faa2,1,2026-01-07T07:46:39.000,102578,affects,cyclicDep,102572,org.apache.tika.parser.microsoft.onenote.fsshttpb,3072
tika,697d7c047daf1f661a4ed067bbc8f9c58bb6faa2,1,2026-01-07T07:46:39.000,102603,affects,cyclicDep,102599,org.apache.tika.parser.microsoft.onenote.fsshttpb.streamobj.space,4362
tika,697d7c047daf1f661a4ed067bbc8f9c58bb6faa2,1,2026-01-07T07:46:39.000,102602,affects,cyclicDep,102599,org.apache.tika.parser.microsoft.onenote.fsshttpb.util,3419
tika,697d7c047daf1f661a4ed067bbc8f9c58bb6faa2,1,2026-01-07T07:46:39.000,102605,affects,cyclicDep,102599,org.apache.tika.parser.microsoft.onenote.fsshttpb.streamobj,3387
tika,697d7c047daf1f661a4ed067bbc8f9c58bb6faa2,1,2026-01-07T07:46:39.000,102604,affects,cyclicDep,102599,org.apache.tika.parser.microsoft.onenote.fsshttpb.streamobj.basic,4370
tika,697d7c047daf1f661a4ed067bbc8f9c58bb6faa2,1,2026-01-07T07:46:39.000,102611,affects,cyclicDep,102607,org.apache.tika.parser.microsoft.onenote.fsshttpb.streamobj.space,4362
tika,697d7c047daf1f661a4ed067bbc8f9c58bb6faa2,1,2026-01-07T07:46:39.000,102610,affects,cyclicDep,102607,org.apache.tika.parser.microsoft.onenote.fsshttpb.util,3419
tika,697d7c047daf1f661a4ed067bbc8f9c58bb6faa2,1,2026-01-07T07:46:39.000,102612,affects,cyclicDep,102607,org.apache.tika.parser.microsoft.onenote.fsshttpb.streamobj.basic,4370
tika,697d7c047daf1f661a4ed067bbc8f9c58bb6faa2,1,2026-01-07T07:46:39.000,102647,affects,cyclicDep,102644,org.apache.tika.metadata.PropertyTypeException,20107
tika,697d7c047daf1f661a4ed067bbc8f9c58bb6faa2,1,2026-01-07T07:46:39.000,102648,affects,cyclicDep,102644,org.apache.tika.metadata.Property,181
tika,697d7c047daf1f661a4ed067bbc8f9c58bb6faa2,1,2026-01-07T07:46:39.000,102677,affects,cyclicDep,102674,org.apache.tika.utils.ServiceLoaderUtils,670
tika,697d7c047daf1f661a4ed067bbc8f9c58bb6faa2,1,2026-01-07T07:46:39.000,102678,affects,cyclicDep,102674,org.apache.tika.config.ServiceLoader,662
tika,697d7c047daf1f661a4ed067bbc8f9c58bb6faa2,1,2026-01-07T07:46:39.000,102683,affects,cyclicDep,102680,org.apache.tika.detect.CompositeDetector,13041
tika,697d7c047daf1f661a4ed067bbc8f9c58bb6faa2,1,2026-01-07T07:46:39.000,102685,affects,cyclicDep,102680,org.apache.tika.Tika,35
tika,697d7c047daf1f661a4ed067bbc8f9c58bb6faa2,1,2026-01-07T07:46:39.000,102684,affects,cyclicDep,102680,org.apache.tika.detect.DefaultDetector,447
tika,697d7c047daf1f661a4ed067bbc8f9c58bb6faa2,1,2026-01-07T07:46:39.000,102687,affects,cyclicDep,102680,org.apache.tika.io.FilenameUtils,4456
tika,697d7c047daf1f661a4ed067bbc8f9c58bb6faa2,1,2026-01-07T07:46:39.000,102686,affects,cyclicDep,102680,org.apache.tika.mime.MimeTypes,799
tika,697d7c047daf1f661a4ed067bbc8f9c58bb6faa2,1,2026-01-07T07:46:39.000,102689,affects,cyclicDep,102680,org.apache.tika.detect.Detector,455
tika,697d7c047daf1f661a4ed067bbc8f9c58bb6faa2,1,2026-01-07T07:46:39.000,102688,affects,cyclicDep,102680,org.apache.tika.io.TikaInputStream,52
tika,697d7c047daf1f661a4ed067bbc8f9c58bb6faa2,1,2026-01-07T07:46:39.000,102695,affects,cyclicDep,102691,org.apache.tika.detect.DefaultDetector,447
tika,697d7c047daf1f661a4ed067bbc8f9c58bb6faa2,1,2026-01-07T07:46:39.000,102694,affects,cyclicDep,102691,org.apache.tika.detect.CompositeDetector,13041
tika,697d7c047daf1f661a4ed067bbc8f9c58bb6faa2,1,2026-01-07T07:46:39.000,102697,affects,cyclicDep,102691,org.apache.tika.mime.MimeTypes,799
tika,697d7c047daf1f661a4ed067bbc8f9c58bb6faa2,1,2026-01-07T07:46:39.000,102696,affects,cyclicDep,102691,org.apache.tika.Tika,35
tika,697d7c047daf1f661a4ed067bbc8f9c58bb6faa2,1,2026-01-07T07:46:39.000,102699,affects,cyclicDep,102691,org.apache.tika.io.TikaInputStream,52
tika,697d7c047daf1f661a4ed067bbc8f9c58bb6faa2,1,2026-01-07T07:46:39.000,102698,affects,cyclicDep,102691,org.apache.tika.io.FilenameUtils,4456
tika,697d7c047daf1f661a4ed067bbc8f9c58bb6faa2,1,2026-01-07T07:46:39.000,102705,affects,cyclicDep,102701,org.apache.tika.detect.CompositeDetector,13041
tika,697d7c047daf1f661a4ed067bbc8f9c58bb6faa2,1,2026-01-07T07:46:39.000,102704,affects,cyclicDep,102701,org.apache.tika.mime.MediaTypeRegistry,4525
tika,697d7c047daf1f661a4ed067bbc8f9c58bb6faa2,1,2026-01-07T07:46:39.000,102707,affects,cyclicDep,102701,org.apache.tika.Tika,35
tika,697d7c047daf1f661a4ed067bbc8f9c58bb6faa2,1,2026-01-07T07:46:39.000,102706,affects,cyclicDep,102701,org.apache.tika.detect.DefaultDetector,447
tika,697d7c047daf1f661a4ed067bbc8f9c58bb6faa2,1,2026-01-07T07:46:39.000,102708,affects,cyclicDep,102701,org.apache.tika.mime.MimeTypes,799
tika,697d7c047daf1f661a4ed067bbc8f9c58bb6faa2,1,2026-01-07T07:46:39.000,102713,affects,cyclicDep,102710,org.apache.tika.detect.DefaultDetector,447
tika,697d7c047daf1f661a4ed067bbc8f9c58bb6faa2,1,2026-01-07T07:46:39.000,102715,affects,cyclicDep,102710,org.apache.tika.mime.MimeTypes,799
tika,697d7c047daf1f661a4ed067bbc8f9c58bb6faa2,1,2026-01-07T07:46:39.000,102714,affects,cyclicDep,102710,org.apache.tika.Tika,35
tika,697d7c047daf1f661a4ed067bbc8f9c58bb6faa2,1,2026-01-07T07:46:39.000,102717,affects,cyclicDep,102710,org.apache.tika.io.TikaInputStream,52
tika,697d7c047daf1f661a4ed067bbc8f9c58bb6faa2,1,2026-01-07T07:46:39.000,102716,affects,cyclicDep,102710,org.apache.tika.io.FilenameUtils,4456
tika,697d7c047daf1f661a4ed067bbc8f9c58bb6faa2,1,2026-01-07T07:46:39.000,102718,affects,cyclicDep,102710,org.apache.tika.detect.Detector,455
tika,697d7c047daf1f661a4ed067bbc8f9c58bb6faa2,1,2026-01-07T07:46:39.000,102723,affects,cyclicDep,102720,org.apache.tika.detect.OverrideDetector,13257
tika,697d7c047daf1f661a4ed067bbc8f9c58bb6faa2,1,2026-01-07T07:46:39.000,102725,affects,cyclicDep,102720,org.apache.tika.Tika,35
tika,697d7c047daf1f661a4ed067bbc8f9c58bb6faa2,1,2026-01-07T07:46:39.000,102724,affects,cyclicDep,102720,org.apache.tika.detect.DefaultDetector,447
tika,697d7c047daf1f661a4ed067bbc8f9c58bb6faa2,1,2026-01-07T07:46:39.000,102727,affects,cyclicDep,102720,org.apache.tika.io.FilenameUtils,4456
tika,697d7c047daf1f661a4ed067bbc8f9c58bb6faa2,1,2026-01-07T07:46:39.000,102726,affects,cyclicDep,102720,org.apache.tika.mime.MimeTypes,799
tika,697d7c047daf1f661a4ed067bbc8f9c58bb6faa2,1,2026-01-07T07:46:39.000,102729,affects,cyclicDep,102720,org.apache.tika.detect.Detector,455
tika,697d7c047daf1f661a4ed067bbc8f9c58bb6faa2,1,2026-01-07T07:46:39.000,102728,affects,cyclicDep,102720,org.apache.tika.io.TikaInputStream,52
tika,697d7c047daf1f661a4ed067bbc8f9c58bb6faa2,1,2026-01-07T07:46:39.000,102735,affects,cyclicDep,102731,org.apache.tika.detect.DefaultDetector,447
tika,697d7c047daf1f661a4ed067bbc8f9c58bb6faa2,1,2026-01-07T07:46:39.000,102734,affects,cyclicDep,102731,org.apache.tika.detect.OverrideDetector,13257
tika,697d7c047daf1f661a4ed067bbc8f9c58bb6faa2,1,2026-01-07T07:46:39.000,102737,affects,cyclicDep,102731,org.apache.tika.mime.MimeTypes,799
tika,697d7c047daf1f661a4ed067bbc8f9c58bb6faa2,1,2026-01-07T07:46:39.000,102736,affects,cyclicDep,102731,org.apache.tika.Tika,35
tika,697d7c047daf1f661a4ed067bbc8f9c58bb6faa2,1,2026-01-07T07:46:39.000,102739,affects,cyclicDep,102731,org.apache.tika.io.TikaInputStream,52
tika,697d7c047daf1f661a4ed067bbc8f9c58bb6faa2,1,2026-01-07T07:46:39.000,102738,affects,cyclicDep,102731,org.apache.tika.io.FilenameUtils,4456
tika,697d7c047daf1f661a4ed067bbc8f9c58bb6faa2,1,2026-01-07T07:46:39.000,102745,affects,cyclicDep,102741,org.apache.tika.Tika,35
tika,697d7c047daf1f661a4ed067bbc8f9c58bb6faa2,1,2026-01-07T07:46:39.000,102744,affects,cyclicDep,102741,org.apache.tika.detect.DefaultDetector,447
tika,697d7c047daf1f661a4ed067bbc8f9c58bb6faa2,1,2026-01-07T07:46:39.000,102746,affects,cyclicDep,102741,org.apache.tika.mime.MimeTypes,799
tika,697d7c047daf1f661a4ed067bbc8f9c58bb6faa2,1,2026-01-07T07:46:39.000,102751,affects,cyclicDep,102748,org.apache.tika.Tika,35
tika,697d7c047daf1f661a4ed067bbc8f9c58bb6faa2,1,2026-01-07T07:46:39.000,102753,affects,cyclicDep,102748,org.apache.tika.io.FilenameUtils,4456
tika,697d7c047daf1f661a4ed067bbc8f9c58bb6faa2,1,2026-01-07T07:46:39.000,102752,affects,cyclicDep,102748,org.apache.tika.mime.MimeTypes,799
tika,697d7c047daf1f661a4ed067bbc8f9c58bb6faa2,1,2026-01-07T07:46:39.000,102755,affects,cyclicDep,102748,org.apache.tika.detect.Detector,455
tika,697d7c047daf1f661a4ed067bbc8f9c58bb6faa2,1,2026-01-07T07:46:39.000,102754,affects,cyclicDep,102748,org.apache.tika.io.TikaInputStream,52
tika,697d7c047daf1f661a4ed067bbc8f9c58bb6faa2,1,2026-01-07T07:46:39.000,102761,affects,cyclicDep,102757,org.apache.tika.mime.MimeTypes,799
tika,697d7c047daf1f661a4ed067bbc8f9c58bb6faa2,1,2026-01-07T07:46:39.000,102760,affects,cyclicDep,102757,org.apache.tika.Tika,35
tika,697d7c047daf1f661a4ed067bbc8f9c58bb6faa2,1,2026-01-07T07:46:39.000,102763,affects,cyclicDep,102757,org.apache.tika.io.TikaInputStream,52
tika,697d7c047daf1f661a4ed067bbc8f9c58bb6faa2,1,2026-01-07T07:46:39.000,102762,affects,cyclicDep,102757,org.apache.tika.io.FilenameUtils,4456
tika,697d7c047daf1f661a4ed067bbc8f9c58bb6faa2,1,2026-01-07T07:46:39.000,102769,affects,cyclicDep,102765,org.apache.tika.Tika,35
tika,697d7c047daf1f661a4ed067bbc8f9c58bb6faa2,1,2026-01-07T07:46:39.000,102768,affects,cyclicDep,102765,org.apache.tika.parser.AutoDetectParser,418
tika,697d7c047daf1f661a4ed067bbc8f9c58bb6faa2,1,2026-01-07T07:46:39.000,102771,affects,cyclicDep,102765,org.apache.tika.io.FilenameUtils,4456
tika,697d7c047daf1f661a4ed067bbc8f9c58bb6faa2,1,2026-01-07T07:46:39.000,102770,affects,cyclicDep,102765,org.apache.tika.mime.MimeTypes,799
tika,697d7c047daf1f661a4ed067bbc8f9c58bb6faa2,1,2026-01-07T07:46:39.000,102773,affects,cyclicDep,102765,org.apache.tika.detect.Detector,455
tika,697d7c047daf1f661a4ed067bbc8f9c58bb6faa2,1,2026-01-07T07:46:39.000,102772,affects,cyclicDep,102765,org.apache.tika.io.TikaInputStream,52
tika,697d7c047daf1f661a4ed067bbc8f9c58bb6faa2,1,2026-01-07T07:46:39.000,102779,affects,cyclicDep,102775,org.apache.tika.digest.DigestHelper,10482
tika,697d7c047daf1f661a4ed067bbc8f9c58bb6faa2,1,2026-01-07T07:46:39.000,102778,affects,cyclicDep,102775,org.apache.tika.digest.Digester,8407
tika,697d7c047daf1f661a4ed067bbc8f9c58bb6faa2,1,2026-01-07T07:46:39.000,102781,affects,cyclicDep,102775,org.apache.tika.Tika,35
tika,697d7c047daf1f661a4ed067bbc8f9c58bb6faa2,1,2026-01-07T07:46:39.000,102780,affects,cyclicDep,102775,org.apache.tika.parser.AutoDetectParser,418
tika,697d7c047daf1f661a4ed067bbc8f9c58bb6faa2,1,2026-01-07T07:46:39.000,102783,affects,cyclicDep,102775,org.apache.tika.io.FilenameUtils,4456
tika,697d7c047daf1f661a4ed067bbc8f9c58bb6faa2,1,2026-01-07T07:46:39.000,102782,affects,cyclicDep,102775,org.apache.tika.mime.MimeTypes,799
tika,697d7c047daf1f661a4ed067bbc8f9c58bb6faa2,1,2026-01-07T07:46:39.000,102784,affects,cyclicDep,102775,org.apache.tika.io.TikaInputStream,52
tika,697d7c047daf1f661a4ed067bbc8f9c58bb6faa2,1,2026-01-07T07:46:39.000,102789,affects,cyclicDep,102786,org.apache.tika.extractor.EmbeddedStreamTranslator,401
tika,697d7c047daf1f661a4ed067bbc8f9c58bb6faa2,1,2026-01-07T07:46:39.000,102791,affects,cyclicDep,102786,org.apache.tika.digest.DigestHelper,10482
tika,697d7c047daf1f661a4ed067bbc8f9c58bb6faa2,1,2026-01-07T07:46:39.000,102790,affects,cyclicDep,102786,org.apache.tika.extractor.DefaultEmbeddedStreamTranslator,567
tika,697d7c047daf1f661a4ed067bbc8f9c58bb6faa2,1,2026-01-07T07:46:39.000,102793,affects,cyclicDep,102786,org.apache.tika.Tika,35
tika,697d7c047daf1f661a4ed067bbc8f9c58bb6faa2,1,2026-01-07T07:46:39.000,102792,affects,cyclicDep,102786,org.apache.tika.parser.AutoDetectParser,418
tika,697d7c047daf1f661a4ed067bbc8f9c58bb6faa2,1,2026-01-07T07:46:39.000,102795,affects,cyclicDep,102786,org.apache.tika.io.FilenameUtils,4456
tika,697d7c047daf1f661a4ed067bbc8f9c58bb6faa2,1,2026-01-07T07:46:39.000,102794,affects,cyclicDep,102786,org.apache.tika.mime.MimeTypes,799
tika,697d7c047daf1f661a4ed067bbc8f9c58bb6faa2,1,2026-01-07T07:46:39.000,102796,affects,cyclicDep,102786,org.apache.tika.io.TikaInputStream,52
tika,697d7c047daf1f661a4ed067bbc8f9c58bb6faa2,1,2026-01-07T07:46:39.000,102801,affects,cyclicDep,102798,org.apache.tika.extractor.DefaultEmbeddedStreamTranslator,567
tika,697d7c047daf1f661a4ed067bbc8f9c58bb6faa2,1,2026-01-07T07:46:39.000,102803,affects,cyclicDep,102798,org.apache.tika.parser.AutoDetectParser,418
tika,697d7c047daf1f661a4ed067bbc8f9c58bb6faa2,1,2026-01-07T07:46:39.000,102802,affects,cyclicDep,102798,org.apache.tika.digest.DigestHelper,10482
tika,697d7c047daf1f661a4ed067bbc8f9c58bb6faa2,1,2026-01-07T07:46:39.000,102805,affects,cyclicDep,102798,org.apache.tika.mime.MimeTypes,799
tika,697d7c047daf1f661a4ed067bbc8f9c58bb6faa2,1,2026-01-07T07:46:39.000,102804,affects,cyclicDep,102798,org.apache.tika.Tika,35
tika,697d7c047daf1f661a4ed067bbc8f9c58bb6faa2,1,2026-01-07T07:46:39.000,102807,affects,cyclicDep,102798,org.apache.tika.io.TikaInputStream,52
tika,697d7c047daf1f661a4ed067bbc8f9c58bb6faa2,1,2026-01-07T07:46:39.000,102806,affects,cyclicDep,102798,org.apache.tika.io.FilenameUtils,4456
tika,697d7c047daf1f661a4ed067bbc8f9c58bb6faa2,1,2026-01-07T07:46:39.000,102813,affects,cyclicDep,102809,org.apache.tika.digest.DigestHelper,10482
tika,697d7c047daf1f661a4ed067bbc8f9c58bb6faa2,1,2026-01-07T07:46:39.000,102812,affects,cyclicDep,102809,org.apache.tika.io.TemporaryResources,1332
tika,697d7c047daf1f661a4ed067bbc8f9c58bb6faa2,1,2026-01-07T07:46:39.000,102815,affects,cyclicDep,102809,org.apache.tika.Tika,35
tika,697d7c047daf1f661a4ed067bbc8f9c58bb6faa2,1,2026-01-07T07:46:39.000,102814,affects,cyclicDep,102809,org.apache.tika.parser.AutoDetectParser,418
tika,697d7c047daf1f661a4ed067bbc8f9c58bb6faa2,1,2026-01-07T07:46:39.000,102817,affects,cyclicDep,102809,org.apache.tika.io.FilenameUtils,4456
tika,697d7c047daf1f661a4ed067bbc8f9c58bb6faa2,1,2026-01-07T07:46:39.000,102816,affects,cyclicDep,102809,org.apache.tika.mime.MimeTypes,799
tika,697d7c047daf1f661a4ed067bbc8f9c58bb6faa2,1,2026-01-07T07:46:39.000,102823,affects,cyclicDep,102819,org.apache.tika.parser.AutoDetectParser,418
tika,697d7c047daf1f661a4ed067bbc8f9c58bb6faa2,1,2026-01-07T07:46:39.000,102822,affects,cyclicDep,102819,org.apache.tika.digest.DigestHelper,10482
tika,697d7c047daf1f661a4ed067bbc8f9c58bb6faa2,1,2026-01-07T07:46:39.000,102825,affects,cyclicDep,102819,org.apache.tika.mime.MimeTypes,799
tika,697d7c047daf1f661a4ed067bbc8f9c58bb6faa2,1,2026-01-07T07:46:39.000,102824,affects,cyclicDep,102819,org.apache.tika.Tika,35
tika,697d7c047daf1f661a4ed067bbc8f9c58bb6faa2,1,2026-01-07T07:46:39.000,102827,affects,cyclicDep,102819,org.apache.tika.io.TikaInputStream,52
tika,697d7c047daf1f661a4ed067bbc8f9c58bb6faa2,1,2026-01-07T07:46:39.000,102826,affects,cyclicDep,102819,org.apache.tika.io.FilenameUtils,4456
tika,697d7c047daf1f661a4ed067bbc8f9c58bb6faa2,1,2026-01-07T07:46:39.000,102833,affects,cyclicDep,102829,org.apache.tika.parser.AutoDetectParser,418
tika,697d7c047daf1f661a4ed067bbc8f9c58bb6faa2,1,2026-01-07T07:46:39.000,102832,affects,cyclicDep,102829,org.apache.tika.extractor.EmbeddedDocumentExtractor,507
tika,697d7c047daf1f661a4ed067bbc8f9c58bb6faa2,1,2026-01-07T07:46:39.000,102835,affects,cyclicDep,102829,org.apache.tika.mime.MimeTypes,799
tika,697d7c047daf1f661a4ed067bbc8f9c58bb6faa2,1,2026-01-07T07:46:39.000,102834,affects,cyclicDep,102829,org.apache.tika.Tika,35
tika,697d7c047daf1f661a4ed067bbc8f9c58bb6faa2,1,2026-01-07T07:46:39.000,102837,affects,cyclicDep,102829,org.apache.tika.io.TikaInputStream,52
tika,697d7c047daf1f661a4ed067bbc8f9c58bb6faa2,1,2026-01-07T07:46:39.000,102836,affects,cyclicDep,102829,org.apache.tika.io.FilenameUtils,4456
tika,697d7c047daf1f661a4ed067bbc8f9c58bb6faa2,1,2026-01-07T07:46:39.000,102843,affects,cyclicDep,102839,org.apache.tika.extractor.ParsingEmbeddedDocumentExtractorFactory,484
tika,697d7c047daf1f661a4ed067bbc8f9c58bb6faa2,1,2026-01-07T07:46:39.000,102842,affects,cyclicDep,102839,org.apache.tika.extractor.ParsingEmbeddedDocumentExtractor,498
tika,697d7c047daf1f661a4ed067bbc8f9c58bb6faa2,1,2026-01-07T07:46:39.000,102845,affects,cyclicDep,102839,org.apache.tika.Tika,35
tika,697d7c047daf1f661a4ed067bbc8f9c58bb6faa2,1,2026-01-07T07:46:39.000,102844,affects,cyclicDep,102839,org.apache.tika.parser.AutoDetectParser,418
tika,697d7c047daf1f661a4ed067bbc8f9c58bb6faa2,1,2026-01-07T07:46:39.000,102847,affects,cyclicDep,102839,org.apache.tika.io.FilenameUtils,4456
tika,697d7c047daf1f661a4ed067bbc8f9c58bb6faa2,1,2026-01-07T07:46:39.000,102846,affects,cyclicDep,102839,org.apache.tika.mime.MimeTypes,799
tika,697d7c047daf1f661a4ed067bbc8f9c58bb6faa2,1,2026-01-07T07:46:39.000,102848,affects,cyclicDep,102839,org.apache.tika.io.TikaInputStream,52
tika,697d7c047daf1f661a4ed067bbc8f9c58bb6faa2,1,2026-01-07T07:46:39.000,102853,affects,cyclicDep,102850,org.apache.tika.parser.DelegatingParser,719
tika,697d7c047daf1f661a4ed067bbc8f9c58bb6faa2,1,2026-01-07T07:46:39.000,102855,affects,cyclicDep,102850,org.apache.tika.extractor.ParsingEmbeddedDocumentExtractorFactory,484
tika,697d7c047daf1f661a4ed067bbc8f9c58bb6faa2,1,2026-01-07T07:46:39.000,102854,affects,cyclicDep,102850,org.apache.tika.extractor.ParsingEmbeddedDocumentExtractor,498
tika,697d7c047daf1f661a4ed067bbc8f9c58bb6faa2,1,2026-01-07T07:46:39.000,102857,affects,cyclicDep,102850,org.apache.tika.Tika,35
tika,697d7c047daf1f661a4ed067bbc8f9c58bb6faa2,1,2026-01-07T07:46:39.000,102856,affects,cyclicDep,102850,org.apache.tika.parser.AutoDetectParser,418
tika,697d7c047daf1f661a4ed067bbc8f9c58bb6faa2,1,2026-01-07T07:46:39.000,102859,affects,cyclicDep,102850,org.apache.tika.io.FilenameUtils,4456
tika,697d7c047daf1f661a4ed067bbc8f9c58bb6faa2,1,2026-01-07T07:46:39.000,102858,affects,cyclicDep,102850,org.apache.tika.mime.MimeTypes,799
tika,697d7c047daf1f661a4ed067bbc8f9c58bb6faa2,1,2026-01-07T07:46:39.000,102860,affects,cyclicDep,102850,org.apache.tika.io.TikaInputStream,52
tika,697d7c047daf1f661a4ed067bbc8f9c58bb6faa2,1,2026-01-07T07:46:39.000,102865,affects,cyclicDep,102862,org.apache.tika.parser.EmptyParser,863
tika,697d7c047daf1f661a4ed067bbc8f9c58bb6faa2,1,2026-01-07T07:46:39.000,102867,affects,cyclicDep,102862,org.apache.tika.extractor.ParsingEmbeddedDocumentExtractor,498
tika,697d7c047daf1f661a4ed067bbc8f9c58bb6faa2,1,2026-01-07T07:46:39.000,102866,affects,cyclicDep,102862,org.apache.tika.parser.DelegatingParser,719
tika,697d7c047daf1f661a4ed067bbc8f9c58bb6faa2,1,2026-01-07T07:46:39.000,102869,affects,cyclicDep,102862,org.apache.tika.parser.AutoDetectParser,418
tika,697d7c047daf1f661a4ed067bbc8f9c58bb6faa2,1,2026-01-07T07:46:39.000,102868,affects,cyclicDep,102862,org.apache.tika.extractor.ParsingEmbeddedDocumentExtractorFactory,484
tika,697d7c047daf1f661a4ed067bbc8f9c58bb6faa2,1,2026-01-07T07:46:39.000,102871,affects,cyclicDep,102862,org.apache.tika.mime.MimeTypes,799
tika,697d7c047daf1f661a4ed067bbc8f9c58bb6faa2,1,2026-01-07T07:46:39.000,102870,affects,cyclicDep,102862,org.apache.tika.Tika,35
tika,697d7c047daf1f661a4ed067bbc8f9c58bb6faa2,1,2026-01-07T07:46:39.000,102873,affects,cyclicDep,102862,org.apache.tika.io.TikaInputStream,52
tika,697d7c047daf1f661a4ed067bbc8f9c58bb6faa2,1,2026-01-07T07:46:39.000,102872,affects,cyclicDep,102862,org.apache.tika.io.FilenameUtils,4456
tika,697d7c047daf1f661a4ed067bbc8f9c58bb6faa2,1,2026-01-07T07:46:39.000,102879,affects,cyclicDep,102875,org.apache.tika.parser.EmptyParser,863
tika,697d7c047daf1f661a4ed067bbc8f9c58bb6faa2,1,2026-01-07T07:46:39.000,102878,affects,cyclicDep,102875,org.apache.tika.parser.Parser,85
tika,697d7c047daf1f661a4ed067bbc8f9c58bb6faa2,1,2026-01-07T07:46:39.000,102881,affects,cyclicDep,102875,org.apache.tika.extractor.ParsingEmbeddedDocumentExtractor,498
tika,697d7c047daf1f661a4ed067bbc8f9c58bb6faa2,1,2026-01-07T07:46:39.000,102880,affects,cyclicDep,102875,org.apache.tika.parser.DelegatingParser,719
tika,697d7c047daf1f661a4ed067bbc8f9c58bb6faa2,1,2026-01-07T07:46:39.000,102883,affects,cyclicDep,102875,org.apache.tika.parser.AutoDetectParser,418
tika,697d7c047daf1f661a4ed067bbc8f9c58bb6faa2,1,2026-01-07T07:46:39.000,102882,affects,cyclicDep,102875,org.apache.tika.extractor.ParsingEmbeddedDocumentExtractorFactory,484
tika,697d7c047daf1f661a4ed067bbc8f9c58bb6faa2,1,2026-01-07T07:46:39.000,102885,affects,cyclicDep,102875,org.apache.tika.mime.MimeTypes,799
tika,697d7c047daf1f661a4ed067bbc8f9c58bb6faa2,1,2026-01-07T07:46:39.000,102884,affects,cyclicDep,102875,org.apache.tika.Tika,35
tika,697d7c047daf1f661a4ed067bbc8f9c58bb6faa2,1,2026-01-07T07:46:39.000,102887,affects,cyclicDep,102875,org.apache.tika.io.TikaInputStream,52
tika,697d7c047daf1f661a4ed067bbc8f9c58bb6faa2,1,2026-01-07T07:46:39.000,102886,affects,cyclicDep,102875,org.apache.tika.io.FilenameUtils,4456
tika,697d7c047daf1f661a4ed067bbc8f9c58bb6faa2,1,2026-01-07T07:46:39.000,102893,affects,cyclicDep,102889,org.apache.tika.Tika,35
tika,697d7c047daf1f661a4ed067bbc8f9c58bb6faa2,1,2026-01-07T07:46:39.000,102892,affects,cyclicDep,102889,org.apache.tika.parser.AutoDetectParser,418
tika,697d7c047daf1f661a4ed067bbc8f9c58bb6faa2,1,2026-01-07T07:46:39.000,102895,affects,cyclicDep,102889,org.apache.tika.io.FilenameUtils,4456
tika,697d7c047daf1f661a4ed067bbc8f9c58bb6faa2,1,2026-01-07T07:46:39.000,102894,affects,cyclicDep,102889,org.apache.tika.mime.MimeTypes,799
tika,697d7c047daf1f661a4ed067bbc8f9c58bb6faa2,1,2026-01-07T07:46:39.000,102896,affects,cyclicDep,102889,org.apache.tika.io.TikaInputStream,52
tika,697d7c047daf1f661a4ed067bbc8f9c58bb6faa2,1,2026-01-07T07:46:39.000,102901,affects,cyclicDep,102898,org.apache.tika.parser.CompositeParser,756
tika,697d7c047daf1f661a4ed067bbc8f9c58bb6faa2,1,2026-01-07T07:46:39.000,102903,affects,cyclicDep,102898,org.apache.tika.Tika,35
tika,697d7c047daf1f661a4ed067bbc8f9c58bb6faa2,1,2026-01-07T07:46:39.000,102902,affects,cyclicDep,102898,org.apache.tika.parser.AutoDetectParser,418
tika,697d7c047daf1f661a4ed067bbc8f9c58bb6faa2,1,2026-01-07T07:46:39.000,102905,affects,cyclicDep,102898,org.apache.tika.io.FilenameUtils,4456
tika,697d7c047daf1f661a4ed067bbc8f9c58bb6faa2,1,2026-01-07T07:46:39.000,102904,affects,cyclicDep,102898,org.apache.tika.mime.MimeTypes,799
tika,697d7c047daf1f661a4ed067bbc8f9c58bb6faa2,1,2026-01-07T07:46:39.000,102906,affects,cyclicDep,102898,org.apache.tika.io.TikaInputStream,52
tika,697d7c047daf1f661a4ed067bbc8f9c58bb6faa2,1,2026-01-07T07:46:39.000,102911,affects,cyclicDep,102908,org.apache.tika.parser.ParserDecorator,808
tika,697d7c047daf1f661a4ed067bbc8f9c58bb6faa2,1,2026-01-07T07:46:39.000,102913,affects,cyclicDep,102908,org.apache.tika.parser.AutoDetectParser,418
tika,697d7c047daf1f661a4ed067bbc8f9c58bb6faa2,1,2026-01-07T07:46:39.000,102912,affects,cyclicDep,102908,org.apache.tika.parser.CompositeParser,756
tika,697d7c047daf1f661a4ed067bbc8f9c58bb6faa2,1,2026-01-07T07:46:39.000,102915,affects,cyclicDep,102908,org.apache.tika.mime.MimeTypes,799
tika,697d7c047daf1f661a4ed067bbc8f9c58bb6faa2,1,2026-01-07T07:46:39.000,102914,affects,cyclicDep,102908,org.apache.tika.Tika,35
tika,697d7c047daf1f661a4ed067bbc8f9c58bb6faa2,1,2026-01-07T07:46:39.000,102917,affects,cyclicDep,102908,org.apache.tika.io.TikaInputStream,52
tika,697d7c047daf1f661a4ed067bbc8f9c58bb6faa2,1,2026-01-07T07:46:39.000,102916,affects,cyclicDep,102908,org.apache.tika.io.FilenameUtils,4456
tika,697d7c047daf1f661a4ed067bbc8f9c58bb6faa2,1,2026-01-07T07:46:39.000,102923,affects,cyclicDep,102919,org.apache.tika.parser.ParserDecorator,808
tika,697d7c047daf1f661a4ed067bbc8f9c58bb6faa2,1,2026-01-07T07:46:39.000,102922,affects,cyclicDep,102919,org.apache.tika.parser.multiple.AbstractMultipleParser,4517
tika,697d7c047daf1f661a4ed067bbc8f9c58bb6faa2,1,2026-01-07T07:46:39.000,102925,affects,cyclicDep,102919,org.apache.tika.parser.AutoDetectParser,418
tika,697d7c047daf1f661a4ed067bbc8f9c58bb6faa2,1,2026-01-07T07:46:39.000,102924,affects,cyclicDep,102919,org.apache.tika.parser.CompositeParser,756
tika,697d7c047daf1f661a4ed067bbc8f9c58bb6faa2,1,2026-01-07T07:46:39.000,102927,affects,cyclicDep,102919,org.apache.tika.mime.MimeTypes,799
tika,697d7c047daf1f661a4ed067bbc8f9c58bb6faa2,1,2026-01-07T07:46:39.000,102926,affects,cyclicDep,102919,org.apache.tika.Tika,35
tika,697d7c047daf1f661a4ed067bbc8f9c58bb6faa2,1,2026-01-07T07:46:39.000,102929,affects,cyclicDep,102919,org.apache.tika.io.TikaInputStream,52
tika,697d7c047daf1f661a4ed067bbc8f9c58bb6faa2,1,2026-01-07T07:46:39.000,102928,affects,cyclicDep,102919,org.apache.tika.io.FilenameUtils,4456
tika,697d7c047daf1f661a4ed067bbc8f9c58bb6faa2,1,2026-01-07T07:46:39.000,102935,affects,cyclicDep,102931,org.apache.tika.parser.multiple.AbstractMultipleParser,4517
tika,697d7c047daf1f661a4ed067bbc8f9c58bb6faa2,1,2026-01-07T07:46:39.000,102934,affects,cyclicDep,102931,org.apache.tika.utils.ParserUtils,4541
tika,697d7c047daf1f661a4ed067bbc8f9c58bb6faa2,1,2026-01-07T07:46:39.000,102937,affects,cyclicDep,102931,org.apache.tika.parser.CompositeParser,756
tika,697d7c047daf1f661a4ed067bbc8f9c58bb6faa2,1,2026-01-07T07:46:39.000,102936,affects,cyclicDep,102931,org.apache.tika.parser.ParserDecorator,808
tika,697d7c047daf1f661a4ed067bbc8f9c58bb6faa2,1,2026-01-07T07:46:39.000,102939,affects,cyclicDep,102931,org.apache.tika.Tika,35
tika,697d7c047daf1f661a4ed067bbc8f9c58bb6faa2,1,2026-01-07T07:46:39.000,102938,affects,cyclicDep,102931,org.apache.tika.parser.AutoDetectParser,418
tika,697d7c047daf1f661a4ed067bbc8f9c58bb6faa2,1,2026-01-07T07:46:39.000,102941,affects,cyclicDep,102931,org.apache.tika.io.FilenameUtils,4456
tika,697d7c047daf1f661a4ed067bbc8f9c58bb6faa2,1,2026-01-07T07:46:39.000,102940,affects,cyclicDep,102931,org.apache.tika.mime.MimeTypes,799
tika,697d7c047daf1f661a4ed067bbc8f9c58bb6faa2,1,2026-01-07T07:46:39.000,102942,affects,cyclicDep,102931,org.apache.tika.io.TikaInputStream,52
tika,697d7c047daf1f661a4ed067bbc8f9c58bb6faa2,1,2026-01-07T07:46:39.000,102947,affects,cyclicDep,102944,org.apache.tika.utils.ParserUtils,4541
tika,697d7c047daf1f661a4ed067bbc8f9c58bb6faa2,1,2026-01-07T07:46:39.000,102949,affects,cyclicDep,102944,org.apache.tika.parser.ParserDecorator,808
tika,697d7c047daf1f661a4ed067bbc8f9c58bb6faa2,1,2026-01-07T07:46:39.000,102948,affects,cyclicDep,102944,org.apache.tika.parser.multiple.AbstractMultipleParser,4517
tika,697d7c047daf1f661a4ed067bbc8f9c58bb6faa2,1,2026-01-07T07:46:39.000,102955,affects,cyclicDep,102951,org.apache.tika.detect.CompositeEncodingDetector,12929
tika,697d7c047daf1f661a4ed067bbc8f9c58bb6faa2,1,2026-01-07T07:46:39.000,102954,affects,cyclicDep,102951,org.apache.tika.detect.EncodingDetector,1667
tika,697d7c047daf1f661a4ed067bbc8f9c58bb6faa2,1,2026-01-07T07:46:39.000,102957,affects,cyclicDep,102951,org.apache.tika.parser.DefaultParser,1284
tika,697d7c047daf1f661a4ed067bbc8f9c58bb6faa2,1,2026-01-07T07:46:39.000,102956,affects,cyclicDep,102951,org.apache.tika.detect.DefaultEncodingDetector,1647
tika,697d7c047daf1f661a4ed067bbc8f9c58bb6faa2,1,2026-01-07T07:46:39.000,102959,affects,cyclicDep,102951,org.apache.tika.Tika,35
tika,697d7c047daf1f661a4ed067bbc8f9c58bb6faa2,1,2026-01-07T07:46:39.000,102958,affects,cyclicDep,102951,org.apache.tika.parser.AutoDetectParser,418
tika,697d7c047daf1f661a4ed067bbc8f9c58bb6faa2,1,2026-01-07T07:46:39.000,102961,affects,cyclicDep,102951,org.apache.tika.io.FilenameUtils,4456
tika,697d7c047daf1f661a4ed067bbc8f9c58bb6faa2,1,2026-01-07T07:46:39.000,102960,affects,cyclicDep,102951,org.apache.tika.mime.MimeTypes,799
tika,697d7c047daf1f661a4ed067bbc8f9c58bb6faa2,1,2026-01-07T07:46:39.000,102962,affects,cyclicDep,102951,org.apache.tika.io.TikaInputStream,52
tika,697d7c047daf1f661a4ed067bbc8f9c58bb6faa2,1,2026-01-07T07:46:39.000,102967,affects,cyclicDep,102964,org.apache.tika.detect.CompositeEncodingDetector,12929
tika,697d7c047daf1f661a4ed067bbc8f9c58bb6faa2,1,2026-01-07T07:46:39.000,102969,affects,cyclicDep,102964,org.apache.tika.parser.DefaultParser,1284
tika,697d7c047daf1f661a4ed067bbc8f9c58bb6faa2,1,2026-01-07T07:46:39.000,102968,affects,cyclicDep,102964,org.apache.tika.detect.DefaultEncodingDetector,1647
tika,697d7c047daf1f661a4ed067bbc8f9c58bb6faa2,1,2026-01-07T07:46:39.000,102971,affects,cyclicDep,102964,org.apache.tika.Tika,35
tika,697d7c047daf1f661a4ed067bbc8f9c58bb6faa2,1,2026-01-07T07:46:39.000,102970,affects,cyclicDep,102964,org.apache.tika.parser.AutoDetectParser,418
tika,697d7c047daf1f661a4ed067bbc8f9c58bb6faa2,1,2026-01-07T07:46:39.000,102973,affects,cyclicDep,102964,org.apache.tika.io.FilenameUtils,4456
tika,697d7c047daf1f661a4ed067bbc8f9c58bb6faa2,1,2026-01-07T07:46:39.000,102972,affects,cyclicDep,102964,org.apache.tika.mime.MimeTypes,799
tika,697d7c047daf1f661a4ed067bbc8f9c58bb6faa2,1,2026-01-07T07:46:39.000,102974,affects,cyclicDep,102964,org.apache.tika.io.TikaInputStream,52
tika,697d7c047daf1f661a4ed067bbc8f9c58bb6faa2,1,2026-01-07T07:46:39.000,102979,affects,cyclicDep,102976,org.apache.tika.renderer.Renderer,6898
tika,697d7c047daf1f661a4ed067bbc8f9c58bb6faa2,1,2026-01-07T07:46:39.000,102981,affects,cyclicDep,102976,org.apache.tika.parser.DefaultParser,1284
tika,697d7c047daf1f661a4ed067bbc8f9c58bb6faa2,1,2026-01-07T07:46:39.000,102980,affects,cyclicDep,102976,org.apache.tika.parser.RenderingParser,24291
tika,697d7c047daf1f661a4ed067bbc8f9c58bb6faa2,1,2026-01-07T07:46:39.000,102983,affects,cyclicDep,102976,org.apache.tika.Tika,35
tika,697d7c047daf1f661a4ed067bbc8f9c58bb6faa2,1,2026-01-07T07:46:39.000,102982,affects,cyclicDep,102976,org.apache.tika.parser.AutoDetectParser,418
tika,697d7c047daf1f661a4ed067bbc8f9c58bb6faa2,1,2026-01-07T07:46:39.000,102985,affects,cyclicDep,102976,org.apache.tika.io.FilenameUtils,4456
tika,697d7c047daf1f661a4ed067bbc8f9c58bb6faa2,1,2026-01-07T07:46:39.000,102984,affects,cyclicDep,102976,org.apache.tika.mime.MimeTypes,799
tika,697d7c047daf1f661a4ed067bbc8f9c58bb6faa2,1,2026-01-07T07:46:39.000,102986,affects,cyclicDep,102976,org.apache.tika.io.TikaInputStream,52
tika,697d7c047daf1f661a4ed067bbc8f9c58bb6faa2,1,2026-01-07T07:46:39.000,102991,affects,cyclicDep,102988,org.apache.tika.renderer.RenderResult,6868
tika,697d7c047daf1f661a4ed067bbc8f9c58bb6faa2,1,2026-01-07T07:46:39.000,102993,affects,cyclicDep,102988,org.apache.tika.renderer.Renderer,6898
tika,697d7c047daf1f661a4ed067bbc8f9c58bb6faa2,1,2026-01-07T07:46:39.000,102992,affects,cyclicDep,102988,org.apache.tika.renderer.RenderResults,6756
tika,697d7c047daf1f661a4ed067bbc8f9c58bb6faa2,1,2026-01-07T07:46:39.000,102995,affects,cyclicDep,102988,org.apache.tika.parser.DefaultParser,1284
tika,697d7c047daf1f661a4ed067bbc8f9c58bb6faa2,1,2026-01-07T07:46:39.000,102994,affects,cyclicDep,102988,org.apache.tika.parser.RenderingParser,24291
tika,697d7c047daf1f661a4ed067bbc8f9c58bb6faa2,1,2026-01-07T07:46:39.000,102997,affects,cyclicDep,102988,org.apache.tika.Tika,35
tika,697d7c047daf1f661a4ed067bbc8f9c58bb6faa2,1,2026-01-07T07:46:39.000,102996,affects,cyclicDep,102988,org.apache.tika.parser.AutoDetectParser,418
tika,697d7c047daf1f661a4ed067bbc8f9c58bb6faa2,1,2026-01-07T07:46:39.000,102999,affects,cyclicDep,102988,org.apache.tika.io.FilenameUtils,4456
tika,697d7c047daf1f661a4ed067bbc8f9c58bb6faa2,1,2026-01-07T07:46:39.000,102998,affects,cyclicDep,102988,org.apache.tika.mime.MimeTypes,799
tika,697d7c047daf1f661a4ed067bbc8f9c58bb6faa2,1,2026-01-07T07:46:39.000,103000,affects,cyclicDep,102988,org.apache.tika.io.TikaInputStream,52
tika,697d7c047daf1f661a4ed067bbc8f9c58bb6faa2,1,2026-01-07T07:46:39.000,103005,affects,cyclicDep,103002,org.apache.tika.renderer.CompositeRenderer,12722
tika,697d7c047daf1f661a4ed067bbc8f9c58bb6faa2,1,2026-01-07T07:46:39.000,103007,affects,cyclicDep,103002,org.apache.tika.parser.AutoDetectParser,418
tika,697d7c047daf1f661a4ed067bbc8f9c58bb6faa2,1,2026-01-07T07:46:39.000,103006,affects,cyclicDep,103002,org.apache.tika.parser.DefaultParser,1284
tika,697d7c047daf1f661a4ed067bbc8f9c58bb6faa2,1,2026-01-07T07:46:39.000,103009,affects,cyclicDep,103002,org.apache.tika.mime.MimeTypes,799
tika,697d7c047daf1f661a4ed067bbc8f9c58bb6faa2,1,2026-01-07T07:46:39.000,103008,affects,cyclicDep,103002,org.apache.tika.Tika,35
tika,697d7c047daf1f661a4ed067bbc8f9c58bb6faa2,1,2026-01-07T07:46:39.000,103011,affects,cyclicDep,103002,org.apache.tika.io.TikaInputStream,52
tika,697d7c047daf1f661a4ed067bbc8f9c58bb6faa2,1,2026-01-07T07:46:39.000,103010,affects,cyclicDep,103002,org.apache.tika.io.FilenameUtils,4456
tika,697d7c047daf1f661a4ed067bbc8f9c58bb6faa2,1,2026-01-07T07:46:39.000,103017,affects,cyclicDep,103013,org.apache.tika.parser.AutoDetectParser,418
tika,697d7c047daf1f661a4ed067bbc8f9c58bb6faa2,1,2026-01-07T07:46:39.000,103016,affects,cyclicDep,103013,org.apache.tika.parser.RecursiveParserWrapper,7293
tika,697d7c047daf1f661a4ed067bbc8f9c58bb6faa2,1,2026-01-07T07:46:39.000,103019,affects,cyclicDep,103013,org.apache.tika.mime.MimeTypes,799
tika,697d7c047daf1f661a4ed067bbc8f9c58bb6faa2,1,2026-01-07T07:46:39.000,103018,affects,cyclicDep,103013,org.apache.tika.Tika,35
tika,697d7c047daf1f661a4ed067bbc8f9c58bb6faa2,1,2026-01-07T07:46:39.000,103020,affects,cyclicDep,103013,org.apache.tika.io.FilenameUtils,4456
tika,697d7c047daf1f661a4ed067bbc8f9c58bb6faa2,1,2026-01-07T07:46:39.000,103025,affects,cyclicDep,103022,org.apache.tika.parser.RecursiveParserWrapper,7293
tika,697d7c047daf1f661a4ed067bbc8f9c58bb6faa2,1,2026-01-07T07:46:39.000,103027,affects,cyclicDep,103022,org.apache.tika.Tika,35
tika,697d7c047daf1f661a4ed067bbc8f9c58bb6faa2,1,2026-01-07T07:46:39.000,103026,affects,cyclicDep,103022,org.apache.tika.parser.AutoDetectParser,418
tika,697d7c047daf1f661a4ed067bbc8f9c58bb6faa2,1,2026-01-07T07:46:39.000,103029,affects,cyclicDep,103022,org.apache.tika.io.FilenameUtils,4456
tika,697d7c047daf1f661a4ed067bbc8f9c58bb6faa2,1,2026-01-07T07:46:39.000,103028,affects,cyclicDep,103022,org.apache.tika.mime.MimeTypes,799
tika,697d7c047daf1f661a4ed067bbc8f9c58bb6faa2,1,2026-01-07T07:46:39.000,103030,affects,cyclicDep,103022,org.apache.tika.io.TikaInputStream,52
tika,697d7c047daf1f661a4ed067bbc8f9c58bb6faa2,1,2026-01-07T07:46:39.000,103035,affects,cyclicDep,103032,org.apache.tika.sax.SecureContentHandler,7366
tika,697d7c047daf1f661a4ed067bbc8f9c58bb6faa2,1,2026-01-07T07:46:39.000,103037,affects,cyclicDep,103032,org.apache.tika.parser.AutoDetectParser,418
tika,697d7c047daf1f661a4ed067bbc8f9c58bb6faa2,1,2026-01-07T07:46:39.000,103036,affects,cyclicDep,103032,org.apache.tika.parser.RecursiveParserWrapper,7293
tika,697d7c047daf1f661a4ed067bbc8f9c58bb6faa2,1,2026-01-07T07:46:39.000,103039,affects,cyclicDep,103032,org.apache.tika.mime.MimeTypes,799
tika,697d7c047daf1f661a4ed067bbc8f9c58bb6faa2,1,2026-01-07T07:46:39.000,103038,affects,cyclicDep,103032,org.apache.tika.Tika,35
tika,697d7c047daf1f661a4ed067bbc8f9c58bb6faa2,1,2026-01-07T07:46:39.000,103041,affects,cyclicDep,103032,org.apache.tika.io.TikaInputStream,52
tika,697d7c047daf1f661a4ed067bbc8f9c58bb6faa2,1,2026-01-07T07:46:39.000,103040,affects,cyclicDep,103032,org.apache.tika.io.FilenameUtils,4456
tika,697d7c047daf1f661a4ed067bbc8f9c58bb6faa2,1,2026-01-07T07:46:39.000,103047,affects,cyclicDep,103043,org.apache.tika.Tika,35
tika,697d7c047daf1f661a4ed067bbc8f9c58bb6faa2,1,2026-01-07T07:46:39.000,103046,affects,cyclicDep,103043,org.apache.tika.parser.ParsingReader,23668
tika,697d7c047daf1f661a4ed067bbc8f9c58bb6faa2,1,2026-01-07T07:46:39.000,103049,affects,cyclicDep,103043,org.apache.tika.io.FilenameUtils,4456
tika,697d7c047daf1f661a4ed067bbc8f9c58bb6faa2,1,2026-01-07T07:46:39.000,103048,affects,cyclicDep,103043,org.apache.tika.mime.MimeTypes,799
tika,697d7c047daf1f661a4ed067bbc8f9c58bb6faa2,1,2026-01-07T07:46:39.000,103050,affects,cyclicDep,103043,org.apache.tika.io.TikaInputStream,52
tika,697d7c047daf1f661a4ed067bbc8f9c58bb6faa2,1,2026-01-07T07:46:39.000,103055,affects,cyclicDep,103052,org.apache.tika.mime.MimeTypes,799
tika,697d7c047daf1f661a4ed067bbc8f9c58bb6faa2,1,2026-01-07T07:46:39.000,103057,affects,cyclicDep,103052,org.apache.tika.io.TikaInputStream,52
tika,697d7c047daf1f661a4ed067bbc8f9c58bb6faa2,1,2026-01-07T07:46:39.000,103056,affects,cyclicDep,103052,org.apache.tika.io.FilenameUtils,4456
tika,697d7c047daf1f661a4ed067bbc8f9c58bb6faa2,1,2026-01-07T07:46:39.000,103058,affects,cyclicDep,103052,org.apache.tika.detect.Detector,455
tika,697d7c047daf1f661a4ed067bbc8f9c58bb6faa2,1,2026-01-07T07:46:39.000,103063,affects,cyclicDep,103060,org.apache.tika.detect.TextDetector,12827
tika,697d7c047daf1f661a4ed067bbc8f9c58bb6faa2,1,2026-01-07T07:46:39.000,103065,affects,cyclicDep,103060,org.apache.tika.io.FilenameUtils,4456
tika,697d7c047daf1f661a4ed067bbc8f9c58bb6faa2,1,2026-01-07T07:46:39.000,103064,affects,cyclicDep,103060,org.apache.tika.mime.MimeTypes,799
tika,697d7c047daf1f661a4ed067bbc8f9c58bb6faa2,1,2026-01-07T07:46:39.000,103067,affects,cyclicDep,103060,org.apache.tika.detect.Detector,455
tika,697d7c047daf1f661a4ed067bbc8f9c58bb6faa2,1,2026-01-07T07:46:39.000,103066,affects,cyclicDep,103060,org.apache.tika.io.TikaInputStream,52
tika,697d7c047daf1f661a4ed067bbc8f9c58bb6faa2,1,2026-01-07T07:46:39.000,103073,affects,cyclicDep,103069,org.apache.tika.mime.MimeTypes,799
tika,697d7c047daf1f661a4ed067bbc8f9c58bb6faa2,1,2026-01-07T07:46:39.000,103072,affects,cyclicDep,103069,org.apache.tika.detect.TextDetector,12827
tika,697d7c047daf1f661a4ed067bbc8f9c58bb6faa2,1,2026-01-07T07:46:39.000,103075,affects,cyclicDep,103069,org.apache.tika.io.TikaInputStream,52
tika,697d7c047daf1f661a4ed067bbc8f9c58bb6faa2,1,2026-01-07T07:46:39.000,103074,affects,cyclicDep,103069,org.apache.tika.io.FilenameUtils,4456
tika,697d7c047daf1f661a4ed067bbc8f9c58bb6faa2,1,2026-01-07T07:46:39.000,103081,affects,cyclicDep,103077,org.apache.tika.io.FilenameUtils,4456
tika,697d7c047daf1f661a4ed067bbc8f9c58bb6faa2,1,2026-01-07T07:46:39.000,103080,affects,cyclicDep,103077,org.apache.tika.mime.MimeTypes,799
tika,697d7c047daf1f661a4ed067bbc8f9c58bb6faa2,1,2026-01-07T07:46:39.000,103082,affects,cyclicDep,103077,org.apache.tika.io.TikaInputStream,52
tika,697d7c047daf1f661a4ed067bbc8f9c58bb6faa2,1,2026-01-07T07:46:39.000,103087,affects,cyclicDep,103084,org.apache.tika.mime.MimeType,770
tika,697d7c047daf1f661a4ed067bbc8f9c58bb6faa2,1,2026-01-07T07:46:39.000,103088,affects,cyclicDep,103084,org.apache.tika.mime.Magic,15229
tika,697d7c047daf1f661a4ed067bbc8f9c58bb6faa2,1,2026-01-07T07:46:39.000,103093,affects,cyclicDep,103090,org.apache.tika.mime.MimeTypesFactory,15200
tika,697d7c047daf1f661a4ed067bbc8f9c58bb6faa2,1,2026-01-07T07:46:39.000,103094,affects,cyclicDep,103090,org.apache.tika.mime.MimeTypes,799
tika,697d7c047daf1f661a4ed067bbc8f9c58bb6faa2,1,2026-01-07T07:46:39.000,103099,affects,cyclicDep,103096,org.apache.tika.detect.MagicDetector,12810
tika,697d7c047daf1f661a4ed067bbc8f9c58bb6faa2,1,2026-01-07T07:46:39.000,103101,affects,cyclicDep,103096,org.apache.tika.mime.MimeTypesReader,15208
tika,697d7c047daf1f661a4ed067bbc8f9c58bb6faa2,1,2026-01-07T07:46:39.000,103100,affects,cyclicDep,103096,org.apache.tika.mime.MagicMatch,15397
tika,697d7c047daf1f661a4ed067bbc8f9c58bb6faa2,1,2026-01-07T07:46:39.000,103103,affects,cyclicDep,103096,org.apache.tika.mime.MimeTypes,799
tika,697d7c047daf1f661a4ed067bbc8f9c58bb6faa2,1,2026-01-07T07:46:39.000,103102,affects,cyclicDep,103096,org.apache.tika.mime.MimeTypesFactory,15200
tika,697d7c047daf1f661a4ed067bbc8f9c58bb6faa2,1,2026-01-07T07:46:39.000,103105,affects,cyclicDep,103096,org.apache.tika.io.TikaInputStream,52
tika,697d7c047daf1f661a4ed067bbc8f9c58bb6faa2,1,2026-01-07T07:46:39.000,103104,affects,cyclicDep,103096,org.apache.tika.io.FilenameUtils,4456
tika,697d7c047daf1f661a4ed067bbc8f9c58bb6faa2,1,2026-01-07T07:46:39.000,103106,affects,cyclicDep,103096,org.apache.tika.detect.Detector,455
tika,697d7c047daf1f661a4ed067bbc8f9c58bb6faa2,1,2026-01-07T07:46:39.000,103111,affects,cyclicDep,103108,org.apache.tika.detect.MagicDetector,12810
tika,697d7c047daf1f661a4ed067bbc8f9c58bb6faa2,1,2026-01-07T07:46:39.000,103113,affects,cyclicDep,103108,org.apache.tika.mime.MimeTypesReader,15208
tika,697d7c047daf1f661a4ed067bbc8f9c58bb6faa2,1,2026-01-07T07:46:39.000,103112,affects,cyclicDep,103108,org.apache.tika.mime.MagicMatch,15397
tika,697d7c047daf1f661a4ed067bbc8f9c58bb6faa2,1,2026-01-07T07:46:39.000,103115,affects,cyclicDep,103108,org.apache.tika.mime.MimeTypes,799
tika,697d7c047daf1f661a4ed067bbc8f9c58bb6faa2,1,2026-01-07T07:46:39.000,103114,affects,cyclicDep,103108,org.apache.tika.mime.MimeTypesFactory,15200
tika,697d7c047daf1f661a4ed067bbc8f9c58bb6faa2,1,2026-01-07T07:46:39.000,103117,affects,cyclicDep,103108,org.apache.tika.io.TikaInputStream,52
tika,697d7c047daf1f661a4ed067bbc8f9c58bb6faa2,1,2026-01-07T07:46:39.000,103116,affects,cyclicDep,103108,org.apache.tika.io.FilenameUtils,4456
tika,697d7c047daf1f661a4ed067bbc8f9c58bb6faa2,1,2026-01-07T07:46:39.000,103123,affects,cyclicDep,103119,org.apache.tika.mime.MimeTypesFactory,15200
tika,697d7c047daf1f661a4ed067bbc8f9c58bb6faa2,1,2026-01-07T07:46:39.000,103122,affects,cyclicDep,103119,org.apache.tika.mime.MimeTypesReader,15208
tika,697d7c047daf1f661a4ed067bbc8f9c58bb6faa2,1,2026-01-07T07:46:39.000,103124,affects,cyclicDep,103119,org.apache.tika.mime.MimeTypes,799
tika,697d7c047daf1f661a4ed067bbc8f9c58bb6faa2,1,2026-01-07T07:46:39.000,103129,affects,cyclicDep,103126,org.apache.tika.config.loader.ComponentInstantiator,23111
tika,697d7c047daf1f661a4ed067bbc8f9c58bb6faa2,1,2026-01-07T07:46:39.000,103131,affects,cyclicDep,103126,org.apache.tika.config.loader.ComponentLoader,23071
tika,697d7c047daf1f661a4ed067bbc8f9c58bb6faa2,1,2026-01-07T07:46:39.000,103130,affects,cyclicDep,103126,org.apache.tika.config.loader.LoaderContext,29795
tika,697d7c047daf1f661a4ed067bbc8f9c58bb6faa2,1,2026-01-07T07:46:39.000,103133,affects,cyclicDep,103126,org.apache.tika.serialization.ComponentNameResolver,23079
tika,697d7c047daf1f661a4ed067bbc8f9c58bb6faa2,1,2026-01-07T07:46:39.000,103132,affects,cyclicDep,103126,org.apache.tika.serialization.ComponentConfig,23065
tika,697d7c047daf1f661a4ed067bbc8f9c58bb6faa2,1,2026-01-07T07:46:39.000,103139,affects,cyclicDep,103135,org.apache.tika.serialization.ComponentConfig,23065
tika,697d7c047daf1f661a4ed067bbc8f9c58bb6faa2,1,2026-01-07T07:46:39.000,103138,affects,cyclicDep,103135,org.apache.tika.config.loader.ComponentLoader,23071
tika,697d7c047daf1f661a4ed067bbc8f9c58bb6faa2,1,2026-01-07T07:46:39.000,103141,affects,cyclicDep,103135,org.apache.tika.config.loader.TikaObjectMapperFactory,8115
tika,697d7c047daf1f661a4ed067bbc8f9c58bb6faa2,1,2026-01-07T07:46:39.000,103140,affects,cyclicDep,103135,org.apache.tika.serialization.ComponentNameResolver,23079
tika,697d7c047daf1f661a4ed067bbc8f9c58bb6faa2,1,2026-01-07T07:46:39.000,103142,affects,cyclicDep,103135,org.apache.tika.config.loader.TikaJsonConfig,243
tika,697d7c047daf1f661a4ed067bbc8f9c58bb6faa2,1,2026-01-07T07:46:39.000,103147,affects,cyclicDep,103144,org.apache.tika.serialization.ComponentConfig,23065
tika,697d7c047daf1f661a4ed067bbc8f9c58bb6faa2,1,2026-01-07T07:46:39.000,103148,affects,cyclicDep,103144,org.apache.tika.serialization.ComponentNameResolver,23079
tika,697d7c047daf1f661a4ed067bbc8f9c58bb6faa2,1,2026-01-07T07:46:39.000,103165,affects,cyclicDep,103162,org.apache.tika.async.cli.TikaConfigAsyncWriter,8085
tika,697d7c047daf1f661a4ed067bbc8f9c58bb6faa2,1,2026-01-07T07:46:39.000,103166,affects,cyclicDep,103162,org.apache.tika.async.cli.TikaAsyncCLI,8133
tika,697d7c047daf1f661a4ed067bbc8f9c58bb6faa2,1,2026-01-07T07:46:39.000,103171,affects,cyclicDep,103168,org.apache.tika.pipes.core.server.PipesServer,8692
tika,697d7c047daf1f661a4ed067bbc8f9c58bb6faa2,1,2026-01-07T07:46:39.000,103172,affects,cyclicDep,103168,org.apache.tika.pipes.core.PipesClient,8753
tika,697d7c047daf1f661a4ed067bbc8f9c58bb6faa2,1,2026-01-07T07:46:39.000,103177,affects,cyclicDep,103174,org.apache.tika.pipes.core.config.FileBasedConfigStoreFactory,14427
tika,697d7c047daf1f661a4ed067bbc8f9c58bb6faa2,1,2026-01-07T07:46:39.000,103178,affects,cyclicDep,103174,org.apache.tika.pipes.core.config.ConfigStoreFactory,8732
tika,697d7c047daf1f661a4ed067bbc8f9c58bb6faa2,1,2026-01-07T07:46:39.000,103183,affects,cyclicDep,103180,org.apache.tika.pipes.core.server.PipesWorker,8630
tika,697d7c047daf1f661a4ed067bbc8f9c58bb6faa2,1,2026-01-07T07:46:39.000,103184,affects,cyclicDep,103180,org.apache.tika.pipes.core.server.ParseHandler,8656
tika,697d7c047daf1f661a4ed067bbc8f9c58bb6faa2,1,2026-01-07T07:46:39.000,103189,affects,cyclicDep,103186,org.apache.tika.plugins.ThreadSafeUnzipper,14619
tika,697d7c047daf1f661a4ed067bbc8f9c58bb6faa2,1,2026-01-07T07:46:39.000,103190,affects,cyclicDep,103186,org.apache.tika.plugins.TikaPluginManager,357
tika,697d7c047daf1f661a4ed067bbc8f9c58bb6faa2,1,2026-01-07T07:46:39.000,103195,affects,cyclicDep,103192,org.apache.tika.parser.ocr.ImagePreprocessor,1340
tika,697d7c047daf1f661a4ed067bbc8f9c58bb6faa2,1,2026-01-07T07:46:39.000,103196,affects,cyclicDep,103192,org.apache.tika.parser.ocr.TesseractOCRParser,1256
tika,697d7c047daf1f661a4ed067bbc8f9c58bb6faa2,1,2026-01-07T07:46:39.000,103201,affects,cyclicDep,103198,org.apache.tika.gui.ParsingTransferHandler,9138
tika,697d7c047daf1f661a4ed067bbc8f9c58bb6faa2,1,2026-01-07T07:46:39.000,103202,affects,cyclicDep,103198,org.apache.tika.gui.TikaGUI,9122
tika,697d7c047daf1f661a4ed067bbc8f9c58bb6faa2,1,2026-01-07T07:46:39.000,103213,affects,cyclicDep,103210,org.apache.tika.parser.microsoft.AbstractPOIFSExtractor,26558
tika,697d7c047daf1f661a4ed067bbc8f9c58bb6faa2,1,2026-01-07T07:46:39.000,103215,affects,cyclicDep,103210,org.apache.tika.parser.microsoft.OfficeParser,4826
tika,697d7c047daf1f661a4ed067bbc8f9c58bb6faa2,1,2026-01-07T07:46:39.000,103214,affects,cyclicDep,103210,org.apache.tika.parser.microsoft.ExcelExtractor,26531
tika,697d7c047daf1f661a4ed067bbc8f9c58bb6faa2,1,2026-01-07T07:46:39.000,103227,affects,cyclicDep,103223,org.apache.tika.parser.microsoft.rtf.RTFEmbObjHandler,16257
tika,697d7c047daf1f661a4ed067bbc8f9c58bb6faa2,1,2026-01-07T07:46:39.000,103226,affects,cyclicDep,103223,org.apache.tika.parser.microsoft.rtf.RTFObjDataParser,16210
tika,697d7c047daf1f661a4ed067bbc8f9c58bb6faa2,1,2026-01-07T07:46:39.000,103229,affects,cyclicDep,103223,org.apache.tika.parser.microsoft.OutlookExtractor,26691
tika,697d7c047daf1f661a4ed067bbc8f9c58bb6faa2,1,2026-01-07T07:46:39.000,103228,affects,cyclicDep,103223,org.apache.tika.parser.microsoft.rtf.RTFParser,4862
tika,697d7c047daf1f661a4ed067bbc8f9c58bb6faa2,1,2026-01-07T07:46:39.000,103230,affects,cyclicDep,103223,org.apache.tika.parser.microsoft.OfficeParser,4826
tika,697d7c047daf1f661a4ed067bbc8f9c58bb6faa2,1,2026-01-07T07:46:39.000,103235,affects,cyclicDep,103232,org.apache.tika.parser.microsoft.rtf.TextExtractor,16235
tika,697d7c047daf1f661a4ed067bbc8f9c58bb6faa2,1,2026-01-07T07:46:39.000,103236,affects,cyclicDep,103232,org.apache.tika.parser.microsoft.rtf.RTFEmbObjHandler,16257
tika,697d7c047daf1f661a4ed067bbc8f9c58bb6faa2,1,2026-01-07T07:46:39.000,103297,affects,cyclicDep,103293,org.apache.tika.parser.microsoft.ooxml.OOXMLParser,4845
tika,697d7c047daf1f661a4ed067bbc8f9c58bb6faa2,1,2026-01-07T07:46:39.000,103296,affects,cyclicDep,103293,org.apache.tika.parser.microsoft.ooxml.OOXMLExtractorFactory,26303
tika,697d7c047daf1f661a4ed067bbc8f9c58bb6faa2,1,2026-01-07T07:46:39.000,103303,affects,cyclicDep,103299,org.apache.tika.parser.microsoft.ooxml.POIXMLTextExtractorDecorator,26163
tika,697d7c047daf1f661a4ed067bbc8f9c58bb6faa2,1,2026-01-07T07:46:39.000,103302,affects,cyclicDep,103299,org.apache.tika.parser.microsoft.ooxml.AbstractOOXMLExtractor,12391
tika,697d7c047daf1f661a4ed067bbc8f9c58bb6faa2,1,2026-01-07T07:46:39.000,103305,affects,cyclicDep,103299,org.apache.tika.parser.microsoft.ooxml.OOXMLParser,4845
tika,697d7c047daf1f661a4ed067bbc8f9c58bb6faa2,1,2026-01-07T07:46:39.000,103304,affects,cyclicDep,103299,org.apache.tika.parser.microsoft.ooxml.OOXMLExtractorFactory,26303
tika,697d7c047daf1f661a4ed067bbc8f9c58bb6faa2,1,2026-01-07T07:46:39.000,103306,affects,cyclicDep,103299,org.apache.tika.parser.microsoft.OfficeParser,4826
tika,697d7c047daf1f661a4ed067bbc8f9c58bb6faa2,1,2026-01-07T07:46:39.000,103311,affects,cyclicDep,103308,org.apache.tika.parser.pdf.AbstractPDF2XHTML,24214
tika,697d7c047daf1f661a4ed067bbc8f9c58bb6faa2,1,2026-01-07T07:46:39.000,103313,affects,cyclicDep,103308,org.apache.tika.parser.pdf.PDFParser,6793
tika,697d7c047daf1f661a4ed067bbc8f9c58bb6faa2,1,2026-01-07T07:46:39.000,103312,affects,cyclicDep,103308,org.apache.tika.parser.pdf.OCR2XHTML,24339
tika,697d7c047daf1f661a4ed067bbc8f9c58bb6faa2,1,2026-01-07T07:46:39.000,103319,affects,cyclicDep,103315,org.apache.tika.parser.pdf.PDFParserConfig,6876
tika,697d7c047daf1f661a4ed067bbc8f9c58bb6faa2,1,2026-01-07T07:46:39.000,103318,affects,cyclicDep,103315,org.apache.tika.parser.pdf.PDF2XHTML,24318
tika,697d7c047daf1f661a4ed067bbc8f9c58bb6faa2,1,2026-01-07T07:46:39.000,103320,affects,cyclicDep,103315,org.apache.tika.parser.pdf.AbstractPDF2XHTML,24214
tika,697d7c047daf1f661a4ed067bbc8f9c58bb6faa2,1,2026-01-07T07:46:39.000,103325,affects,cyclicDep,103322,org.apache.tika.parser.pdf.PDF2XHTML,24318
tika,697d7c047daf1f661a4ed067bbc8f9c58bb6faa2,1,2026-01-07T07:46:39.000,103327,affects,cyclicDep,103322,org.apache.tika.parser.pdf.AbstractPDF2XHTML,24214
tika,697d7c047daf1f661a4ed067bbc8f9c58bb6faa2,1,2026-01-07T07:46:39.000,103326,affects,cyclicDep,103322,org.apache.tika.parser.pdf.PDFParserConfig,6876
tika,697d7c047daf1f661a4ed067bbc8f9c58bb6faa2,1,2026-01-07T07:46:39.000,103329,affects,cyclicDep,103322,org.apache.tika.parser.pdf.PDFParser,6793
tika,697d7c047daf1f661a4ed067bbc8f9c58bb6faa2,1,2026-01-07T07:46:39.000,103328,affects,cyclicDep,103322,org.apache.tika.parser.pdf.OCR2XHTML,24339
tika,697d7c047daf1f661a4ed067bbc8f9c58bb6faa2,1,2026-01-07T07:46:39.000,103341,affects,cyclicDep,103337,org.apache.tika.parser.pdf.PDF2XHTML,24318
tika,697d7c047daf1f661a4ed067bbc8f9c58bb6faa2,1,2026-01-07T07:46:39.000,103340,affects,cyclicDep,103337,org.apache.tika.parser.pdf.image.ImageGraphicsEngine,18712
tika,697d7c047daf1f661a4ed067bbc8f9c58bb6faa2,1,2026-01-07T07:46:39.000,103342,affects,cyclicDep,103337,org.apache.tika.parser.pdf.PDFParserConfig,6876
tika,697d7c047daf1f661a4ed067bbc8f9c58bb6faa2,1,2026-01-07T07:46:39.000,103353,affects,cyclicDep,103350,org.apache.tika.renderer.pdf.pdfbox.PDFBoxRenderer,6787
tika,697d7c047daf1f661a4ed067bbc8f9c58bb6faa2,1,2026-01-07T07:46:39.000,103354,affects,cyclicDep,103350,org.apache.tika.parser.pdf.PDFParser,6793
tika,697d7c047daf1f661a4ed067bbc8f9c58bb6faa2,1,2026-01-07T07:46:39.000,103359,affects,cyclicDep,103356,org.apache.tika.parser.microsoft.pst.PSTMailItemParser,27564
tika,697d7c047daf1f661a4ed067bbc8f9c58bb6faa2,1,2026-01-07T07:46:39.000,103360,affects,cyclicDep,103356,org.apache.tika.parser.microsoft.pst.OutlookPSTParser,27494
tika,697d7c047daf1f661a4ed067bbc8f9c58bb6faa2,1,2026-01-07T07:46:39.000,103365,affects,cyclicDep,103362,org.apache.tika.eval.app.ProfilerBase,13764
tika,697d7c047daf1f661a4ed067bbc8f9c58bb6faa2,1,2026-01-07T07:46:39.000,103366,affects,cyclicDep,103362,org.apache.tika.eval.app.EvalFilePaths,13740
tika,697d7c047daf1f661a4ed067bbc8f9c58bb6faa2,1,2026-01-07T07:46:39.000,103371,affects,cyclicDep,103368,org.apache.tika.pipes.fork.PipesForkParserConfig,17751
tika,697d7c047daf1f661a4ed067bbc8f9c58bb6faa2,1,2026-01-07T07:46:39.000,103372,affects,cyclicDep,103368,org.apache.tika.pipes.fork.PipesForkParser,17743
tika,697d7c047daf1f661a4ed067bbc8f9c58bb6faa2,1,2026-01-07T07:46:39.000,103377,affects,cyclicDep,103374,org.apache.tika.langdetect.tika.ProfilingWriter,14328
tika,697d7c047daf1f661a4ed067bbc8f9c58bb6faa2,1,2026-01-07T07:46:39.000,103379,affects,cyclicDep,103374,org.apache.tika.langdetect.tika.LanguageIdentifier,14320
tika,697d7c047daf1f661a4ed067bbc8f9c58bb6faa2,1,2026-01-07T07:46:39.000,103378,affects,cyclicDep,103374,org.apache.tika.langdetect.tika.LanguageProfile,14336
tika,697d7c047daf1f661a4ed067bbc8f9c58bb6faa2,1,2026-01-07T07:46:39.000,103385,affects,cyclicDep,103381,org.apache.tika.langdetect.tika.LanguageProfile,14336
tika,697d7c047daf1f661a4ed067bbc8f9c58bb6faa2,1,2026-01-07T07:46:39.000,103384,affects,cyclicDep,103381,org.apache.tika.langdetect.tika.ProfilingWriter,14328
tika,697d7c047daf1f661a4ed067bbc8f9c58bb6faa2,1,2026-01-07T07:46:39.000,103391,affects,cyclicDep,103387,org.apache.tika.parser.csv.TextAndCSVParser,2958
tika,697d7c047daf1f661a4ed067bbc8f9c58bb6faa2,1,2026-01-07T07:46:39.000,103390,affects,cyclicDep,103387,org.apache.tika.parser.csv.CSVSniffer,9266
tika,697d7c047daf1f661a4ed067bbc8f9c58bb6faa2,1,2026-01-07T07:46:39.000,103409,affects,cyclicDep,103405,org.apache.tika.parser.dbf.DBFReader,29108
tika,697d7c047daf1f661a4ed067bbc8f9c58bb6faa2,1,2026-01-07T07:46:39.000,103408,affects,cyclicDep,103405,org.apache.tika.parser.dbf.DBFRow,29141
tika,697d7c047daf1f661a4ed067bbc8f9c58bb6faa2,1,2026-01-07T07:46:39.000,103410,affects,cyclicDep,103405,org.apache.tika.parser.dbf.DBFCell,29102
tika,697d7c047daf1f661a4ed067bbc8f9c58bb6faa2,1,2026-01-07T07:46:39.000,103415,affects,cyclicDep,103412,org.apache.tika.parser.external2.ExternalParserConfig,5238
tika,697d7c047daf1f661a4ed067bbc8f9c58bb6faa2,1,2026-01-07T07:46:39.000,103416,affects,cyclicDep,103412,org.apache.tika.parser.external2.ExternalParser,5245
tika,697d7c047daf1f661a4ed067bbc8f9c58bb6faa2,1,2026-01-07T07:46:39.000,103421,affects,cyclicDep,103418,org.apache.tika.parser.sqlite3.SQLite3Parser,10770
tika,697d7c047daf1f661a4ed067bbc8f9c58bb6faa2,1,2026-01-07T07:46:39.000,103422,affects,cyclicDep,103418,org.apache.tika.parser.sqlite3.SQLite3DBParser,10729
tika,697d7c047daf1f661a4ed067bbc8f9c58bb6faa2,1,2026-01-07T07:46:39.000,103427,affects,cyclicDep,103424,org.apache.tika.parser.microsoft.JackcessParser,26659
tika,697d7c047daf1f661a4ed067bbc8f9c58bb6faa2,1,2026-01-07T07:46:39.000,103428,affects,cyclicDep,103424,org.apache.tika.parser.microsoft.JackcessExtractor,26642
tika,697d7c047daf1f661a4ed067bbc8f9c58bb6faa2,1,2026-01-07T07:46:39.000,103439,affects,cyclicDep,103436,org.apache.tika.parser.microsoft.chm.ChmLzxcResetTable,11872
tika,697d7c047daf1f661a4ed067bbc8f9c58bb6faa2,1,2026-01-07T07:46:39.000,103441,affects,cyclicDep,103436,org.apache.tika.parser.microsoft.chm.ChmAssert,11993
tika,697d7c047daf1f661a4ed067bbc8f9c58bb6faa2,1,2026-01-07T07:46:39.000,103440,affects,cyclicDep,103436,org.apache.tika.parser.microsoft.chm.ChmCommons,11912
tika,697d7c047daf1f661a4ed067bbc8f9c58bb6faa2,1,2026-01-07T07:46:39.000,103447,affects,cyclicDep,103443,org.apache.tika.parser.microsoft.chm.ChmCommons,11912
tika,697d7c047daf1f661a4ed067bbc8f9c58bb6faa2,1,2026-01-07T07:46:39.000,103446,affects,cyclicDep,103443,org.apache.tika.parser.microsoft.chm.DirectoryListingEntry,11888
tika,697d7c047daf1f661a4ed067bbc8f9c58bb6faa2,1,2026-01-07T07:46:39.000,103448,affects,cyclicDep,103443,org.apache.tika.parser.microsoft.chm.ChmAssert,11993
tika,697d7c047daf1f661a4ed067bbc8f9c58bb6faa2,1,2026-01-07T07:46:39.000,103459,affects,cyclicDep,103456,org.apache.tika.parser.microsoft.onenote.FileNodeList,5401
tika,697d7c047daf1f661a4ed067bbc8f9c58bb6faa2,1,2026-01-07T07:46:39.000,103460,affects,cyclicDep,103456,org.apache.tika.parser.microsoft.onenote.FileNode,5409
tika,697d7c047daf1f661a4ed067bbc8f9c58bb6faa2,1,2026-01-07T07:46:39.000,103465,affects,cyclicDep,103462,org.apache.tika.parser.microsoft.onenote.OneNoteDocument,5507
tika,697d7c047daf1f661a4ed067bbc8f9c58bb6faa2,1,2026-01-07T07:46:39.000,103467,affects,cyclicDep,103462,org.apache.tika.parser.microsoft.onenote.ObjectSpaceObjectPropSet,5489
tika,697d7c047daf1f661a4ed067bbc8f9c58bb6faa2,1,2026-01-07T07:46:39.000,103466,affects,cyclicDep,103462,org.apache.tika.parser.microsoft.onenote.PropertySet,5496
tika,697d7c047daf1f661a4ed067bbc8f9c58bb6faa2,1,2026-01-07T07:46:39.000,103469,affects,cyclicDep,103462,org.apache.tika.parser.microsoft.onenote.FileNodeUnion,5739
tika,697d7c047daf1f661a4ed067bbc8f9c58bb6faa2,1,2026-01-07T07:46:39.000,103468,affects,cyclicDep,103462,org.apache.tika.parser.microsoft.onenote.ObjectDeclarationWithRefCount,5625
tika,697d7c047daf1f661a4ed067bbc8f9c58bb6faa2,1,2026-01-07T07:46:39.000,103470,affects,cyclicDep,103462,org.apache.tika.parser.microsoft.onenote.FileNode,5409
tika,697d7c047daf1f661a4ed067bbc8f9c58bb6faa2,1,2026-01-07T07:46:39.000,103475,affects,cyclicDep,103472,org.apache.tika.parser.microsoft.onenote.FileNodePtr,5517
tika,697d7c047daf1f661a4ed067bbc8f9c58bb6faa2,1,2026-01-07T07:46:39.000,103477,affects,cyclicDep,103472,org.apache.tika.parser.microsoft.onenote.PropertySet,5496
tika,697d7c047daf1f661a4ed067bbc8f9c58bb6faa2,1,2026-01-07T07:46:39.000,103476,affects,cyclicDep,103472,org.apache.tika.parser.microsoft.onenote.OneNoteDocument,5507
tika,697d7c047daf1f661a4ed067bbc8f9c58bb6faa2,1,2026-01-07T07:46:39.000,103479,affects,cyclicDep,103472,org.apache.tika.parser.microsoft.onenote.ObjectDeclarationWithRefCount,5625
tika,697d7c047daf1f661a4ed067bbc8f9c58bb6faa2,1,2026-01-07T07:46:39.000,103478,affects,cyclicDep,103472,org.apache.tika.parser.microsoft.onenote.ObjectSpaceObjectPropSet,5489
tika,697d7c047daf1f661a4ed067bbc8f9c58bb6faa2,1,2026-01-07T07:46:39.000,103481,affects,cyclicDep,103472,org.apache.tika.parser.microsoft.onenote.FileNode,5409
tika,697d7c047daf1f661a4ed067bbc8f9c58bb6faa2,1,2026-01-07T07:46:39.000,103480,affects,cyclicDep,103472,org.apache.tika.parser.microsoft.onenote.FileNodeUnion,5739
tika,697d7c047daf1f661a4ed067bbc8f9c58bb6faa2,1,2026-01-07T07:46:39.000,103487,affects,cyclicDep,103483,org.apache.tika.parser.microsoft.onenote.OneNoteDocument,5507
tika,697d7c047daf1f661a4ed067bbc8f9c58bb6faa2,1,2026-01-07T07:46:39.000,103486,affects,cyclicDep,103483,org.apache.tika.parser.microsoft.onenote.FileNodePtr,5517
tika,697d7c047daf1f661a4ed067bbc8f9c58bb6faa2,1,2026-01-07T07:46:39.000,103493,affects,cyclicDep,103489,org.apache.tika.parser.microsoft.onenote.PropertySet,5496
tika,697d7c047daf1f661a4ed067bbc8f9c58bb6faa2,1,2026-01-07T07:46:39.000,103492,affects,cyclicDep,103489,org.apache.tika.parser.microsoft.onenote.OneNoteDocument,5507
tika,697d7c047daf1f661a4ed067bbc8f9c58bb6faa2,1,2026-01-07T07:46:39.000,103495,affects,cyclicDep,103489,org.apache.tika.parser.microsoft.onenote.ObjectDeclarationWithRefCount,5625
tika,697d7c047daf1f661a4ed067bbc8f9c58bb6faa2,1,2026-01-07T07:46:39.000,103494,affects,cyclicDep,103489,org.apache.tika.parser.microsoft.onenote.ObjectSpaceObjectPropSet,5489
tika,697d7c047daf1f661a4ed067bbc8f9c58bb6faa2,1,2026-01-07T07:46:39.000,103496,affects,cyclicDep,103489,org.apache.tika.parser.microsoft.onenote.FileNodeUnion,5739
tika,697d7c047daf1f661a4ed067bbc8f9c58bb6faa2,1,2026-01-07T07:46:39.000,103501,affects,cyclicDep,103498,org.apache.tika.parser.microsoft.onenote.OneNotePtr,5548
tika,697d7c047daf1f661a4ed067bbc8f9c58bb6faa2,1,2026-01-07T07:46:39.000,103503,affects,cyclicDep,103498,org.apache.tika.parser.microsoft.onenote.ObjectSpaceObjectPropSet,5489
tika,697d7c047daf1f661a4ed067bbc8f9c58bb6faa2,1,2026-01-07T07:46:39.000,103502,affects,cyclicDep,103498,org.apache.tika.parser.microsoft.onenote.PropertySet,5496
tika,697d7c047daf1f661a4ed067bbc8f9c58bb6faa2,1,2026-01-07T07:46:39.000,103505,affects,cyclicDep,103498,org.apache.tika.parser.microsoft.onenote.FileNodeUnion,5739
tika,697d7c047daf1f661a4ed067bbc8f9c58bb6faa2,1,2026-01-07T07:46:39.000,103504,affects,cyclicDep,103498,org.apache.tika.parser.microsoft.onenote.ObjectDeclarationWithRefCount,5625
tika,697d7c047daf1f661a4ed067bbc8f9c58bb6faa2,1,2026-01-07T07:46:39.000,103507,affects,cyclicDep,103498,org.apache.tika.parser.microsoft.onenote.CheckedFileNodePushBack,5395
tika,697d7c047daf1f661a4ed067bbc8f9c58bb6faa2,1,2026-01-07T07:46:39.000,103506,affects,cyclicDep,103498,org.apache.tika.parser.microsoft.onenote.FileNode,5409
tika,697d7c047daf1f661a4ed067bbc8f9c58bb6faa2,1,2026-01-07T07:46:39.000,103513,affects,cyclicDep,103509,org.apache.tika.parser.microsoft.onenote.PropertySet,5496
tika,697d7c047daf1f661a4ed067bbc8f9c58bb6faa2,1,2026-01-07T07:46:39.000,103512,affects,cyclicDep,103509,org.apache.tika.parser.microsoft.onenote.OneNotePtr,5548
tika,697d7c047daf1f661a4ed067bbc8f9c58bb6faa2,1,2026-01-07T07:46:39.000,103515,affects,cyclicDep,103509,org.apache.tika.parser.microsoft.onenote.ObjectDeclarationWithRefCount,5625
tika,697d7c047daf1f661a4ed067bbc8f9c58bb6faa2,1,2026-01-07T07:46:39.000,103514,affects,cyclicDep,103509,org.apache.tika.parser.microsoft.onenote.ObjectSpaceObjectPropSet,5489
tika,697d7c047daf1f661a4ed067bbc8f9c58bb6faa2,1,2026-01-07T07:46:39.000,103517,affects,cyclicDep,103509,org.apache.tika.parser.microsoft.onenote.FileNode,5409
tika,697d7c047daf1f661a4ed067bbc8f9c58bb6faa2,1,2026-01-07T07:46:39.000,103516,affects,cyclicDep,103509,org.apache.tika.parser.microsoft.onenote.FileNodeUnion,5739
tika,697d7c047daf1f661a4ed067bbc8f9c58bb6faa2,1,2026-01-07T07:46:39.000,103523,affects,cyclicDep,103519,org.apache.tika.parser.microsoft.onenote.PropertySet,5496
tika,697d7c047daf1f661a4ed067bbc8f9c58bb6faa2,1,2026-01-07T07:46:39.000,103522,affects,cyclicDep,103519,org.apache.tika.parser.microsoft.onenote.OneNotePtr,5548
tika,697d7c047daf1f661a4ed067bbc8f9c58bb6faa2,1,2026-01-07T07:46:39.000,103525,affects,cyclicDep,103519,org.apache.tika.parser.microsoft.onenote.ObjectDeclarationWithRefCount,5625
tika,697d7c047daf1f661a4ed067bbc8f9c58bb6faa2,1,2026-01-07T07:46:39.000,103524,affects,cyclicDep,103519,org.apache.tika.parser.microsoft.onenote.ObjectSpaceObjectPropSet,5489
tika,697d7c047daf1f661a4ed067bbc8f9c58bb6faa2,1,2026-01-07T07:46:39.000,103526,affects,cyclicDep,103519,org.apache.tika.parser.microsoft.onenote.FileNodeUnion,5739
tika,697d7c047daf1f661a4ed067bbc8f9c58bb6faa2,1,2026-01-07T07:46:39.000,103531,affects,cyclicDep,103528,org.apache.tika.parser.microsoft.onenote.OneNotePtr,5548
tika,697d7c047daf1f661a4ed067bbc8f9c58bb6faa2,1,2026-01-07T07:46:39.000,103533,affects,cyclicDep,103528,org.apache.tika.parser.microsoft.onenote.ObjectSpaceObjectPropSet,5489
tika,697d7c047daf1f661a4ed067bbc8f9c58bb6faa2,1,2026-01-07T07:46:39.000,103532,affects,cyclicDep,103528,org.apache.tika.parser.microsoft.onenote.PropertySet,5496
tika,697d7c047daf1f661a4ed067bbc8f9c58bb6faa2,1,2026-01-07T07:46:39.000,103534,affects,cyclicDep,103528,org.apache.tika.parser.microsoft.onenote.ObjectDeclarationWithRefCount,5625
tika,697d7c047daf1f661a4ed067bbc8f9c58bb6faa2,1,2026-01-07T07:46:39.000,103539,affects,cyclicDep,103536,org.apache.tika.parser.microsoft.onenote.ObjectRevisionWithRefCountFNDX,5762
tika,697d7c047daf1f661a4ed067bbc8f9c58bb6faa2,1,2026-01-07T07:46:39.000,103541,affects,cyclicDep,103536,org.apache.tika.parser.microsoft.onenote.PropertySet,5496
tika,697d7c047daf1f661a4ed067bbc8f9c58bb6faa2,1,2026-01-07T07:46:39.000,103540,affects,cyclicDep,103536,org.apache.tika.parser.microsoft.onenote.OneNotePtr,5548
tika,697d7c047daf1f661a4ed067bbc8f9c58bb6faa2,1,2026-01-07T07:46:39.000,103542,affects,cyclicDep,103536,org.apache.tika.parser.microsoft.onenote.ObjectSpaceObjectPropSet,5489
tika,697d7c047daf1f661a4ed067bbc8f9c58bb6faa2,1,2026-01-07T07:46:39.000,103547,affects,cyclicDep,103544,org.apache.tika.parser.microsoft.onenote.OneNotePtr,5548
tika,697d7c047daf1f661a4ed067bbc8f9c58bb6faa2,1,2026-01-07T07:46:39.000,103549,affects,cyclicDep,103544,org.apache.tika.parser.microsoft.onenote.ObjectSpaceObjectPropSet,5489
tika,697d7c047daf1f661a4ed067bbc8f9c58bb6faa2,1,2026-01-07T07:46:39.000,103548,affects,cyclicDep,103544,org.apache.tika.parser.microsoft.onenote.PropertySet,5496
tika,697d7c047daf1f661a4ed067bbc8f9c58bb6faa2,1,2026-01-07T07:46:39.000,103561,affects,cyclicDep,103557,org.apache.tika.parser.microsoft.onenote.OneNoteParser,3312
tika,697d7c047daf1f661a4ed067bbc8f9c58bb6faa2,1,2026-01-07T07:46:39.000,103560,affects,cyclicDep,103557,org.apache.tika.parser.microsoft.onenote.OneNoteTreeWalker,5569
tika,697d7c047daf1f661a4ed067bbc8f9c58bb6faa2,1,2026-01-07T07:46:39.000,103563,affects,cyclicDep,103557,org.apache.tika.parser.microsoft.onenote.PropertySet,5496
tika,697d7c047daf1f661a4ed067bbc8f9c58bb6faa2,1,2026-01-07T07:46:39.000,103562,affects,cyclicDep,103557,org.apache.tika.parser.microsoft.onenote.OneNotePtr,5548
tika,697d7c047daf1f661a4ed067bbc8f9c58bb6faa2,1,2026-01-07T07:46:39.000,103565,affects,cyclicDep,103557,org.apache.tika.parser.microsoft.onenote.ObjectDeclarationWithRefCount,5625
tika,697d7c047daf1f661a4ed067bbc8f9c58bb6faa2,1,2026-01-07T07:46:39.000,103564,affects,cyclicDep,103557,org.apache.tika.parser.microsoft.onenote.ObjectSpaceObjectPropSet,5489
tika,697d7c047daf1f661a4ed067bbc8f9c58bb6faa2,1,2026-01-07T07:46:39.000,103567,affects,cyclicDep,103557,org.apache.tika.parser.microsoft.onenote.FileNode,5409
tika,697d7c047daf1f661a4ed067bbc8f9c58bb6faa2,1,2026-01-07T07:46:39.000,103566,affects,cyclicDep,103557,org.apache.tika.parser.microsoft.onenote.FileNodeUnion,5739
tika,697d7c047daf1f661a4ed067bbc8f9c58bb6faa2,1,2026-01-07T07:46:39.000,103573,affects,cyclicDep,103569,org.apache.tika.parser.microsoft.onenote.OneNoteParser,3312
tika,697d7c047daf1f661a4ed067bbc8f9c58bb6faa2,1,2026-01-07T07:46:39.000,103572,affects,cyclicDep,103569,org.apache.tika.parser.microsoft.onenote.OneNoteTreeWalker,5569
tika,697d7c047daf1f661a4ed067bbc8f9c58bb6faa2,1,2026-01-07T07:46:39.000,103575,affects,cyclicDep,103569,org.apache.tika.parser.microsoft.onenote.PropertySet,5496
tika,697d7c047daf1f661a4ed067bbc8f9c58bb6faa2,1,2026-01-07T07:46:39.000,103574,affects,cyclicDep,103569,org.apache.tika.parser.microsoft.onenote.OneNotePtr,5548
tika,697d7c047daf1f661a4ed067bbc8f9c58bb6faa2,1,2026-01-07T07:46:39.000,103577,affects,cyclicDep,103569,org.apache.tika.parser.microsoft.onenote.ObjectDeclarationWithRefCount,5625
tika,697d7c047daf1f661a4ed067bbc8f9c58bb6faa2,1,2026-01-07T07:46:39.000,103576,affects,cyclicDep,103569,org.apache.tika.parser.microsoft.onenote.ObjectSpaceObjectPropSet,5489
tika,697d7c047daf1f661a4ed067bbc8f9c58bb6faa2,1,2026-01-07T07:46:39.000,103578,affects,cyclicDep,103569,org.apache.tika.parser.microsoft.onenote.FileNodeUnion,5739
tika,697d7c047daf1f661a4ed067bbc8f9c58bb6faa2,1,2026-01-07T07:46:39.000,103583,affects,cyclicDep,103580,org.apache.tika.parser.microsoft.onenote.OneNoteTreeWalker,5569
tika,697d7c047daf1f661a4ed067bbc8f9c58bb6faa2,1,2026-01-07T07:46:39.000,103585,affects,cyclicDep,103580,org.apache.tika.parser.microsoft.onenote.OneNotePtr,5548
tika,697d7c047daf1f661a4ed067bbc8f9c58bb6faa2,1,2026-01-07T07:46:39.000,103584,affects,cyclicDep,103580,org.apache.tika.parser.microsoft.onenote.OneNoteParser,3312
tika,697d7c047daf1f661a4ed067bbc8f9c58bb6faa2,1,2026-01-07T07:46:39.000,103591,affects,cyclicDep,103587,org.apache.tika.parser.microsoft.onenote.OneNoteParser,3312
tika,697d7c047daf1f661a4ed067bbc8f9c58bb6faa2,1,2026-01-07T07:46:39.000,103590,affects,cyclicDep,103587,org.apache.tika.parser.microsoft.onenote.OneNoteTreeWalker,5569
tika,697d7c047daf1f661a4ed067bbc8f9c58bb6faa2,1,2026-01-07T07:46:39.000,103593,affects,cyclicDep,103587,org.apache.tika.parser.microsoft.onenote.PropertySet,5496
tika,697d7c047daf1f661a4ed067bbc8f9c58bb6faa2,1,2026-01-07T07:46:39.000,103592,affects,cyclicDep,103587,org.apache.tika.parser.microsoft.onenote.OneNotePtr,5548
tika,697d7c047daf1f661a4ed067bbc8f9c58bb6faa2,1,2026-01-07T07:46:39.000,103599,affects,cyclicDep,103595,org.apache.tika.parser.microsoft.onenote.OneNoteTreeWalker,5569
tika,697d7c047daf1f661a4ed067bbc8f9c58bb6faa2,1,2026-01-07T07:46:39.000,103598,affects,cyclicDep,103595,org.apache.tika.parser.microsoft.onenote.PropertyValue,5586
tika,697d7c047daf1f661a4ed067bbc8f9c58bb6faa2,1,2026-01-07T07:46:39.000,103601,affects,cyclicDep,103595,org.apache.tika.parser.microsoft.onenote.OneNotePtr,5548
tika,697d7c047daf1f661a4ed067bbc8f9c58bb6faa2,1,2026-01-07T07:46:39.000,103600,affects,cyclicDep,103595,org.apache.tika.parser.microsoft.onenote.OneNoteParser,3312
tika,697d7c047daf1f661a4ed067bbc8f9c58bb6faa2,1,2026-01-07T07:46:39.000,103607,affects,cyclicDep,103603,org.apache.tika.parser.microsoft.onenote.OneNoteTreeWalker,5569
tika,697d7c047daf1f661a4ed067bbc8f9c58bb6faa2,1,2026-01-07T07:46:39.000,103606,affects,cyclicDep,103603,org.apache.tika.parser.microsoft.onenote.PropertyValue,5586
tika,697d7c047daf1f661a4ed067bbc8f9c58bb6faa2,1,2026-01-07T07:46:39.000,103609,affects,cyclicDep,103603,org.apache.tika.parser.microsoft.onenote.OneNotePtr,5548
tika,697d7c047daf1f661a4ed067bbc8f9c58bb6faa2,1,2026-01-07T07:46:39.000,103608,affects,cyclicDep,103603,org.apache.tika.parser.microsoft.onenote.OneNoteParser,3312
tika,697d7c047daf1f661a4ed067bbc8f9c58bb6faa2,1,2026-01-07T07:46:39.000,103610,affects,cyclicDep,103603,org.apache.tika.parser.microsoft.onenote.PropertySet,5496
tika,697d7c047daf1f661a4ed067bbc8f9c58bb6faa2,1,2026-01-07T07:46:39.000,103621,affects,cyclicDep,103618,org.apache.tika.parser.microsoft.onenote.fsshttpb.streamobj.StreamObjectHeaderStart16bit,3430
tika,697d7c047daf1f661a4ed067bbc8f9c58bb6faa2,1,2026-01-07T07:46:39.000,103623,affects,cyclicDep,103618,org.apache.tika.parser.microsoft.onenote.fsshttpb.streamobj.StreamObject,3452
tika,697d7c047daf1f661a4ed067bbc8f9c58bb6faa2,1,2026-01-07T07:46:39.000,103622,affects,cyclicDep,103618,org.apache.tika.parser.microsoft.onenote.fsshttpb.streamobj.StreamObjectHeaderStart,3477
tika,697d7c047daf1f661a4ed067bbc8f9c58bb6faa2,1,2026-01-07T07:46:39.000,103635,affects,cyclicDep,103631,org.apache.tika.parser.microsoft.onenote.fsshttpb.streamobj.StreamObjectHeaderStart,3477
tika,697d7c047daf1f661a4ed067bbc8f9c58bb6faa2,1,2026-01-07T07:46:39.000,103634,affects,cyclicDep,103631,org.apache.tika.parser.microsoft.onenote.fsshttpb.streamobj.StreamObjectHeaderStart32bit,4002
tika,697d7c047daf1f661a4ed067bbc8f9c58bb6faa2,1,2026-01-07T07:46:39.000,103636,affects,cyclicDep,103631,org.apache.tika.parser.microsoft.onenote.fsshttpb.streamobj.StreamObject,3452
tika,697d7c047daf1f661a4ed067bbc8f9c58bb6faa2,1,2026-01-07T07:46:39.000,103647,affects,cyclicDep,103644,org.apache.tika.parser.microsoft.onenote.fsshttpb.property.PrtArrayOfPropertyValues,3717
tika,697d7c047daf1f661a4ed067bbc8f9c58bb6faa2,1,2026-01-07T07:46:39.000,103648,affects,cyclicDep,103644,org.apache.tika.parser.microsoft.onenote.fsshttpb.streamobj.PropertySet,3254
tika,697d7c047daf1f661a4ed067bbc8f9c58bb6faa2,1,2026-01-07T07:46:39.000,103665,affects,cyclicDep,103662,org.apache.tika.parser.microsoft.onenote.fsshttpb.streamobj.LeafNodeObject,3684
tika,697d7c047daf1f661a4ed067bbc8f9c58bb6faa2,1,2026-01-07T07:46:39.000,103667,affects,cyclicDep,103662,org.apache.tika.parser.microsoft.onenote.fsshttpb.streamobj.ObjectGroupDataElementData,3100
tika,697d7c047daf1f661a4ed067bbc8f9c58bb6faa2,1,2026-01-07T07:46:39.000,103666,affects,cyclicDep,103662,org.apache.tika.parser.microsoft.onenote.fsshttpb.streamobj.IntermediateNodeObject,3641
tika,697d7c047daf1f661a4ed067bbc8f9c58bb6faa2,1,2026-01-07T07:46:39.000,103685,affects,cyclicDep,103681,org.apache.tika.parser.microsoft.ooxml.xwpf.ml2006.BinaryDataHandler,2662
tika,697d7c047daf1f661a4ed067bbc8f9c58bb6faa2,1,2026-01-07T07:46:39.000,103684,affects,cyclicDep,103681,org.apache.tika.parser.microsoft.ooxml.xwpf.ml2006.Word2006MLDocHandler,2629
tika,697d7c047daf1f661a4ed067bbc8f9c58bb6faa2,1,2026-01-07T07:46:39.000,103691,affects,cyclicDep,103687,org.apache.tika.parser.mp3.ID3v1Handler,23998
tika,697d7c047daf1f661a4ed067bbc8f9c58bb6faa2,1,2026-01-07T07:46:39.000,103690,affects,cyclicDep,103687,org.apache.tika.parser.mp3.LyricsHandler,24013
tika,697d7c047daf1f661a4ed067bbc8f9c58bb6faa2,1,2026-01-07T07:46:39.000,103697,affects,cyclicDep,103693,org.apache.tika.pipes.emitter.opensearch.OpenSearchClient,19426
tika,697d7c047daf1f661a4ed067bbc8f9c58bb6faa2,1,2026-01-07T07:46:39.000,103696,affects,cyclicDep,103693,org.apache.tika.pipes.emitter.opensearch.OpenSearchEmitter,19375
tika,697d7c047daf1f661a4ed067bbc8f9c58bb6faa2,1,2026-01-07T07:46:39.000,103703,affects,cyclicDep,103699,org.apache.tika.pipes.reporter.jdbc.JDBCPipesReporter,11015
tika,697d7c047daf1f661a4ed067bbc8f9c58bb6faa2,1,2026-01-07T07:46:39.000,103702,affects,cyclicDep,103699,org.apache.tika.pipes.reporter.jdbc.JDBCPipesReporterConfig,11008
tika,697d7c047daf1f661a4ed067bbc8f9c58bb6faa2,1,2026-01-07T07:46:39.000,103709,affects,cyclicDep,103705,org.apache.tika.server.core.ServerStatus,9511
tika,697d7c047daf1f661a4ed067bbc8f9c58bb6faa2,1,2026-01-07T07:46:39.000,103708,affects,cyclicDep,103705,org.apache.tika.server.core.ServerStatusWatcher,9838
tika,697d7c047daf1f661a4ed067bbc8f9c58bb6faa2,1,2026-01-07T07:46:39.000,103715,affects,cyclicDep,103711,org.apache.tika.server.core.ServerStatusWatcher,9838
tika,697d7c047daf1f661a4ed067bbc8f9c58bb6faa2,1,2026-01-07T07:46:39.000,103714,affects,cyclicDep,103711,org.apache.tika.server.core.TaskStatus,9616
tika,697d7c047daf1f661a4ed067bbc8f9c58bb6faa2,1,2026-01-07T07:46:39.000,103716,affects,cyclicDep,103711,org.apache.tika.server.core.ServerStatus,9511
tika,697d7c047daf1f661a4ed067bbc8f9c58bb6faa2,1,2026-01-07T07:46:39.000,103721,affects,cyclicDep,103718,org.apache.tika.server.core.resource.RecursiveMetadataResource,9744
tika,697d7c047daf1f661a4ed067bbc8f9c58bb6faa2,1,2026-01-07T07:46:39.000,103722,affects,cyclicDep,103718,org.apache.tika.server.core.resource.TikaResource,9477
tika,697d7c047daf1f661a4ed067bbc8f9c58bb6faa2,1,2026-01-07T07:46:39.000,103727,affects,cyclicDep,103724,org.apache.tika.server.core.TikaServerIntegrationTest,9676
tika,697d7c047daf1f661a4ed067bbc8f9c58bb6faa2,1,2026-01-07T07:46:39.000,103728,affects,cyclicDep,103724,org.apache.tika.server.core.IntegrationTestBase,9656
tika,697d7c047daf1f661a4ed067bbc8f9c58bb6faa2,1,2026-01-07T07:46:39.000,103733,affects,cyclicDep,103730,org.apache.tika.parser.txt.CharsetDetector,20725
tika,697d7c047daf1f661a4ed067bbc8f9c58bb6faa2,1,2026-01-07T07:46:39.000,103735,affects,cyclicDep,103730,org.apache.tika.parser.txt.CharsetMatch,20719
tika,697d7c047daf1f661a4ed067bbc8f9c58bb6faa2,1,2026-01-07T07:46:39.000,103734,affects,cyclicDep,103730,org.apache.tika.parser.txt.CharsetRecognizer,20733
tika,697d7c047daf1f661a4ed067bbc8f9c58bb6faa2,1,2026-01-07T07:46:39.000,103741,affects,cyclicDep,103737,org.apache.tika.parser.microsoft.onenote.fsshttpb.streamobj.space,4362
tika,697d7c047daf1f661a4ed067bbc8f9c58bb6faa2,1,2026-01-07T07:46:39.000,103740,affects,cyclicDep,103737,org.apache.tika.parser.microsoft.onenote.fsshttpb.streamobj.basic,4370
tika,697d7c047daf1f661a4ed067bbc8f9c58bb6faa2,1,2026-01-07T07:46:39.000,103742,affects,cyclicDep,103737,org.apache.tika.parser.microsoft.onenote.fsshttpb.streamobj,3387
tika,697d7c047daf1f661a4ed067bbc8f9c58bb6faa2,1,2026-01-07T07:46:39.000,103747,affects,cyclicDep,103744,org.apache.tika.config.loader,27547
tika,697d7c047daf1f661a4ed067bbc8f9c58bb6faa2,1,2026-01-07T07:46:39.000,103749,affects,cyclicDep,103744,org.apache.tika.detect,12804
tika,697d7c047daf1f661a4ed067bbc8f9c58bb6faa2,1,2026-01-07T07:46:39.000,103748,affects,cyclicDep,103744,org.apache.tika.config,23922
tika,697d7c047daf1f661a4ed067bbc8f9c58bb6faa2,1,2026-01-07T07:46:39.000,103755,affects,cyclicDep,103751,org.apache.tika.pipes.core.emitter,11370
tika,697d7c047daf1f661a4ed067bbc8f9c58bb6faa2,1,2026-01-07T07:46:39.000,103754,affects,cyclicDep,103751,org.apache.tika.pipes.core,2503
tika,697d7c047daf1f661a4ed067bbc8f9c58bb6faa2,1,2026-01-07T07:46:39.000,103757,affects,cyclicDep,103751,org.apache.tika.pipes.core.server,8491
tika,697d7c047daf1f661a4ed067bbc8f9c58bb6faa2,1,2026-01-07T07:46:39.000,103756,affects,cyclicDep,103751,org.apache.tika.pipes.core.fetcher,219
tika,697d7c047daf1f661a4ed067bbc8f9c58bb6faa2,1,2026-01-07T07:46:39.000,103763,affects,cyclicDep,103759,org.apache.tika.detect.microsoft.POIFSContainerDetector,19894
tika,697d7c047daf1f661a4ed067bbc8f9c58bb6faa2,1,2026-01-07T07:46:39.000,103762,affects,cyclicDep,103759,org.apache.tika.parser.microsoft.OfficeParser,4826
tika,697d7c047daf1f661a4ed067bbc8f9c58bb6faa2,1,2026-01-07T07:46:39.000,103765,affects,cyclicDep,103759,org.apache.tika.parser.microsoft.SummaryExtractor,23963
tika,697d7c047daf1f661a4ed067bbc8f9c58bb6faa2,1,2026-01-07T07:46:39.000,103764,affects,cyclicDep,103759,org.apache.tika.parser.microsoft.HSLFExtractor,26702
tika,697d7c047daf1f661a4ed067bbc8f9c58bb6faa2,1,2026-01-07T07:46:39.000,103771,affects,cyclicDep,103767,org.apache.tika.sax,7070
tika,697d7c047daf1f661a4ed067bbc8f9c58bb6faa2,1,2026-01-07T07:46:39.000,103770,affects,cyclicDep,103767,org.apache.tika.parser.html,18095
tika,697d7c047daf1f661a4ed067bbc8f9c58bb6faa2,1,2026-01-07T07:46:39.000,103773,affects,cyclicDep,103767,org.apache.tika.sax.boilerpipe,7776
tika,697d7c047daf1f661a4ed067bbc8f9c58bb6faa2,1,2026-01-07T07:46:39.000,103772,affects,cyclicDep,103767,org.apache.tika.parser.mock,15097
tika,697d7c047daf1f661a4ed067bbc8f9c58bb6faa2,1,2026-01-07T07:46:39.000,103774,affects,cyclicDep,103767,org.apache.tika.sax.xpath,7784
tika,697d7c047daf1f661a4ed067bbc8f9c58bb6faa2,1,2026-01-07T07:46:39.000,103779,affects,cyclicDep,103776,org.apache.tika.parser,23878
tika,697d7c047daf1f661a4ed067bbc8f9c58bb6faa2,1,2026-01-07T07:46:39.000,103781,affects,cyclicDep,103776,org.apache.tika.mime,15151
tika,697d7c047daf1f661a4ed067bbc8f9c58bb6faa2,1,2026-01-07T07:46:39.000,103780,affects,cyclicDep,103776,org.apache.tika.digest,10424
tika,697d7c047daf1f661a4ed067bbc8f9c58bb6faa2,1,2026-01-07T07:46:39.000,103783,affects,cyclicDep,103776,org.apache.tika.parser.multiple,4505
tika,697d7c047daf1f661a4ed067bbc8f9c58bb6faa2,1,2026-01-07T07:46:39.000,103782,affects,cyclicDep,103776,org.apache.tika.parser.external,10873
tika,697d7c047daf1f661a4ed067bbc8f9c58bb6faa2,1,2026-01-07T07:46:39.000,103785,affects,cyclicDep,103776,org.apache.tika.renderer,12716
tika,697d7c047daf1f661a4ed067bbc8f9c58bb6faa2,1,2026-01-07T07:46:39.000,103784,affects,cyclicDep,103776,org.apache.tika.parser.ogg,14873
tika,697d7c047daf1f661a4ed067bbc8f9c58bb6faa2,1,2026-01-07T07:46:39.000,103786,affects,cyclicDep,103776,org.apache.tika.renderer.pdf,10854
tika,697d7c047daf1f661a4ed067bbc8f9c58bb6faa2,1,2026-01-07T07:46:39.000,103791,affects,cyclicDep,103788,org.apache.tika.config,23922
tika,697d7c047daf1f661a4ed067bbc8f9c58bb6faa2,1,2026-01-07T07:46:39.000,103793,affects,cyclicDep,103788,org.apache.tika.parser.executable,6241
tika,697d7c047daf1f661a4ed067bbc8f9c58bb6faa2,1,2026-01-07T07:46:39.000,103792,affects,cyclicDep,103788,org.apache.tika.language.translate,4488
tika,697d7c047daf1f661a4ed067bbc8f9c58bb6faa2,1,2026-01-07T07:46:39.000,103795,affects,cyclicDep,103788,org.apache.tika.parser.xml,2133
tika,697d7c047daf1f661a4ed067bbc8f9c58bb6faa2,1,2026-01-07T07:46:39.000,103794,affects,cyclicDep,103788,org.apache.tika.parser.microsoft.pst,27257
tika,697d7c047daf1f661a4ed067bbc8f9c58bb6faa2,1,2026-01-07T07:46:39.000,103801,affects,cyclicDep,103797,org.apache.tika.metadata.DublinCore,2298
tika,697d7c047daf1f661a4ed067bbc8f9c58bb6faa2,1,2026-01-07T07:46:39.000,103800,affects,cyclicDep,103797,org.apache.tika.metadata.TikaCoreProperties,143
tika,697d7c047daf1f661a4ed067bbc8f9c58bb6faa2,1,2026-01-07T07:46:39.000,103803,affects,cyclicDep,103797,org.apache.tika.metadata.OfficeOpenXMLExtended,1580
tika,697d7c047daf1f661a4ed067bbc8f9c58bb6faa2,1,2026-01-07T07:46:39.000,103802,affects,cyclicDep,103797,org.apache.tika.metadata.Office,2708
tika,697d7c047daf1f661a4ed067bbc8f9c58bb6faa2,1,2026-01-07T07:46:39.000,103804,affects,cyclicDep,103797,org.apache.tika.metadata.XMP,2001
tika,697d7c047daf1f661a4ed067bbc8f9c58bb6faa2,1,2026-01-07T07:46:39.000,103809,affects,cyclicDep,103806,org.apache.tika.parser.microsoft.ooxml,25931
tika,697d7c047daf1f661a4ed067bbc8f9c58bb6faa2,1,2026-01-07T07:46:39.000,103811,affects,cyclicDep,103806,org.apache.tika.parser.microsoft.ooxml.xps,12367
tika,697d7c047daf1f661a4ed067bbc8f9c58bb6faa2,1,2026-01-07T07:46:39.000,103810,affects,cyclicDep,103806,org.apache.tika.detect.microsoft.ooxml,7852
tika,697d7c047daf1f661a4ed067bbc8f9c58bb6faa2,1,2026-01-07T07:46:39.000,103813,affects,cyclicDep,103806,org.apache.tika.parser.microsoft.ooxml.xwpf,13622
tika,697d7c047daf1f661a4ed067bbc8f9c58bb6faa2,1,2026-01-07T07:46:39.000,103812,affects,cyclicDep,103806,org.apache.tika.parser.microsoft.ooxml.xslf,19342
tika,697d7c047daf1f661a4ed067bbc8f9c58bb6faa2,1,2026-01-07T07:46:39.000,103819,affects,cyclicDep,103815,org.apache.tika.parser.txt.CharsetRecog_2022,20769
tika,697d7c047daf1f661a4ed067bbc8f9c58bb6faa2,1,2026-01-07T07:46:39.000,103818,affects,cyclicDep,103815,org.apache.tika.parser.txt.CharsetDetector,20725
tika,697d7c047daf1f661a4ed067bbc8f9c58bb6faa2,1,2026-01-07T07:46:39.000,103821,affects,cyclicDep,103815,org.apache.tika.parser.txt.CharsetRecog_Unicode,20745
tika,697d7c047daf1f661a4ed067bbc8f9c58bb6faa2,1,2026-01-07T07:46:39.000,103820,affects,cyclicDep,103815,org.apache.tika.parser.txt.CharsetRecog_UTF8,20753
tika,697d7c047daf1f661a4ed067bbc8f9c58bb6faa2,1,2026-01-07T07:46:39.000,103823,affects,cyclicDep,103815,org.apache.tika.parser.txt.CharsetRecog_sbcs,20777
tika,697d7c047daf1f661a4ed067bbc8f9c58bb6faa2,1,2026-01-07T07:46:39.000,103822,affects,cyclicDep,103815,org.apache.tika.parser.txt.CharsetRecog_mbcs,20761
tika,697d7c047daf1f661a4ed067bbc8f9c58bb6faa2,1,2026-01-07T07:46:39.000,103829,affects,cyclicDep,103825,org.apache.tika.parser.microsoft.onenote.fsshttpb.streamobj.IntermediateNodeObject,3641
tika,697d7c047daf1f661a4ed067bbc8f9c58bb6faa2,1,2026-01-07T07:46:39.000,103828,affects,cyclicDep,103825,org.apache.tika.parser.microsoft.onenote.fsshttpb.streamobj.chunking.ChunkingFactory,3660
tika,697d7c047daf1f661a4ed067bbc8f9c58bb6faa2,1,2026-01-07T07:46:39.000,103831,affects,cyclicDep,103825,org.apache.tika.parser.microsoft.onenote.fsshttpb.streamobj.NodeObject,3676
tika,697d7c047daf1f661a4ed067bbc8f9c58bb6faa2,1,2026-01-07T07:46:39.000,103830,affects,cyclicDep,103825,org.apache.tika.parser.microsoft.onenote.fsshttpb.streamobj.LeafNodeObject,3684
tika,697d7c047daf1f661a4ed067bbc8f9c58bb6faa2,1,2026-01-07T07:46:39.000,103837,affects,cyclicDep,103833,org.apache.tika.parser.pdf,24208
tika,697d7c047daf1f661a4ed067bbc8f9c58bb6faa2,1,2026-01-07T07:46:39.000,103836,affects,cyclicDep,103833,org.apache.tika.parser.pdf.image,18695
tika,697d7c047daf1f661a4ed067bbc8f9c58bb6faa2,1,2026-01-07T07:46:39.000,103838,affects,cyclicDep,103833,org.apache.tika.renderer.pdf.pdfbox,6735
tika,697d7c047daf1f661a4ed067bbc8f9c58bb6faa2,1,2026-01-07T07:46:39.000,103843,affects,cyclicDep,103840,org.apache.tika.detect.microsoft,13465
tika,697d7c047daf1f661a4ed067bbc8f9c58bb6faa2,1,2026-01-07T07:46:39.000,103845,affects,cyclicDep,103840,org.apache.tika.parser.microsoft.rtf,16204
tika,697d7c047daf1f661a4ed067bbc8f9c58bb6faa2,1,2026-01-07T07:46:39.000,103844,affects,cyclicDep,103840,org.apache.tika.parser.microsoft,25345
tika,697d7c047daf1f661a4ed067bbc8f9c58bb6faa2,1,2026-01-07T07:46:39.000,103851,affects,cyclicDep,103847,org.apache.tika.parser.microsoft.onenote.OneNoteParser,3312
tika,697d7c047daf1f661a4ed067bbc8f9c58bb6faa2,1,2026-01-07T07:46:39.000,103850,affects,cyclicDep,103847,org.apache.tika.parser.microsoft.onenote.fsshttpb.MSOneStorePackage,3204
tika,697d7c047daf1f661a4ed067bbc8f9c58bb6faa2,1,2026-01-07T07:46:39.000,103853,affects,cyclicDep,103847,org.apache.tika.parser.microsoft.onenote.PropertySet,5496
tika,697d7c047daf1f661a4ed067bbc8f9c58bb6faa2,1,2026-01-07T07:46:39.000,103852,affects,cyclicDep,103847,org.apache.tika.parser.microsoft.onenote.OneNotePtr,5548
tika,697d7c047daf1f661a4ed067bbc8f9c58bb6faa2,1,2026-01-07T07:46:39.000,103859,affects,cyclicDep,103855,org.apache.tika.config.loader,27547
tika,697d7c047daf1f661a4ed067bbc8f9c58bb6faa2,1,2026-01-07T07:46:39.000,103858,affects,cyclicDep,103855,org.apache.tika.metadata.filter,19477
tika,697d7c047daf1f661a4ed067bbc8f9c58bb6faa2,1,2026-01-07T07:46:39.000,103861,affects,cyclicDep,103855,org.apache.tika.serialization.serdes,23302
tika,697d7c047daf1f661a4ed067bbc8f9c58bb6faa2,1,2026-01-07T07:46:39.000,103860,affects,cyclicDep,103855,org.apache.tika.serialization,23013
tika,697d7c047daf1f661a4ed067bbc8f9c58bb6faa2,1,2026-01-07T07:46:39.000,103867,affects,cyclicDep,103863,org.apache.tika.parser.microsoft.onenote.fsshttpb.streamobj,3387
tika,697d7c047daf1f661a4ed067bbc8f9c58bb6faa2,1,2026-01-07T07:46:39.000,103866,affects,cyclicDep,103863,org.apache.tika.parser.microsoft.onenote.fsshttpb.property,3395
tika,697d7c047daf1f661a4ed067bbc8f9c58bb6faa2,1,2026-01-07T07:46:39.000,103868,affects,cyclicDep,103863,org.apache.tika.parser.microsoft.onenote.fsshttpb.streamobj.chunking,4354
tika,697d7c047daf1f661a4ed067bbc8f9c58bb6faa2,1,2026-01-07T07:46:39.000,103873,affects,cyclicDep,103870,org.apache.tika.config.loader.DetectorLoader,29808
tika,697d7c047daf1f661a4ed067bbc8f9c58bb6faa2,1,2026-01-07T07:46:39.000,103875,affects,cyclicDep,103870,org.apache.tika.config.loader.ParserLoader,29852
tika,697d7c047daf1f661a4ed067bbc8f9c58bb6faa2,1,2026-01-07T07:46:39.000,103874,affects,cyclicDep,103870,org.apache.tika.config.loader.TikaLoader,1245
tika,697d7c047daf1f661a4ed067bbc8f9c58bb6faa2,1,2026-01-07T07:46:39.000,103881,affects,cyclicDep,103877,org.apache.tika.server.core,9445
tika,697d7c047daf1f661a4ed067bbc8f9c58bb6faa2,1,2026-01-07T07:46:39.000,103880,affects,cyclicDep,103877,org.apache.tika.server.core.resource,10215
tika,697d7c047daf1f661a4ed067bbc8f9c58bb6faa2,1,2026-01-07T07:46:39.000,103882,affects,cyclicDep,103877,org.apache.tika.server.core.writer,6962
tika,697d7c047daf1f661a4ed067bbc8f9c58bb6faa2,1,2026-01-07T07:46:39.000,103887,affects,cyclicDep,103884,org.apache.tika.eval.core.langid,1224
tika,697d7c047daf1f661a4ed067bbc8f9c58bb6faa2,1,2026-01-07T07:46:39.000,103889,affects,cyclicDep,103884,org.apache.tika.eval.core.tokens,1216
tika,697d7c047daf1f661a4ed067bbc8f9c58bb6faa2,1,2026-01-07T07:46:39.000,103888,affects,cyclicDep,103884,org.apache.tika.eval.core.textstats,1208
tika,697d7c047daf1f661a4ed067bbc8f9c58bb6faa2,1,2026-01-07T07:46:39.000,103895,affects,cyclicDep,103891,org.apache.tika.parser.microsoft.onenote.fsshttpb.streamobj.StreamObjectHeaderStart,3477
tika,697d7c047daf1f661a4ed067bbc8f9c58bb6faa2,1,2026-01-07T07:46:39.000,103894,affects,cyclicDep,103891,org.apache.tika.parser.microsoft.onenote.fsshttpb.streamobj.StreamObjectHeaderStart16bit,3430
tika,697d7c047daf1f661a4ed067bbc8f9c58bb6faa2,1,2026-01-07T07:46:39.000,103896,affects,cyclicDep,103891,org.apache.tika.parser.microsoft.onenote.fsshttpb.streamobj.StreamObjectHeaderStart32bit,4002
tika,697d7c047daf1f661a4ed067bbc8f9c58bb6faa2,1,2026-01-07T07:46:39.000,103901,affects,cyclicDep,103898,org.apache.tika.parser.pdf.PDF2XHTML,24318
tika,697d7c047daf1f661a4ed067bbc8f9c58bb6faa2,1,2026-01-07T07:46:39.000,103903,affects,cyclicDep,103898,org.apache.tika.parser.pdf.image.ImageGraphicsEngineFactory,18701
tika,697d7c047daf1f661a4ed067bbc8f9c58bb6faa2,1,2026-01-07T07:46:39.000,103902,affects,cyclicDep,103898,org.apache.tika.parser.pdf.PDFParserConfig,6876
tika,697d7c047daf1f661a4ed067bbc8f9c58bb6faa2,1,2026-01-07T07:46:39.000,103909,affects,cyclicDep,103905,org.apache.tika.parser.microsoft.chm.ChmCommons,11912
tika,697d7c047daf1f661a4ed067bbc8f9c58bb6faa2,1,2026-01-07T07:46:39.000,103908,affects,cyclicDep,103905,org.apache.tika.parser.microsoft.chm.ChmAssert,11993
tika,697d7c047daf1f661a4ed067bbc8f9c58bb6faa2,1,2026-01-07T07:46:39.000,103910,affects,cyclicDep,103905,org.apache.tika.parser.microsoft.chm.DirectoryListingEntry,11888
tika,697d7c047daf1f661a4ed067bbc8f9c58bb6faa2,1,2026-01-07T07:46:39.000,103915,affects,cyclicDep,103912,org.apache.tika.detect,12804
tika,697d7c047daf1f661a4ed067bbc8f9c58bb6faa2,1,2026-01-07T07:46:39.000,103917,affects,cyclicDep,103912,org.apache.tika.detect.apple,13437
tika,697d7c047daf1f661a4ed067bbc8f9c58bb6faa2,1,2026-01-07T07:46:39.000,103916,affects,cyclicDep,103912,org.apache.tika.parser.iwork,22506
tika,697d7c047daf1f661a4ed067bbc8f9c58bb6faa2,1,2026-01-07T07:46:39.000,103923,affects,cyclicDep,103919,org.apache.tika.parser.dbf.DBFReader,29108
tika,697d7c047daf1f661a4ed067bbc8f9c58bb6faa2,1,2026-01-07T07:46:39.000,103922,affects,cyclicDep,103919,org.apache.tika.parser.dbf.DBFCell,29102
tika,697d7c047daf1f661a4ed067bbc8f9c58bb6faa2,1,2026-01-07T07:46:39.000,103924,affects,cyclicDep,103919,org.apache.tika.parser.dbf.DBFFileHeader,29128
tika,697d7c047daf1f661a4ed067bbc8f9c58bb6faa2,1,2026-01-07T07:46:39.000,103929,affects,cyclicDep,103926,org.apache.tika.parser.ner.opennlp,18986
tika,697d7c047daf1f661a4ed067bbc8f9c58bb6faa2,1,2026-01-07T07:46:39.000,103931,affects,cyclicDep,103926,org.apache.tika.parser.ner.regex,21114
tika,697d7c047daf1f661a4ed067bbc8f9c58bb6faa2,1,2026-01-07T07:46:39.000,103930,affects,cyclicDep,103926,org.apache.tika.parser.ner,21030
tika,697d7c047daf1f661a4ed067bbc8f9c58bb6faa2,1,2026-01-07T07:46:39.000,103936,affects,godComponent,103933,org.apache.tika,15836
tika,697d7c047daf1f661a4ed067bbc8f9c58bb6faa2,1,2026-01-07T07:46:39.000,103943,affects,hubLikeDep,103940,org.apache.tika.pipes.core.fetcher.FetcherManager,237
tika,697d7c047daf1f661a4ed067bbc8f9c58bb6faa2,1,2026-01-07T07:46:39.000,103970,affects,hubLikeDep,103967,org.apache.tika.parser.AutoDetectParser,418
tika,697d7c047daf1f661a4ed067bbc8f9c58bb6faa2,1,2026-01-07T07:46:39.000,104028,affects,hubLikeDep,104025,org.apache.tika.parser.microsoft.OfficeParser,4826
tika,697d7c047daf1f661a4ed067bbc8f9c58bb6faa2,1,2026-01-07T07:46:39.000,104076,affects,hubLikeDep,104073,org.apache.tika.parser.DefaultParser,1284
tika,697d7c047daf1f661a4ed067bbc8f9c58bb6faa2,1,2026-01-07T07:46:39.000,104109,affects,hubLikeDep,104106,org.apache.tika.server.core.resource.TikaResource,9477
tika,697d7c047daf1f661a4ed067bbc8f9c58bb6faa2,1,2026-01-07T07:46:39.000,104168,affects,hubLikeDep,104165,org.apache.tika.server.core.resource.RecursiveMetadataResource,9744
tika,697d7c047daf1f661a4ed067bbc8f9c58bb6faa2,1,2026-01-07T07:46:39.000,104198,affects,hubLikeDep,104195,org.apache.tika.parser.image.ImageMetadataExtractor,6368
tika,697d7c047daf1f661a4ed067bbc8f9c58bb6faa2,1,2026-01-07T07:46:39.000,104226,affects,hubLikeDep,104223,org.apache.tika.MultiThreadedTikaTest,2692
tika,697d7c047daf1f661a4ed067bbc8f9c58bb6faa2,1,2026-01-07T07:46:39.000,104253,affects,hubLikeDep,104250,org.apache.tika.parser.RecursiveParserWrapper,7293
tika,697d7c047daf1f661a4ed067bbc8f9c58bb6faa2,1,2026-01-07T07:46:39.000,104296,affects,hubLikeDep,104293,org.apache.tika.pipes.core,2503
tika,697d7c047daf1f661a4ed067bbc8f9c58bb6faa2,1,2026-01-07T07:46:39.000,104338,affects,hubLikeDep,104335,org.apache.tika.serialization,23013
tika,697d7c047daf1f661a4ed067bbc8f9c58bb6faa2,1,2026-01-07T07:46:39.000,104379,affects,hubLikeDep,104376,org.apache.tika.parser.external,10873
tika,697d7c047daf1f661a4ed067bbc8f9c58bb6faa2,1,2026-01-07T07:46:39.000,104404,affects,hubLikeDep,104401,org.apache.tika.pipes.core.emitter,11370
tika,697d7c047daf1f661a4ed067bbc8f9c58bb6faa2,1,2026-01-07T07:46:39.000,104428,affects,unstableDep,104425,org.apache.tika.parser.microsoft.onenote.fsshttpb.streamobj.basic,4370
tika,697d7c047daf1f661a4ed067bbc8f9c58bb6faa2,1,2026-01-07T07:46:39.000,104438,affects,unstableDep,104435,org.apache.tika.parser,23878
tika,697d7c047daf1f661a4ed067bbc8f9c58bb6faa2,1,2026-01-07T07:46:39.000,104452,affects,unstableDep,104449,org.apache.tika.config,23922
