Project,Test_Module,Class_Name,Status,Instructions_Covered,Instructions_Missed
tika,tika-plugins-core,org.apache.tika.plugins.TikaPluginManager$1,Uncovered,0,3
tika,tika-plugins-core,org.apache.tika.plugins.ExtensionConfig,Covered,12,0
tika,tika-plugins-core,org.apache.tika.plugins.PluginComponentLoader,Covered,292,28
tika,tika-plugins-core,org.apache.tika.plugins.AbstractTikaExtension,Uncovered,0,9
tika,tika-plugins-core,org.apache.tika.plugins.ThreadSafeUnzipper,Uncovered,0,212
tika,tika-plugins-core,org.apache.tika.plugins.TikaExtensionFactory,Uncovered,0,0
tika,tika-plugins-core,org.apache.tika.plugins.TikaPluginManager,Covered,148,201
tika,tika-plugins-core,org.apache.tika.plugins.TikaExtension,Uncovered,0,0
tika,tika-plugins-core,org.apache.tika.plugins.TikaPluginManager$3,Covered,7,6
tika,tika-plugins-core,org.apache.tika.plugins.TikaPluginManager$2,Uncovered,0,3
tika,tika-parser-pdf-module,org.apache.tika.parser.pdf.OCRPageCounter,Covered,13,0
tika,tika-parser-pdf-module,org.apache.tika.parser.pdf.PDFDOMUtil,Covered,131,4
tika,tika-parser-pdf-module,org.apache.tika.parser.pdf.PDMetadataExtractor,Covered,983,135
tika,tika-parser-pdf-module,org.apache.tika.parser.pdf.PDFParserConfig,Covered,362,71
tika,tika-parser-pdf-module,org.apache.tika.parser.pdf.OcrConfig$ImageFormat,Covered,26,0
tika,tika-parser-pdf-module,org.apache.tika.parser.pdf.PDFParserConfig$IMAGE_STRATEGY,Covered,27,0
tika,tika-parser-pdf-module,org.apache.tika.parser.pdf.OCR2XHTML,Uncovered,0,84
tika,tika-parser-pdf-module,org.apache.tika.parser.pdf.PDF2XHTML,Covered,178,185
tika,tika-parser-pdf-module,org.apache.tika.parser.pdf.XFAExtractor,Covered,383,130
tika,tika-parser-pdf-module,org.apache.tika.parser.pdf.PDFParser$TikaAcroFormFixup,Covered,11,0
tika,tika-parser-pdf-module,org.apache.tika.parser.pdf.OcrConfig$Strategy,Covered,27,0
tika,tika-parser-pdf-module,org.apache.tika.parser.pdf.OcrConfig$StrategyAuto,Covered,28,52
tika,tika-parser-pdf-module,org.apache.tika.parser.pdf.PDFMarkedContent2XHTML,Covered,884,104
tika,tika-parser-pdf-module,org.apache.tika.parser.pdf.PDFMarkedContent2XHTML$ObjectRef,Covered,52,11
tika,tika-parser-pdf-module,org.apache.tika.parser.pdf.AbstractPDF2XHTML,Covered,1733,1389
tika,tika-parser-pdf-module,org.apache.tika.parser.pdf.OcrConfig$ImageType,Covered,28,0
tika,tika-parser-pdf-module,org.apache.tika.parser.pdf.PDFParser,Covered,1093,574
tika,tika-parser-pdf-module,org.apache.tika.parser.pdf.PDFMarkedContent2XHTML$State,Covered,25,0
tika,tika-parser-pdf-module,org.apache.tika.parser.pdf.OcrConfig$RenderingStrategy,Covered,27,0
tika,tika-parser-pdf-module,org.apache.tika.parser.pdf.PDFEncodedStringDecoder,Covered,85,4
tika,tika-parser-pdf-module,org.apache.tika.parser.pdf.OcrConfig,Covered,58,15
tika,tika-parser-pdf-module,org.apache.tika.parser.pdf.PDF2XHTML$AngleCollector,Covered,43,0
tika,tika-parser-pdf-module,org.apache.tika.parser.pdf.PDFEncodedStringDecoder$COSStringParser,Covered,12,4
tika,tika-parser-pdf-module,org.apache.tika.parser.pdf.PDF2XHTML$1,Covered,4,2
tika,tika-parser-pdf-module,org.apache.tika.parser.pdf.OCR2XHTML$1,Uncovered,0,6
tika,tika-parser-pdf-module,org.apache.tika.parser.pdf.PDFMarkedContent2XHTML$1,Covered,4,2
tika,tika-parser-pdf-module,org.apache.tika.parser.pdf.XFAExtractor$XFAField,Covered,12,10
tika,tika-parser-pdf-module,org.apache.tika.parser.pdf.PDFParserConfig$AccessCheckMode,Covered,21,0
tika,tika-parser-pdf-module,org.apache.tika.parser.pdf.AbstractPDF2XHTML$ActionTrigger,Covered,153,0
tika,tika-parser-pdf-module,org.apache.tika.parser.pdf.PDFMarkedContent2XHTML$HtmlTag,Covered,35,38
tika,tika-parser-pdf-module,org.apache.tika.parser.pdf.PDF2XHTML$AngleDetectingPDF2XHTML,Covered,124,13
tika,tika-parser-pdf-module,org.apache.tika.parser.pdf.PDFMarkedContent2XHTML$MCID,Covered,51,12
tika,tika-parser-pdf-module,org.apache.tika.parser.pdf.AbstractPDF2XHTML$NameSpecTuple,Covered,12,3
tika,tika-parser-pdf-module,org.apache.tika.parser.pdf.xmpschemas.XMPSchemaPDFUA,Covered,11,6
tika,tika-parser-pdf-module,org.apache.tika.parser.pdf.xmpschemas.XMPSchemaIllustrator,Covered,16,6
tika,tika-parser-pdf-module,org.apache.tika.parser.pdf.xmpschemas.XMPSchemaPDFX,Covered,17,6
tika,tika-parser-pdf-module,org.apache.tika.parser.pdf.xmpschemas.XMPSchemaPDFXId,Covered,11,6
tika,tika-parser-pdf-module,org.apache.tika.parser.pdf.xmpschemas.XMPSchemaPDFVT,Covered,17,6
tika,tika-parser-pdf-module,org.apache.tika.parser.pdf.image.ImageGraphicsEngineFactory,Covered,16,0
tika,tika-parser-pdf-module,org.apache.tika.parser.pdf.image.ImageGraphicsEngine,Covered,542,217
tika,tika-parser-pdf-module,org.apache.tika.renderer.pdf.mutool.MuPDFRenderer$1,Uncovered,0,13
tika,tika-parser-pdf-module,org.apache.tika.renderer.pdf.mutool.MuPDFRenderer,Uncovered,0,260
tika,tika-parser-pdf-module,org.apache.tika.renderer.pdf.pdfbox.NoTextPDFRenderer$NoTextPageDrawer,Uncovered,0,8
tika,tika-parser-pdf-module,org.apache.tika.renderer.pdf.pdfbox.TextOnlyPDFRenderer,Uncovered,0,15
tika,tika-parser-pdf-module,org.apache.tika.renderer.pdf.pdfbox.PDFRenderingState,Covered,9,7
tika,tika-parser-pdf-module,org.apache.tika.renderer.pdf.pdfbox.VectorGraphicsOnlyPDFRenderer$VectorGraphicsOnlyDrawer,Uncovered,0,17
tika,tika-parser-pdf-module,org.apache.tika.renderer.pdf.pdfbox.PDFBoxRenderer,Covered,41,302
tika,tika-parser-pdf-module,org.apache.tika.renderer.pdf.pdfbox.TextOnlyPDFRenderer$TextOnlyPageDrawer,Uncovered,0,16
tika,tika-parser-pdf-module,org.apache.tika.renderer.pdf.pdfbox.VectorGraphicsOnlyPDFRenderer,Uncovered,0,15
tika,tika-parser-pdf-module,org.apache.tika.renderer.pdf.pdfbox.NoTextPDFRenderer,Uncovered,0,15
tika,tika-parser-pdf-module,org.apache.tika.renderer.pdf.pdfbox.PDDocumentRenderer,Uncovered,0,0
tika,tika-parser-pdf-module,org.apache.tika.parser.pdf.updates.IsIncrementalUpdate,Covered,8,0
tika,tika-parser-pdf-module,org.apache.tika.parser.pdf.updates.IncrementalUpdateRecord,Covered,15,0
tika,tika-parser-pdf-module,org.apache.tika.parser.pdf.updates.StartXRefOffset,Covered,21,16
tika,tika-parser-pdf-module,org.apache.tika.parser.pdf.updates.StartXRefScanner,Covered,416,28
tika,tika-parser-news-module,org.apache.tika.parser.iptc.IptcAnpaParser,Covered,53,1876
tika,tika-parser-news-module,org.apache.tika.parser.feed.FeedParser,Covered,169,13
tika,tika-parser-apple-module,org.apache.tika.detect.apple.IWorkDetector,Covered,96,45
tika,tika-parser-apple-module,org.apache.tika.detect.apple.IWorkDetector$EntryNames,Covered,8,0
tika,tika-parser-apple-module,org.apache.tika.detect.apple.BPListDetector,Covered,152,45
tika,tika-parser-apple-module,org.apache.tika.parser.apple.AppleSingleFileParser$FieldInfo,Uncovered,0,12
tika,tika-parser-apple-module,org.apache.tika.parser.apple.PListParser$State,Covered,15,0
tika,tika-parser-apple-module,org.apache.tika.parser.apple.AppleSingleFileParser,Covered,10,237
tika,tika-parser-apple-module,org.apache.tika.parser.apple.PListParser,Covered,280,99
tika,tika-parser-apple-module,org.apache.tika.parser.iwork.iwana.IWork13PackageParser$IWork13DocumentType,Covered,102,6
tika,tika-parser-apple-module,org.apache.tika.parser.iwork.iwana.IWork18PackageParser$IWork18DocumentType,Covered,80,6
tika,tika-parser-apple-module,org.apache.tika.parser.iwork.iwana.IWork13PackageParser,Covered,341,120
tika,tika-parser-apple-module,org.apache.tika.parser.iwork.iwana.IWork18PackageParser,Covered,29,73
tika,tika-parser-apple-module,org.apache.tika.parser.iwork.PagesContentHandler$Footnotes,Covered,41,0
tika,tika-parser-apple-module,org.apache.tika.parser.iwork.PagesContentHandler$HeaderFooter,Covered,161,10
tika,tika-parser-apple-module,org.apache.tika.parser.iwork.PagesContentHandler$DocumentPart,Covered,75,0
tika,tika-parser-apple-module,org.apache.tika.parser.iwork.NumbersContentHandler,Covered,480,0
tika,tika-parser-apple-module,org.apache.tika.parser.iwork.PagesContentHandler,Covered,824,16
tika,tika-parser-apple-module,org.apache.tika.parser.iwork.AutoPageNumberUtils,Covered,241,31
tika,tika-parser-apple-module,org.apache.tika.parser.iwork.KeynoteContentHandler,Covered,517,0
tika,tika-parser-apple-module,org.apache.tika.parser.iwork.IWorkPackageParser$IWORKDocumentType,Covered,114,23
tika,tika-parser-apple-module,org.apache.tika.parser.iwork.PagesContentHandler$Annotations,Covered,57,0
tika,tika-parser-apple-module,org.apache.tika.parser.iwork.IWorkPackageParser,Covered,173,7
tika,tika-parser-pkg-module,org.apache.tika.detect.gzip.GZipSpecializationDetector,Covered,109,7
tika,tika-parser-pkg-module,org.apache.tika.parser.pkg.CompressorParser$Config,Uncovered,0,9
tika,tika-parser-pkg-module,org.apache.tika.parser.pkg.UnrarParser,Uncovered,0,231
tika,tika-parser-pkg-module,org.apache.tika.parser.pkg.PackageParser$SevenZWrapper,Covered,21,9
tika,tika-parser-pkg-module,org.apache.tika.parser.pkg.CompressorParser,Covered,265,168
tika,tika-parser-pkg-module,org.apache.tika.parser.pkg.PackageParser,Covered,833,119
tika,tika-parser-pkg-module,org.apache.tika.parser.pkg.RarParser,Covered,104,12
tika,tika-parser-pkg-module,org.apache.tika.parser.pkg.CompressorParserOptions,Uncovered,0,0
tika,tika-parser-mail-commons,org.apache.tika.parser.mailcommons.MailDateParser,Covered,1380,49
tika,tika-parser-mail-commons,org.apache.tika.parser.mailcommons.MailUtil,Covered,70,47
tika,tika-parser-audiovideo-module,org.apache.tika.detect.ogg.OggDetector,Covered,28,331
tika,tika-parser-audiovideo-module,org.apache.tika.parser.audio.AudioParser,Covered,166,34
tika,tika-parser-audiovideo-module,org.apache.tika.parser.audio.AudioParser$SkipFullyInputStream,Covered,10,0
tika,tika-parser-audiovideo-module,org.apache.tika.parser.audio.MidiParser,Covered,24,142
tika,tika-parser-audiovideo-module,org.apache.tika.parser.mp4.boxes.TikaUserDataBox,Covered,388,133
tika,tika-parser-audiovideo-module,org.apache.tika.detect.MatroskaDetector,Covered,137,2
tika,tika-parser-audiovideo-module,org.apache.tika.parser.mp4.TikaMp4BoxHandler,Covered,58,8
tika,tika-parser-audiovideo-module,org.apache.tika.parser.mp4.MP4Parser,Covered,519,80
tika,tika-parser-audiovideo-module,org.apache.tika.parser.mp3.MpegStream,Covered,644,21
tika,tika-parser-audiovideo-module,org.apache.tika.parser.mp3.ID3Tags,Covered,512,0
tika,tika-parser-audiovideo-module,org.apache.tika.parser.mp3.Mp3Parser,Covered,455,53
tika,tika-parser-audiovideo-module,org.apache.tika.parser.mp3.ID3v22Handler$RawV22TagIterator,Uncovered,0,14
tika,tika-parser-audiovideo-module,org.apache.tika.parser.mp3.AudioFrame,Covered,95,182
tika,tika-parser-audiovideo-module,org.apache.tika.parser.mp3.ID3v2Frame$RawTag,Covered,78,17
tika,tika-parser-audiovideo-module,org.apache.tika.parser.mp3.Mp3Parser$ID3TagsAndAudio,Covered,8,0
tika,tika-parser-audiovideo-module,org.apache.tika.parser.mp3.ID3v2Frame,Covered,575,143
tika,tika-parser-audiovideo-module,org.apache.tika.parser.mp3.CompositeTagHandler,Covered,278,31
tika,tika-parser-audiovideo-module,org.apache.tika.parser.mp3.ID3v24Handler,Covered,190,22
tika,tika-parser-audiovideo-module,org.apache.tika.parser.mp3.ID3v24Handler$RawV24TagIterator,Covered,14,0
tika,tika-parser-audiovideo-module,org.apache.tika.parser.mp3.ID3v1Handler,Covered,173,8
tika,tika-parser-audiovideo-module,org.apache.tika.parser.mp3.ID3v23Handler$RawV23TagIterator,Covered,14,0
tika,tika-parser-audiovideo-module,org.apache.tika.parser.mp3.ID3Tags$ID3Comment,Covered,27,0
tika,tika-parser-audiovideo-module,org.apache.tika.parser.mp3.MP3Frame,Uncovered,0,0
tika,tika-parser-audiovideo-module,org.apache.tika.parser.mp3.ID3v22Handler,Covered,37,191
tika,tika-parser-audiovideo-module,org.apache.tika.parser.mp3.ID3v23Handler,Covered,187,11
tika,tika-parser-audiovideo-module,org.apache.tika.parser.mp3.ID3v2Frame$RawTagIterator,Covered,65,1
tika,tika-parser-audiovideo-module,org.apache.tika.parser.mp3.MpegStream$HeaderBitField,Covered,66,0
tika,tika-parser-audiovideo-module,org.apache.tika.parser.mp3.ID3v2Frame$TextEncoding,Covered,9,0
tika,tika-parser-audiovideo-module,org.apache.tika.parser.mp3.LyricsHandler,Covered,191,92
tika,tika-parser-audiovideo-module,org.apache.tika.parser.video.FLVParser,Covered,323,106
tika,tika-parser-audiovideo-module,org.apache.tika.parser.ogg.TheoraParser,Covered,21,61
tika,tika-parser-audiovideo-module,org.apache.tika.parser.ogg.OggAudioParser,Covered,11,322
tika,tika-parser-audiovideo-module,org.apache.tika.parser.ogg.OpusParser,Covered,29,65
tika,tika-parser-audiovideo-module,org.apache.tika.parser.ogg.FlacParser,Covered,29,90
tika,tika-parser-audiovideo-module,org.apache.tika.parser.ogg.VorbisParser,Covered,21,63
tika,tika-parser-audiovideo-module,org.apache.tika.parser.ogg.OggParser,Covered,95,171
tika,tika-parser-audiovideo-module,org.apache.tika.parser.ogg.SpeexParser,Covered,29,65
tika,tika-parser-miscoffice-module,org.apache.tika.parser.wordperfect.WP6Charsets,Covered,11124,22
tika,tika-parser-miscoffice-module,org.apache.tika.parser.wordperfect.WP6DocumentAreaExtractor,Covered,338,96
tika,tika-parser-miscoffice-module,org.apache.tika.parser.wordperfect.WPInputStream,Covered,192,31
tika,tika-parser-miscoffice-module,org.apache.tika.parser.wordperfect.QPWTextExtractor$Context,Covered,12,0
tika,tika-parser-miscoffice-module,org.apache.tika.parser.wordperfect.WPPrefixArea,Covered,63,207
tika,tika-parser-miscoffice-module,org.apache.tika.parser.wordperfect.WPDocumentAreaExtractor,Covered,61,24
tika,tika-parser-miscoffice-module,org.apache.tika.parser.wordperfect.WordPerfectParser,Covered,186,53
tika,tika-parser-miscoffice-module,org.apache.tika.parser.wordperfect.QPWTextExtractor$Extractor$1,Covered,11,0
tika,tika-parser-miscoffice-module,org.apache.tika.parser.wordperfect.QPWTextExtractor$Extractor$2,Covered,53,0
tika,tika-parser-miscoffice-module,org.apache.tika.parser.wordperfect.QPWTextExtractor,Covered,185,12
tika,tika-parser-miscoffice-module,org.apache.tika.parser.wordperfect.QPWTextExtractor$Extractor$5,Covered,37,0
tika,tika-parser-miscoffice-module,org.apache.tika.parser.wordperfect.QPWTextExtractor$Extractor$6,Covered,44,0
tika,tika-parser-miscoffice-module,org.apache.tika.parser.wordperfect.QPWTextExtractor$Extractor$3,Covered,20,0
tika,tika-parser-miscoffice-module,org.apache.tika.parser.wordperfect.QPWTextExtractor$Extractor$4,Covered,5,23
tika,tika-parser-miscoffice-module,org.apache.tika.parser.wordperfect.QPWTextExtractor$Extractor$10,Covered,5,25
tika,tika-parser-miscoffice-module,org.apache.tika.parser.wordperfect.QPWTextExtractor$Extractor$11,Covered,5,26
tika,tika-parser-miscoffice-module,org.apache.tika.parser.wordperfect.QuattroProParser,Covered,50,5
tika,tika-parser-miscoffice-module,org.apache.tika.parser.wordperfect.QPWTextExtractor$Extractor$9,Covered,5,19
tika,tika-parser-miscoffice-module,org.apache.tika.parser.wordperfect.WPPrefixAreaExtractor,Covered,62,3
tika,tika-parser-miscoffice-module,org.apache.tika.parser.wordperfect.QPWTextExtractor$Extractor$7,Covered,5,15
tika,tika-parser-miscoffice-module,org.apache.tika.parser.wordperfect.QPWTextExtractor$Extractor$8,Covered,5,15
tika,tika-parser-miscoffice-module,org.apache.tika.parser.wordperfect.WP5Charsets,Covered,4025,22
tika,tika-parser-miscoffice-module,org.apache.tika.parser.wordperfect.QPWTextExtractor$Extractor,Covered,69,0
tika,tika-parser-miscoffice-module,org.apache.tika.parser.wordperfect.WP5DocumentAreaExtractor,Covered,288,30
tika,tika-parser-miscoffice-module,org.apache.tika.parser.dbf.DBFColumnHeader,Covered,97,22
tika,tika-parser-miscoffice-module,org.apache.tika.parser.dbf.DBFFileHeader,Covered,208,45
tika,tika-parser-miscoffice-module,org.apache.tika.parser.dbf.DBFRow,Covered,83,8
tika,tika-parser-miscoffice-module,org.apache.tika.parser.dbf.DBFParser,Covered,259,1
tika,tika-parser-miscoffice-module,org.apache.tika.parser.dbf.DBFColumnHeader$ColType,Covered,99,0
tika,tika-parser-miscoffice-module,org.apache.tika.parser.dbf.DBFCell,Covered,199,77
tika,tika-parser-miscoffice-module,org.apache.tika.parser.dbf.DBFReader$Version,Covered,171,0
tika,tika-parser-miscoffice-module,org.apache.tika.parser.dbf.DBFReader,Covered,142,56
tika,tika-parser-miscoffice-module,org.apache.tika.parser.indesign.ContentAndMetadataExtractor$ContentAndMetadataHandler,Covered,66,0
tika,tika-parser-miscoffice-module,org.apache.tika.parser.indesign.IDMLParser,Covered,194,69
tika,tika-parser-miscoffice-module,org.apache.tika.parser.indesign.ContentAndMetadataExtractor,Covered,15,3
tika,tika-parser-miscoffice-module,org.apache.tika.parser.mif.MIFContentHandler,Covered,158,0
tika,tika-parser-miscoffice-module,org.apache.tika.parser.mif.MIFParser,Covered,92,6
tika,tika-parser-miscoffice-module,org.apache.tika.parser.mif.MIFExtractor,Covered,217,5
tika,tika-parser-miscoffice-module,org.apache.tika.parser.mif.MIFExtractor$Tag,Covered,32,16
tika,tika-parser-miscoffice-module,org.apache.tika.detect.ole.MiscOLEDetector,Covered,176,44
tika,tika-parser-miscoffice-module,org.apache.tika.parser.odf.OpenDocumentMetaParser,Covered,482,31
tika,tika-parser-miscoffice-module,org.apache.tika.parser.odf.OpenDocumentContentParser,Covered,32,2
tika,tika-parser-miscoffice-module,org.apache.tika.parser.odf.OpenDocumentBodyHandler,Covered,1375,122
tika,tika-parser-miscoffice-module,org.apache.tika.parser.odf.NSNormalizerContentHandler,Covered,67,31
tika,tika-parser-miscoffice-module,org.apache.tika.parser.odf.OpenDocumentBodyHandler$ListStyle,Covered,7,0
tika,tika-parser-miscoffice-module,org.apache.tika.parser.odf.FlatOpenDocumentParser$Config,Uncovered,0,6
tika,tika-parser-miscoffice-module,org.apache.tika.parser.odf.OpenDocumentBodyHandler$Style,Uncovered,0,0
tika,tika-parser-miscoffice-module,org.apache.tika.parser.odf.FlatOpenDocumentParser,Covered,102,24
tika,tika-parser-miscoffice-module,org.apache.tika.parser.odf.OpenDocumentBodyHandler$TextStyle,Uncovered,0,8
tika,tika-parser-miscoffice-module,org.apache.tika.parser.odf.OpenDocumentParser,Covered,486,143
tika,tika-parser-miscoffice-module,org.apache.tika.parser.odf.OpenDocumentParser$Config,Uncovered,0,6
tika,tika-parser-miscoffice-module,org.apache.tika.parser.odf.OpenDocumentManifestHandler,Covered,15,0
tika,tika-parser-miscoffice-module,org.apache.tika.parser.odf.FlatOpenDocumentMacroHandler,Uncovered,0,134
tika,tika-parser-miscoffice-module,org.apache.tika.parser.odf.FlatOpenDocumentParser$FlatOpenDocumentParserHandler,Covered,134,36
tika,tika-parser-miscoffice-module,org.apache.tika.parser.odf.OpenDocumentBodyHandler$NullListStyle,Covered,8,0
tika,tika-parser-miscoffice-module,org.apache.tika.parser.odf.OpenDocumentMacroHandler,Uncovered,0,33
tika,tika-parser-miscoffice-module,org.apache.tika.parser.epub.EpubParser,Covered,657,297
tika,tika-parser-miscoffice-module,org.apache.tika.parser.epub.EpubParser$ContentOrderScraper,Covered,108,1
tika,tika-parser-miscoffice-module,org.apache.tika.parser.epub.EpubParser$EpubNormalizingHandler,Covered,78,0
tika,tika-parser-miscoffice-module,org.apache.tika.parser.epub.EpubParser$RootFinder,Covered,16,0
tika,tika-parser-miscoffice-module,org.apache.tika.parser.epub.EpubParser$EpubZipException,Uncovered,0,0
tika,tika-parser-miscoffice-module,org.apache.tika.parser.epub.EpubContentParser,Covered,12,2
tika,tika-parser-miscoffice-module,org.apache.tika.parser.epub.EpubParser$EncryptionHandler,Uncovered,0,36
tika,tika-parser-miscoffice-module,org.apache.tika.parser.epub.OPFParser,Covered,28,0
tika,tika-parser-miscoffice-module,org.apache.tika.parser.epub.OPFParser$OPFHandler,Covered,63,43
tika,tika-parser-miscoffice-module,org.apache.tika.parser.epub.EpubParser$HRefMediaPair,Covered,9,6
tika,tika-parser-miscoffice-module,org.apache.tika.parser.hwp.HwpV5Parser,Covered,36,0
tika,tika-parser-miscoffice-module,org.apache.tika.parser.hwp.HwpTextExtractorV5$FileHeader,Covered,3,0
tika,tika-parser-miscoffice-module,org.apache.tika.parser.hwp.HwpStreamReader,Covered,81,37
tika,tika-parser-miscoffice-module,org.apache.tika.parser.hwp.HwpTextExtractorV5,Covered,764,91
tika,tika-parser-miscoffice-module,org.apache.tika.parser.hwp.HwpTextExtractorV5$HwpVersion,Covered,39,30
tika,tika-parser-miscoffice-module,org.apache.tika.parser.hwp.HwpTextExtractorV5$TagInfo,Covered,3,0
tika,tika-parser-miscoffice-module,org.apache.tika.parser.hwp.HwpTextExtractorV5$SRand,Covered,21,0
tika,tika-parser-miscoffice-module,org.apache.tika.parser.dif.DIFParser,Covered,58,10
tika,tika-parser-miscoffice-module,org.apache.tika.parser.dif.DIFContentHandler,Covered,370,19
tika,tika-parser-image-module,org.apache.tika.parser.image.ImageMetadataExtractor$ExifHandler,Covered,347,47
tika,tika-parser-image-module,org.apache.tika.parser.image.WebPParser,Covered,28,0
tika,tika-parser-image-module,org.apache.tika.parser.image.MetadataFields,Covered,84,30
tika,tika-parser-image-module,org.apache.tika.parser.image.JpegParser,Covered,35,0
tika,tika-parser-image-module,org.apache.tika.parser.image.ImageMetadataExtractor$CopyAllFieldsHandler,Uncovered,0,40
tika,tika-parser-image-module,org.apache.tika.parser.image.ImageMetadataExtractor$JpegCommentHandler,Covered,21,0
tika,tika-parser-image-module,org.apache.tika.parser.image.ICNSParser,Covered,319,23
tika,tika-parser-image-module,org.apache.tika.parser.image.ImageMetadataExtractor,Covered,145,140
tika,tika-parser-image-module,org.apache.tika.parser.image.PSDParser$ResourceBlock,Covered,116,47
tika,tika-parser-image-module,org.apache.tika.parser.image.BPGParser,Covered,27,239
tika,tika-parser-image-module,org.apache.tika.parser.image.ImageMetadataExtractor$DimensionsHandler,Covered,75,0
tika,tika-parser-image-module,org.apache.tika.parser.image.JXLParser,Covered,19,0
tika,tika-parser-image-module,org.apache.tika.parser.image.PSDParser,Covered,192,29
tika,tika-parser-image-module,org.apache.tika.parser.image.ImageMetadataExtractor$GeotagHandler,Covered,50,0
tika,tika-parser-image-module,org.apache.tika.parser.image.PSDParser$PSDParserConfig,Covered,3,0
tika,tika-parser-image-module,org.apache.tika.parser.image.AbstractImageParser,Covered,64,71
tika,tika-parser-image-module,org.apache.tika.parser.image.ImageMetadataExtractor$DirectoryHandler,Uncovered,0,0
tika,tika-parser-image-module,org.apache.tika.parser.image.ImageMetadataExtractor$CopyUnknownFieldsHandler,Covered,76,0
tika,tika-parser-image-module,org.apache.tika.parser.image.HeifParser,Covered,40,0
tika,tika-parser-image-module,org.apache.tika.parser.image.ImageMetadataExtractor$IptcHandler,Covered,82,7
tika,tika-parser-image-module,org.apache.tika.parser.image.ImageParser,Covered,324,34
tika,tika-parser-image-module,org.apache.tika.parser.image.ICNSType,Covered,560,6
tika,tika-parser-image-module,org.apache.tika.parser.image.TiffParser,Covered,10,25
tika,tika-parser-image-module,org.apache.tika.parser.image.ImageMetadataExtractor$TiffPageNumberHandler,Covered,10,28
tika,tika-parser-crypto-module,org.apache.tika.parser.crypto.TSDParser,Covered,221,30
tika,tika-parser-crypto-module,org.apache.tika.parser.crypto.TSDParser$OIDNameMapper,Covered,217,26
tika,tika-parser-crypto-module,org.apache.tika.parser.crypto.Pkcs7Parser,Covered,67,19
tika,tika-parser-crypto-module,org.apache.tika.parser.crypto.TSDParser$TSDMetas,Covered,147,94
tika,tika-parser-code-module,org.apache.tika.parser.sas.SAS7BDATParser,Covered,228,4
tika,tika-parser-code-module,org.apache.tika.parser.code.SourceCodeParser$RuntimeSAXException,Uncovered,0,9
tika,tika-parser-code-module,org.apache.tika.parser.code.SourceCodeParser$1,Covered,21,0
tika,tika-parser-code-module,org.apache.tika.parser.code.SourceCodeParser$TikaNodeFilter,Covered,142,24
tika,tika-parser-code-module,org.apache.tika.parser.code.SourceCodeParser,Covered,157,19
tika,tika-parser-code-module,org.apache.tika.parser.asm.XHTMLClassVisitor,Covered,452,106
tika,tika-parser-code-module,org.apache.tika.parser.asm.ClassParser,Covered,18,0
tika,tika-parser-code-module,org.apache.tika.parser.mat.MatParser,Covered,193,11
tika,tika-parser-code-module,org.apache.tika.parser.executable.ExecutableParser,Covered,479,509
tika,tika-parser-code-module,org.apache.tika.parser.executable.UniversalExecutableParser,Covered,264,101
tika,tika-parser-xmp-commons,org.apache.tika.parser.xmp.XMPPacketScanner,Covered,77,19
tika,tika-parser-xmp-commons,org.apache.tika.parser.xmp.XMPMetadataExtractor,Uncovered,0,166
tika,tika-parser-xmp-commons,org.apache.tika.parser.xmp.JempboxExtractor,Covered,279,31
tika,tika-parser-cad-module,org.apache.tika.parser.dwg.JulianDateUtil,Uncovered,0,50
tika,tika-parser-cad-module,org.apache.tika.parser.dwg.AbstractDWGParser,Covered,34,40
tika,tika-parser-cad-module,org.apache.tika.parser.dwg.DWGParser,Covered,595,23
tika,tika-parser-cad-module,org.apache.tika.parser.dwg.DWGReadParser,Uncovered,0,551
tika,tika-parser-cad-module,org.apache.tika.parser.dwg.DWGParserConfig,Covered,50,77
tika,tika-parser-cad-module,org.apache.tika.parser.dwg.DWGReadFormatRemover,Covered,170,0
tika,tika-parser-cad-module,org.apache.tika.parser.prt.PRTParser$Last5,Covered,114,2
tika,tika-parser-cad-module,org.apache.tika.parser.prt.PRTParser,Covered,317,8
tika,tika-parser-cad-module,org.apache.tika.parser.dgn.DGN8Parser,Covered,41,22
tika,tika-parser-html-module,org.apache.tika.parser.html.JSoupParser,Covered,241,85
tika,tika-parser-html-module,org.apache.tika.parser.html.XHTMLDowngradeHandler,Covered,72,2
tika,tika-parser-html-module,org.apache.tika.parser.html.DataURISchemeParseException,Uncovered,0,4
tika,tika-parser-html-module,org.apache.tika.parser.html.IdentityHtmlMapper,Covered,18,0
tika,tika-parser-html-module,org.apache.tika.parser.html.JSoupParser$Config,Covered,6,0
tika,tika-parser-html-module,org.apache.tika.parser.html.JSoupParser$TikaNodeFilter,Covered,116,24
tika,tika-parser-html-module,org.apache.tika.parser.html.JSoupParser$RuntimeSAXException,Uncovered,0,9
tika,tika-parser-html-module,org.apache.tika.parser.html.HtmlHandler,Covered,989,98
tika,tika-parser-html-module,org.apache.tika.parser.html.DataURIScheme,Covered,57,32
tika,tika-parser-html-module,org.apache.tika.parser.html.DefaultHtmlMapper$1,Covered,178,0
tika,tika-parser-html-module,org.apache.tika.parser.html.HtmlEncodingDetector,Covered,177,33
tika,tika-parser-html-module,org.apache.tika.parser.html.DefaultHtmlMapper$2,Covered,11,0
tika,tika-parser-html-module,org.apache.tika.parser.html.DefaultHtmlMapper$3,Covered,410,0
tika,tika-parser-html-module,org.apache.tika.parser.html.DataURISchemeUtil,Covered,132,34
tika,tika-parser-html-module,org.apache.tika.parser.html.DefaultHtmlMapper,Covered,50,0
tika,tika-parser-html-module,org.apache.tika.parser.html.HtmlEncodingDetector$Config,Uncovered,0,6
tika,tika-parser-html-module,org.apache.tika.parser.html.HtmlMapper,Uncovered,0,0
tika,tika-parser-html-module,org.apache.tika.parser.html.charsetdetector.MetaProcessor,Covered,103,0
tika,tika-parser-html-module,org.apache.tika.parser.html.charsetdetector.StandardHtmlEncodingDetector,Covered,67,4
tika,tika-parser-html-module,org.apache.tika.parser.html.charsetdetector.PreScanner,Covered,740,6
tika,tika-parser-html-module,org.apache.tika.parser.html.charsetdetector.CharsetDetectionResult,Covered,56,0
tika,tika-parser-html-module,org.apache.tika.parser.html.charsetdetector.CharsetAliases,Covered,1355,4
tika,tika-parser-html-module,org.apache.tika.parser.html.charsetdetector.charsets.XUserDefinedCharset$NotImplementedException,Uncovered,0,4
tika,tika-parser-html-module,org.apache.tika.parser.html.charsetdetector.charsets.XUserDefinedCharset,Covered,5,17
tika,tika-parser-html-module,org.apache.tika.parser.html.charsetdetector.charsets.ReplacementCharset,Covered,5,17
tika,tika-parser-html-module,org.apache.tika.parser.html.charsetdetector.charsets.XUserDefinedCharset$1,Uncovered,0,36
tika,tika-parser-html-module,org.apache.tika.parser.html.charsetdetector.charsets.ReplacementCharset$1,Uncovered,0,36
tika,tika-parser-mail-module,org.apache.tika.parser.mail.MailContentHandler$Part,Covered,11,8
tika,tika-parser-mail-module,org.apache.tika.parser.mail.RFC822Parser,Covered,139,25
tika,tika-parser-mail-module,org.apache.tika.parser.mail.MailContentHandler$BodyContents,Covered,10,0
tika,tika-parser-mail-module,org.apache.tika.parser.mail.MailContentHandler,Covered,878,176
tika,tika-parser-mail-module,org.apache.tika.parser.mail.RFC822Parser$Config,Covered,6,0
tika,tika-parser-mail-module,org.apache.tika.parser.mbox.MboxParser,Covered,353,22
tika,tika-parser-ocr-module,org.apache.tika.parser.ocr.tess4j.ImageUtil,Uncovered,0,300
tika,tika-parser-ocr-module,org.apache.tika.parser.ocr.tess4j.ImageDeskew$HoughLine,Uncovered,0,9
tika,tika-parser-ocr-module,org.apache.tika.parser.ocr.tess4j.ImageDeskew,Uncovered,0,397
tika,tika-parser-ocr-module,org.apache.tika.parser.ocr.TesseractOCRConfig,Covered,505,103
tika,tika-parser-ocr-module,org.apache.tika.parser.ocr.TesseractOCRConfig$OUTPUT_TYPE,Covered,15,0
tika,tika-parser-ocr-module,org.apache.tika.parser.ocr.TesseractOCRParser,Covered,263,1436
tika,tika-parser-ocr-module,org.apache.tika.parser.ocr.TesseractOCRConfig$RuntimeConfig,Uncovered,0,30
tika,tika-parser-ocr-module,org.apache.tika.parser.ocr.ImagePreprocessor,Covered,10,305
tika,tika-parser-ocr-module,org.apache.tika.parser.ocr.TesseractOCRParser$HOCRPassThroughHandler,Uncovered,0,68
tika,tika-parser-webarchive-module,org.apache.tika.parser.warc.WARCParser,Covered,288,16
tika,tika-parser-webarchive-module,org.apache.tika.parser.http.HttpParser,Covered,111,4
tika,tika-parser-webarchive-module,org.apache.tika.parser.wacz.WACZParser,Covered,161,73
tika,tika-parser-zip-commons,org.apache.tika.detect.zip.StarOfficeDetector,Covered,52,48
tika,tika-parser-zip-commons,org.apache.tika.detect.zip.KMZDetector,Covered,58,48
tika,tika-parser-zip-commons,org.apache.tika.detect.zip.DefaultZipContainerDetector$Config,Uncovered,0,6
tika,tika-parser-zip-commons,org.apache.tika.detect.zip.JarDetector,Covered,76,33
tika,tika-parser-zip-commons,org.apache.tika.detect.zip.IPADetector$TmpPatterns,Covered,8,0
tika,tika-parser-zip-commons,org.apache.tika.detect.zip.IPADetector$1,Covered,33,0
tika,tika-parser-zip-commons,org.apache.tika.detect.zip.DeprecatedZipContainerDetector,Uncovered,0,3
tika,tika-parser-zip-commons,org.apache.tika.detect.zip.StarOfficeDetector$StarOfficeXHandler,Uncovered,0,69
tika,tika-parser-zip-commons,org.apache.tika.detect.zip.OpenDocumentDetector,Covered,14,48
tika,tika-parser-zip-commons,org.apache.tika.detect.zip.StreamingDetectContext,Covered,32,16
tika,tika-parser-zip-commons,org.apache.tika.detect.zip.CompressorConstants,Uncovered,0,138
tika,tika-parser-zip-commons,org.apache.tika.detect.zip.StreamingZipContainerDetector,Uncovered,0,80
tika,tika-parser-zip-commons,org.apache.tika.detect.zip.FrictionlessPackageDetector$PARTS,Covered,27,0
tika,tika-parser-zip-commons,org.apache.tika.detect.zip.IPADetector,Covered,99,7
tika,tika-parser-zip-commons,org.apache.tika.detect.zip.ZipContainerDetectorBase$1,Uncovered,0,33
tika,tika-parser-zip-commons,org.apache.tika.detect.zip.FrictionlessPackageDetector$Counter,Covered,14,0
tika,tika-parser-zip-commons,org.apache.tika.detect.zip.DeprecatedStreamingZipContainerDetector,Uncovered,0,5
tika,tika-parser-zip-commons,org.apache.tika.detect.zip.ZipContainerDetector,Uncovered,0,0
tika,tika-parser-zip-commons,org.apache.tika.detect.zip.FrictionlessPackageDetector,Covered,105,48
tika,tika-parser-zip-commons,org.apache.tika.detect.zip.JarDetector$SeenManifest,Uncovered,0,0
tika,tika-parser-zip-commons,org.apache.tika.detect.zip.KMZDetector$KMLCounter,Covered,16,0
tika,tika-parser-zip-commons,org.apache.tika.detect.zip.PackageConstants,Covered,43,43
tika,tika-parser-zip-commons,org.apache.tika.detect.zip.ZipContainerDetectorBase,Uncovered,0,117
tika,tika-parser-zip-commons,org.apache.tika.detect.zip.DefaultZipContainerDetector,Covered,396,234
tika,tika-parser-zip-commons,org.apache.tika.zip.utils.ZipSalvager,Uncovered,0,128
tika,tika-parser-font-module,org.apache.tika.parser.font.TrueTypeParser,Covered,144,13
tika,tika-parser-font-module,org.apache.tika.parser.font.AdobeFontMetricParser,Covered,192,0
tika,tika-parser-text-module,org.apache.tika.parser.csv.CSVSniffer,Covered,106,12
tika,tika-parser-text-module,org.apache.tika.parser.csv.CSVSniffer$Snifflet,Covered,529,27
tika,tika-parser-text-module,org.apache.tika.parser.csv.CSVSniffer$UnsurprisingEOF,Uncovered,0,0
tika,tika-parser-text-module,org.apache.tika.parser.csv.CSVSniffer$MutableInt,Covered,16,0
tika,tika-parser-text-module,org.apache.tika.parser.csv.CSVResult,Covered,35,68
tika,tika-parser-text-module,org.apache.tika.parser.csv.CSVParams,Covered,59,39
tika,tika-parser-text-module,org.apache.tika.parser.csv.TextAndCSVConfig,Covered,148,15
tika,tika-parser-text-module,org.apache.tika.parser.csv.CSVSniffer$CloseShieldReader,Covered,5,0
tika,tika-parser-text-module,org.apache.tika.parser.csv.TextAndCSVParser,Covered,545,136
tika,tika-parser-text-module,org.apache.tika.parser.csv.CSVSniffer$HitMarkLimitException,Uncovered,0,0
tika,tika-parser-text-module,org.apache.tika.parser.txt.BOMDetector,Covered,129,5
tika,tika-parser-text-module,org.apache.tika.parser.txt.CharsetRecog_sbcs$CharsetRecog_EBCDIC_500,Covered,1079,6
tika,tika-parser-text-module,org.apache.tika.parser.txt.CharsetRecog_sbcs$CharsetRecog_8859_9_tr,Covered,289,2
tika,tika-parser-text-module,org.apache.tika.parser.txt.CharsetRecog_mbcs$iteratedChar,Covered,51,0
tika,tika-parser-text-module,org.apache.tika.parser.txt.CharsetMatch,Covered,134,116
tika,tika-parser-text-module,org.apache.tika.parser.txt.CharsetRecog_sbcs$CharsetRecog_8859_8_I_he,Covered,281,12
tika,tika-parser-text-module,org.apache.tika.parser.txt.CharsetRecog_sbcs$CharsetRecog_windows_1251,Covered,1312,2
tika,tika-parser-text-module,org.apache.tika.parser.txt.CharsetRecognizer,Covered,5,0
tika,tika-parser-text-module,org.apache.tika.parser.txt.CharsetRecog_sbcs$CharsetRecog_windows_1256,Covered,1311,0
tika,tika-parser-text-module,org.apache.tika.parser.txt.CharsetDetector$CSRecognizerInfo,Covered,9,0
tika,tika-parser-text-module,org.apache.tika.parser.txt.CharsetRecog_sbcs$CharsetRecog_IBM420_ar_rtl,Covered,275,8
tika,tika-parser-text-module,org.apache.tika.parser.txt.CharsetRecog_sbcs$CharsetRecog_IBM420_ar_ltr,Covered,283,0
tika,tika-parser-text-module,org.apache.tika.parser.txt.CharsetRecog_mbcs$CharsetRecog_sjis,Covered,312,0
tika,tika-parser-text-module,org.apache.tika.parser.txt.CharsetRecog_2022$CharsetRecog_2022CN,Covered,236,8
tika,tika-parser-text-module,org.apache.tika.parser.txt.CharsetRecog_sbcs$CharsetRecog_8859_7_el,Covered,289,2
tika,tika-parser-text-module,org.apache.tika.parser.txt.CharsetRecog_mbcs,Covered,116,14
tika,tika-parser-text-module,org.apache.tika.parser.txt.CharsetRecog_sbcs$CharsetRecog_IBM420_ar,Covered,1033,0
tika,tika-parser-text-module,org.apache.tika.parser.txt.CharsetRecog_2022$CharsetRecog_2022KR,Covered,42,8
tika,tika-parser-text-module,org.apache.tika.parser.txt.CharsetRecog_Unicode$CharsetRecog_UTF_16_BE,Covered,67,4
tika,tika-parser-text-module,org.apache.tika.parser.txt.Icu4jEncodingDetector,Covered,95,50
tika,tika-parser-text-module,org.apache.tika.parser.txt.CharsetRecog_sbcs$CharsetRecog_8859_8_he,Covered,281,10
tika,tika-parser-text-module,org.apache.tika.parser.txt.CharsetRecog_mbcs$CharsetRecog_euc$CharsetRecog_euc_jp,Covered,427,0
tika,tika-parser-text-module,org.apache.tika.parser.txt.CharsetRecog_sbcs$CharsetRecog_8859_1,Covered,3741,0
tika,tika-parser-text-module,org.apache.tika.parser.txt.CharsetRecog_sbcs$NGramsPlusLang,Covered,9,0
tika,tika-parser-text-module,org.apache.tika.parser.txt.CharsetRecog_sbcs$CharsetRecog_8859_2,Covered,2151,0
tika,tika-parser-text-module,org.apache.tika.parser.txt.CharsetRecog_sbcs$CharsetRecog_8859_5,Covered,1033,0
tika,tika-parser-text-module,org.apache.tika.parser.txt.CharsetRecog_sbcs$CharsetRecog_8859_6_ar,Covered,274,8
tika,tika-parser-text-module,org.apache.tika.parser.txt.CharsetRecog_sbcs$NGramParser,Covered,207,7
tika,tika-parser-text-module,org.apache.tika.parser.txt.CharsetRecog_sbcs$CharsetRecog_8859_6,Covered,1031,2
tika,tika-parser-text-module,org.apache.tika.parser.txt.CharsetRecog_sbcs$CharsetRecog_8859_7,Covered,1031,2
tika,tika-parser-text-module,org.apache.tika.parser.txt.CharsetRecog_sbcs$CharsetRecog_8859_8,Covered,1031,2
tika,tika-parser-text-module,org.apache.tika.parser.txt.CharsetRecog_sbcs$CharsetRecog_8859_9,Covered,1033,0
tika,tika-parser-text-module,org.apache.tika.parser.txt.CharsetRecog_sbcs$CharsetRecog_KOI8_R,Covered,1311,0
tika,tika-parser-text-module,org.apache.tika.parser.txt.CharsetRecog_sbcs$CharsetRecog_EBCDIC_500_de,Covered,7,0
tika,tika-parser-text-module,org.apache.tika.parser.txt.CharsetRecog_mbcs$CharsetRecog_big5,Covered,461,2
tika,tika-parser-text-module,org.apache.tika.parser.txt.CharsetRecog_2022,Covered,35,81
tika,tika-parser-text-module,org.apache.tika.parser.txt.CharsetRecog_Unicode$CharsetRecog_UTF_32_BE,Covered,41,2
tika,tika-parser-text-module,org.apache.tika.parser.txt.CharsetRecog_sbcs$CharsetRecog_EBCDIC_500_it,Covered,7,0
tika,tika-parser-text-module,org.apache.tika.parser.txt.CharsetRecog_sbcs$CharsetRecog_EBCDIC_500_es,Covered,7,0
tika,tika-parser-text-module,org.apache.tika.parser.txt.CharsetRecog_mbcs$CharsetRecog_euc$CharsetRecog_euc_kr,Covered,427,0
tika,tika-parser-text-module,org.apache.tika.parser.txt.CharsetRecog_sbcs$CharsetRecog_EBCDIC_500_en,Covered,7,0
tika,tika-parser-text-module,org.apache.tika.parser.txt.CharsetRecog_Unicode,Covered,34,5
tika,tika-parser-text-module,org.apache.tika.parser.txt.CharsetRecog_sbcs$CharsetRecog_IBM866_ru,Covered,1311,0
tika,tika-parser-text-module,org.apache.tika.parser.txt.UniversalEncodingDetector,Covered,82,14
tika,tika-parser-text-module,org.apache.tika.parser.txt.CharsetRecog_Unicode$CharsetRecog_UTF_16_LE,Covered,68,3
tika,tika-parser-text-module,org.apache.tika.parser.txt.CharsetRecog_sbcs,Covered,32,0
tika,tika-parser-text-module,org.apache.tika.parser.txt.CharsetRecog_UTF8,Covered,132,35
tika,tika-parser-text-module,org.apache.tika.parser.txt.CharsetRecog_Unicode$CharsetRecog_UTF_32,Covered,80,29
tika,tika-parser-text-module,org.apache.tika.parser.txt.CharsetRecog_mbcs$CharsetRecog_gb_18030,Covered,509,26
tika,tika-parser-text-module,org.apache.tika.parser.txt.Icu4jEncodingDetector$Config,Covered,18,17
tika,tika-parser-text-module,org.apache.tika.parser.txt.CharsetRecog_sbcs$CharsetRecog_IBM424_he,Covered,1033,0
tika,tika-parser-text-module,org.apache.tika.parser.txt.CharsetRecog_sbcs$CharsetRecog_EBCDIC_500_fr,Covered,7,0
tika,tika-parser-text-module,org.apache.tika.parser.txt.UniversalEncodingListener,Covered,139,3
tika,tika-parser-text-module,org.apache.tika.parser.txt.CharsetDetector,Covered,700,218
tika,tika-parser-text-module,org.apache.tika.parser.txt.TXTParser,Covered,91,6
tika,tika-parser-text-module,org.apache.tika.parser.txt.CharsetRecog_Unicode$CharsetRecog_UTF_32_LE,Covered,41,2
tika,tika-parser-text-module,org.apache.tika.parser.txt.CharsetRecog_sbcs$NGramParser_IBM420,Covered,1170,4
tika,tika-parser-text-module,org.apache.tika.parser.txt.CharsetRecog_sbcs$CharsetRecog_EBCDIC_500_nl,Covered,7,0
tika,tika-parser-text-module,org.apache.tika.parser.txt.UniversalEncodingDetector$Config,Covered,6,0
tika,tika-parser-text-module,org.apache.tika.parser.txt.CharsetRecog_sbcs$CharsetRecog_IBM424_he_rtl,Covered,283,0
tika,tika-parser-text-module,org.apache.tika.parser.txt.CharsetRecog_sbcs$CharsetRecog_IBM424_he_ltr,Covered,283,0
tika,tika-parser-text-module,org.apache.tika.parser.txt.CharsetRecog_sbcs$CharsetRecog_8859_5_ru,Covered,282,0
tika,tika-parser-text-module,org.apache.tika.parser.txt.CharsetRecog_mbcs$CharsetRecog_euc,Covered,67,25
tika,tika-parser-text-module,org.apache.tika.parser.txt.CharsetRecog_2022$CharsetRecog_2022JP,Covered,233,8
tika,tika-parser-text-module,org.apache.tika.parser.strings.StringsConfig,Covered,47,5
tika,tika-parser-text-module,org.apache.tika.parser.strings.StringsParser,Covered,354,62
tika,tika-parser-text-module,org.apache.tika.parser.strings.Latin1StringsParser,Covered,373,114
tika,tika-parser-text-module,org.apache.tika.parser.strings.StringsEncoding,Covered,68,0
tika,tika-parser-microsoft-module,org.apache.tika.parser.microsoft.onenote.OneNotePropertyId,Covered,64,37
tika,tika-parser-microsoft-module,org.apache.tika.parser.microsoft.onenote.FileNode,Covered,34,438
tika,tika-parser-microsoft-module,org.apache.tika.parser.microsoft.onenote.GlobalIdTableEntry3FNDX,Covered,3,24
tika,tika-parser-microsoft-module,org.apache.tika.parser.microsoft.onenote.OneNoteTreeWalker,Covered,1037,381
tika,tika-parser-microsoft-module,org.apache.tika.parser.microsoft.onenote.OneNoteLegacyDumpStrings,Covered,260,24
tika,tika-parser-microsoft-module,org.apache.tika.parser.microsoft.onenote.GlobalIdTableEntryFNDX,Covered,3,16
tika,tika-parser-microsoft-module,org.apache.tika.parser.microsoft.onenote.ObjectDeclarationWithRefCount$ReadOnly,Covered,3,8
tika,tika-parser-microsoft-module,org.apache.tika.parser.microsoft.onenote.OneNotePropertyEnum,Covered,1057,60
tika,tika-parser-microsoft-module,org.apache.tika.parser.microsoft.onenote.ObjectRevisionWithRefCountFNDX,Covered,3,40
tika,tika-parser-microsoft-module,org.apache.tika.parser.microsoft.onenote.FndStructureConstants$CanRevise,Uncovered,0,0
tika,tika-parser-microsoft-module,org.apache.tika.parser.microsoft.onenote.OneNoteDirectFileResource,Covered,82,24
tika,tika-parser-microsoft-module,org.apache.tika.parser.microsoft.onenote.CheckedFileNodePushBack,Covered,38,0
tika,tika-parser-microsoft-module,org.apache.tika.parser.microsoft.onenote.Error,Uncovered,0,57
tika,tika-parser-microsoft-module,org.apache.tika.parser.microsoft.onenote.FileNodeUnion,Covered,63,96
tika,tika-parser-microsoft-module,org.apache.tika.parser.microsoft.onenote.Revision,Covered,19,59
tika,tika-parser-microsoft-module,org.apache.tika.parser.microsoft.onenote.JCID,Covered,87,96
tika,tika-parser-microsoft-module,org.apache.tika.parser.microsoft.onenote.FndStructureConstants,Covered,54,30
tika,tika-parser-microsoft-module,org.apache.tika.parser.microsoft.onenote.FileDataStoreObject,Covered,8,8
tika,tika-parser-microsoft-module,org.apache.tika.parser.microsoft.onenote.FileChunkReference,Covered,47,42
tika,tika-parser-microsoft-module,org.apache.tika.parser.microsoft.onenote.FileNodePtr,Covered,74,7
tika,tika-parser-microsoft-module,org.apache.tika.parser.microsoft.onenote.RevisionManifest,Covered,3,32
tika,tika-parser-microsoft-module,org.apache.tika.parser.microsoft.onenote.ObjectSpaceObjectPropSet,Covered,23,32
tika,tika-parser-microsoft-module,org.apache.tika.parser.microsoft.onenote.OneNoteHeader,Covered,199,113
tika,tika-parser-microsoft-module,org.apache.tika.parser.microsoft.onenote.FileNodeListHeader,Covered,20,56
tika,tika-parser-microsoft-module,org.apache.tika.parser.microsoft.onenote.ObjectDeclarationWithRefCount,Covered,13,32
tika,tika-parser-microsoft-module,org.apache.tika.parser.microsoft.onenote.RevisionManifestListStart,Covered,3,8
tika,tika-parser-microsoft-module,org.apache.tika.parser.microsoft.onenote.OneNoteDocument,Covered,107,64
tika,tika-parser-microsoft-module,org.apache.tika.parser.microsoft.onenote.PropertyValue,Covered,27,247
tika,tika-parser-microsoft-module,org.apache.tika.parser.microsoft.onenote.GUID,Covered,205,128
tika,tika-parser-microsoft-module,org.apache.tika.parser.microsoft.onenote.ObjectDeclarationWithRefCountBody,Covered,8,40
tika,tika-parser-microsoft-module,org.apache.tika.parser.microsoft.onenote.FileNodeList,Covered,8,16
tika,tika-parser-microsoft-module,org.apache.tika.parser.microsoft.onenote.ObjectInfoDependencyOverrides,Covered,3,8
tika,tika-parser-microsoft-module,org.apache.tika.parser.microsoft.onenote.OneNoteTreeWalkerOptions,Covered,34,15
tika,tika-parser-microsoft-module,org.apache.tika.parser.microsoft.onenote.PropertySet,Covered,8,58
tika,tika-parser-microsoft-module,org.apache.tika.parser.microsoft.onenote.RootObjectReference,Covered,13,16
tika,tika-parser-microsoft-module,org.apache.tika.parser.microsoft.onenote.PropertyIDType,Uncovered,0,39
tika,tika-parser-microsoft-module,org.apache.tika.parser.microsoft.onenote.RevisionRoleDeclaration,Covered,3,8
tika,tika-parser-microsoft-module,org.apache.tika.parser.microsoft.onenote.CompactID,Covered,3,42
tika,tika-parser-microsoft-module,org.apache.tika.parser.microsoft.onenote.JCIDPropertySetTypeEnum,Uncovered,0,252
tika,tika-parser-microsoft-module,org.apache.tika.parser.microsoft.onenote.OneNoteParser,Covered,363,5
tika,tika-parser-microsoft-module,org.apache.tika.parser.microsoft.onenote.Int24,Covered,51,0
tika,tika-parser-microsoft-module,org.apache.tika.parser.microsoft.onenote.GlobalIdTableEntry2FNDX,Covered,3,16
tika,tika-parser-microsoft-module,org.apache.tika.parser.microsoft.onenote.RootObjectReferenceBase,Covered,3,8
tika,tika-parser-microsoft-module,org.apache.tika.parser.microsoft.onenote.FileDataStoreObjectReference,Covered,3,8
tika,tika-parser-microsoft-module,org.apache.tika.parser.microsoft.onenote.OneNotePtr,Covered,2644,786
tika,tika-parser-microsoft-module,org.apache.tika.parser.microsoft.onenote.ObjectInfoDependencyOverrideData,Covered,13,40
tika,tika-parser-microsoft-module,org.apache.tika.parser.microsoft.onenote.ExtendedGUID,Covered,76,80
tika,tika-parser-microsoft-module,org.apache.tika.parser.microsoft.onenote.ObjectSpaceObjectStreamOfOIDsOSIDsOrContextIDs,Covered,8,32
tika,tika-parser-microsoft-module,org.apache.tika.parser.microsoft.onenote.ObjectStreamCounters,Covered,12,0
tika,tika-parser-microsoft-module,org.apache.tika.parser.microsoft.onenote.FileNodePtrBackPush,Covered,25,0
tika,tika-parser-microsoft-module,org.apache.tika.parser.microsoft.onenote.IndentUtil,Uncovered,0,21
tika,tika-parser-microsoft-module,org.apache.tika.parser.microsoft.onenote.GlobalIdTableStartFNDX,Covered,3,8
tika,tika-parser-microsoft-module,org.apache.tika.parser.microsoft.onenote.fsshttpb.streamobj.basic.DataElementType,Covered,103,0
tika,tika-parser-microsoft-module,org.apache.tika.parser.microsoft.onenote.fsshttpb.streamobj.basic.BinaryItem,Covered,55,51
tika,tika-parser-microsoft-module,org.apache.tika.parser.microsoft.onenote.fsshttpb.streamobj.basic.PropertyType,Covered,152,0
tika,tika-parser-microsoft-module,org.apache.tika.parser.microsoft.onenote.fsshttpb.streamobj.basic.HeaderCell,Covered,68,0
tika,tika-parser-microsoft-module,org.apache.tika.parser.microsoft.onenote.fsshttpb.streamobj.basic.ExGUIDArray,Covered,55,91
tika,tika-parser-microsoft-module,org.apache.tika.parser.microsoft.onenote.fsshttpb.streamobj.basic.RequestTypes,Uncovered,0,70
tika,tika-parser-microsoft-module,org.apache.tika.parser.microsoft.onenote.fsshttpb.streamobj.basic.PropertyID,Covered,31,23
tika,tika-parser-microsoft-module,org.apache.tika.parser.microsoft.onenote.fsshttpb.streamobj.basic.CellID,Covered,69,54
tika,tika-parser-microsoft-module,org.apache.tika.parser.microsoft.onenote.fsshttpb.streamobj.basic.AlternativePackaging,Covered,127,0
tika,tika-parser-microsoft-module,org.apache.tika.parser.microsoft.onenote.fsshttpb.streamobj.basic.JCID,Covered,46,43
tika,tika-parser-microsoft-module,org.apache.tika.parser.microsoft.onenote.fsshttpb.streamobj.basic.CompactID,Covered,23,20
tika,tika-parser-microsoft-module,org.apache.tika.parser.microsoft.onenote.fsshttpb.streamobj.basic.CellIDArray,Covered,47,71
tika,tika-parser-microsoft-module,org.apache.tika.parser.microsoft.onenote.fsshttpb.streamobj.basic.AdapterHelper,Covered,10,56
tika,tika-parser-microsoft-module,org.apache.tika.parser.microsoft.onenote.fsshttpb.streamobj.basic.SerialNumber,Covered,32,73
tika,tika-parser-microsoft-module,org.apache.tika.parser.microsoft.onenote.fsshttpb.streamobj.basic.ExGuid,Covered,136,122
tika,tika-parser-microsoft-module,org.apache.tika.parser.microsoft.onenote.fsshttpb.streamobj.basic.BasicObject,Covered,27,7
tika,tika-parser-microsoft-module,org.apache.tika.parser.microsoft.onenote.fsshttpb.streamobj.basic.DataNodeObjectData,Uncovered,0,19
tika,tika-parser-microsoft-module,org.apache.tika.parser.microsoft.onenote.fsshttpb.streamobj.basic.ZipHeader,Uncovered,0,27
tika,tika-parser-microsoft-module,org.apache.tika.parser.microsoft.onenote.fsshttpb.streamobj.basic.Compact64bitInt,Covered,63,251
tika,tika-parser-microsoft-module,org.apache.tika.parser.microsoft.ooxml.xwpf.XWPFEventBasedWordExtractor$XWPFToTextContentHandler,Uncovered,0,56
tika,tika-parser-microsoft-module,org.apache.tika.parser.microsoft.ooxml.xwpf.XWPFStylesShim$EmptyXWPFStyles,Uncovered,0,2
tika,tika-parser-microsoft-module,org.apache.tika.parser.microsoft.ooxml.xwpf.XWPFNumberingShim,Covered,6,0
tika,tika-parser-microsoft-module,org.apache.tika.parser.microsoft.ooxml.xwpf.XWPFStylesShim,Covered,44,2
tika,tika-parser-microsoft-module,org.apache.tika.parser.microsoft.ooxml.xwpf.XWPFStylesShim$StylesStripper,Covered,63,0
tika,tika-parser-microsoft-module,org.apache.tika.parser.microsoft.ooxml.xwpf.XWPFFeatureExtractor$FeatureHandler,Covered,64,0
tika,tika-parser-microsoft-module,org.apache.tika.parser.microsoft.ooxml.xwpf.XWPFEventBasedWordExtractor,Covered,33,334
tika,tika-parser-microsoft-module,org.apache.tika.parser.microsoft.ooxml.xwpf.XWPFFeatureExtractor,Covered,58,1
tika,tika-parser-microsoft-module,org.apache.tika.parser.microsoft.ooxml.xslf.XSLFEventBasedPowerPointExtractor,Covered,29,11
tika,tika-parser-microsoft-module,org.apache.tika.parser.microsoft.ooxml.xslf.XSLFEventBasedPowerPointExtractor$XSLFToTextContentHandler,Uncovered,0,51
tika,tika-parser-microsoft-module,org.apache.tika.parser.microsoft.onenote.fsshttpb.MSOneStorePackage,Covered,493,87
tika,tika-parser-microsoft-module,org.apache.tika.parser.microsoft.onenote.fsshttpb.MSOneStoreParser,Covered,405,4
tika,tika-parser-microsoft-module,org.apache.tika.parser.microsoft.onenote.fsshttpb.IFSSHTTPBSerializable,Uncovered,0,0
tika,tika-parser-microsoft-module,org.apache.tika.parser.microsoft.rtf.RTFObjDataParser,Covered,33,537
tika,tika-parser-microsoft-module,org.apache.tika.parser.microsoft.rtf.RTFParser$Config,Covered,11,0
tika,tika-parser-microsoft-module,org.apache.tika.parser.microsoft.rtf.ListDescriptor,Covered,17,0
tika,tika-parser-microsoft-module,org.apache.tika.parser.microsoft.rtf.RTFParser,Covered,103,18
tika,tika-parser-microsoft-module,org.apache.tika.parser.microsoft.rtf.RTFEmbObjHandler$EMB_STATE,Covered,21,0
tika,tika-parser-microsoft-module,org.apache.tika.parser.microsoft.rtf.TextExtractor,Covered,3345,263
tika,tika-parser-microsoft-module,org.apache.tika.parser.microsoft.rtf.RTFEmbObjHandler,Covered,344,63
tika,tika-parser-microsoft-module,org.apache.tika.parser.microsoft.rtf.GroupState,Covered,57,0
tika,tika-parser-microsoft-module,org.apache.tika.parser.microsoft.chm.ChmBlockInfo,Covered,163,15
tika,tika-parser-microsoft-module,org.apache.tika.parser.microsoft.chm.DirectoryListingEntry,Covered,116,0
tika,tika-parser-microsoft-module,org.apache.tika.parser.microsoft.chm.ChmWrapper,Uncovered,0,115
tika,tika-parser-microsoft-module,org.apache.tika.parser.microsoft.chm.ChmCommons,Covered,275,197
tika,tika-parser-microsoft-module,org.apache.tika.parser.microsoft.chm.ChmExtractor,Covered,594,37
tika,tika-parser-microsoft-module,org.apache.tika.parser.microsoft.chm.ChmSection,Covered,148,305
tika,tika-parser-microsoft-module,org.apache.tika.parser.microsoft.chm.ChmConstants,Covered,418,0
tika,tika-parser-microsoft-module,org.apache.tika.parser.microsoft.chm.ChmParser,Covered,115,0
tika,tika-parser-microsoft-module,org.apache.tika.parser.microsoft.chm.ChmItsfHeader,Covered,558,61
tika,tika-parser-microsoft-module,org.apache.tika.parser.microsoft.chm.ChmAssert,Covered,52,91
tika,tika-parser-microsoft-module,org.apache.tika.parser.microsoft.chm.ChmLzxState,Covered,445,32
tika,tika-parser-microsoft-module,org.apache.tika.parser.microsoft.chm.ChmAccessor,Uncovered,0,0
tika,tika-parser-microsoft-module,org.apache.tika.parser.microsoft.chm.ChmLzxcResetTable,Covered,389,33
tika,tika-parser-microsoft-module,org.apache.tika.parser.microsoft.chm.ChmItspHeader,Covered,644,34
tika,tika-parser-microsoft-module,org.apache.tika.parser.microsoft.chm.ChmCommons$EntryType,Covered,15,0
tika,tika-parser-microsoft-module,org.apache.tika.parser.microsoft.chm.ChmParsingException,Uncovered,0,4
tika,tika-parser-microsoft-module,org.apache.tika.parser.microsoft.chm.ChmLzxcControlData,Covered,328,37
tika,tika-parser-microsoft-module,org.apache.tika.parser.microsoft.chm.ChmPmglHeader,Covered,303,34
tika,tika-parser-microsoft-module,org.apache.tika.parser.microsoft.chm.ChmDirectoryListingSet,Covered,412,60
tika,tika-parser-microsoft-module,org.apache.tika.parser.microsoft.chm.ChmPmgiHeader,Covered,183,26
tika,tika-parser-microsoft-module,org.apache.tika.parser.microsoft.chm.ChmCommons$LzxState,Covered,15,0
tika,tika-parser-microsoft-module,org.apache.tika.parser.microsoft.chm.ChmCommons$IntelState,Covered,15,0
tika,tika-parser-microsoft-module,org.apache.tika.parser.microsoft.chm.ChmLzxBlock,Covered,1921,636
tika,tika-parser-microsoft-module,org.apache.tika.parser.microsoft.onenote.fsshttpb.util.Bit,Uncovered,0,59
tika,tika-parser-microsoft-module,org.apache.tika.parser.microsoft.onenote.fsshttpb.util.SequenceNumberGenerator,Uncovered,0,56
tika,tika-parser-microsoft-module,org.apache.tika.parser.microsoft.onenote.fsshttpb.util.UuidUtils,Uncovered,0,35
tika,tika-parser-microsoft-module,org.apache.tika.parser.microsoft.onenote.fsshttpb.util.BitReader,Covered,143,76
tika,tika-parser-microsoft-module,org.apache.tika.parser.microsoft.onenote.fsshttpb.util.BitConverter,Covered,57,262
tika,tika-parser-microsoft-module,org.apache.tika.parser.microsoft.onenote.fsshttpb.util.GuidUtil,Covered,3,3
tika,tika-parser-microsoft-module,org.apache.tika.parser.microsoft.onenote.fsshttpb.util.ByteUtil,Covered,22,52
tika,tika-parser-microsoft-module,org.apache.tika.parser.microsoft.onenote.fsshttpb.util.LittleEndianBitConverter,Covered,79,68
tika,tika-parser-microsoft-module,org.apache.tika.parser.microsoft.onenote.fsshttpb.util.BitWriter,Uncovered,0,130
tika,tika-parser-microsoft-module,org.apache.tika.parser.microsoft.onenote.fsshttpb.util.DataElementUtils,Uncovered,0,1091
tika,tika-parser-microsoft-module,org.apache.tika.detect.microsoft.ooxml.OPCPackageDetector$ContentTypeHandler,Covered,41,0
tika,tika-parser-microsoft-module,org.apache.tika.detect.microsoft.ooxml.OPCPackageDetector$CloseShieldZipFileZipEntrySource,Covered,17,0
tika,tika-parser-microsoft-module,org.apache.tika.detect.microsoft.ooxml.OPCPackageDetector$OOXMLHintCounter,Covered,13,3
tika,tika-parser-microsoft-module,org.apache.tika.detect.microsoft.ooxml.OPCPackageDetector$RelsHandler,Uncovered,0,47
tika,tika-parser-microsoft-module,org.apache.tika.detect.microsoft.ooxml.OPCPackageDetector,Covered,440,85
tika,tika-parser-microsoft-module,org.apache.tika.parser.microsoft.onenote.fsshttpb.property.OneByteOfData,Covered,10,6
tika,tika-parser-microsoft-module,org.apache.tika.parser.microsoft.onenote.fsshttpb.property.TwoBytesOfData,Covered,23,4
tika,tika-parser-microsoft-module,org.apache.tika.parser.microsoft.onenote.fsshttpb.property.PrtFourBytesOfLengthFollowedByData,Covered,30,51
tika,tika-parser-microsoft-module,org.apache.tika.parser.microsoft.onenote.fsshttpb.property.EightBytesOfData,Covered,13,4
tika,tika-parser-microsoft-module,org.apache.tika.parser.microsoft.onenote.fsshttpb.property.IProperty,Uncovered,0,0
tika,tika-parser-microsoft-module,org.apache.tika.parser.microsoft.onenote.fsshttpb.property.PrtArrayOfPropertyValues,Uncovered,0,119
tika,tika-parser-microsoft-module,org.apache.tika.parser.microsoft.onenote.fsshttpb.property.NoData,Covered,5,4
tika,tika-parser-microsoft-module,org.apache.tika.parser.microsoft.onenote.fsshttpb.property.ArrayNumber,Covered,10,5
tika,tika-parser-microsoft-module,org.apache.tika.parser.microsoft.onenote.fsshttpb.property.FourBytesOfData,Covered,13,4
tika,tika-parser-microsoft-module,org.apache.tika.parser.microsoft.msg.TikaNameIdChunks,Covered,460,206
tika,tika-parser-microsoft-module,org.apache.tika.parser.microsoft.msg.TikaNameIdChunks$PropertySetType,Covered,38,0
tika,tika-parser-microsoft-module,org.apache.tika.parser.microsoft.msg.TikaNameIdChunks$PredefinedPropertySet,Covered,122,0
tika,tika-parser-microsoft-module,org.apache.tika.parser.microsoft.msg.ExtendedMetadataExtractor$MAPITagPair,Covered,9,0
tika,tika-parser-microsoft-module,org.apache.tika.parser.microsoft.msg.ExtendedMetadataExtractor,Covered,602,53
tika,tika-parser-microsoft-module,org.apache.tika.parser.microsoft.msg.ExtendedMetadataExtractor$TikaMapiProperty,Covered,15,0
tika,tika-parser-microsoft-module,org.apache.tika.parser.microsoft.msg.MAPITag,Covered,12,0
tika,tika-parser-microsoft-module,org.apache.tika.parser.microsoft.ooxml.XSLFPowerPointExtractorDecorator,Covered,839,38
tika,tika-parser-microsoft-module,org.apache.tika.parser.microsoft.ooxml.OOXMLExtractor,Uncovered,0,0
tika,tika-parser-microsoft-module,org.apache.tika.parser.microsoft.ooxml.SXSLFPowerPointExtractorDecorator$CommentAuthors,Covered,48,5
tika,tika-parser-microsoft-module,org.apache.tika.parser.microsoft.ooxml.XSSFExcelExtractorDecorator$SheetTextAsHTML,Covered,142,49
tika,tika-parser-microsoft-module,org.apache.tika.parser.microsoft.ooxml.CommentPersonHandler,Uncovered,0,23
tika,tika-parser-microsoft-module,org.apache.tika.parser.microsoft.ooxml.XSSFExcelExtractorDecorator$XSSFSheetInterestingPartsCapturer,Covered,106,24
tika,tika-parser-microsoft-module,org.apache.tika.parser.microsoft.ooxml.AbstractOOXMLExtractor,Covered,922,84
tika,tika-parser-microsoft-module,org.apache.tika.parser.microsoft.ooxml.XSSFExcelExtractorDecorator$WorkbookMetadataHandler,Covered,74,28
tika,tika-parser-microsoft-module,org.apache.tika.parser.microsoft.ooxml.OOXMLWordAndPowerPointTextHandler,Covered,1132,46
tika,tika-parser-microsoft-module,org.apache.tika.parser.microsoft.ooxml.OOXMLExtractorFactory,Covered,413,84
tika,tika-parser-microsoft-module,org.apache.tika.parser.microsoft.ooxml.XSSFExcelExtractorDecorator$ThreadedCommentHandler,Uncovered,0,77
tika,tika-parser-microsoft-module,org.apache.tika.parser.microsoft.ooxml.OOXMLWordAndPowerPointTextHandler$XWPFBodyContentsHandler,Uncovered,0,0
tika,tika-parser-microsoft-module,org.apache.tika.parser.microsoft.ooxml.XWPFListManager$EmptyListManager,Covered,4,4
tika,tika-parser-microsoft-module,org.apache.tika.parser.microsoft.ooxml.XWPFWordExtractorDecorator,Covered,1088,17
tika,tika-parser-microsoft-module,org.apache.tika.parser.microsoft.ooxml.XSSFExcelExtractorDecorator$HeaderFooterFromString,Covered,21,3
tika,tika-parser-microsoft-module,org.apache.tika.parser.microsoft.ooxml.XWPFListManager,Covered,292,15
tika,tika-parser-microsoft-module,org.apache.tika.parser.microsoft.ooxml.MetadataExtractor,Covered,439,185
tika,tika-parser-microsoft-module,org.apache.tika.parser.microsoft.ooxml.OOXMLWordAndPowerPointTextHandler$EditType,Covered,33,0
tika,tika-parser-microsoft-module,org.apache.tika.parser.microsoft.ooxml.OOXMLParser,Covered,185,0
tika,tika-parser-microsoft-module,org.apache.tika.parser.microsoft.ooxml.RunProperties,Covered,58,4
tika,tika-parser-microsoft-module,org.apache.tika.parser.microsoft.ooxml.OPCPackageWrapper,Covered,13,0
tika,tika-parser-microsoft-module,org.apache.tika.parser.microsoft.ooxml.SXSLFPowerPointExtractorDecorator$XSLFCommentAuthorHandler,Covered,82,0
tika,tika-parser-microsoft-module,org.apache.tika.parser.microsoft.ooxml.OOXMLTikaBodyPartHandler,Covered,634,46
tika,tika-parser-microsoft-module,org.apache.tika.parser.microsoft.ooxml.SXSLFPowerPointExtractorDecorator$XSLFCommentsHandler,Covered,120,2
tika,tika-parser-microsoft-module,org.apache.tika.parser.microsoft.ooxml.SXWPFWordExtractorDecorator,Covered,459,52
tika,tika-parser-microsoft-module,org.apache.tika.parser.microsoft.ooxml.POIXMLTextExtractorDecorator,Uncovered,0,25
tika,tika-parser-microsoft-module,org.apache.tika.parser.microsoft.ooxml.SXSLFPowerPointExtractorDecorator$PlaceHolderSkipper,Covered,54,10
tika,tika-parser-microsoft-module,org.apache.tika.parser.microsoft.ooxml.XSSFBExcelExtractorDecorator,Covered,184,6
tika,tika-parser-microsoft-module,org.apache.tika.parser.microsoft.ooxml.ParagraphProperties,Covered,40,0
tika,tika-parser-microsoft-module,org.apache.tika.parser.microsoft.ooxml.XSSFExcelExtractorDecorator,Covered,655,124
tika,tika-parser-microsoft-module,org.apache.tika.parser.microsoft.ooxml.SXSLFPowerPointExtractorDecorator,Covered,558,85
tika,tika-parser-microsoft-module,org.apache.tika.parser.microsoft.ooxml.EmbeddedPartMetadata,Covered,24,6
tika,tika-parser-microsoft-module,org.apache.tika.parser.microsoft.onenote.fsshttpb.streamobj.space.ObjectSpaceObjectPropSet,Covered,99,52
tika,tika-parser-microsoft-module,org.apache.tika.parser.microsoft.onenote.fsshttpb.streamobj.space.ObjectSpaceObjectStreamHeader,Covered,32,29
tika,tika-parser-microsoft-module,org.apache.tika.parser.microsoft.onenote.fsshttpb.streamobj.space.ObjectSpaceObjectStreamOfOIDs,Covered,60,31
tika,tika-parser-microsoft-module,org.apache.tika.parser.microsoft.onenote.fsshttpb.streamobj.space.ObjectSpaceObjectStreamOfOSIDs,Covered,40,51
tika,tika-parser-microsoft-module,org.apache.tika.parser.microsoft.onenote.fsshttpb.streamobj.space.ObjectSpaceObjectStreamOfContextIDs,Covered,60,31
tika,tika-parser-microsoft-module,org.apache.tika.extractor.microsoft.PSTEmailStreamTranslator,Covered,16,33
tika,tika-parser-microsoft-module,org.apache.tika.extractor.microsoft.MSEmbeddedStreamTranslator,Covered,7,150
tika,tika-parser-microsoft-module,org.apache.tika.parser.microsoft.ExcelExtractor$PointComparator,Covered,16,0
tika,tika-parser-microsoft-module,org.apache.tika.parser.microsoft.EMFParser$ParseState,Covered,24,0
tika,tika-parser-microsoft-module,org.apache.tika.parser.microsoft.JackcessExtractor,Covered,535,170
tika,tika-parser-microsoft-module,org.apache.tika.parser.microsoft.JackcessParser$IgnoreLinkResolver,Uncovered,0,5
tika,tika-parser-microsoft-module,org.apache.tika.parser.microsoft.OutlookExtractor$Recipient,Uncovered,0,0
tika,tika-parser-microsoft-module,org.apache.tika.parser.microsoft.JackcessParser,Covered,116,19
tika,tika-parser-microsoft-module,org.apache.tika.parser.microsoft.TikaExcelGeneralFormat,Covered,113,18
tika,tika-parser-microsoft-module,org.apache.tika.parser.microsoft.TextCell,Covered,11,4
tika,tika-parser-microsoft-module,org.apache.tika.parser.microsoft.OutlookExtractor$ADDRESS_TYPE,Uncovered,0,15
tika,tika-parser-microsoft-module,org.apache.tika.parser.microsoft.NumberCell,Uncovered,0,24
tika,tika-parser-microsoft-module,org.apache.tika.parser.microsoft.EMFParser,Covered,421,41
tika,tika-parser-microsoft-module,org.apache.tika.parser.microsoft.Cell,Uncovered,0,0
tika,tika-parser-microsoft-module,org.apache.tika.parser.microsoft.TNEFParser,Covered,151,11
tika,tika-parser-microsoft-module,org.apache.tika.parser.microsoft.OldExcelParser,Covered,85,0
tika,tika-parser-microsoft-module,org.apache.tika.parser.microsoft.ExcelExtractor$TikaHSSFListener,Covered,900,70
tika,tika-parser-microsoft-module,org.apache.tika.parser.microsoft.ListManager,Covered,285,25
tika,tika-parser-microsoft-module,org.apache.tika.parser.microsoft.AbstractPOIFSExtractor,Covered,582,132
tika,tika-parser-microsoft-module,org.apache.tika.parser.microsoft.WordExtractor,Covered,1385,69
tika,tika-parser-microsoft-module,org.apache.tika.parser.microsoft.ExcelExtractor$TikaHSSFListener$TikaFormatTrackingHSSFListener,Covered,67,7
tika,tika-parser-microsoft-module,org.apache.tika.parser.microsoft.AbstractOfficeParser,Covered,24,103
tika,tika-parser-microsoft-module,org.apache.tika.parser.microsoft.ExcelExtractor,Covered,201,17
tika,tika-parser-microsoft-module,org.apache.tika.parser.microsoft.AbstractListManager,Covered,13,0
tika,tika-parser-microsoft-module,org.apache.tika.parser.microsoft.HSLFExtractor,Covered,1160,137
tika,tika-parser-microsoft-module,org.apache.tika.parser.microsoft.WordExtractor$TagAndStyle,Covered,29,0
tika,tika-parser-microsoft-module,org.apache.tika.parser.microsoft.FormattingUtils,Covered,105,0
tika,tika-parser-microsoft-module,org.apache.tika.parser.microsoft.LinkedCell,Covered,24,4
tika,tika-parser-microsoft-module,org.apache.tika.parser.microsoft.FormattingUtils$Tag,Covered,32,0
tika,tika-parser-microsoft-module,org.apache.tika.parser.microsoft.OfficeParser,Covered,450,65
tika,tika-parser-microsoft-module,org.apache.tika.parser.microsoft.WMFParser,Covered,110,36
tika,tika-parser-microsoft-module,org.apache.tika.parser.microsoft.AbstractListManager$LevelTuple,Covered,36,0
tika,tika-parser-microsoft-module,org.apache.tika.parser.microsoft.TikaExcelDataFormatter,Covered,53,4
tika,tika-parser-microsoft-module,org.apache.tika.parser.microsoft.WordExtractor$PicturesSource,Covered,149,0
tika,tika-parser-microsoft-module,org.apache.tika.parser.microsoft.OutlookExtractor$BODY_TYPES_PROCESSED,Covered,21,0
tika,tika-parser-microsoft-module,org.apache.tika.parser.microsoft.MSOwnerFileParser,Covered,78,15
tika,tika-parser-microsoft-module,org.apache.tika.parser.microsoft.OutlookExtractor$RECIPIENT_TYPE,Covered,57,2
tika,tika-parser-microsoft-module,org.apache.tika.parser.microsoft.OfficeParserConfig,Covered,142,11
tika,tika-parser-microsoft-module,org.apache.tika.parser.microsoft.OfficeParser$POIFSDocumentType,Covered,241,4
tika,tika-parser-microsoft-module,org.apache.tika.parser.microsoft.SummaryExtractor,Covered,394,59
tika,tika-parser-microsoft-module,org.apache.tika.parser.microsoft.AbstractListManager$ParagraphLevelCounter,Covered,497,28
tika,tika-parser-microsoft-module,org.apache.tika.parser.microsoft.CellDecorator,Covered,11,0
tika,tika-parser-microsoft-module,org.apache.tika.parser.microsoft.OutlookExtractor,Covered,1670,388
tika,tika-parser-microsoft-module,org.apache.tika.parser.microsoft.pst.PSTMailItemParser,Covered,452,80
tika,tika-parser-microsoft-module,org.apache.tika.parser.microsoft.pst.OutlookPSTParser,Covered,232,20
tika,tika-parser-microsoft-module,org.apache.tika.detect.microsoft.POIFSContainerDetector,Covered,774,93
tika,tika-parser-microsoft-module,org.apache.tika.detect.microsoft.POIFSContainerDetector$Config,Uncovered,0,6
tika,tika-parser-microsoft-module,org.apache.tika.parser.microsoft.onenote.fsshttpb.streamobj.chunking.ChunkingFactory,Uncovered,0,110
tika,tika-parser-microsoft-module,org.apache.tika.parser.microsoft.onenote.fsshttpb.streamobj.chunking.RDCAnalysisChunking,Uncovered,0,1383
tika,tika-parser-microsoft-module,org.apache.tika.parser.microsoft.onenote.fsshttpb.streamobj.chunking.SimpleChunking,Uncovered,0,102
tika,tika-parser-microsoft-module,org.apache.tika.parser.microsoft.onenote.fsshttpb.streamobj.chunking.AbstractChunking,Uncovered,0,6
tika,tika-parser-microsoft-module,org.apache.tika.parser.microsoft.onenote.fsshttpb.streamobj.chunking.ZipFilesChunking,Uncovered,0,336
tika,tika-parser-microsoft-module,org.apache.tika.parser.microsoft.onenote.fsshttpb.streamobj.chunking.ChunkingMethod,Uncovered,0,21
tika,tika-parser-microsoft-module,org.apache.tika.parser.microsoft.onenote.fsshttpb.exception.DataElementParseErrorException,Covered,8,7
tika,tika-parser-microsoft-module,org.apache.tika.parser.microsoft.ooxml.xps.XPSPageContentHandler,Covered,889,170
tika,tika-parser-microsoft-module,org.apache.tika.parser.microsoft.ooxml.xps.XPSExtractorDecorator$FixedDocSeqHandler,Covered,88,20
tika,tika-parser-microsoft-module,org.apache.tika.parser.microsoft.ooxml.xps.XPSPageContentHandler$GlyphIndex,Covered,6,0
tika,tika-parser-microsoft-module,org.apache.tika.parser.microsoft.ooxml.xps.XPSExtractorDecorator,Covered,181,24
tika,tika-parser-microsoft-module,org.apache.tika.parser.microsoft.ooxml.xps.XPSTextExtractor,Covered,29,7
tika,tika-parser-microsoft-module,org.apache.tika.parser.microsoft.ooxml.xps.XPSExtractorDecorator$FixedDocSeqHandler$PageContentPartHandler,Covered,79,8
tika,tika-parser-microsoft-module,org.apache.tika.parser.microsoft.ooxml.xps.XPSPageContentHandler$GlyphRun,Covered,118,0
tika,tika-parser-microsoft-module,org.apache.tika.parser.microsoft.ooxml.xps.XPSPageContentHandler$1,Covered,9,0
tika,tika-parser-microsoft-module,org.apache.tika.parser.microsoft.ooxml.xps.XPSPageContentHandler$2,Covered,9,0
tika,tika-parser-microsoft-module,org.apache.tika.parser.microsoft.ooxml.xps.XPSPageContentHandler$GlyphRun$DIRECTION,Covered,15,0
tika,tika-parser-microsoft-module,org.apache.tika.parser.microsoft.onenote.fsshttpb.streamobj.StreamObjectHeaderEnd16bit,Covered,29,89
tika,tika-parser-microsoft-module,org.apache.tika.parser.microsoft.onenote.fsshttpb.streamobj.StreamObjectHeaderStart,Covered,35,9
tika,tika-parser-microsoft-module,org.apache.tika.parser.microsoft.onenote.fsshttpb.streamobj.StorageManifestRootDeclare,Covered,36,29
tika,tika-parser-microsoft-module,org.apache.tika.parser.microsoft.onenote.fsshttpb.streamobj.ObjectGroupObjectBLOBDataDeclaration,Uncovered,0,140
tika,tika-parser-microsoft-module,org.apache.tika.parser.microsoft.onenote.fsshttpb.streamobj.JCIDObject,Covered,20,0
tika,tika-parser-microsoft-module,org.apache.tika.parser.microsoft.onenote.fsshttpb.streamobj.LeafNodeObject$IntermediateNodeObjectBuilder,Uncovered,0,342
tika,tika-parser-microsoft-module,org.apache.tika.parser.microsoft.onenote.fsshttpb.streamobj.DataSizeObject,Uncovered,0,34
tika,tika-parser-microsoft-module,org.apache.tika.parser.microsoft.onenote.fsshttpb.streamobj.StreamObjectParseErrorException,Uncovered,0,21
tika,tika-parser-microsoft-module,org.apache.tika.parser.microsoft.onenote.fsshttpb.streamobj.StreamObjectHeaderStart32bit,Covered,62,144
tika,tika-parser-microsoft-module,org.apache.tika.parser.microsoft.onenote.fsshttpb.streamobj.NodeObject,Uncovered,0,4
tika,tika-parser-microsoft-module,org.apache.tika.parser.microsoft.onenote.fsshttpb.streamobj.RevisionManifestDataElementData,Covered,103,62
tika,tika-parser-microsoft-module,org.apache.tika.parser.microsoft.onenote.fsshttpb.streamobj.ObjectGroupMetadata,Uncovered,0,49
tika,tika-parser-microsoft-module,org.apache.tika.parser.microsoft.onenote.fsshttpb.streamobj.StorageIndexManifestMapping,Covered,36,29
tika,tika-parser-microsoft-module,org.apache.tika.parser.microsoft.onenote.fsshttpb.streamobj.RevisionStoreObjectGroup,Covered,131,113
tika,tika-parser-microsoft-module,org.apache.tika.parser.microsoft.onenote.fsshttpb.streamobj.ObjectGroupObjectDataBLOBReference,Uncovered,0,93
tika,tika-parser-microsoft-module,org.apache.tika.parser.microsoft.onenote.fsshttpb.streamobj.StreamObjectTypeHeaderStart,Covered,621,0
tika,tika-parser-microsoft-module,org.apache.tika.parser.microsoft.onenote.fsshttpb.streamobj.ObjectGroupData,Covered,76,81
tika,tika-parser-microsoft-module,org.apache.tika.parser.microsoft.onenote.fsshttpb.streamobj.FileDataObject,Uncovered,0,3
tika,tika-parser-microsoft-module,org.apache.tika.parser.microsoft.onenote.fsshttpb.streamobj.ObjectGroupDataElementData$Builder,Uncovered,0,368
tika,tika-parser-microsoft-module,org.apache.tika.parser.microsoft.onenote.fsshttpb.streamobj.RevisionManifestObjectGroupReferences,Covered,29,27
tika,tika-parser-microsoft-module,org.apache.tika.parser.microsoft.onenote.fsshttpb.streamobj.DataElementPackage,Covered,42,33
tika,tika-parser-microsoft-module,org.apache.tika.parser.microsoft.onenote.fsshttpb.streamobj.IntermediateNodeObject,Uncovered,0,82
tika,tika-parser-microsoft-module,org.apache.tika.parser.microsoft.onenote.fsshttpb.streamobj.PropertySetObject,Covered,20,0
tika,tika-parser-microsoft-module,org.apache.tika.parser.microsoft.onenote.fsshttpb.streamobj.ObjectGroupObjectData,Covered,58,35
tika,tika-parser-microsoft-module,org.apache.tika.parser.microsoft.onenote.fsshttpb.streamobj.DataElementData,Covered,3,0
tika,tika-parser-microsoft-module,org.apache.tika.parser.microsoft.onenote.fsshttpb.streamobj.SignatureObject,Uncovered,0,57
tika,tika-parser-microsoft-module,org.apache.tika.parser.microsoft.onenote.fsshttpb.streamobj.IntermediateNodeObject$RootNodeObjectBuilder,Uncovered,0,37
tika,tika-parser-microsoft-module,org.apache.tika.parser.microsoft.onenote.fsshttpb.streamobj.ObjectGroupDataElementData,Covered,66,46
tika,tika-parser-microsoft-module,org.apache.tika.parser.microsoft.onenote.fsshttpb.streamobj.DataElement,Covered,124,139
tika,tika-parser-microsoft-module,org.apache.tika.parser.microsoft.onenote.fsshttpb.streamobj.StorageIndexRevisionMapping,Covered,43,35
tika,tika-parser-microsoft-module,org.apache.tika.parser.microsoft.onenote.fsshttpb.streamobj.PropertySet,Covered,125,78
tika,tika-parser-microsoft-module,org.apache.tika.parser.microsoft.onenote.fsshttpb.streamobj.StorageManifestDataElementData,Covered,71,42
tika,tika-parser-microsoft-module,org.apache.tika.parser.microsoft.onenote.fsshttpb.streamobj.StreamObject,Covered,347,196
tika,tika-parser-microsoft-module,org.apache.tika.parser.microsoft.onenote.fsshttpb.streamobj.StreamObjectTypeHeaderEnd,Covered,229,0
tika,tika-parser-microsoft-module,org.apache.tika.parser.microsoft.onenote.fsshttpb.streamobj.RevisionManifestRootDeclare,Covered,36,29
tika,tika-parser-microsoft-module,org.apache.tika.parser.microsoft.onenote.fsshttpb.streamobj.EncryptionObject,Uncovered,0,3
tika,tika-parser-microsoft-module,org.apache.tika.parser.microsoft.onenote.fsshttpb.streamobj.CellManifestDataElementData,Covered,25,4
tika,tika-parser-microsoft-module,org.apache.tika.parser.microsoft.onenote.fsshttpb.streamobj.LeafNodeObject,Uncovered,0,118
tika,tika-parser-microsoft-module,org.apache.tika.parser.microsoft.onenote.fsshttpb.streamobj.StorageIndexDataElementData,Covered,104,80
tika,tika-parser-microsoft-module,org.apache.tika.parser.microsoft.onenote.fsshttpb.streamobj.StreamObjectHeaderEnd,Covered,3,0
tika,tika-parser-microsoft-module,org.apache.tika.parser.microsoft.onenote.fsshttpb.streamobj.ObjectGroupMetadataDeclarations,Covered,9,97
tika,tika-parser-microsoft-module,org.apache.tika.parser.microsoft.onenote.fsshttpb.streamobj.StreamObjectHeaderEnd8bit,Covered,29,98
tika,tika-parser-microsoft-module,org.apache.tika.parser.microsoft.onenote.fsshttpb.streamobj.RevisionManifest,Covered,36,29
tika,tika-parser-microsoft-module,org.apache.tika.parser.microsoft.onenote.fsshttpb.streamobj.DataHashObject,Uncovered,0,97
tika,tika-parser-microsoft-module,org.apache.tika.parser.microsoft.onenote.fsshttpb.streamobj.ObjectGroupDeclarations,Covered,73,87
tika,tika-parser-microsoft-module,org.apache.tika.parser.microsoft.onenote.fsshttpb.streamobj.StorageIndexCellMapping,Covered,43,35
tika,tika-parser-microsoft-module,org.apache.tika.parser.microsoft.onenote.fsshttpb.streamobj.RevisionStoreObject,Covered,3,0
tika,tika-parser-microsoft-module,org.apache.tika.parser.microsoft.onenote.fsshttpb.streamobj.StorageManifestSchemaGUID,Covered,34,20
tika,tika-parser-microsoft-module,org.apache.tika.parser.microsoft.onenote.fsshttpb.streamobj.DataElementHash,Uncovered,0,65
tika,tika-parser-microsoft-module,org.apache.tika.parser.microsoft.onenote.fsshttpb.streamobj.CellManifestCurrentRevision,Covered,29,20
tika,tika-parser-microsoft-module,org.apache.tika.parser.microsoft.onenote.fsshttpb.streamobj.ObjectGroupObjectDeclare,Covered,97,47
tika,tika-parser-microsoft-module,org.apache.tika.parser.microsoft.onenote.fsshttpb.streamobj.StreamObjectHeaderStart16bit,Covered,53,131
tika,tika-parser-microsoft-module,org.apache.tika.parser.microsoft.onenote.fsshttpb.unsigned.ULong,Uncovered,0,417
tika,tika-parser-microsoft-module,org.apache.tika.parser.microsoft.onenote.fsshttpb.unsigned.Unsigned,Covered,6,52
tika,tika-parser-microsoft-module,org.apache.tika.parser.microsoft.onenote.fsshttpb.unsigned.UShort,Uncovered,0,148
tika,tika-parser-microsoft-module,org.apache.tika.parser.microsoft.onenote.fsshttpb.unsigned.UNumber,Covered,3,6
tika,tika-parser-microsoft-module,org.apache.tika.parser.microsoft.onenote.fsshttpb.unsigned.UByte,Covered,68,170
tika,tika-parser-microsoft-module,org.apache.tika.parser.microsoft.onenote.fsshttpb.unsigned.UMath,Uncovered,0,64
tika,tika-parser-microsoft-module,org.apache.tika.parser.microsoft.onenote.fsshttpb.unsigned.UInteger,Covered,116,218
tika,tika-parser-microsoft-module,org.apache.tika.parser.microsoft.libpst.EmailVisitor,Uncovered,0,86
tika,tika-parser-microsoft-module,org.apache.tika.parser.microsoft.libpst.LibPstParser,Covered,48,318
tika,tika-parser-microsoft-module,org.apache.tika.parser.microsoft.libpst.LibPstParserConfig,Covered,18,35
tika,tika-parser-microsoft-module,org.apache.tika.parser.microsoft.activemime.ActiveMimeParser,Covered,12,61
tika,tika-parser-microsoft-module,org.apache.tika.parser.microsoft.ooxml.xwpf.ml2006.Word2006MLParser,Covered,40,7
tika,tika-parser-microsoft-module,org.apache.tika.parser.microsoft.ooxml.xwpf.ml2006.ExtendedPropertiesHandler,Covered,110,0
tika,tika-parser-microsoft-module,org.apache.tika.parser.microsoft.ooxml.xwpf.ml2006.RelationshipsManager,Covered,61,15
tika,tika-parser-microsoft-module,org.apache.tika.parser.microsoft.ooxml.xwpf.ml2006.CorePropertiesHandler,Covered,201,16
tika,tika-parser-microsoft-module,org.apache.tika.parser.microsoft.ooxml.xwpf.ml2006.Relationship,Covered,12,15
tika,tika-parser-microsoft-module,org.apache.tika.parser.microsoft.ooxml.xwpf.ml2006.Word2006MLDocHandler,Covered,241,18
tika,tika-parser-microsoft-module,org.apache.tika.parser.microsoft.ooxml.xwpf.ml2006.BinaryDataHandler,Covered,110,12
tika,tika-parser-microsoft-module,org.apache.tika.parser.microsoft.ooxml.xwpf.ml2006.AbstractPartHandler,Covered,11,0
tika,tika-parser-microsoft-module,org.apache.tika.parser.microsoft.ooxml.xwpf.ml2006.WordAndPowerPointTextPartHandler,Covered,24,3
tika,tika-parser-microsoft-module,org.apache.tika.parser.microsoft.ooxml.xwpf.ml2006.PartHandler,Uncovered,0,0
tika,tika-parser-microsoft-module,org.apache.tika.parser.microsoft.ooxml.xwpf.ml2006.RelationshipsHandler,Covered,53,8
tika,tika-parser-microsoft-module,org.apache.tika.parser.microsoft.xml.SpreadsheetMLParser,Covered,39,0
tika,tika-parser-microsoft-module,org.apache.tika.parser.microsoft.xml.HyperlinkHandler,Covered,123,0
tika,tika-parser-microsoft-module,org.apache.tika.parser.microsoft.xml.WordMLParser$PictHandler,Covered,277,6
tika,tika-parser-microsoft-module,org.apache.tika.parser.microsoft.xml.WordMLParser,Covered,125,0
tika,tika-parser-microsoft-module,org.apache.tika.parser.microsoft.xml.SpreadsheetMLParser$ExcelMLHandler,Covered,227,12
tika,tika-parser-microsoft-module,org.apache.tika.parser.microsoft.xml.WordMLParser$WordMLHandler,Covered,165,0
tika,tika-parser-microsoft-module,org.apache.tika.parser.microsoft.xml.AbstractXML2003Parser,Covered,168,9
tika,tika-parser-xml-module,org.apache.tika.parser.xliff.XLZParser,Covered,88,56
tika,tika-parser-xml-module,org.apache.tika.parser.xliff.XLIFF12Parser,Covered,36,0
tika,tika-parser-xml-module,org.apache.tika.parser.xliff.XLIFF12ContentHandler,Covered,211,0
tika,tika-parser-xml-module,org.apache.tika.parser.xml.AbstractMetadataHandler,Covered,43,81
tika,tika-parser-xml-module,org.apache.tika.parser.xml.ElementMetadataHandler,Covered,330,100
tika,tika-parser-xml-module,org.apache.tika.parser.xml.XMLParser,Covered,75,10
tika,tika-parser-xml-module,org.apache.tika.parser.xml.MetadataHandler,Uncovered,0,102
tika,tika-parser-xml-module,org.apache.tika.parser.xml.DcXMLParser,Covered,116,0
tika,tika-parser-xml-module,org.apache.tika.parser.xml.XMLProfiler$XMLProfileHandler,Uncovered,0,126
tika,tika-parser-xml-module,org.apache.tika.parser.xml.XMLProfiler,Uncovered,0,50
tika,tika-parser-xml-module,org.apache.tika.parser.xml.AttributeMetadataHandler,Uncovered,0,51
tika,tika-parser-xml-module,org.apache.tika.parser.xml.FictionBookParser,Covered,18,0
tika,tika-parser-xml-module,org.apache.tika.parser.xml.TextAndAttributeXMLParser,Covered,9,0
tika,tika-parser-xml-module,org.apache.tika.parser.xml.FictionBookParser$BinaryElementsDataHandler,Covered,99,14
tika,tika-parser-xml-module,org.apache.tika.parser.xml.AttributeDependantMetadataHandler,Uncovered,0,89
tika,tika-parser-xml-module,org.apache.tika.parser.tmx.TMXContentHandler,Covered,281,90
tika,tika-parser-xml-module,org.apache.tika.parser.tmx.TMXParser,Covered,36,0
tika,tika-parsers-standard-package,org.apache.tika.parser.internal.Activator,Uncovered,0,41
tika,tika-parser-nlp-module,org.apache.tika.parser.ner.corenlp.CoreNLPNERecogniser$1,Uncovered,0,31
tika,tika-parser-nlp-module,org.apache.tika.parser.ner.corenlp.CoreNLPNERecogniser,Uncovered,0,241
tika,tika-parser-nlp-module,org.apache.tika.parser.ner.regex.RegexNERecogniser,Covered,163,23
tika,tika-parser-nlp-module,org.apache.tika.parser.geo.topic.gazetteer.Location,Uncovered,0,45
tika,tika-parser-nlp-module,org.apache.tika.parser.geo.topic.gazetteer.GeoGazetteerClient$1,Uncovered,0,6
tika,tika-parser-nlp-module,org.apache.tika.parser.geo.topic.gazetteer.GeoGazetteerClient,Covered,11,108
tika,tika-parser-nlp-module,org.apache.tika.parser.ctakes.CTAKESContentHandler,Uncovered,0,267
tika,tika-parser-nlp-module,org.apache.tika.parser.ctakes.CTAKESParser,Uncovered,0,42
tika,tika-parser-nlp-module,org.apache.tika.parser.ctakes.CTAKESConfig,Uncovered,0,335
tika,tika-parser-nlp-module,org.apache.tika.parser.ctakes.CTAKESSerializer,Uncovered,0,38
tika,tika-parser-nlp-module,org.apache.tika.parser.ctakes.CTAKESAnnotationProperty,Uncovered,0,84
tika,tika-parser-nlp-module,org.apache.tika.parser.ctakes.CTAKESUtils,Uncovered,0,237
tika,tika-parser-nlp-module,org.apache.tika.parser.ner.opennlp.OpenNLPNERecogniser,Covered,56,77
tika,tika-parser-nlp-module,org.apache.tika.parser.ner.opennlp.OpenNLPNameFinder,Covered,23,87
tika,tika-parser-nlp-module,org.apache.tika.parser.ner.opennlp.OpenNLPNERecogniser$1,Covered,38,0
tika,tika-parser-nlp-module,org.apache.tika.parser.journal.TEIDOMParser$Country,Covered,16,83
tika,tika-parser-nlp-module,org.apache.tika.parser.journal.TEIDOMParser$Author,Covered,37,24
tika,tika-parser-nlp-module,org.apache.tika.parser.journal.JournalParser,Covered,10,30
tika,tika-parser-nlp-module,org.apache.tika.parser.journal.TEIDOMParser,Covered,956,23
tika,tika-parser-nlp-module,org.apache.tika.parser.journal.TEIDOMParser$Address,Covered,96,89
tika,tika-parser-nlp-module,org.apache.tika.parser.journal.TEIDOMParser$OrgName,Covered,61,25
tika,tika-parser-nlp-module,org.apache.tika.parser.journal.TEIDOMParser$OrgTypeName,Covered,20,41
tika,tika-parser-nlp-module,org.apache.tika.parser.journal.GrobidRESTParser,Covered,22,187
tika,tika-parser-nlp-module,org.apache.tika.parser.journal.TEIDOMParser$Affiliation,Covered,56,17
tika,tika-parser-nlp-module,org.apache.tika.parser.ner.grobid.GrobidNERecogniser$1,Uncovered,0,23
tika,tika-parser-nlp-module,org.apache.tika.parser.ner.grobid.GrobidNERecogniser,Uncovered,0,408
tika,tika-parser-nlp-module,org.apache.tika.parser.ner.NERecogniser,Uncovered,0,0
tika,tika-parser-nlp-module,org.apache.tika.parser.ner.NamedEntityParser,Covered,242,16
tika,tika-parser-nlp-module,org.apache.tika.parser.geo.topic.GeoParserConfig,Covered,59,39
tika,tika-parser-nlp-module,org.apache.tika.parser.geo.topic.GeoTag,Uncovered,0,74
tika,tika-parser-nlp-module,org.apache.tika.parser.geo.topic.GeoParser,Covered,95,175
tika,tika-parser-nlp-module,org.apache.tika.parser.geo.topic.NameEntityExtractor,Uncovered,0,187
tika,tika-parser-nlp-module,org.apache.tika.parser.ner.nltk.NLTKNERecogniser,Covered,48,119
tika,tika-parser-nlp-module,org.apache.tika.parser.ner.nltk.NLTKNERecogniser$1,Covered,7,0
tika,tika-parser-nlp-module,org.apache.tika.parser.ner.mitie.MITIENERecogniser$1,Uncovered,0,19
tika,tika-parser-nlp-module,org.apache.tika.parser.ner.mitie.MITIENERecogniser,Uncovered,0,386
tika,tika-transcribe-aws,org.apache.tika.parser.transcribe.aws.AmazonTranscribe,Uncovered,0,533
tika,tika-parser-sqlite3-module,org.apache.tika.parser.geopkg.GeoPkgTableReader,Uncovered,0,65
tika,tika-parser-sqlite3-module,org.apache.tika.parser.geopkg.GeoPkgDBParser,Uncovered,0,27
tika,tika-parser-sqlite3-module,org.apache.tika.parser.geopkg.GeoPkgParser,Covered,22,22
tika,tika-parser-sqlite3-module,org.apache.tika.parser.sqlite3.SQLite3TableReader,Covered,18,3
tika,tika-parser-sqlite3-module,org.apache.tika.parser.sqlite3.SQLite3Parser,Covered,29,0
tika,tika-parser-sqlite3-module,org.apache.tika.parser.sqlite3.SQLite3DBParser,Covered,129,29
tika,tika-annotation-processor,org.apache.tika.annotation.TikaComponentProcessor,Uncovered,0,610
tika,tika-annotation-processor,org.apache.tika.annotation.KebabCaseConverter,Covered,25,0
tika,tika-annotation-processor,org.apache.tika.config.TikaComponent,Uncovered,0,0
tika,tika-translate,org.apache.tika.language.translate.impl.CachedTranslator,Covered,125,33
tika,tika-translate,org.apache.tika.language.translate.impl.AbstractTranslator,Covered,12,0
tika,tika-translate,org.apache.tika.language.translate.impl.GoogleTranslator,Covered,45,111
tika,tika-translate,org.apache.tika.language.translate.impl.Lingo24Translator,Covered,40,131
tika,tika-translate,org.apache.tika.language.translate.impl.YandexTranslator,Covered,40,171
tika,tika-translate,org.apache.tika.language.translate.impl.JoshuaNetworkTranslator,Covered,82,212
tika,tika-translate,org.apache.tika.language.translate.impl.RTGTranslator,Covered,61,98
tika,tika-translate,org.apache.tika.language.translate.impl.MicrosoftTranslator,Covered,74,64
tika,tika-translate,org.apache.tika.language.translate.impl.MarianTranslator,Covered,101,383
tika,tika-translate,org.apache.tika.language.translate.impl.MarianTranslator$MarianServerClient,Uncovered,0,65
tika,tika-translate,org.apache.tika.language.translate.impl.ExternalTranslator,Covered,3,79
tika,tika-translate,org.apache.tika.language.translate.impl.MosesTranslator,Covered,63,126
tika,tika-eval-app,org.apache.tika.eval.app.tools.TopCommonTokenCounter$TokenDFTF,Covered,12,86
tika,tika-eval-app,org.apache.tika.eval.app.tools.CommonTokenOverlapCounter,Uncovered,0,148
tika,tika-eval-app,org.apache.tika.eval.app.tools.TopCommonTokenCounter,Covered,495,62
tika,tika-eval-app,org.apache.tika.eval.app.tools.TrainTestSplit,Uncovered,0,272
tika,tika-eval-app,org.apache.tika.eval.app.tools.LeipzigHelper,Uncovered,0,92
tika,tika-eval-app,org.apache.tika.eval.app.tools.TopCommonTokenCounter$TokenDFPriorityQueue,Covered,58,0
tika,tika-eval-app,org.apache.tika.eval.app.tools.SlowCompositeReaderWrapper,Covered,97,438
tika,tika-eval-app,org.apache.tika.eval.app.tools.BatchTopCommonTokenCounter,Uncovered,0,80
tika,tika-eval-app,org.apache.tika.eval.app.tools.TopCommonTokenCounter$AbstractTokenTFDFPriorityQueue,Covered,4,30
tika,tika-eval-app,org.apache.tika.eval.app.tools.LeipzigSampler,Uncovered,0,134
tika,tika-eval-app,org.apache.tika.eval.app.io.ExtractReader$FileSuffixes$FORMAT,Covered,21,0
tika,tika-eval-app,org.apache.tika.eval.app.io.ExtractReader$FileSuffixes,Covered,29,5
tika,tika-eval-app,org.apache.tika.eval.app.io.ExtractReaderException$TYPE,Covered,45,0
tika,tika-eval-app,org.apache.tika.eval.app.io.ExtractReader$ALTER_METADATA_LIST,Covered,21,0
tika,tika-eval-app,org.apache.tika.eval.app.io.ExtractReaderException,Covered,20,0
tika,tika-eval-app,org.apache.tika.eval.app.io.DBWriter$LastInsert,Covered,9,0
tika,tika-eval-app,org.apache.tika.eval.app.io.DBWriter,Covered,222,67
tika,tika-eval-app,org.apache.tika.eval.app.io.IDBWriter,Uncovered,0,0
tika,tika-eval-app,org.apache.tika.eval.app.io.ExtractReader,Covered,324,139
tika,tika-eval-app,org.apache.tika.eval.app.reports.Report,Uncovered,0,320
tika,tika-eval-app,org.apache.tika.eval.app.reports.XLSXHREFFormatter,Uncovered,0,84
tika,tika-eval-app,org.apache.tika.eval.app.reports.XSLXCellFormatter,Uncovered,0,0
tika,tika-eval-app,org.apache.tika.eval.app.reports.XLSXNumFormatter,Uncovered,0,38
tika,tika-eval-app,org.apache.tika.eval.app.reports.ResultsReporter,Uncovered,0,718
tika,tika-eval-app,org.apache.tika.eval.app.db.DBBuffer,Uncovered,0,40
tika,tika-eval-app,org.apache.tika.eval.app.db.TableInfo,Covered,115,18
tika,tika-eval-app,org.apache.tika.eval.app.db.MimeBuffer,Covered,64,18
tika,tika-eval-app,org.apache.tika.eval.app.db.AbstractDBBuffer,Covered,96,0
tika,tika-eval-app,org.apache.tika.eval.app.db.H2Util,Covered,27,61
tika,tika-eval-app,org.apache.tika.eval.app.db.JDBCUtil$CREATE_TABLE,Covered,21,0
tika,tika-eval-app,org.apache.tika.eval.app.db.Cols,Covered,459,0
tika,tika-eval-app,org.apache.tika.eval.app.db.ColInfo,Covered,77,98
tika,tika-eval-app,org.apache.tika.eval.app.db.MimeBuffer$MimeUtil,Covered,23,49
tika,tika-eval-app,org.apache.tika.eval.app.db.JDBCUtil,Covered,333,142
tika,tika-eval-app,org.apache.tika.eval.app.ProfilerBase,Covered,1604,184
tika,tika-eval-app,org.apache.tika.eval.app.ExtractComparerRunner,Uncovered,0,465
tika,tika-eval-app,org.apache.tika.eval.app.ExtractComparer,Covered,919,213
tika,tika-eval-app,org.apache.tika.eval.app.ExtractProfileRunner,Covered,344,88
tika,tika-eval-app,org.apache.tika.eval.app.ExtractComparerRunner$ExtractComparerBuilder,Uncovered,0,312
tika,tika-eval-app,org.apache.tika.eval.app.ProfilerBase$EXCEPTION_TYPE,Covered,27,0
tika,tika-eval-app,org.apache.tika.eval.app.ExtractComparerRunner$ComparerWorker,Uncovered,0,52
tika,tika-eval-app,org.apache.tika.eval.app.EvalFilePaths,Covered,47,110
tika,tika-eval-app,org.apache.tika.eval.app.ProfilerBase$PARSE_ERROR_TYPE,Covered,15,0
tika,tika-eval-app,org.apache.tika.eval.app.ExtractProfiler,Covered,842,34
tika,tika-eval-app,org.apache.tika.eval.app.ExtractProfileRunner$ExtractProfilerBuilder,Covered,237,8
tika,tika-eval-app,org.apache.tika.eval.app.StatusReporter,Covered,139,38
tika,tika-eval-app,org.apache.tika.eval.app.EvalConfig,Covered,64,39
tika,tika-eval-app,org.apache.tika.eval.app.ExtractProfileRunner$ProfileWorker,Covered,48,4
tika,tika-eval-app,org.apache.tika.eval.app.TikaEvalCLI,Uncovered,0,147
tika,tika-eval-core,org.apache.tika.eval.core.tokens.TokenContraster$TokenCountDiff,Uncovered,0,12
tika,tika-eval-core,org.apache.tika.eval.core.tokens.LangModel,Covered,54,38
tika,tika-eval-core,org.apache.tika.eval.core.tokens.URLEmailNormalizingFilterFactory,Covered,16,3
tika,tika-eval-core,org.apache.tika.eval.core.tokens.AnalyzerDeserializer,Covered,323,105
tika,tika-eval-core,org.apache.tika.eval.core.tokens.AnalyzerManager,Covered,56,16
tika,tika-eval-core,org.apache.tika.eval.core.tokens.TokenCounter,Covered,238,27
tika,tika-eval-core,org.apache.tika.eval.core.tokens.TokenContraster$TokenCountDiffQueue,Uncovered,0,64
tika,tika-eval-core,org.apache.tika.eval.core.tokens.CJKBigramAwareLengthFilterFactory$CJKAwareLengthFilter,Covered,56,0
tika,tika-eval-core,org.apache.tika.eval.core.tokens.AlphaIdeographFilterFactory,Covered,41,21
tika,tika-eval-core,org.apache.tika.eval.core.tokens.CommonTokenCountManager,Covered,214,96
tika,tika-eval-core,org.apache.tika.eval.core.tokens.TokenCounts,Covered,50,0
tika,tika-eval-core,org.apache.tika.eval.core.tokens.TokenIntPair,Covered,40,45
tika,tika-eval-core,org.apache.tika.eval.core.tokens.ContrastStatistics,Uncovered,0,45
tika,tika-eval-core,org.apache.tika.eval.core.tokens.TokenCountPriorityQueue,Covered,60,0
tika,tika-eval-core,org.apache.tika.eval.core.tokens.TokenStatistics,Covered,133,111
tika,tika-eval-core,org.apache.tika.eval.core.tokens.URLEmailNormalizingFilterFactory$URLEmailFilter,Covered,65,0
tika,tika-eval-core,org.apache.tika.eval.core.tokens.AlphaIdeographFilterFactory$AlphaFilter,Covered,40,0
tika,tika-eval-core,org.apache.tika.eval.core.tokens.TokenContraster,Uncovered,0,332
tika,tika-eval-core,org.apache.tika.eval.core.tokens.CommonTokenResult,Covered,43,0
tika,tika-eval-core,org.apache.tika.eval.core.tokens.CJKBigramAwareLengthFilterFactory,Covered,24,9
tika,tika-eval-core,org.apache.tika.eval.core.util.ContentTagParser,Uncovered,0,59
tika,tika-eval-core,org.apache.tika.eval.core.util.ContentTagParser$RuntimeSAXException,Uncovered,0,9
tika,tika-eval-core,org.apache.tika.eval.core.util.ContentTags,Uncovered,0,54
tika,tika-eval-core,org.apache.tika.eval.core.util.ContentTagParser$TikaNodeFilter,Uncovered,0,166
tika,tika-eval-core,org.apache.tika.eval.core.util.ContentTagParser$XHTMLContentTagHandler,Uncovered,0,57
tika,tika-eval-core,org.apache.tika.eval.core.util.EvalExceptionUtils,Uncovered,0,28
tika,tika-eval-core,org.apache.tika.eval.core.metadata.TikaEvalMetadataFilter,Covered,150,5
tika,tika-eval-core,org.apache.tika.eval.core.langid.LanguageIDWrapper,Covered,19,8
tika,tika-eval-core,org.apache.tika.eval.core.textstats.CommonTokensHellinger,Uncovered,0,82
tika,tika-eval-core,org.apache.tika.eval.core.textstats.TextProfileSignature$TokenComparator,Covered,24,2
tika,tika-eval-core,org.apache.tika.eval.core.textstats.UnicodeBlockCounter,Uncovered,0,94
tika,tika-eval-core,org.apache.tika.eval.core.textstats.TextStatsCalculator,Uncovered,0,0
tika,tika-eval-core,org.apache.tika.eval.core.textstats.TokenCountStatsCalculator,Uncovered,0,0
tika,tika-eval-core,org.apache.tika.eval.core.textstats.TokenEntropy,Covered,47,0
tika,tika-eval-core,org.apache.tika.eval.core.textstats.TextSha256Signature$TextSha256Instance,Covered,21,0
tika,tika-eval-core,org.apache.tika.eval.core.textstats.CommonTokensCosine,Uncovered,0,119
tika,tika-eval-core,org.apache.tika.eval.core.textstats.BasicTokenCountStatsCalculator,Covered,5,0
tika,tika-eval-core,org.apache.tika.eval.core.textstats.CommonTokens,Covered,89,0
tika,tika-eval-core,org.apache.tika.eval.core.textstats.BytesRefCalculator,Uncovered,0,0
tika,tika-eval-core,org.apache.tika.eval.core.textstats.TextSha256Signature,Covered,12,0
tika,tika-eval-core,org.apache.tika.eval.core.textstats.ContentLengthCalculator,Covered,8,0
tika,tika-eval-core,org.apache.tika.eval.core.textstats.TextProfileSignature,Covered,170,4
tika,tika-eval-core,org.apache.tika.eval.core.textstats.TextProfileSignature$Token,Covered,9,6
tika,tika-eval-core,org.apache.tika.eval.core.textstats.CommonTokensBhattacharyya,Uncovered,0,73
tika,tika-eval-core,org.apache.tika.eval.core.textstats.CompositeTextStatsCalculator,Covered,329,51
tika,tika-eval-core,org.apache.tika.eval.core.textstats.LanguageAwareTokenCountStats,Uncovered,0,0
tika,tika-eval-core,org.apache.tika.eval.core.textstats.CommonTokensKLDivergence,Uncovered,0,77
tika,tika-eval-core,org.apache.tika.eval.core.textstats.CommonTokensKLDNormed,Uncovered,0,103
tika,tika-eval-core,org.apache.tika.eval.core.textstats.StringStatsCalculator,Uncovered,0,0
tika,tika-eval-core,org.apache.tika.eval.core.textstats.TokenLengths,Uncovered,0,46
tika,tika-eval-core,org.apache.tika.eval.core.textstats.BytesRefCalculator$BytesRefCalcInstance,Uncovered,0,0
tika,tika-eval-core,org.apache.tika.eval.core.textstats.TokenCountPriorityQueue,Covered,60,0
tika,tika-eval-core,org.apache.tika.eval.core.textstats.TopNTokens,Uncovered,0,65
tika,tika-core,org.apache.tika.metadata.writefilter.MetadataWriteFilterFactory,Uncovered,0,0
tika,tika-core,org.apache.tika.metadata.writefilter.StandardWriteFilter$StringSizePair,Uncovered,0,12
tika,tika-core,org.apache.tika.metadata.writefilter.StandardWriteFilterFactory,Uncovered,0,150
tika,tika-core,org.apache.tika.metadata.writefilter.StandardWriteFilter,Uncovered,0,875
tika,tika-core,org.apache.tika.metadata.writefilter.MetadataWriteFilter,Uncovered,0,0
tika,tika-core,org.apache.tika.parser.external.ExternalParsersConfigReader,Uncovered,0,371
tika,tika-core,org.apache.tika.parser.external.ExternalParser$LineConsumer,Uncovered,0,4
tika,tika-core,org.apache.tika.parser.external.CompositeExternalParser,Uncovered,0,11
tika,tika-core,org.apache.tika.parser.external.ExternalParsersFactory,Uncovered,0,67
tika,tika-core,org.apache.tika.parser.external.ExternalParser,Covered,99,478
tika,tika-core,org.apache.tika.parser.external.ExternalParsersConfigReaderMetKeys,Uncovered,0,0
tika,tika-core,org.apache.tika.utils.SystemUtils,Uncovered,0,102
tika,tika-core,org.apache.tika.utils.XMLReaderUtils$BuiltInPoolSAXParser,Covered,16,1
tika,tika-core,org.apache.tika.utils.StringUtils,Covered,44,247
tika,tika-core,org.apache.tika.utils.XMLReaderUtils$UnrecognizedPoolSAXParser,Uncovered,0,22
tika,tika-core,org.apache.tika.utils.XMLReaderUtils$PoolDOMBuilder,Covered,34,0
tika,tika-core,org.apache.tika.utils.CompareUtils,Covered,29,3
tika,tika-core,org.apache.tika.utils.ConcurrentUtils,Covered,28,7
tika,tika-core,org.apache.tika.utils.XMLReaderUtils$Xerces2PoolSAXParser,Uncovered,0,33
tika,tika-core,org.apache.tika.utils.XMLReaderUtils$2,Covered,3,3
tika,tika-core,org.apache.tika.utils.XMLReaderUtils$1,Covered,3,2
tika,tika-core,org.apache.tika.utils.RereadableInputStream,Covered,249,26
tika,tika-core,org.apache.tika.utils.CharsetUtils,Covered,363,72
tika,tika-core,org.apache.tika.utils.FileProcessResult,Covered,39,74
tika,tika-core,org.apache.tika.utils.DurationFormatUtils,Uncovered,0,115
tika,tika-core,org.apache.tika.utils.ExceptionUtils,Covered,28,33
tika,tika-core,org.apache.tika.utils.ProcessUtils,Covered,167,200
tika,tika-core,org.apache.tika.utils.XMLReaderUtils,Covered,540,742
tika,tika-core,org.apache.tika.utils.RegexUtils,Covered,31,3
tika,tika-core,org.apache.tika.utils.ServiceLoaderUtils,Covered,13,33
tika,tika-core,org.apache.tika.utils.DateUtils,Covered,177,0
tika,tika-core,org.apache.tika.utils.ParserUtils,Covered,138,16
tika,tika-core,org.apache.tika.utils.XMLReaderUtils$PoolSAXParser,Covered,25,0
tika,tika-core,org.apache.tika.utils.XMLReaderUtils$XercesPoolSAXParser,Uncovered,0,14
tika,tika-core,org.apache.tika.utils.StreamGobbler,Covered,77,28
tika,tika-core,org.apache.tika.exception.UnsupportedFormatException,Uncovered,0,4
tika,tika-core,org.apache.tika.exception.TikaException,Covered,9,0
tika,tika-core,org.apache.tika.exception.FileTooLongException,Uncovered,0,14
tika,tika-core,org.apache.tika.exception.TikaConfigException,Uncovered,0,9
tika,tika-core,org.apache.tika.exception.AccessPermissionException,Uncovered,0,18
tika,tika-core,org.apache.tika.exception.RuntimeSAXException,Uncovered,0,4
tika,tika-core,org.apache.tika.exception.TikaTimeoutException,Uncovered,0,4
tika,tika-core,org.apache.tika.exception.EncryptedDocumentException,Uncovered,0,18
tika,tika-core,org.apache.tika.exception.WriteLimitReachedException,Covered,35,24
tika,tika-core,org.apache.tika.exception.CorruptedFileException,Uncovered,0,9
tika,tika-core,org.apache.tika.exception.TikaMemoryLimitException,Uncovered,0,14
tika,tika-core,org.apache.tika.exception.ZeroByteFileException$IgnoreZeroByteFileException,Uncovered,0,3
tika,tika-core,org.apache.tika.exception.ZeroByteFileException,Uncovered,0,9
tika,tika-core,org.apache.tika.language.detect.LanguageDetector,Uncovered,0,130
tika,tika-core,org.apache.tika.language.detect.LanguageNames,Covered,16,23
tika,tika-core,org.apache.tika.language.detect.LanguageHandler,Uncovered,0,30
tika,tika-core,org.apache.tika.language.detect.LanguageResult,Uncovered,0,101
tika,tika-core,org.apache.tika.language.detect.LanguageWriter,Uncovered,0,28
tika,tika-core,org.apache.tika.language.detect.LanguageConfidence,Uncovered,0,27
tika,tika-core,org.apache.tika.detect.TextDetector,Covered,109,0
tika,tika-core,org.apache.tika.detect.DefaultEncodingDetector,Covered,6,15
tika,tika-core,org.apache.tika.detect.DefaultProbDetector,Uncovered,0,70
tika,tika-core,org.apache.tika.detect.TrainedModel,Covered,3,0
tika,tika-core,org.apache.tika.detect.NameDetector,Covered,117,7
tika,tika-core,org.apache.tika.detect.CompositeEncodingDetector,Covered,13,107
tika,tika-core,org.apache.tika.detect.XmlRootExtractor,Covered,58,17
tika,tika-core,org.apache.tika.detect.TrainedModelDetector,Covered,169,59
tika,tika-core,org.apache.tika.detect.NNTrainedModel,Covered,228,2
tika,tika-core,org.apache.tika.detect.DefaultDetector,Covered,83,48
tika,tika-core,org.apache.tika.detect.TypeDetector,Covered,18,0
tika,tika-core,org.apache.tika.detect.AutoDetectReader,Uncovered,0,140
tika,tika-core,org.apache.tika.detect.CompositeDetector,Covered,73,90
tika,tika-core,org.apache.tika.detect.ZeroSizeFileDetector,Covered,20,0
tika,tika-core,org.apache.tika.detect.EncodingDetector,Uncovered,0,0
tika,tika-core,org.apache.tika.detect.MagicDetector,Covered,942,77
tika,tika-core,org.apache.tika.detect.OverrideEncodingDetector,Uncovered,0,36
tika,tika-core,org.apache.tika.detect.FileCommandDetector,Covered,124,60
tika,tika-core,org.apache.tika.detect.EmptyDetector,Covered,8,2
tika,tika-core,org.apache.tika.detect.OverrideDetector,Covered,3,20
tika,tika-core,org.apache.tika.detect.Detector,Uncovered,0,0
tika,tika-core,org.apache.tika.detect.TextStatistics,Covered,227,30
tika,tika-core,org.apache.tika.detect.XmlRootExtractor$MalformedCharException,Covered,4,0
tika,tika-core,org.apache.tika.detect.OverrideEncodingDetector$Config,Uncovered,0,6
tika,tika-core,org.apache.tika.detect.NNExampleModelDetector,Covered,155,51
tika,tika-core,org.apache.tika.detect.NNTrainedModelBuilder,Covered,38,12
tika,tika-core,org.apache.tika.detect.XmlRootExtractor$ExtractorHandler,Covered,18,0
tika,tika-core,org.apache.tika.metadata.filter.RemoveByMimeMetadataFilter$Config,Uncovered,0,8
tika,tika-core,org.apache.tika.metadata.filter.NoOpFilter,Uncovered,0,9
tika,tika-core,org.apache.tika.metadata.filter.MetadataFilterBase,Uncovered,0,18
tika,tika-core,org.apache.tika.metadata.filter.CaptureGroupMetadataFilter,Uncovered,0,134
tika,tika-core,org.apache.tika.metadata.filter.ExcludeFieldMetadataFilter,Uncovered,0,57
tika,tika-core,org.apache.tika.metadata.filter.DateNormalizingMetadataFilter,Uncovered,0,123
tika,tika-core,org.apache.tika.metadata.filter.GeoPointMetadataFilter$Config,Uncovered,0,6
tika,tika-core,org.apache.tika.metadata.filter.GeoPointMetadataFilter,Uncovered,0,54
tika,tika-core,org.apache.tika.metadata.filter.ExcludeFieldMetadataFilter$Config,Uncovered,0,8
tika,tika-core,org.apache.tika.metadata.filter.CaptureGroupMetadataFilter$Config,Uncovered,0,3
tika,tika-core,org.apache.tika.metadata.filter.ClearByAttachmentTypeMetadataFilter,Uncovered,0,135
tika,tika-core,org.apache.tika.metadata.filter.RemoveByMimeMetadataFilter,Uncovered,0,71
tika,tika-core,org.apache.tika.metadata.filter.IncludeFieldMetadataFilter,Uncovered,0,67
tika,tika-core,org.apache.tika.metadata.filter.IncludeFieldMetadataFilter$Config,Uncovered,0,8
tika,tika-core,org.apache.tika.metadata.filter.CompositeMetadataFilter,Uncovered,0,47
tika,tika-core,org.apache.tika.metadata.filter.MetadataFilter,Uncovered,0,3
tika,tika-core,org.apache.tika.metadata.filter.DefaultMetadataFilter,Uncovered,0,23
tika,tika-core,org.apache.tika.metadata.filter.DateNormalizingMetadataFilter$Config,Uncovered,0,6
tika,tika-core,org.apache.tika.metadata.filter.FieldNameMappingFilter$Config,Uncovered,0,11
tika,tika-core,org.apache.tika.metadata.filter.ClearByAttachmentTypeMetadataFilter$Config,Uncovered,0,8
tika,tika-core,org.apache.tika.metadata.filter.FieldNameMappingFilter,Uncovered,0,192
tika,tika-core,org.apache.tika.renderer.RenderingTracker,Uncovered,0,14
tika,tika-core,org.apache.tika.renderer.RenderingState,Uncovered,0,3
tika,tika-core,org.apache.tika.renderer.RenderRequest,Uncovered,0,0
tika,tika-core,org.apache.tika.renderer.Renderer,Uncovered,0,0
tika,tika-core,org.apache.tika.renderer.RenderResult$1,Uncovered,0,14
tika,tika-core,org.apache.tika.renderer.PageRangeRequest,Uncovered,0,69
tika,tika-core,org.apache.tika.renderer.PageBasedRenderResults,Uncovered,0,49
tika,tika-core,org.apache.tika.renderer.CompositeRenderer,Covered,39,77
tika,tika-core,org.apache.tika.renderer.RenderResult,Uncovered,0,74
tika,tika-core,org.apache.tika.renderer.RenderResults,Uncovered,0,28
tika,tika-core,org.apache.tika.renderer.RenderResult$STATUS,Uncovered,0,21
tika,tika-core,org.apache.tika.mime.AndClause,Covered,62,0
tika,tika-core,org.apache.tika.mime.Clause,Uncovered,0,0
tika,tika-core,org.apache.tika.mime.MimeTypesReaderMetKeys,Uncovered,0,0
tika,tika-core,org.apache.tika.mime.MimeTypesReader$ClauseRecord,Covered,113,0
tika,tika-core,org.apache.tika.mime.MediaTypeRegistry,Covered,209,25
tika,tika-core,org.apache.tika.mime.MimeTypesReader$MinShouldMatchVal,Covered,9,7
tika,tika-core,org.apache.tika.mime.MimeTypes,Covered,657,86
tika,tika-core,org.apache.tika.mime.MimeTypeException,Covered,4,5
tika,tika-core,org.apache.tika.mime.Patterns$LengthComparator,Covered,14,0
tika,tika-core,org.apache.tika.mime.MimeType,Covered,258,154
tika,tika-core,org.apache.tika.mime.OrClause,Covered,52,0
tika,tika-core,org.apache.tika.mime.Patterns,Covered,325,63
tika,tika-core,org.apache.tika.mime.MimeTypesFactory,Covered,148,67
tika,tika-core,org.apache.tika.mime.ProbabilisticMimeDetectionSelector$Builder,Uncovered,0,58
tika,tika-core,org.apache.tika.mime.ProbabilisticMimeDetectionSelector,Covered,730,227
tika,tika-core,org.apache.tika.mime.MagicMatch,Covered,62,0
tika,tika-core,org.apache.tika.mime.MediaType,Covered,554,144
tika,tika-core,org.apache.tika.mime.MinShouldMatchClause,Covered,94,0
tika,tika-core,org.apache.tika.mime.HexCoDec,Uncovered,0,209
tika,tika-core,org.apache.tika.mime.MimeTypesReader,Covered,470,101
tika,tika-core,org.apache.tika.mime.Magic,Covered,65,35
tika,tika-core,org.apache.tika.mime.MimeType$RootXML,Covered,67,27
tika,tika-core,org.apache.tika.io.LookaheadInputStream,Covered,129,35
tika,tika-core,org.apache.tika.io.FilenameUtils,Covered,753,30
tika,tika-core,org.apache.tika.io.EndianUtils$BufferUnderrunException,Covered,4,0
tika,tika-core,org.apache.tika.io.BoundedInputStream,Uncovered,0,171
tika,tika-core,org.apache.tika.io.TailStream,Covered,287,0
tika,tika-core,org.apache.tika.io.InputStreamFactory,Uncovered,0,0
tika,tika-core,org.apache.tika.io.EndianUtils,Covered,158,527
tika,tika-core,org.apache.tika.io.TemporaryResources,Covered,77,88
tika,tika-core,org.apache.tika.io.IOUtils,Uncovered,0,45
tika,tika-core,org.apache.tika.io.TikaInputStream$1,Covered,14,0
tika,tika-core,org.apache.tika.io.TikaInputStream,Covered,368,555
tika,tika-core,org.apache.tika.concurrent.ConfigurableThreadPoolExecutor,Uncovered,0,0
tika,tika-core,org.apache.tika.concurrent.SimpleThreadPoolExecutor,Covered,11,6
tika,tika-core,org.apache.tika.extractor.BasicEmbeddedBytesSelector,Uncovered,0,92
tika,tika-core,org.apache.tika.extractor.ParserContainerExtractor$RecursiveParser,Uncovered,0,73
tika,tika-core,org.apache.tika.extractor.EmbeddedResourceHandler,Uncovered,0,0
tika,tika-core,org.apache.tika.extractor.DefaultEmbeddedStreamTranslator,Covered,21,45
tika,tika-core,org.apache.tika.extractor.RUnpackExtractor,Uncovered,0,297
tika,tika-core,org.apache.tika.extractor.EmbeddedDocumentUtil,Uncovered,0,328
tika,tika-core,org.apache.tika.extractor.SkipEmbeddedDocumentSelector,Uncovered,0,5
tika,tika-core,org.apache.tika.extractor.ContainerExtractor,Uncovered,0,0
tika,tika-core,org.apache.tika.extractor.EmbeddedDocumentByteStoreExtractorFactory,Uncovered,0,0
tika,tika-core,org.apache.tika.extractor.DocumentSelector,Uncovered,0,0
tika,tika-core,org.apache.tika.extractor.ParserContainerExtractor,Uncovered,0,66
tika,tika-core,org.apache.tika.extractor.RUnpackExtractorFactory,Uncovered,0,142
tika,tika-core,org.apache.tika.extractor.EmbeddedStreamTranslator,Uncovered,0,0
tika,tika-core,org.apache.tika.extractor.EmbeddedBytesSelector,Uncovered,0,5
tika,tika-core,org.apache.tika.extractor.ParentContentHandler,Uncovered,0,9
tika,tika-core,org.apache.tika.extractor.EmbeddedDocumentBytesHandler,Uncovered,0,0
tika,tika-core,org.apache.tika.extractor.ParsingEmbeddedDocumentExtractorFactory,Covered,17,4
tika,tika-core,org.apache.tika.extractor.EmbeddedBytesSelector$AcceptAll,Uncovered,0,5
tika,tika-core,org.apache.tika.extractor.ParsingEmbeddedDocumentExtractor,Covered,23,148
tika,tika-core,org.apache.tika.extractor.EmbeddedDocumentExtractor,Uncovered,0,0
tika,tika-core,org.apache.tika.extractor.EmbeddedDocumentExtractorFactory,Uncovered,0,0
tika,tika-core,org.apache.tika.sax.StandardsText,Uncovered,0,163
tika,tika-core,org.apache.tika.sax.StandardReference,Uncovered,0,77
tika,tika-core,org.apache.tika.sax.WriteLimiter,Uncovered,0,0
tika,tika-core,org.apache.tika.sax.StandardsExtractingContentHandler,Uncovered,0,109
tika,tika-core,org.apache.tika.sax.TextAndAttributeContentHandler,Uncovered,0,66
tika,tika-core,org.apache.tika.sax.ToXMLContentHandler,Covered,358,15
tika,tika-core,org.apache.tika.sax.TaggedSAXException,Covered,13,3
tika,tika-core,org.apache.tika.sax.Link,Covered,27,177
tika,tika-core,org.apache.tika.sax.WriteOutContentHandler,Covered,141,27
tika,tika-core,org.apache.tika.sax.EmbeddedContentHandler,Uncovered,0,6
tika,tika-core,org.apache.tika.sax.ToXMLContentHandler$ElementInfo,Covered,53,10
tika,tika-core,org.apache.tika.sax.StandardReference$StandardReferenceBuilder,Uncovered,0,45
tika,tika-core,org.apache.tika.sax.CleanPhoneText,Uncovered,0,2782
tika,tika-core,org.apache.tika.sax.RecursiveParserWrapperHandler,Covered,108,81
tika,tika-core,org.apache.tika.sax.ElementMappingContentHandler$TargetElement,Uncovered,0,79
tika,tika-core,org.apache.tika.sax.SecureContentHandler$SecureSAXException,Covered,14,1
tika,tika-core,org.apache.tika.sax.SafeContentHandler$StringOutput,Uncovered,0,20
tika,tika-core,org.apache.tika.sax.TextContentHandler,Uncovered,0,64
tika,tika-core,org.apache.tika.sax.LinkContentHandler,Covered,199,53
tika,tika-core,org.apache.tika.sax.BasicContentHandlerFactory,Covered,188,248
tika,tika-core,org.apache.tika.sax.DIFContentHandler,Uncovered,0,389
tika,tika-core,org.apache.tika.sax.XMPContentHandler,Uncovered,0,230
tika,tika-core,org.apache.tika.sax.StoppingEarlyException,Uncovered,0,8
tika,tika-core,org.apache.tika.sax.ElementMappingContentHandler,Uncovered,0,72
tika,tika-core,org.apache.tika.sax.ToTextContentHandler,Covered,85,49
tika,tika-core,org.apache.tika.sax.ToHTMLContentHandler,Covered,92,0
tika,tika-core,org.apache.tika.sax.OfflineContentHandler,Covered,11,0
tika,tika-core,org.apache.tika.sax.ContentHandlerFactory,Uncovered,0,0
tika,tika-core,org.apache.tika.sax.ContentHandlerDecorator,Covered,100,104
tika,tika-core,org.apache.tika.sax.TeeContentHandler,Uncovered,0,246
tika,tika-core,org.apache.tika.sax.SafeContentHandler,Covered,185,75
tika,tika-core,org.apache.tika.sax.BodyContentHandler,Covered,32,7
tika,tika-core,org.apache.tika.sax.XHTMLContentHandler,Covered,562,61
tika,tika-core,org.apache.tika.sax.AbstractRecursiveParserWrapperHandler,Covered,40,55
tika,tika-core,org.apache.tika.sax.StandardOrganizations,Uncovered,0,521
tika,tika-core,org.apache.tika.sax.TaggedContentHandler,Covered,10,30
tika,tika-core,org.apache.tika.sax.ContentHandlerDecoratorFactory,Uncovered,0,0
tika,tika-core,org.apache.tika.sax.SecureContentHandler,Covered,184,45
tika,tika-core,org.apache.tika.sax.ExpandedTitleContentHandler,Uncovered,0,68
tika,tika-core,org.apache.tika.sax.SafeContentHandler$Output,Uncovered,0,0
tika,tika-core,org.apache.tika.sax.EndDocumentShieldingContentHandler,Uncovered,0,17
tika,tika-core,org.apache.tika.sax.PhoneExtractingContentHandler,Uncovered,0,71
tika,tika-core,org.apache.tika.sax.BasicContentHandlerFactory$HANDLER_TYPE,Covered,33,0
tika,tika-core,org.apache.tika.sax.RichTextContentHandler,Covered,51,0
tika,tika-core,org.apache.tika.sax.LinkBuilder,Covered,82,8
tika,tika-core,org.apache.tika.sax.StreamingContentHandlerFactory,Uncovered,0,0
tika,tika-core,org.apache.tika.Tika,Covered,57,367
tika,tika-core,org.apache.tika.embedder.Embedder,Uncovered,0,0
tika,tika-core,org.apache.tika.embedder.ExternalEmbedder,Uncovered,0,600
tika,tika-core,org.apache.tika.parser.RegexCaptureParserConfig,Covered,29,8
tika,tika-core,org.apache.tika.parser.SimplePasswordProvider,Uncovered,0,19
tika,tika-core,org.apache.tika.parser.ParsingReader$ParsingTask,Uncovered,0,51
tika,tika-core,org.apache.tika.parser.NetworkParser,Uncovered,0,80
tika,tika-core,org.apache.tika.parser.NetworkParser$1,Uncovered,0,14
tika,tika-core,org.apache.tika.parser.CryptoParser,Uncovered,0,110
tika,tika-core,org.apache.tika.parser.DelegatingParser,Covered,3,21
tika,tika-core,org.apache.tika.parser.StatefulParser,Covered,4,0
tika,tika-core,org.apache.tika.parser.RecursiveParserWrapper$ParserState,Covered,15,0
tika,tika-core,org.apache.tika.parser.RecursiveParserWrapper$RecursivelySecureContentHandler,Covered,69,68
tika,tika-core,org.apache.tika.parser.RecursiveParserWrapper$EmbeddedParserDecorator,Covered,27,214
tika,tika-core,org.apache.tika.parser.NetworkParser$ParsingTask,Uncovered,0,103
tika,tika-core,org.apache.tika.parser.ErrorParser,Covered,15,0
tika,tika-core,org.apache.tika.parser.AbstractExternalProcessParser,Uncovered,0,34
tika,tika-core,org.apache.tika.parser.RegexCaptureParser,Covered,208,77
tika,tika-core,org.apache.tika.parser.CompositeParser,Covered,282,258
tika,tika-core,org.apache.tika.parser.ParseContext,Covered,67,136
tika,tika-core,org.apache.tika.parser.AbstractEncodingDetectorParser,Uncovered,0,33
tika,tika-core,org.apache.tika.parser.ParseContext$StringJsonConfig,Covered,6,0
tika,tika-core,org.apache.tika.parser.RecursiveParserWrapper$SecureHandlerCounter,Covered,12,15
tika,tika-core,org.apache.tika.parser.ParserDecorator$MimeFilteringDecorator,Covered,65,8
tika,tika-core,org.apache.tika.parser.ParserPostProcessor,Uncovered,0,64
tika,tika-core,org.apache.tika.parser.Parser,Uncovered,0,0
tika,tika-core,org.apache.tika.parser.AutoDetectParser,Covered,232,163
tika,tika-core,org.apache.tika.parser.NetworkParser$MetaHandler,Uncovered,0,34
tika,tika-core,org.apache.tika.parser.RecursiveParserWrapper,Covered,115,74
tika,tika-core,org.apache.tika.parser.DefaultParser,Covered,135,156
tika,tika-core,org.apache.tika.parser.ParserDecorator,Covered,54,23
tika,tika-core,org.apache.tika.parser.AutoDetectParserConfig$1,Covered,5,0
tika,tika-core,org.apache.tika.parser.ParseRecord,Covered,79,37
tika,tika-core,org.apache.tika.parser.AbstractParser,Uncovered,0,12
tika,tika-core,org.apache.tika.parser.ParsingReader,Uncovered,0,194
tika,tika-core,org.apache.tika.parser.RenderingParser,Uncovered,0,0
tika,tika-core,org.apache.tika.parser.AutoDetectParserConfig,Covered,87,138
tika,tika-core,org.apache.tika.parser.EmptyParser,Covered,21,0
tika,tika-core,org.apache.tika.parser.PasswordProvider,Uncovered,0,0
tika,tika-core,org.apache.tika.metadata.Database,Uncovered,0,13
tika,tika-core,org.apache.tika.metadata.Geographic,Covered,13,0
tika,tika-core,org.apache.tika.metadata.PST,Uncovered,0,10
tika,tika-core,org.apache.tika.metadata.Message,Uncovered,0,34
tika,tika-core,org.apache.tika.metadata.Font,Uncovered,0,4
tika,tika-core,org.apache.tika.metadata.Property,Covered,303,163
tika,tika-core,org.apache.tika.metadata.MAPI,Uncovered,0,79
tika,tika-core,org.apache.tika.metadata.Photoshop,Uncovered,0,102
tika,tika-core,org.apache.tika.metadata.WARC,Uncovered,0,13
tika,tika-core,org.apache.tika.metadata.CreativeCommons,Uncovered,0,0
tika,tika-core,org.apache.tika.metadata.QuattroPro,Uncovered,0,13
tika,tika-core,org.apache.tika.metadata.PDF,Uncovered,0,168
tika,tika-core,org.apache.tika.metadata.Epub,Uncovered,0,17
tika,tika-core,org.apache.tika.metadata.TikaMimeKeys,Uncovered,0,0
tika,tika-core,org.apache.tika.metadata.TikaCoreProperties$EmbeddedResourceType,Covered,57,0
tika,tika-core,org.apache.tika.metadata.XMPPDF,Uncovered,0,13
tika,tika-core,org.apache.tika.metadata.OfficeOpenXMLCore,Uncovered,0,29
tika,tika-core,org.apache.tika.metadata.IPTC,Uncovered,0,667
tika,tika-core,org.apache.tika.metadata.FileSystem,Uncovered,0,10
tika,tika-core,org.apache.tika.metadata.Property$PropertyType,Covered,39,0
tika,tika-core,org.apache.tika.metadata.XMPIdq,Uncovered,0,4
tika,tika-core,org.apache.tika.metadata.XMPMM,Uncovered,0,60
tika,tika-core,org.apache.tika.metadata.TIFF,Covered,99,0
tika,tika-core,org.apache.tika.metadata.Office,Covered,113,0
tika,tika-core,org.apache.tika.metadata.ClimateForcast,Uncovered,0,0
tika,tika-core,org.apache.tika.metadata.MachineMetadata$Endian,Uncovered,0,35
tika,tika-core,org.apache.tika.metadata.Property$ValueType,Covered,93,0
tika,tika-core,org.apache.tika.metadata.MachineMetadata,Uncovered,0,171
tika,tika-core,org.apache.tika.metadata.RTFMetadata,Uncovered,0,19
tika,tika-core,org.apache.tika.metadata.ExternalProcess,Uncovered,0,25
tika,tika-core,org.apache.tika.metadata.WordPerfect,Uncovered,0,22
tika,tika-core,org.apache.tika.metadata.XMP,Covered,34,0
tika,tika-core,org.apache.tika.metadata.AccessPermissions,Uncovered,0,25
tika,tika-core,org.apache.tika.metadata.PagedText,Uncovered,0,4
tika,tika-core,org.apache.tika.metadata.TikaPagedText,Uncovered,0,7
tika,tika-core,org.apache.tika.metadata.XMPRights,Uncovered,0,16
tika,tika-core,org.apache.tika.metadata.HTML,Uncovered,0,4
tika,tika-core,org.apache.tika.metadata.Rendering,Uncovered,0,7
tika,tika-core,org.apache.tika.metadata.XMPDC,Uncovered,0,52
tika,tika-core,org.apache.tika.metadata.XMPDM,Uncovered,0,418
tika,tika-core,org.apache.tika.metadata.DublinCore,Covered,52,0
tika,tika-core,org.apache.tika.metadata.OfficeOpenXMLExtended,Covered,63,0
tika,tika-core,org.apache.tika.metadata.Metadata,Covered,546,449
tika,tika-core,org.apache.tika.metadata.XMPDM$ChannelTypePropertyConverter,Uncovered,0,69
tika,tika-core,org.apache.tika.metadata.TikaCoreProperties,Covered,212,0
tika,tika-core,org.apache.tika.metadata.HttpHeaders,Uncovered,0,0
tika,tika-core,org.apache.tika.metadata.PropertyTypeException,Covered,20,11
tika,tika-core,org.apache.tika.metadata.Metadata$1,Covered,67,3
tika,tika-core,org.apache.tika.parser.multiple.SupplementingParser,Covered,47,0
tika,tika-core,org.apache.tika.parser.multiple.AbstractMultipleParser$MetadataPolicy,Covered,27,0
tika,tika-core,org.apache.tika.parser.multiple.AbstractMultipleParser,Covered,350,58
tika,tika-core,org.apache.tika.parser.multiple.FallbackParser,Covered,22,0
tika,tika-core,org.apache.tika.parser.external2.ExternalParserConfig,Covered,37,47
tika,tika-core,org.apache.tika.parser.external2.ExternalParser,Covered,50,283
tika,tika-core,org.apache.tika.sax.xpath.NodeMatcher,Covered,12,2
tika,tika-core,org.apache.tika.sax.xpath.MatchingContentHandler,Covered,108,30
tika,tika-core,org.apache.tika.sax.xpath.ElementMatcher,Covered,10,0
tika,tika-core,org.apache.tika.sax.xpath.SubtreeMatcher,Covered,25,16
tika,tika-core,org.apache.tika.sax.xpath.NamedElementMatcher,Covered,27,0
tika,tika-core,org.apache.tika.sax.xpath.ChildMatcher,Covered,9,0
tika,tika-core,org.apache.tika.sax.xpath.CompositeMatcher,Covered,43,44
tika,tika-core,org.apache.tika.sax.xpath.Matcher,Covered,16,0
tika,tika-core,org.apache.tika.sax.xpath.XPathParser,Covered,192,19
tika,tika-core,org.apache.tika.sax.xpath.TextMatcher,Covered,10,0
tika,tika-core,org.apache.tika.sax.xpath.AttributeMatcher,Covered,10,0
tika,tika-core,org.apache.tika.sax.xpath.NamedAttributeMatcher,Covered,23,0
tika,tika-core,org.apache.tika.digest.SkipContainerDocumentDigest,Uncovered,0,13
tika,tika-core,org.apache.tika.digest.DigestDef,Uncovered,0,80
tika,tika-core,org.apache.tika.digest.DigestDef$Algorithm,Uncovered,0,77
tika,tika-core,org.apache.tika.digest.Digester,Uncovered,0,0
tika,tika-core,org.apache.tika.digest.DigestHelper,Covered,8,55
tika,tika-core,org.apache.tika.digest.DigesterFactory,Uncovered,0,0
tika,tika-core,org.apache.tika.digest.CompositeDigester,Uncovered,0,29
tika,tika-core,org.apache.tika.digest.Encoder,Uncovered,0,0
tika,tika-core,org.apache.tika.digest.DigestDef$Encoding,Uncovered,0,21
tika,tika-core,org.apache.tika.digest.InputStreamDigester,Uncovered,0,199
tika,tika-core,org.apache.tika.config.SelfConfiguring,Uncovered,0,0
tika,tika-core,org.apache.tika.config.ConfigValidator,Uncovered,0,19
tika,tika-core,org.apache.tika.config.ConfigDeserializer,Uncovered,0,111
tika,tika-core,org.apache.tika.config.ServiceLoader$RankedService,Uncovered,0,21
tika,tika-core,org.apache.tika.config.TikaActivator,Uncovered,0,72
tika,tika-core,org.apache.tika.config.Initializable,Uncovered,0,0
tika,tika-core,org.apache.tika.config.TikaTaskTimeout,Uncovered,0,32
tika,tika-core,org.apache.tika.config.ServiceLoader,Covered,242,152
tika,tika-core,org.apache.tika.config.ParseContextConfig,Covered,42,110
tika,tika-core,org.apache.tika.config.JsonConfig,Uncovered,0,0
tika,tika-core,org.apache.tika.language.translate.DefaultTranslator,Covered,12,81
tika,tika-core,org.apache.tika.language.translate.EmptyTranslator,Uncovered,0,9
tika,tika-core,org.apache.tika.language.translate.Translator,Uncovered,0,0
tika,tika-detector-magika,org.apache.tika.detect.magika.MagikaDetector$STATUS,Uncovered,0,27
tika,tika-detector-magika,org.apache.tika.detect.magika.MagikaDetector$Config,Covered,15,0
tika,tika-detector-magika,org.apache.tika.detect.magika.MagikaDetector,Covered,268,272
tika,tika-detector-siegfried,org.apache.tika.detect.siegfried.SiegfriedDetector$Config,Covered,15,0
tika,tika-detector-siegfried,org.apache.tika.detect.siegfried.SiegfriedDetector$STATUS,Uncovered,0,27
tika,tika-detector-siegfried,org.apache.tika.detect.siegfried.SiegfriedDetector,Covered,275,193
tika,tika-grpc,org.apache.tika.SavePipesIteratorReply$Builder,Uncovered,0,300
tika,tika-grpc,org.apache.tika.ListFetchersReply$Builder,Uncovered,0,658
tika,tika-grpc,org.apache.tika.TikaGrpc$TikaStub,Covered,14,106
tika,tika-grpc,org.apache.tika.TikaGrpc$TikaBlockingV2Stub,Uncovered,0,107
tika,tika-grpc,org.apache.tika.TikaGrpc$TikaBaseDescriptorSupplier,Covered,3,7
tika,tika-grpc,org.apache.tika.SavePipesIteratorRequestOrBuilder,Uncovered,0,0
tika,tika-grpc,org.apache.tika.DeletePipesIteratorReply$1,Covered,3,33
tika,tika-grpc,org.apache.tika.FetchAndParseReply$Builder,Covered,232,598
tika,tika-grpc,org.apache.tika.FetchAndParseReply$FieldsDefaultEntryHolder,Covered,8,0
tika,tika-grpc,org.apache.tika.DeletePipesIteratorRequest,Covered,25,297
tika,tika-grpc,org.apache.tika.ListFetchersRequest$Builder,Uncovered,0,279
tika,tika-grpc,org.apache.tika.GetFetcherConfigJsonSchemaReply,Covered,25,297
tika,tika-grpc,org.apache.tika.TikaGrpc$TikaFileDescriptorSupplier,Covered,3,0
tika,tika-grpc,org.apache.tika.ListFetchersReply$1,Covered,3,33
tika,tika-grpc,org.apache.tika.GetFetcherReply$ParamsDefaultEntryHolder,Covered,8,0
tika,tika-grpc,org.apache.tika.SavePipesIteratorReplyOrBuilder,Uncovered,0,0
tika,tika-grpc,org.apache.tika.SavePipesIteratorRequest$Builder,Uncovered,0,572
tika,tika-grpc,org.apache.tika.GetFetcherConfigJsonSchemaRequest$Builder,Uncovered,0,300
tika,tika-grpc,org.apache.tika.DeletePipesIteratorRequestOrBuilder,Uncovered,0,0
tika,tika-grpc,org.apache.tika.TikaGrpc$TikaBlockingStub,Covered,32,68
tika,tika-grpc,org.apache.tika.TikaGrpc$MethodHandlers,Covered,42,57
tika,tika-grpc,org.apache.tika.GetPipesIteratorReplyOrBuilder,Uncovered,0,0
tika,tika-grpc,org.apache.tika.SaveFetcherRequest$1,Covered,3,33
tika,tika-grpc,org.apache.tika.ListFetchersReplyOrBuilder,Uncovered,0,0
tika,tika-grpc,org.apache.tika.TikaGrpc,Uncovered,0,0
tika,tika-grpc,org.apache.tika.GetFetcherReply$Builder,Covered,140,554
tika,tika-grpc,org.apache.tika.ListFetchersRequestOrBuilder,Uncovered,0,0
tika,tika-grpc,org.apache.tika.GetFetcherReply$1,Covered,3,33
tika,tika-grpc,org.apache.tika.GetPipesIteratorReply,Covered,37,463
tika,tika-grpc,org.apache.tika.DeleteFetcherReply$Builder,Covered,48,172
tika,tika-grpc,org.apache.tika.GetFetcherConfigJsonSchemaReplyOrBuilder,Uncovered,0,0
tika,tika-grpc,org.apache.tika.DeleteFetcherRequest$Builder,Covered,56,244
tika,tika-grpc,org.apache.tika.GetFetcherRequest$Builder,Covered,56,244
tika,tika-grpc,org.apache.tika.SavePipesIteratorRequest$1,Covered,3,33
tika,tika-grpc,org.apache.tika.GetPipesIteratorRequest,Covered,25,297
tika,tika-grpc,org.apache.tika.SaveFetcherReply,Covered,68,254
tika,tika-grpc,org.apache.tika.GetFetcherConfigJsonSchemaRequestOrBuilder,Uncovered,0,0
tika,tika-grpc,org.apache.tika.GetFetcherConfigJsonSchemaReply$1,Covered,3,33
tika,tika-grpc,org.apache.tika.GetFetcherConfigJsonSchemaReply$Builder,Uncovered,0,300
tika,tika-grpc,org.apache.tika.SaveFetcherRequest,Covered,104,396
tika,tika-grpc,org.apache.tika.FetchAndParseRequest$1,Covered,14,22
tika,tika-grpc,org.apache.tika.FetchAndParseReply$1,Covered,14,22
tika,tika-grpc,org.apache.tika.SaveFetcherReply$Builder,Covered,56,244
tika,tika-grpc,org.apache.tika.GetFetcherReply,Covered,96,471
tika,tika-grpc,org.apache.tika.DeleteFetcherRequest$1,Covered,3,33
tika,tika-grpc,org.apache.tika.DeleteFetcherRequestOrBuilder,Uncovered,0,0
tika,tika-grpc,org.apache.tika.DeletePipesIteratorReplyOrBuilder,Uncovered,0,0
tika,tika-grpc,org.apache.tika.TikaGrpc$AsyncService,Uncovered,0,44
tika,tika-grpc,org.apache.tika.DeletePipesIteratorReply$Builder,Uncovered,0,300
tika,tika-grpc,org.apache.tika.SavePipesIteratorRequest,Covered,37,463
tika,tika-grpc,org.apache.tika.DeleteFetcherReplyOrBuilder,Uncovered,0,0
tika,tika-grpc,org.apache.tika.FetchAndParseRequestOrBuilder,Uncovered,0,0
tika,tika-grpc,org.apache.tika.GetPipesIteratorRequestOrBuilder,Uncovered,0,0
tika,tika-grpc,org.apache.tika.DeleteFetcherRequest,Covered,68,254
tika,tika-grpc,org.apache.tika.ListFetchersRequest$1,Covered,3,33
tika,tika-grpc,org.apache.tika.TikaGrpc$TikaFutureStub,Uncovered,0,92
tika,tika-grpc,org.apache.tika.DeleteFetcherReply$1,Covered,3,33
tika,tika-grpc,org.apache.tika.FetchAndParseReplyOrBuilder,Uncovered,0,0
tika,tika-grpc,org.apache.tika.DeletePipesIteratorReply,Covered,25,297
tika,tika-grpc,org.apache.tika.DeletePipesIteratorRequest$Builder,Uncovered,0,300
tika,tika-grpc,org.apache.tika.SaveFetcherReplyOrBuilder,Uncovered,0,0
tika,tika-grpc,org.apache.tika.ListFetchersReply,Covered,22,297
tika,tika-grpc,org.apache.tika.GetPipesIteratorRequest$Builder,Uncovered,0,300
tika,tika-grpc,org.apache.tika.SavePipesIteratorReply$1,Covered,3,33
tika,tika-grpc,org.apache.tika.FetchAndParseRequest,Covered,178,322
tika,tika-grpc,org.apache.tika.TikaGrpc$TikaMethodDescriptorSupplier,Covered,6,6
tika,tika-grpc,org.apache.tika.GetFetcherConfigJsonSchemaRequest$1,Covered,3,33
tika,tika-grpc,org.apache.tika.GetFetcherConfigJsonSchemaRequest,Covered,25,297
tika,tika-grpc,org.apache.tika.SaveFetcherReply$1,Covered,3,33
tika,tika-grpc,org.apache.tika.SavePipesIteratorReply,Covered,25,297
tika,tika-grpc,org.apache.tika.GetFetcherRequestOrBuilder,Uncovered,0,0
tika,tika-grpc,org.apache.tika.GetFetcherRequest$1,Covered,3,33
tika,tika-grpc,org.apache.tika.TikaProto,Covered,419,4
tika,tika-grpc,org.apache.tika.FetchAndParseRequest$Builder,Covered,130,442
tika,tika-grpc,org.apache.tika.DeleteFetcherReply,Covered,59,222
tika,tika-grpc,org.apache.tika.FetchAndParseReply,Covered,220,436
tika,tika-grpc,org.apache.tika.GetPipesIteratorReply$Builder,Uncovered,0,572
tika,tika-grpc,org.apache.tika.ListFetchersRequest,Covered,25,302
tika,tika-grpc,org.apache.tika.GetPipesIteratorReply$1,Covered,3,33
tika,tika-grpc,org.apache.tika.TikaGrpc$3,Covered,9,0
tika,tika-grpc,org.apache.tika.TikaGrpc$4,Uncovered,0,9
tika,tika-grpc,org.apache.tika.TikaGrpc$1,Covered,9,0
tika,tika-grpc,org.apache.tika.GetFetcherRequest,Covered,68,254
tika,tika-grpc,org.apache.tika.TikaGrpc$2,Uncovered,0,9
tika,tika-grpc,org.apache.tika.GetPipesIteratorRequest$1,Covered,3,33
tika,tika-grpc,org.apache.tika.SaveFetcherRequest$Builder,Covered,108,464
tika,tika-grpc,org.apache.tika.GetFetcherReplyOrBuilder,Uncovered,0,0
tika,tika-grpc,org.apache.tika.DeletePipesIteratorRequest$1,Covered,3,33
tika,tika-grpc,org.apache.tika.SaveFetcherRequestOrBuilder,Uncovered,0,0
tika,tika-grpc,org.apache.tika.TikaGrpc$TikaImplBase,Covered,6,0
tika,tika-grpc,org.apache.tika.pipes.grpc.TikaGrpcServer,Covered,163,51
tika,tika-grpc,org.apache.tika.pipes.grpc.TikaGrpcServerImpl$3,Uncovered,0,6
tika,tika-grpc,org.apache.tika.pipes.grpc.TikaGrpcServerImpl$1,Covered,20,5
tika,tika-grpc,org.apache.tika.pipes.grpc.TikaGrpcServerImpl$2,Covered,6,0
tika,tika-grpc,org.apache.tika.pipes.grpc.TikaGrpcServerImpl,Covered,412,451
tika,tika-xmp,org.apache.tika.xmp.XMPMetadata,Covered,485,144
tika,tika-xmp,org.apache.tika.xmp.convert.MSOfficeBinaryConverter,Uncovered,0,133
tika,tika-xmp,org.apache.tika.xmp.convert.AbstractConverter,Covered,164,15
tika,tika-xmp,org.apache.tika.xmp.convert.TikaToXMP,Covered,151,26
tika,tika-xmp,org.apache.tika.xmp.convert.MSOfficeXMLConverter,Covered,194,24
tika,tika-xmp,org.apache.tika.xmp.convert.OpenDocumentConverter,Uncovered,0,120
tika,tika-xmp,org.apache.tika.xmp.convert.RTFConverter,Uncovered,0,75
tika,tika-xmp,org.apache.tika.xmp.convert.ITikaToXMPConverter,Uncovered,0,0
tika,tika-xmp,org.apache.tika.xmp.convert.GenericConverter,Covered,109,26
tika,tika-xmp,org.apache.tika.xmp.convert.Namespace,Covered,9,0
tika,tika-langdetect-lingo24,org.apache.tika.langdetect.lingo24.Lingo24LangDetector,Covered,58,207
tika,tika-langdetect-mitll-text,org.apache.tika.langdetect.mitll.TextLangDetector,Covered,11,173
tika,tika-langdetect-opennlp,org.apache.tika.langdetect.opennlp.ProbingLanguageDetector,Covered,335,100
tika,tika-langdetect-opennlp,org.apache.tika.langdetect.opennlp.OpenNLPDetector,Covered,143,59
tika,tika-langdetect-opennlp,org.apache.tika.langdetect.opennlp.ProbingLanguageDetector$CSAndLength,Covered,9,0
tika,tika-langdetect-opennlp,org.apache.tika.langdetect.opennlp.ProbingLanguageDetector$CharIntNGrammer,Covered,176,1
tika,tika-langdetect-opennlp,org.apache.tika.langdetect.opennlp.ProbingLanguageDetector$MutableInt,Covered,13,4
tika,tika-langdetect-opennlp,org.apache.tika.langdetect.opennlp.OpenNLPDetector$TikaUrlCharSequenceNormalizer,Covered,25,0
tika,tika-langdetect-opennlp,org.apache.tika.langdetect.opennlp.OpenNLPDetector$AlphaIdeographSequenceNormalizer,Covered,16,0
tika,tika-langdetect-opennlp,org.apache.tika.langdetect.opennlp.metadatafilter.OpenNLPMetadataFilter,Uncovered,0,47
tika,tika-langdetect-tika,org.apache.tika.langdetect.tika.LanguageProfilerBuilder$QuickStringBuffer,Covered,83,71
tika,tika-langdetect-tika,org.apache.tika.langdetect.tika.LanguageProfilerBuilder,Covered,410,514
tika,tika-langdetect-tika,org.apache.tika.langdetect.tika.LanguageProfile$Interleaved$Entry,Covered,124,21
tika,tika-langdetect-tika,org.apache.tika.langdetect.tika.LanguageProfile$Interleaved,Covered,165,0
tika,tika-langdetect-tika,org.apache.tika.langdetect.tika.LanguageProfile,Covered,227,139
tika,tika-langdetect-tika,org.apache.tika.langdetect.tika.LanguageProfile$Counter,Covered,6,4
tika,tika-langdetect-tika,org.apache.tika.langdetect.tika.LanguageIdentifier,Covered,219,63
tika,tika-langdetect-tika,org.apache.tika.langdetect.tika.TikaLanguageDetector,Uncovered,0,55
tika,tika-langdetect-tika,org.apache.tika.langdetect.tika.ProfilingWriter,Covered,110,7
tika,tika-langdetect-tika,org.apache.tika.langdetect.tika.LanguageProfilerBuilder$NGramEntry,Covered,58,53
tika,tika-langdetect-optimaize,org.apache.tika.langdetect.optimaize.OptimaizeLangDetector,Covered,184,137
tika,tika-langdetect-optimaize,org.apache.tika.langdetect.optimaize.metadatafilter.OptimaizeMetadataFilter,Uncovered,0,48
tika,tika-server-client,org.apache.tika.server.client.TikaServerClientConfig,Covered,62,25
tika,tika-server-client,org.apache.tika.server.client.TikaClientConfigException,Uncovered,0,9
tika,tika-server-client,org.apache.tika.server.client.TikaAsyncHttpClient,Uncovered,0,10
tika,tika-server-client,org.apache.tika.server.client.TikaClient,Uncovered,0,79
tika,tika-server-client,org.apache.tika.server.client.TikaEmitterResult,Uncovered,0,30
tika,tika-server-client,org.apache.tika.server.client.TikaClientCLI$FetchWorker,Uncovered,0,56
tika,tika-server-client,org.apache.tika.server.client.TikaServerClientConfig$MODE,Covered,15,0
tika,tika-server-client,org.apache.tika.server.client.TikaPipesHttpClient$TimeoutWaitingForTikaException,Uncovered,0,4
tika,tika-server-client,org.apache.tika.server.client.TikaPipesHttpClient,Uncovered,0,228
tika,tika-server-client,org.apache.tika.server.client.TikaClientCLI,Uncovered,0,194
tika,tika-server-client,org.apache.tika.server.client.TikaEmitterResult$STATUS,Uncovered,0,27
tika,tika-serialization,org.apache.tika.serialization.ParseContextUtils,Covered,285,133
tika,tika-serialization,org.apache.tika.serialization.PrettyMetadataKeyComparator,Uncovered,0,36
tika,tika-serialization,org.apache.tika.serialization.ComponentConfig$Builder,Covered,38,5
tika,tika-serialization,org.apache.tika.serialization.JsonMetadataList,Covered,97,5
tika,tika-serialization,org.apache.tika.serialization.ConfigDeserializer,Covered,60,5
tika,tika-serialization,org.apache.tika.serialization.JsonMetadataList$1,Covered,3,0
tika,tika-serialization,org.apache.tika.serialization.TikaModule$TikaComponentSerializer,Covered,231,41
tika,tika-serialization,org.apache.tika.serialization.JsonMetadata,Covered,88,7
tika,tika-serialization,org.apache.tika.serialization.ComponentNameResolver,Covered,79,129
tika,tika-serialization,org.apache.tika.serialization.ComponentConfig,Covered,68,22
tika,tika-serialization,org.apache.tika.serialization.TikaModule$TikaDeserializers,Covered,24,0
tika,tika-serialization,org.apache.tika.serialization.TikaModule,Covered,117,2
tika,tika-serialization,org.apache.tika.serialization.ParseContextUtils$ArrayConfigInfo,Covered,9,0
tika,tika-serialization,org.apache.tika.serialization.TikaModule$TikaComponentDeserializer,Covered,194,156
tika,tika-serialization,org.apache.tika.serialization.TikaSerializationException,Uncovered,0,9
tika,tika-serialization,org.apache.tika.serialization.TikaModule$TikaSerializers,Covered,32,4
tika,tika-serialization,org.apache.tika.config.loader.ComponentInstantiator,Covered,61,121
tika,tika-serialization,org.apache.tika.config.loader.TikaObjectMapperFactory,Covered,134,3
tika,tika-serialization,org.apache.tika.config.loader.ParserLoader,Covered,167,42
tika,tika-serialization,org.apache.tika.config.loader.DetectorLoader,Covered,17,20
tika,tika-serialization,org.apache.tika.config.loader.ComponentInfo,Covered,12,6
tika,tika-serialization,org.apache.tika.config.loader.JsonMergeUtils,Covered,32,10
tika,tika-serialization,org.apache.tika.config.loader.FrameworkConfig,Covered,103,24
tika,tika-serialization,org.apache.tika.config.loader.TikaLoader,Covered,549,263
tika,tika-serialization,org.apache.tika.config.loader.EncodingDetectorLoader,Covered,16,11
tika,tika-serialization,org.apache.tika.config.loader.ComponentRegistry,Covered,256,63
tika,tika-serialization,org.apache.tika.config.loader.FrameworkConfig$ParserDecoration,Covered,24,5
tika,tika-serialization,org.apache.tika.config.loader.TikaJsonConfig,Covered,374,76
tika,tika-serialization,org.apache.tika.config.loader.AbstractSpiComponentLoader,Covered,305,31
tika,tika-serialization,org.apache.tika.config.loader.ComponentLoader,Uncovered,0,0
tika,tika-serialization,org.apache.tika.config.loader.LoaderContext,Covered,41,0
tika,tika-serialization,org.apache.tika.config.loader.LoaderContext$DependencyProvider,Uncovered,0,0
tika,tika-serialization,org.apache.tika.config.loader.AbstractSpiComponentLoader$DefaultMarkerConfig,Covered,15,0
tika,tika-serialization,org.apache.tika.config.loader.ConfigLoader,Covered,258,39
tika,tika-serialization,org.apache.tika.config.loader.KebabCaseConverter,Covered,23,2
tika,tika-serialization,org.apache.tika.serialization.serdes.SpiCompositeSerializer,Covered,51,9
tika,tika-serialization,org.apache.tika.serialization.serdes.MetadataSerializer,Covered,80,1
tika,tika-serialization,org.apache.tika.serialization.serdes.DefaultParserSerializer,Covered,17,2
tika,tika-serialization,org.apache.tika.serialization.serdes.MetadataSerializer$1,Covered,19,0
tika,tika-serialization,org.apache.tika.serialization.serdes.DefaultDetectorSerializer,Uncovered,0,19
tika,tika-serialization,org.apache.tika.serialization.serdes.ParseContextSerializer,Covered,108,4
tika,tika-serialization,org.apache.tika.serialization.serdes.ParseContextDeserializer,Covered,61,128
tika,tika-serialization,org.apache.tika.serialization.serdes.MetadataDeserializer,Covered,67,4
tika,tika-serialization,org.apache.tika.config.GlobalSettings$XmlReaderUtilsConfig,Uncovered,0,24
tika,tika-serialization,org.apache.tika.config.GlobalSettings$ServiceLoaderConfig,Uncovered,0,3
tika,tika-serialization,org.apache.tika.config.JsonConfigHelper,Covered,249,64
tika,tika-serialization,org.apache.tika.config.GlobalSettings,Covered,3,14
tika,tika-pipes-core,org.apache.tika.pipes.core.extractor.EmbeddedDocumentBytesConfig,Uncovered,0,259
tika,tika-pipes-core,org.apache.tika.pipes.core.extractor.EmbeddedDocumentBytesConfig$KEY_BASE_STRATEGY,Uncovered,0,48
tika,tika-pipes-core,org.apache.tika.pipes.core.extractor.EmbeddedDocumentBytesConfig$SUFFIX_STRATEGY,Uncovered,0,45
tika,tika-pipes-core,org.apache.tika.pipes.core.extractor.BasicEmbeddedDocumentBytesHandler,Uncovered,0,39
tika,tika-pipes-core,org.apache.tika.pipes.core.extractor.AbstractEmbeddedDocumentBytesHandler,Uncovered,0,146
tika,tika-pipes-core,org.apache.tika.pipes.core.extractor.EmittingEmbeddedDocumentBytesHandler,Uncovered,0,86
tika,tika-pipes-core,org.apache.tika.pipes.core.emitter.TikaEmitterException,Uncovered,0,9
tika,tika-pipes-core,org.apache.tika.pipes.core.emitter.EmitterManager,Uncovered,0,95
tika,tika-pipes-core,org.apache.tika.pipes.core.emitter.EmitDataImpl,Uncovered,0,156
tika,tika-pipes-core,org.apache.tika.pipes.core.emitter.EmptyEmitter,Uncovered,0,5
tika,tika-pipes-core,org.apache.tika.pipes.core.pipesiterator.PipesIteratorManager,Uncovered,0,13
tika,tika-pipes-core,org.apache.tika.pipes.core.pipesiterator.CallablePipesIterator,Uncovered,0,135
tika,tika-pipes-core,org.apache.tika.pipes.core.serialization.JsonFetchEmitTupleList$1,Covered,3,0
tika,tika-pipes-core,org.apache.tika.pipes.core.serialization.JsonFetchEmitTupleList,Covered,61,13
tika,tika-pipes-core,org.apache.tika.pipes.core.serialization.FetchEmitTupleSerializer,Covered,84,0
tika,tika-pipes-core,org.apache.tika.pipes.core.serialization.FetchEmitTupleDeserializer,Covered,201,23
tika,tika-pipes-core,org.apache.tika.pipes.core.serialization.JsonFetchEmitTuple,Covered,36,13
tika,tika-pipes-core,org.apache.tika.pipes.core.serialization.JsonEmitData,Uncovered,0,42
tika,tika-pipes-core,org.apache.tika.pipes.core.fetcher.FetcherManager,Uncovered,0,95
tika,tika-pipes-core,org.apache.tika.pipes.core.fetcher.EmptyFetcher,Uncovered,0,12
tika,tika-pipes-core,org.apache.tika.pipes.core.fetcher.FetcherStringException,Uncovered,0,4
tika,tika-pipes-core,org.apache.tika.pipes.core.reporter.NoOpReporter,Uncovered,0,17
tika,tika-pipes-core,org.apache.tika.pipes.core.reporter.CompositePipesReporter,Uncovered,0,127
tika,tika-pipes-core,org.apache.tika.pipes.core.reporter.ReporterManager,Uncovered,0,32
tika,tika-pipes-core,org.apache.tika.pipes.core.config.FileBasedConfigStoreFactory,Uncovered,0,50
tika,tika-pipes-core,org.apache.tika.pipes.core.config.InMemoryConfigStore,Covered,35,13
tika,tika-pipes-core,org.apache.tika.pipes.core.config.ConfigStore,Uncovered,0,1
tika,tika-pipes-core,org.apache.tika.pipes.core.config.FileBasedConfigStore,Uncovered,0,224
tika,tika-pipes-core,org.apache.tika.pipes.core.config.ConfigStoreFactory,Uncovered,0,264
tika,tika-pipes-core,org.apache.tika.pipes.core.config.FileBasedConfigStore$1,Uncovered,0,6
tika,tika-pipes-core,org.apache.tika.pipes.core.server.FetchHandler,Uncovered,0,150
tika,tika-pipes-core,org.apache.tika.pipes.core.server.PipesWorker,Uncovered,0,272
tika,tika-pipes-core,org.apache.tika.pipes.core.server.EmitHandler,Uncovered,0,460
tika,tika-pipes-core,org.apache.tika.pipes.core.server.MetadataListAndEmbeddedBytes,Uncovered,0,40
tika,tika-pipes-core,org.apache.tika.pipes.core.server.FetchHandler$FetcherOrResult,Uncovered,0,9
tika,tika-pipes-core,org.apache.tika.pipes.core.server.IntermediateResult,Uncovered,0,14
tika,tika-pipes-core,org.apache.tika.pipes.core.server.PipesWorker$ParseDataOrPipesResult,Uncovered,0,9
tika,tika-pipes-core,org.apache.tika.pipes.core.server.PipesServer,Uncovered,0,2180
tika,tika-pipes-core,org.apache.tika.pipes.core.server.ParseHandler,Uncovered,0,376
tika,tika-pipes-core,org.apache.tika.pipes.core.server.FetchHandler$TisOrResult,Uncovered,0,9
tika,tika-pipes-core,org.apache.tika.pipes.core.server.PipesServer$PROCESSING_STATUS,Uncovered,0,103
tika,tika-pipes-core,org.apache.tika.pipes.core.server.ParseHandler$1,Uncovered,0,31
tika,tika-pipes-core,org.apache.tika.pipes.core.async.AsyncProcessor$FetchEmitWorker,Uncovered,0,294
tika,tika-pipes-core,org.apache.tika.pipes.core.async.AsyncEmitter,Uncovered,0,90
tika,tika-pipes-core,org.apache.tika.pipes.core.async.AsyncEmitter$EmitDataCache,Uncovered,0,167
tika,tika-pipes-core,org.apache.tika.pipes.core.async.AsyncProcessor,Uncovered,0,520
tika,tika-pipes-core,org.apache.tika.pipes.core.async.EmitDataPair,Uncovered,0,9
tika,tika-pipes-core,org.apache.tika.pipes.core.async.OfferLargerThanQueueSize,Uncovered,0,21
tika,tika-pipes-core,org.apache.tika.pipes.core.PipesClient,Uncovered,0,2271
tika,tika-pipes-core,org.apache.tika.pipes.core.PipesClient$ServerTuple,Uncovered,0,21
tika,tika-pipes-core,org.apache.tika.pipes.core.EmitStrategyConfig,Uncovered,0,86
tika,tika-pipes-core,org.apache.tika.pipes.core.PipesException,Uncovered,0,13
tika,tika-pipes-core,org.apache.tika.pipes.core.PipesResults,Uncovered,0,34
tika,tika-pipes-core,org.apache.tika.pipes.core.PipesParser,Uncovered,0,127
tika,tika-pipes-core,org.apache.tika.pipes.core.PipesClient$COMMANDS,Uncovered,0,105
tika,tika-pipes-core,org.apache.tika.pipes.core.PipesConfig,Uncovered,0,267
tika,tika-pipes-core,org.apache.tika.pipes.core.EmitStrategy,Uncovered,0,21
tika,tika-pipes-core,org.apache.tika.pipes.core.ServerInitializationException,Uncovered,0,9
tika,tika-pipes-core,org.apache.tika.pipes.core.AbstractComponentManager,Uncovered,0,577
tika,tika-pipes-core,org.apache.tika.pipes.core.EmitStrategyOverride,Uncovered,0,35
tika,tika-pipes-core,org.apache.tika.pipes.core.PassbackFilter,Uncovered,0,3
tika,tika-pipes-fork-parser,org.apache.tika.pipes.fork.PipesForkResult,Covered,67,19
tika,tika-pipes-fork-parser,org.apache.tika.pipes.fork.PipesForkParserException,Uncovered,0,46
tika,tika-pipes-fork-parser,org.apache.tika.pipes.fork.PipesForkParser,Covered,249,90
tika,tika-pipes-fork-parser,org.apache.tika.pipes.fork.PipesForkParserConfig,Covered,92,69
tika,tika-pipes-csv,org.apache.tika.pipes.iterator.filelist.FileListPipesIterator,Uncovered,0,3
tika,tika-pipes-csv,org.apache.tika.pipes.iterator.csv.CSVPipesIteratorConfig,Covered,26,87
tika,tika-pipes-csv,org.apache.tika.pipes.iterator.csv.CSVPipesIterator$FetchEmitKeyIndices,Covered,28,0
tika,tika-pipes-csv,org.apache.tika.pipes.iterator.csv.CSVPipesIterator,Covered,298,74
tika,tika-pipes-csv,org.apache.tika.pipes.iterator.csv.CSVPipesIteratorFactory,Uncovered,0,8
tika,tika-pipes-csv,org.apache.tika.pipes.plugin.csv.CSVPipesPlugin,Uncovered,0,26
tika,tika-pipes-http,org.apache.tika.pipes.fetcher.http.jwt.JwtCreds,Covered,21,0
tika,tika-pipes-http,org.apache.tika.pipes.fetcher.http.jwt.JwtPrivateKeyCreds,Covered,12,30
tika,tika-pipes-http,org.apache.tika.pipes.fetcher.http.jwt.JwtGenerator,Covered,98,0
tika,tika-pipes-http,org.apache.tika.pipes.fetcher.http.jwt.JwtSecretCreds,Covered,12,0
tika,tika-pipes-http,org.apache.tika.pipes.fetcher.http.HttpFetcher,Covered,637,411
tika,tika-pipes-http,org.apache.tika.pipes.fetcher.http.HttpFetcher$1,Covered,12,11
tika,tika-pipes-http,org.apache.tika.pipes.fetcher.http.HttpFetcherFactory,Covered,8,0
tika,tika-pipes-http,org.apache.tika.pipes.plugin.http.HttpPipesPlugin,Uncovered,0,26
tika,tika-pipes-http,org.apache.tika.pipes.fetcher.http.config.HttpFetcherConfig,Covered,244,7
tika,tika-pipes-http,org.apache.tika.pipes.fetcher.http.config.HttpHeaders,Covered,61,17
tika,tika-pipes-jdbc,org.apache.tika.pipes.iterator.jdbc.JDBCPipesIteratorConfig,Covered,47,153
tika,tika-pipes-jdbc,org.apache.tika.pipes.iterator.jdbc.JDBCPipesIteratorFactory,Uncovered,0,8
tika,tika-pipes-jdbc,org.apache.tika.pipes.iterator.jdbc.JDBCPipesIterator$FetchEmitKeyIndices,Covered,18,24
tika,tika-pipes-jdbc,org.apache.tika.pipes.iterator.jdbc.JDBCPipesIterator,Covered,388,226
tika,tika-pipes-jdbc,org.apache.tika.pipes.emitter.jdbc.JDBCEmitter$PostgresNormalizer,Uncovered,0,12
tika,tika-pipes-jdbc,org.apache.tika.pipes.emitter.jdbc.JDBCEmitterConfig,Covered,117,36
tika,tika-pipes-jdbc,org.apache.tika.pipes.emitter.jdbc.JDBCEmitter$StringNormalizer,Covered,37,0
tika,tika-pipes-jdbc,org.apache.tika.pipes.emitter.jdbc.JDBCEmitterFactory,Uncovered,0,8
tika,tika-pipes-jdbc,org.apache.tika.pipes.emitter.jdbc.JDBCEmitter$ColumnDefinition,Covered,89,22
tika,tika-pipes-jdbc,org.apache.tika.pipes.emitter.jdbc.JDBCEmitter,Covered,541,267
tika,tika-pipes-jdbc,org.apache.tika.pipes.emitter.jdbc.JDBCEmitterConfig$AttachmentStrategy,Covered,15,0
tika,tika-pipes-jdbc,org.apache.tika.pipes.emitter.jdbc.JDBCEmitterConfig$MultivaluedFieldStrategy,Covered,15,0
tika,tika-pipes-jdbc,org.apache.tika.pipes.plugin.jdbc.JDBCPipesPlugin,Uncovered,0,26
tika,tika-pipes-jdbc,org.apache.tika.pipes.reporter.jdbc.JDBCPipesReporterFactory,Uncovered,0,8
tika,tika-pipes-jdbc,org.apache.tika.pipes.reporter.jdbc.JDBCPipesReporter$IdStatusPair,Covered,16,7
tika,tika-pipes-jdbc,org.apache.tika.pipes.reporter.jdbc.JDBCPipesReporter,Covered,139,48
tika,tika-pipes-jdbc,org.apache.tika.pipes.reporter.jdbc.JDBCPipesReporter$ReportWorker,Covered,245,118
tika,tika-pipes-jdbc,org.apache.tika.pipes.reporter.jdbc.JDBCPipesReporterConfig,Covered,65,7
tika,tika-pipes-solr,org.apache.tika.pipes.iterator.solr.SolrPipesIterator,Uncovered,0,554
tika,tika-pipes-solr,org.apache.tika.pipes.iterator.solr.SolrPipesIteratorConfig,Uncovered,0,367
tika,tika-pipes-solr,org.apache.tika.pipes.iterator.solr.SolrPipesIteratorFactory,Uncovered,0,8
tika,tika-pipes-solr,org.apache.tika.pipes.plugin.solr.SolrPipesPlugin,Uncovered,0,26
tika,tika-pipes-solr,org.apache.tika.pipes.emitter.solr.SolrEmitter,Uncovered,0,510
tika,tika-pipes-solr,org.apache.tika.pipes.emitter.solr.SolrEmitterFactory,Uncovered,0,8
tika,tika-pipes-solr,org.apache.tika.pipes.emitter.solr.SolrEmitterConfig$UpdateStrategy,Uncovered,0,21
tika,tika-pipes-solr,org.apache.tika.pipes.emitter.solr.SolrEmitterConfig$AttachmentStrategy,Uncovered,0,15
tika,tika-pipes-solr,org.apache.tika.pipes.emitter.solr.SolrEmitterConfig,Uncovered,0,182
tika,tika-pipes-json,org.apache.tika.pipes.plugin.JsonPipesPlugin,Uncovered,0,26
tika,tika-pipes-json,org.apache.tika.pipes.pipesiterator.json.JsonPipesIteratorFactory,Uncovered,0,8
tika,tika-pipes-json,org.apache.tika.pipes.pipesiterator.json.JsonPipesIteratorConfig,Uncovered,0,58
tika,tika-pipes-json,org.apache.tika.pipes.pipesiterator.json.JsonPipesIterator,Uncovered,0,61
tika,tika-pipes-kafka,org.apache.tika.pipes.plugin.kafka.KafkaPipesPlugin,Uncovered,0,26
tika,tika-pipes-kafka,org.apache.tika.pipes.emitter.kafka.KafkaEmitterFactory,Uncovered,0,8
tika,tika-pipes-kafka,org.apache.tika.pipes.emitter.kafka.KafkaEmitter,Uncovered,0,273
tika,tika-pipes-kafka,org.apache.tika.pipes.emitter.kafka.KafkaEmitterConfig,Uncovered,0,115
tika,tika-pipes-kafka,org.apache.tika.pipes.iterator.kafka.KafkaPipesIteratorConfig,Uncovered,0,204
tika,tika-pipes-kafka,org.apache.tika.pipes.iterator.kafka.KafkaPipesIterator,Uncovered,0,245
tika,tika-pipes-kafka,org.apache.tika.pipes.iterator.kafka.KafkaPipesIteratorFactory,Uncovered,0,8
tika,tika-pipes-s3,org.apache.tika.pipes.fetcher.s3.config.S3FetcherConfig,Uncovered,0,142
tika,tika-pipes-s3,org.apache.tika.pipes.emitter.s3.S3EmitterFactory,Uncovered,0,8
tika,tika-pipes-s3,org.apache.tika.pipes.emitter.s3.S3Emitter,Uncovered,0,362
tika,tika-pipes-s3,org.apache.tika.pipes.emitter.s3.S3EmitterConfig,Uncovered,0,185
tika,tika-pipes-s3,org.apache.tika.pipes.iterator.s3.S3PipesIteratorConfig,Uncovered,0,238
tika,tika-pipes-s3,org.apache.tika.pipes.iterator.s3.S3PipesIteratorFactory,Uncovered,0,8
tika,tika-pipes-s3,org.apache.tika.pipes.iterator.s3.S3PipesIterator,Uncovered,0,303
tika,tika-pipes-s3,org.apache.tika.pipes.plugin.s3.S3PipesPlugin,Uncovered,0,26
tika,tika-pipes-s3,org.apache.tika.pipes.fetcher.s3.S3Fetcher,Uncovered,0,572
tika,tika-pipes-s3,org.apache.tika.pipes.fetcher.s3.S3FetcherFactory,Uncovered,0,8
tika,tika-pipes-gcs,org.apache.tika.pipes.fetcher.gcs.config.GCSFetcherConfig,Uncovered,0,55
tika,tika-pipes-gcs,org.apache.tika.pipes.fetcher.gcs.GCSFetcher,Uncovered,0,136
tika,tika-pipes-gcs,org.apache.tika.pipes.fetcher.gcs.GCSFetcherFactory,Uncovered,0,8
tika,tika-pipes-gcs,org.apache.tika.pipes.emitter.gcs.GCSEmitterConfig,Uncovered,0,81
tika,tika-pipes-gcs,org.apache.tika.pipes.emitter.gcs.GCSEmitterFactory,Uncovered,0,8
tika,tika-pipes-gcs,org.apache.tika.pipes.emitter.gcs.GCSEmitter,Uncovered,0,192
tika,tika-pipes-gcs,org.apache.tika.pipes.iterator.gcs.GCSPipesIterator,Uncovered,0,178
tika,tika-pipes-gcs,org.apache.tika.pipes.iterator.gcs.GCSPipesIteratorConfig,Uncovered,0,102
tika,tika-pipes-gcs,org.apache.tika.pipes.iterator.gcs.GCSPipesIteratorFactory,Uncovered,0,8
tika,tika-pipes-gcs,org.apache.tika.pipes.plugin.gcs.GCSPipesPlugin,Uncovered,0,26
tika,tika-pipes-file-system,org.apache.tika.pipes.reporter.fs.FileSystemStatusReporter$1,Covered,18,0
tika,tika-pipes-file-system,org.apache.tika.pipes.reporter.fs.AsyncStatus,Covered,59,23
tika,tika-pipes-file-system,org.apache.tika.pipes.reporter.fs.FileSystemReporterFactory,Covered,6,2
tika,tika-pipes-file-system,org.apache.tika.pipes.reporter.fs.AsyncStatus$ASYNC_STATUS,Covered,21,0
tika,tika-pipes-file-system,org.apache.tika.pipes.reporter.fs.FileSystemStatusReporter,Covered,178,75
tika,tika-pipes-file-system,org.apache.tika.pipes.reporter.fs.FileSystemReporterConfig,Covered,20,7
tika,tika-pipes-file-system,org.apache.tika.pipes.fetcher.fs.FileSystemFetcher,Covered,143,84
tika,tika-pipes-file-system,org.apache.tika.pipes.fetcher.fs.FileSystemFetcherFactory,Covered,8,2
tika,tika-pipes-file-system,org.apache.tika.pipes.fetcher.fs.FileSystemFetcherConfig,Covered,44,7
tika,tika-pipes-file-system,org.apache.tika.pipes.iterator.fs.FileSystemPipesIteratorFactory,Uncovered,0,8
tika,tika-pipes-file-system,org.apache.tika.pipes.iterator.fs.FileSystemPipesIterator$FSFileVisitor,Uncovered,0,66
tika,tika-pipes-file-system,org.apache.tika.pipes.iterator.fs.FileSystemPipesIterator$FileCountWorker$FSFileCounter,Uncovered,0,18
tika,tika-pipes-file-system,org.apache.tika.pipes.iterator.fs.FileSystemPipesIterator$FileCountWorker,Uncovered,0,91
tika,tika-pipes-file-system,org.apache.tika.pipes.iterator.fs.FileSystemPipesIteratorConfig,Covered,45,39
tika,tika-pipes-file-system,org.apache.tika.pipes.iterator.fs.FileSystemPipesIterator,Uncovered,0,119
tika,tika-pipes-file-system,org.apache.tika.pipes.emitter.fs.FileSystemEmitterConfig$ON_EXISTS,Covered,21,0
tika,tika-pipes-file-system,org.apache.tika.pipes.emitter.fs.FileSystemEmitterRuntimeConfig,Covered,33,12
tika,tika-pipes-file-system,org.apache.tika.pipes.emitter.fs.FileSystemEmitterFactory,Uncovered,0,8
tika,tika-pipes-file-system,org.apache.tika.pipes.emitter.fs.FileSystemEmitterConfig,Covered,26,7
tika,tika-pipes-file-system,org.apache.tika.pipes.emitter.fs.FileSystemEmitter,Covered,223,95
tika,tika-pipes-file-system,org.apache.tika.pipes.plugin.fs.FileSystemPipesPlugin,Uncovered,0,26
tika,tika-pipes-opensearch,org.apache.tika.pipes.plugin.opensearch.OpenSearchPipesPlugin,Uncovered,0,26
tika,tika-pipes-opensearch,org.apache.tika.pipes.emitter.opensearch.OpenSearchEmitterConfig$AttachmentStrategy,Covered,15,0
tika,tika-pipes-opensearch,org.apache.tika.pipes.emitter.opensearch.OpenSearchEmitterConfig$UpdateStrategy,Uncovered,0,15
tika,tika-pipes-opensearch,org.apache.tika.pipes.emitter.opensearch.OpenSearchClient$UpsertMetadataToJsonWriter,Uncovered,0,126
tika,tika-pipes-opensearch,org.apache.tika.pipes.emitter.opensearch.OpenSearchClient$InsertMetadataToJsonWriter,Covered,71,33
tika,tika-pipes-opensearch,org.apache.tika.pipes.emitter.opensearch.OpenSearchClient,Covered,77,276
tika,tika-pipes-opensearch,org.apache.tika.pipes.emitter.opensearch.OpenSearchClient$MetadataToJsonWriter,Uncovered,0,0
tika,tika-pipes-opensearch,org.apache.tika.pipes.emitter.opensearch.OpenSearchEmitterFactory,Uncovered,0,8
tika,tika-pipes-opensearch,org.apache.tika.pipes.emitter.opensearch.JsonResponse,Uncovered,0,42
tika,tika-pipes-opensearch,org.apache.tika.pipes.emitter.opensearch.HttpClientConfig,Uncovered,0,35
tika,tika-pipes-opensearch,org.apache.tika.pipes.emitter.opensearch.OpenSearchEmitter,Covered,6,134
tika,tika-pipes-opensearch,org.apache.tika.pipes.emitter.opensearch.OpenSearchEmitterConfig,Uncovered,0,42
tika,tika-pipes-opensearch,org.apache.tika.pipes.reporter.opensearch.OpenSearchClient,Uncovered,0,281
tika,tika-pipes-opensearch,org.apache.tika.pipes.reporter.opensearch.HttpClientConfig,Uncovered,0,35
tika,tika-pipes-opensearch,org.apache.tika.pipes.reporter.opensearch.JsonResponse,Uncovered,0,42
tika,tika-pipes-opensearch,org.apache.tika.pipes.reporter.opensearch.OpenSearchReporterFactory,Uncovered,0,8
tika,tika-pipes-opensearch,org.apache.tika.pipes.reporter.opensearch.OpenSearchReporterConfig,Uncovered,0,39
tika,tika-pipes-opensearch,org.apache.tika.pipes.reporter.opensearch.OpenSearchPipesReporter,Uncovered,0,214
tika,tika-pipes-microsoft-graph,org.apache.tika.pipes.fetchers.microsoftgraph.MicrosoftGraphFetcher,Covered,51,141
tika,tika-pipes-microsoft-graph,org.apache.tika.pipes.fetchers.microsoftgraph.MicrosoftGraphFetcherFactory,Uncovered,0,8
tika,tika-pipes-microsoft-graph,org.apache.tika.pipes.fetchers.microsoftgraph.config.ClientCertificateCredentialsConfig,Covered,23,12
tika,tika-pipes-microsoft-graph,org.apache.tika.pipes.fetchers.microsoftgraph.config.Client2CertificateCredentialsConfig,Uncovered,0,27
tika,tika-pipes-microsoft-graph,org.apache.tika.pipes.fetchers.microsoftgraph.config.ClientSecretCredentialsConfig,Uncovered,0,27
tika,tika-pipes-microsoft-graph,org.apache.tika.pipes.fetchers.microsoftgraph.config.AadCredentialConfigBase,Uncovered,0,0
tika,tika-pipes-microsoft-graph,org.apache.tika.pipes.fetchers.microsoftgraph.config.MicrosoftGraphFetcherConfig,Covered,26,40
tika,tika-pipes-microsoft-graph,org.apache.tika.pipes.plugin.microsoftgraph.MicrosoftGraphPipesPlugin,Uncovered,0,26
tika,tika-pipes-az-blob,org.apache.tika.pipes.fetcher.azblob.AZBlobFetcher$SingleBlobContainerFactory,Uncovered,0,22
tika,tika-pipes-az-blob,org.apache.tika.pipes.fetcher.azblob.AZBlobFetcher,Uncovered,0,179
tika,tika-pipes-az-blob,org.apache.tika.pipes.fetcher.azblob.AZBlobFetcher$SASUrlFactory,Uncovered,0,7
tika,tika-pipes-az-blob,org.apache.tika.pipes.fetcher.azblob.AZBlobFetcher$BlobClientFactory,Uncovered,0,0
tika,tika-pipes-az-blob,org.apache.tika.pipes.fetcher.azblob.AZBlobFetcherFactory,Uncovered,0,8
tika,tika-pipes-az-blob,org.apache.tika.pipes.emitter.azblob.AZBlobEmitterConfig,Uncovered,0,107
tika,tika-pipes-az-blob,org.apache.tika.pipes.emitter.azblob.AZBlobEmitterFactory,Uncovered,0,8
tika,tika-pipes-az-blob,org.apache.tika.pipes.emitter.azblob.AZBlobEmitter,Uncovered,0,311
tika,tika-pipes-az-blob,org.apache.tika.pipes.plugin.azblob.AZBlobPipesPlugin,Uncovered,0,26
tika,tika-pipes-az-blob,org.apache.tika.pipes.iterator.azblob.AZBlobPipesIterator,Uncovered,0,237
tika,tika-pipes-az-blob,org.apache.tika.pipes.iterator.azblob.AZBlobPipesIteratorConfig,Uncovered,0,136
tika,tika-pipes-az-blob,org.apache.tika.pipes.iterator.azblob.AZBlobPipesIteratorFactory,Uncovered,0,8
tika,tika-pipes-az-blob,org.apache.tika.pipes.fetcher.azblob.config.AZBlobFetcherConfig,Uncovered,0,62
tika,tika-async-cli,org.apache.tika.async.cli.PluginsWriter,Covered,140,26
tika,tika-async-cli,org.apache.tika.async.cli.TikaAsyncCLI,Covered,261,493
tika,tika-async-cli,org.apache.tika.async.cli.SimpleAsyncConfig,Covered,57,29
tika,tika-async-cli,org.apache.tika.async.cli.TikaAsyncCLI$SingleFilePipesIterator,Uncovered,0,32
tika,tika-async-cli,org.apache.tika.async.cli.TikaConfigAsyncWriter,Uncovered,0,129
tika,tika-app,org.apache.tika.gui.TikaGUI$ImageDocumentSelector,Uncovered,0,14
tika,tika-app,org.apache.tika.gui.TikaGUI$ImageSavingParser,Uncovered,0,92
tika,tika-app,org.apache.tika.gui.TikaGUI$1,Uncovered,0,115
tika,tika-app,org.apache.tika.gui.TikaGUI,Uncovered,0,1071
tika,tika-app,org.apache.tika.gui.ParsingTransferHandler,Uncovered,0,174
tika,tika-app,org.apache.tika.cli.TikaCLI$FileEmbeddedDocumentExtractor,Covered,149,37
tika,tika-app,org.apache.tika.cli.XmlToJsonConfigConverter,Covered,645,140
tika,tika-app,org.apache.tika.cli.TikaCLI$SimplePasswordProvider,Covered,9,0
tika,tika-app,org.apache.tika.cli.TikaCLI$NoDocumentMetHandler,Covered,73,0
tika,tika-app,org.apache.tika.cli.TikaCLI$8$1,Covered,19,0
tika,tika-app,org.apache.tika.cli.AsyncHelper,Covered,51,3
tika,tika-app,org.apache.tika.cli.TikaCLI$1,Covered,11,0
tika,tika-app,org.apache.tika.cli.TikaCLI$2,Covered,16,0
tika,tika-app,org.apache.tika.cli.TikaCLI$3,Covered,7,9
tika,tika-app,org.apache.tika.cli.TikaCLI$OutputType,Covered,33,6
tika,tika-app,org.apache.tika.cli.TikaCLI,Covered,1355,991
tika,tika-app,org.apache.tika.cli.TikaCLI$8,Covered,22,0
tika,tika-app,org.apache.tika.cli.TikaCLI$9,Covered,31,0
tika,tika-app,org.apache.tika.cli.TikaCLI$4,Covered,16,0
tika,tika-app,org.apache.tika.cli.TikaCLI$5,Covered,22,0
tika,tika-app,org.apache.tika.cli.TikaCLI$NoDocumentXMPMetaHandler,Uncovered,0,33
tika,tika-app,org.apache.tika.cli.TikaCLI$6,Covered,24,0
tika,tika-app,org.apache.tika.cli.TikaCLI$7,Covered,7,15
tika,tika-app,org.apache.tika.cli.TikaCLI$NoDocumentJSONMetHandler,Covered,26,6
tika,tika-app,org.apache.tika.cli.TikaCLI$11,Covered,20,0
tika,tika-app,org.apache.tika.cli.TikaCLI$10,Covered,17,0
