Test_Module,Test_Class,Depends_On_Class,Type
tika-example,DumpTikaConfigExampleTest.java,java.io.IOException,Static Dependency
tika-example,DumpTikaConfigExampleTest.java,org.junit.jupiter.api.Disabled,Static Dependency
tika-example,DumpTikaConfigExampleTest.java,org.junit.jupiter.api.BeforeEach,Static Dependency
tika-example,DumpTikaConfigExampleTest.java,org.junit.jupiter.api.AfterEach,Static Dependency
tika-example,DumpTikaConfigExampleTest.java,java.io.File,Static Dependency
tika-example,DumpTikaConfigExampleTest.java,java.nio.file.Files,Static Dependency
tika-example,TranslatorExampleTest.java,org.junit.jupiter.api.Test,Static Dependency
tika-example,TranslatorExampleTest.java,org.junit.jupiter.api.BeforeEach,Static Dependency
tika-example,TranslatorExampleTest.java,java.util.Locale,Static Dependency
tika-example,LanguageDetectorExampleTest.java,org.junit.jupiter.api.Test,Static Dependency
tika-example,LanguageDetectorExampleTest.java,java.io.IOException,Static Dependency
tika-example,LanguageDetectorExampleTest.java,org.junit.jupiter.api.BeforeEach,Static Dependency
tika-example,ContentHandlerExampleTest.java,org.junit.jupiter.api.Test,Static Dependency
tika-example,ContentHandlerExampleTest.java,java.io.IOException,Static Dependency
tika-example,ContentHandlerExampleTest.java,java.util.List,Static Dependency
tika-example,ContentHandlerExampleTest.java,org.junit.jupiter.api.BeforeEach,Static Dependency
tika-example,ContentHandlerExampleTest.java,org.xml.sax.SAXException,Static Dependency
tika-example,ContentHandlerExampleTest.java,org.apache.tika.exception.TikaException,Static Dependency
tika-example,TextStatsFromTikaEvalTest.java,org.junit.jupiter.api.Test,Static Dependency
tika-example,SimpleTypeDetectorTest.java,org.junit.jupiter.api.Test,Static Dependency
tika-example,SimpleTypeDetectorTest.java,java.io.PrintStream,Static Dependency
tika-example,SimpleTypeDetectorTest.java,org.apache.tika.TikaTest,Static Dependency
tika-example,SimpleTypeDetectorTest.java,java.io.ByteArrayOutputStream,Static Dependency
tika-example,AdvancedTypeDetectorTest.java,org.junit.jupiter.api.Test,Static Dependency
tika-example,TestParsingExample.java,org.junit.jupiter.api.Test,Static Dependency
tika-example,TestParsingExample.java,java.io.IOException,Static Dependency
tika-example,TestParsingExample.java,java.util.List,Static Dependency
tika-example,TestParsingExample.java,org.apache.tika.TikaTest,Static Dependency
tika-example,TestParsingExample.java,org.junit.jupiter.api.BeforeEach,Static Dependency
tika-example,TestParsingExample.java,org.apache.tika.metadata.Metadata,Static Dependency
tika-example,TestParsingExample.java,org.xml.sax.SAXException,Static Dependency
tika-example,TestParsingExample.java,org.apache.tika.serialization.JsonMetadataList,Static Dependency
tika-example,TestParsingExample.java,java.io.StringReader,Static Dependency
tika-example,TestParsingExample.java,org.apache.tika.exception.TikaException,Static Dependency
tika-example,SimpleTextExtractorTest.java,org.junit.jupiter.api.Test,Static Dependency
tika-example,SimpleTextExtractorTest.java,org.apache.tika.TikaTest,Static Dependency
tika-example,SimpleTextExtractorTest.java,org.junit.jupiter.api.parallel.Isolated,Static Dependency
tika-example,SimpleTextExtractorTest.java,java.io.ByteArrayOutputStream,Static Dependency
tika-example,SimpleTextExtractorTest.java,java.io.PrintStream,Static Dependency
tika-example,SimpleTextExtractorTest.java,java.io.File,Static Dependency
tika-example,SimpleTextExtractorTest.java,org.apache.commons.io.FileUtils,Static Dependency
tika-example,ExtractEmbeddedFilesTest.java,org.junit.jupiter.api.Test,Static Dependency
tika-example,ExtractEmbeddedFilesTest.java,java.io.IOException,Static Dependency
tika-example,ExtractEmbeddedFilesTest.java,java.util.List,Static Dependency
tika-example,ExtractEmbeddedFilesTest.java,java.nio.file.DirectoryStream,Static Dependency
tika-example,ExtractEmbeddedFilesTest.java,java.nio.file.Path,Static Dependency
tika-example,ExtractEmbeddedFilesTest.java,org.junit.jupiter.api.BeforeEach,Static Dependency
tika-example,ExtractEmbeddedFilesTest.java,org.junit.jupiter.api.AfterEach,Static Dependency
tika-example,ExtractEmbeddedFilesTest.java,java.nio.file.Files,Static Dependency
tika-plugins-core,PluginComponentLoaderTest.java,org.junit.jupiter.api.Test,Static Dependency
tika-plugins-core,PluginComponentLoaderTest.java,java.util.List,Static Dependency
tika-plugins-core,PluginComponentLoaderTest.java,java.util.Map,Static Dependency
tika-plugins-core,PluginComponentLoaderTest.java,java.util.Arrays,Static Dependency
tika-plugins-core,PluginComponentLoaderTest.java,org.junit.jupiter.api.BeforeEach,Static Dependency
tika-plugins-core,PluginComponentLoaderTest.java,org.pf4j.PluginManager,Static Dependency
tika-plugins-core,PluginComponentLoaderTest.java,org.apache.tika.exception.TikaConfigException,Static Dependency
tika-plugins-core,PluginComponentLoaderTest.java,com.fasterxml.jackson.databind.JsonNode,Static Dependency
tika-plugins-core,PluginComponentLoaderTest.java,java.util.Optional,Static Dependency
tika-plugins-core,PluginComponentLoaderTest.java,com.fasterxml.jackson.databind.ObjectMapper,Static Dependency
tika-plugins-core,TikaPluginManagerTest.java,org.junit.jupiter.api.Test,Static Dependency
tika-plugins-core,TikaPluginManagerTest.java,java.nio.file.Path,Static Dependency
tika-plugins-core,TikaPluginManagerTest.java,org.junit.jupiter.api.io.TempDir,Static Dependency
tika-plugins-core,TikaPluginManagerTest.java,java.util.Collections,Static Dependency
tika-plugins-core,TikaPluginManagerTest.java,org.pf4j.RuntimeMode,Static Dependency
tika-parsers,PDFRenderingTest.java,org.junit.jupiter.api.Test,Static Dependency
tika-parsers,PDFRenderingTest.java,org.apache.tika.TikaTest,Static Dependency
tika-parsers,PDFRenderingTest.java,java.util.List,Static Dependency
tika-parsers,PDFRenderingTest.java,org.apache.tika.metadata.Metadata,Static Dependency
tika-parsers,PDFParserTest.java,org.junit.jupiter.api.Disabled,Static Dependency
tika-parsers,PDFParserTest.java,org.apache.commons.io.IOUtils,Static Dependency
tika-parsers,PDFParserTest.java,org.apache.tika.metadata.Metadata,Static Dependency
tika-parsers,PDFParserTest.java,java.util.logging.Level,Static Dependency
tika-parsers,PDFParserTest.java,org.apache.tika.Tika,Static Dependency
tika-parsers,PDFParserTest.java,org.apache.tika.metadata.PagedText,Static Dependency
tika-parsers,PDFParserTest.java,org.apache.tika.metadata.TikaPagedText,Static Dependency
tika-parsers,PDFParserTest.java,org.apache.tika.metadata.XMPPDF,Static Dependency
tika-parsers,PDFParserTest.java,java.util.logging.Logger,Static Dependency
tika-parsers,PDFParserTest.java,org.apache.tika.exception.EncryptedDocumentException,Static Dependency
tika-parsers,PDFParserTest.java,org.apache.tika.sax.ContentHandlerDecorator,Static Dependency
tika-parsers,PDFParserTest.java,java.util.regex.Pattern,Static Dependency
tika-parsers,PDFParserTest.java,org.xml.sax.ContentHandler,Static Dependency
tika-parsers,PDFParserTest.java,org.junit.jupiter.api.AfterAll,Static Dependency
tika-parsers,PDFParserTest.java,java.util.Map,Static Dependency
tika-parsers,PDFParserTest.java,org.apache.tika.sax.BodyContentHandler,Static Dependency
tika-parsers,PDFParserTest.java,org.junit.jupiter.api.BeforeAll,Static Dependency
tika-parsers,PDFParserTest.java,org.apache.tika.exception.AccessPermissionException,Static Dependency
tika-parsers,PDFParserTest.java,org.apache.tika.io.TikaInputStream,Static Dependency
tika-parsers,PDFParserTest.java,org.apache.tika.parser.ParseContext,Static Dependency
tika-parsers,PDFParserTest.java,java.util.regex.Matcher,Static Dependency
tika-parsers,PDFParserTest.java,org.apache.tika.config.loader.TikaLoader,Static Dependency
tika-parsers,PDFParserTest.java,org.apache.tika.mime.MediaType,Static Dependency
tika-parsers,PDFParserTest.java,org.apache.tika.metadata.XMPDC,Static Dependency
tika-parsers,PDFParserTest.java,java.nio.file.Path,Static Dependency
tika-parsers,PDFParserTest.java,org.apache.tika.parser.CompositeParser,Static Dependency
tika-parsers,PDFParserTest.java,org.apache.tika.metadata.PDF,Static Dependency
tika-parsers,PDFParserTest.java,java.util.HashSet,Static Dependency
tika-parsers,PDFParserTest.java,org.apache.tika.metadata.XMP,Static Dependency
tika-parsers,PDFParserTest.java,org.apache.tika.metadata.TikaCoreProperties,Static Dependency
tika-parsers,PDFParserTest.java,org.apache.tika.parser.AutoDetectParser,Static Dependency
tika-parsers,PDFParserTest.java,java.util.Set,Static Dependency
tika-parsers,PDFParserTest.java,org.apache.tika.metadata.XMPMM,Static Dependency
tika-parsers,PDFParserTest.java,org.junit.jupiter.api.Test,Static Dependency
tika-parsers,PDFParserTest.java,org.apache.tika.parser.Parser,Static Dependency
tika-parsers,PDFParserTest.java,java.util.List,Static Dependency
tika-parsers,PDFParserTest.java,org.apache.tika.TikaTest,Static Dependency
tika-parsers,PDFParserTest.java,java.util.Arrays,Static Dependency
tika-parsers,PDFParserTest.java,org.apache.tika.metadata.Font,Static Dependency
tika-parsers,PDFParserTest.java,org.apache.tika.exception.ZeroByteFileException,Static Dependency
tika-parsers,PDFParserTest.java,org.apache.tika.parser.PasswordProvider,Static Dependency
tika-parsers,PDFParserTest.java,org.apache.tika.extractor.DocumentSelector,Static Dependency
tika-parsers,PDFParserTest.java,java.util.HashMap,Static Dependency
tika-parsers,PDFIncrementalUpdatesTest.java,org.junit.jupiter.api.Test,Static Dependency
tika-parsers,PDFIncrementalUpdatesTest.java,java.io.IOException,Static Dependency
tika-parsers,PDFIncrementalUpdatesTest.java,java.nio.charset.StandardCharsets,Static Dependency
tika-parsers,PDFIncrementalUpdatesTest.java,java.util.List,Static Dependency
tika-parsers,PDFIncrementalUpdatesTest.java,org.apache.tika.TikaTest,Static Dependency
tika-parsers,PDFIncrementalUpdatesTest.java,org.apache.tika.parser.pdf.updates.StartXRefScanner,Static Dependency
tika-parsers,PDFIncrementalUpdatesTest.java,org.apache.pdfbox.io.RandomAccessRead,Static Dependency
tika-parsers,PDFIncrementalUpdatesTest.java,org.apache.tika.metadata.Metadata,Static Dependency
tika-parsers,PDFIncrementalUpdatesTest.java,org.apache.tika.metadata.PDF,Static Dependency
tika-parsers,PDFIncrementalUpdatesTest.java,org.apache.tika.parser.pdf.updates.StartXRefOffset,Static Dependency
tika-parsers,PDFIncrementalUpdatesTest.java,org.apache.tika.parser.ParseContext,Static Dependency
tika-parsers,PDFIncrementalUpdatesTest.java,org.apache.tika.metadata.TikaCoreProperties,Static Dependency
tika-parsers,PDFIncrementalUpdatesTest.java,org.apache.pdfbox.io.RandomAccessReadBuffer,Static Dependency
tika-parsers,CustomTikaXMPTest.java,org.junit.jupiter.api.Test,Static Dependency
tika-parsers,CustomTikaXMPTest.java,java.io.IOException,Static Dependency
tika-parsers,CustomTikaXMPTest.java,org.apache.tika.utils.XMLReaderUtils,Static Dependency
tika-parsers,CustomTikaXMPTest.java,org.apache.tika.TikaTest,Static Dependency
tika-parsers,CustomTikaXMPTest.java,org.apache.tika.metadata.Metadata,Static Dependency
tika-parsers,CustomTikaXMPTest.java,org.w3c.dom.Document,Static Dependency
tika-parsers,CustomTikaXMPTest.java,org.xml.sax.SAXException,Static Dependency
tika-parsers,CustomTikaXMPTest.java,org.apache.tika.metadata.PDF,Static Dependency
tika-parsers,CustomTikaXMPTest.java,org.apache.jempbox.xmp.XMPMetadata,Static Dependency
tika-parsers,CustomTikaXMPTest.java,org.apache.tika.metadata.XMP,Static Dependency
tika-parsers,CustomTikaXMPTest.java,org.apache.tika.io.TikaInputStream,Static Dependency
tika-parsers,CustomTikaXMPTest.java,org.apache.tika.parser.ParseContext,Static Dependency
tika-parsers,CustomTikaXMPTest.java,org.apache.tika.exception.TikaException,Static Dependency
tika-parsers,CustomTikaXMPTest.java,org.apache.tika.metadata.TikaCoreProperties,Static Dependency
tika-parsers,MyCustomImageGraphicsEngineFactory.java,org.apache.tika.extractor.EmbeddedDocumentExtractor,Static Dependency
tika-parsers,MyCustomImageGraphicsEngineFactory.java,java.util.Map,Static Dependency
tika-parsers,MyCustomImageGraphicsEngineFactory.java,java.util.concurrent.atomic.AtomicInteger,Static Dependency
tika-parsers,MyCustomImageGraphicsEngineFactory.java,org.apache.tika.metadata.Metadata,Static Dependency
tika-parsers,MyCustomImageGraphicsEngineFactory.java,org.apache.tika.sax.XHTMLContentHandler,Static Dependency
tika-parsers,MyCustomImageGraphicsEngineFactory.java,org.apache.tika.parser.ParseContext,Static Dependency
tika-parsers,MyCustomImageGraphicsEngineFactory.java,org.apache.tika.parser.pdf.image.ImageGraphicsEngineFactory,Static Dependency
tika-parsers,MyCustomImageGraphicsEngineFactory.java,org.apache.pdfbox.pdmodel.PDPage,Static Dependency
tika-parsers,MyCustomImageGraphicsEngineFactory.java,org.apache.pdfbox.cos.COSStream,Static Dependency
tika-parsers,MyCustomImageGraphicsEngineFactory.java,com.fasterxml.jackson.annotation.JsonTypeInfo,Static Dependency
tika-parsers,MyCustomImageGraphicsEngineFactory.java,org.apache.tika.parser.pdf.image.ImageGraphicsEngine,Static Dependency
tika-parsers,PDFMarkedContent2XHTMLTest.java,org.junit.jupiter.api.Test,Static Dependency
tika-parsers,PDFMarkedContent2XHTMLTest.java,org.apache.tika.TikaTest,Static Dependency
tika-parsers,PDFMarkedContent2XHTMLTest.java,java.util.List,Static Dependency
tika-parsers,PDFMarkedContent2XHTMLTest.java,org.junit.jupiter.api.BeforeAll,Static Dependency
tika-parsers,PDFMarkedContent2XHTMLTest.java,org.apache.tika.metadata.Metadata,Static Dependency
tika-parsers,PDFMarkedContent2XHTMLTest.java,org.apache.tika.parser.ParseContext,Static Dependency
tika-parsers,PDFMarkedContent2XHTMLTest.java,org.apache.tika.metadata.TikaCoreProperties,Static Dependency
tika-parsers,FeedParserTest.java,org.junit.jupiter.api.Test,Static Dependency
tika-parsers,FeedParserTest.java,org.xml.sax.ContentHandler,Static Dependency
tika-parsers,FeedParserTest.java,org.apache.tika.TikaTest,Static Dependency
tika-parsers,FeedParserTest.java,org.apache.tika.sax.BodyContentHandler,Static Dependency
tika-parsers,FeedParserTest.java,org.apache.tika.metadata.Metadata,Static Dependency
tika-parsers,FeedParserTest.java,org.apache.tika.io.TikaInputStream,Static Dependency
tika-parsers,FeedParserTest.java,org.apache.tika.parser.ParseContext,Static Dependency
tika-parsers,FeedParserTest.java,org.apache.tika.metadata.TikaCoreProperties,Static Dependency
tika-parsers,IWorkDetectorTest.java,org.junit.jupiter.api.Test,Static Dependency
tika-parsers,IWorkDetectorTest.java,org.apache.tika.TikaTest,Static Dependency
tika-parsers,IWorkDetectorTest.java,org.apache.tika.parser.iwork.iwana.IWork13PackageParser.IWork13DocumentType,Static Dependency
tika-parsers,IWorkDetectorTest.java,org.apache.tika.io.TikaInputStream,Static Dependency
tika-parsers,IWorkDetectorTest.java,org.apache.commons.compress.archivers.zip.ZipFile,Static Dependency
tika-parsers,IWorkDetectorTest.java,org.apache.tika.parser.iwork.iwana.IWork18PackageParser.IWork18DocumentType,Static Dependency
tika-parsers,IWorkDetectorTest.java,org.apache.tika.mime.MediaType,Static Dependency
tika-parsers,PListParserTest.java,org.junit.jupiter.api.Test,Static Dependency
tika-parsers,PListParserTest.java,org.apache.tika.TikaTest,Static Dependency
tika-parsers,PListParserTest.java,java.util.List,Static Dependency
tika-parsers,PListParserTest.java,org.apache.tika.metadata.Metadata,Static Dependency
tika-parsers,PListParserTest.java,org.apache.tika.metadata.TikaCoreProperties,Static Dependency
tika-parsers,AutoPageNumberUtilsTest.java,org.junit.jupiter.api.Test,Static Dependency
tika-parsers,IWorkParserTest.java,org.apache.tika.detect.Detector,Static Dependency
tika-parsers,IWorkParserTest.java,org.apache.tika.detect.zip.ZipContainerDetector,Static Dependency
tika-parsers,IWorkParserTest.java,org.apache.tika.metadata.Metadata,Static Dependency
tika-parsers,IWorkParserTest.java,org.apache.tika.detect.zip.DefaultZipContainerDetector,Static Dependency
tika-parsers,IWorkParserTest.java,org.xml.sax.ContentHandler,Static Dependency
tika-parsers,IWorkParserTest.java,org.apache.tika.sax.BodyContentHandler,Static Dependency
tika-parsers,IWorkParserTest.java,org.apache.tika.io.TikaInputStream,Static Dependency
tika-parsers,IWorkParserTest.java,java.util.ArrayList,Static Dependency
tika-parsers,IWorkParserTest.java,org.apache.tika.parser.ParseContext,Static Dependency
tika-parsers,IWorkParserTest.java,org.apache.tika.metadata.Office,Static Dependency
tika-parsers,IWorkParserTest.java,java.io.InputStream,Static Dependency
tika-parsers,IWorkParserTest.java,org.apache.tika.mime.MediaType,Static Dependency
tika-parsers,IWorkParserTest.java,org.apache.tika.detect.apple.IWorkDetector,Static Dependency
tika-parsers,IWorkParserTest.java,org.apache.tika.metadata.TikaCoreProperties,Static Dependency
tika-parsers,IWorkParserTest.java,org.junit.jupiter.api.Test,Static Dependency
tika-parsers,IWorkParserTest.java,java.util.List,Static Dependency
tika-parsers,IWorkParserTest.java,org.apache.tika.TikaTest,Static Dependency
tika-parsers,IWorkParserTest.java,java.util.Arrays,Static Dependency
tika-parsers,IWorkParserTest.java,org.junit.jupiter.api.BeforeEach,Static Dependency
tika-parsers,IWorkParserTest.java,org.apache.tika.detect.CompositeDetector,Static Dependency
tika-parsers,IWork13ParserTest.java,org.junit.jupiter.api.Test,Static Dependency
tika-parsers,IWork13ParserTest.java,org.xml.sax.ContentHandler,Static Dependency
tika-parsers,IWork13ParserTest.java,org.apache.tika.TikaTest,Static Dependency
tika-parsers,IWork13ParserTest.java,java.util.List,Static Dependency
tika-parsers,IWork13ParserTest.java,org.apache.tika.sax.BodyContentHandler,Static Dependency
tika-parsers,IWork13ParserTest.java,org.junit.jupiter.api.BeforeEach,Static Dependency
tika-parsers,IWork13ParserTest.java,org.apache.tika.metadata.Metadata,Static Dependency
tika-parsers,IWork13ParserTest.java,org.apache.tika.io.TikaInputStream,Static Dependency
tika-parsers,IWork13ParserTest.java,org.apache.tika.parser.ParseContext,Static Dependency
tika-parsers,IWork13ParserTest.java,org.apache.tika.metadata.TikaCoreProperties,Static Dependency
tika-parsers,IWork13ParserTest.java,org.apache.tika.parser.Parser,Static Dependency
tika-parsers,CompressParserTest.java,org.junit.jupiter.api.Test,Static Dependency
tika-parsers,CompressParserTest.java,org.xml.sax.ContentHandler,Static Dependency
tika-parsers,CompressParserTest.java,org.apache.tika.sax.BodyContentHandler,Static Dependency
tika-parsers,CompressParserTest.java,org.apache.tika.metadata.Metadata,Static Dependency
tika-parsers,CompressParserTest.java,org.apache.tika.exception.TikaMemoryLimitException,Static Dependency
tika-parsers,CompressParserTest.java,org.apache.tika.io.TikaInputStream,Static Dependency
tika-parsers,CompressorParserTest.java,org.junit.jupiter.api.Test,Static Dependency
tika-parsers,CompressorParserTest.java,org.apache.tika.TikaTest,Static Dependency
tika-parsers,CompressorParserTest.java,org.apache.commons.compress.compressors.CompressorStreamFactory,Static Dependency
tika-parsers,CompressorParserTest.java,org.junit.jupiter.api.BeforeAll,Static Dependency
tika-parsers,CompressorParserTest.java,org.apache.tika.parser.ParseContext,Static Dependency
tika-parsers,CompressorParserTest.java,org.apache.tika.mime.MediaType,Static Dependency
tika-parsers,CompressorParserTest.java,java.util.HashSet,Static Dependency
tika-parsers,CompressorParserTest.java,org.apache.tika.exception.TikaException,Static Dependency
tika-parsers,CompressorParserTest.java,org.apache.tika.detect.zip.CompressorConstants,Static Dependency
tika-parsers,CompressorParserTest.java,java.util.Set,Static Dependency
tika-parsers,TarParserTest.java,org.junit.jupiter.api.Test,Static Dependency
tika-parsers,TarParserTest.java,org.xml.sax.ContentHandler,Static Dependency
tika-parsers,TarParserTest.java,org.apache.tika.sax.BodyContentHandler,Static Dependency
tika-parsers,TarParserTest.java,org.apache.tika.metadata.Metadata,Static Dependency
tika-parsers,TarParserTest.java,org.apache.tika.io.TikaInputStream,Static Dependency
tika-parsers,ZipParserTest.java,org.junit.jupiter.api.Test,Static Dependency
tika-parsers,ZipParserTest.java,org.xml.sax.ContentHandler,Static Dependency
tika-parsers,ZipParserTest.java,org.apache.commons.compress.archivers.ArchiveStreamFactory,Static Dependency
tika-parsers,ZipParserTest.java,org.apache.tika.sax.BodyContentHandler,Static Dependency
tika-parsers,ZipParserTest.java,org.apache.tika.metadata.Metadata,Static Dependency
tika-parsers,ZipParserTest.java,org.apache.tika.Tika,Static Dependency
tika-parsers,ZipParserTest.java,org.xml.sax.helpers.DefaultHandler,Static Dependency
tika-parsers,ZipParserTest.java,org.apache.commons.codec.binary.Base64,Static Dependency
tika-parsers,ZipParserTest.java,org.apache.tika.io.TikaInputStream,Static Dependency
tika-parsers,ZipParserTest.java,org.apache.tika.exception.TikaException,Static Dependency
tika-parsers,Seven7ParserTest.java,org.junit.jupiter.api.Test,Static Dependency
tika-parsers,Seven7ParserTest.java,org.xml.sax.ContentHandler,Static Dependency
tika-parsers,Seven7ParserTest.java,org.apache.tika.sax.BodyContentHandler,Static Dependency
tika-parsers,Seven7ParserTest.java,org.apache.tika.metadata.Metadata,Static Dependency
tika-parsers,Seven7ParserTest.java,org.apache.tika.io.TikaInputStream,Static Dependency
tika-parsers,ArParserTest.java,org.junit.jupiter.api.Test,Static Dependency
tika-parsers,ArParserTest.java,org.xml.sax.ContentHandler,Static Dependency
tika-parsers,ArParserTest.java,org.apache.tika.sax.BodyContentHandler,Static Dependency
tika-parsers,ArParserTest.java,org.apache.tika.metadata.Metadata,Static Dependency
tika-parsers,ArParserTest.java,org.apache.tika.io.TikaInputStream,Static Dependency
tika-parsers,UnrarParserTest.java,org.junit.jupiter.api.Test,Static Dependency
tika-parsers,UnrarParserTest.java,org.xml.sax.ContentHandler,Static Dependency
tika-parsers,UnrarParserTest.java,org.apache.tika.sax.BodyContentHandler,Static Dependency
tika-parsers,UnrarParserTest.java,org.apache.tika.parser.external.ExternalParser,Static Dependency
tika-parsers,UnrarParserTest.java,org.apache.tika.metadata.Metadata,Static Dependency
tika-parsers,UnrarParserTest.java,org.apache.tika.io.TikaInputStream,Static Dependency
tika-parsers,UnrarParserTest.java,org.apache.tika.exception.EncryptedDocumentException,Static Dependency
tika-parsers,UnrarParserTest.java,org.apache.tika.parser.Parser,Static Dependency
tika-parsers,ZlibParserTest.java,org.junit.jupiter.api.Test,Static Dependency
tika-parsers,ZlibParserTest.java,org.xml.sax.ContentHandler,Static Dependency
tika-parsers,ZlibParserTest.java,org.apache.tika.sax.BodyContentHandler,Static Dependency
tika-parsers,ZlibParserTest.java,org.apache.tika.metadata.Metadata,Static Dependency
tika-parsers,ZlibParserTest.java,org.apache.tika.io.TikaInputStream,Static Dependency
tika-parsers,PackageParserTest.java,org.junit.jupiter.api.Test,Static Dependency
tika-parsers,PackageParserTest.java,java.nio.charset.StandardCharsets,Static Dependency
tika-parsers,PackageParserTest.java,org.apache.commons.compress.archivers.ArchiveStreamFactory,Static Dependency
tika-parsers,PackageParserTest.java,org.apache.tika.TikaTest,Static Dependency
tika-parsers,PackageParserTest.java,org.apache.tika.detect.zip.PackageConstants,Static Dependency
tika-parsers,PackageParserTest.java,org.apache.tika.parser.ParseContext,Static Dependency
tika-parsers,PackageParserTest.java,org.apache.tika.mime.MediaType,Static Dependency
tika-parsers,PackageParserTest.java,java.util.HashSet,Static Dependency
tika-parsers,PackageParserTest.java,org.apache.tika.mime.MediaTypeRegistry,Static Dependency
tika-parsers,PackageParserTest.java,org.apache.tika.config.loader.TikaLoader,Static Dependency
tika-parsers,PackageParserTest.java,java.util.Set,Static Dependency
tika-parsers,Bzip2ParserTest.java,org.junit.jupiter.api.Test,Static Dependency
tika-parsers,Bzip2ParserTest.java,org.xml.sax.ContentHandler,Static Dependency
tika-parsers,Bzip2ParserTest.java,org.apache.tika.sax.BodyContentHandler,Static Dependency
tika-parsers,Bzip2ParserTest.java,org.apache.tika.metadata.Metadata,Static Dependency
tika-parsers,Bzip2ParserTest.java,org.apache.tika.io.TikaInputStream,Static Dependency
tika-parsers,RarParserTest.java,org.junit.jupiter.api.Test,Static Dependency
tika-parsers,RarParserTest.java,org.xml.sax.ContentHandler,Static Dependency
tika-parsers,RarParserTest.java,org.apache.tika.sax.BodyContentHandler,Static Dependency
tika-parsers,RarParserTest.java,org.apache.tika.parser.PasswordProvider,Static Dependency
tika-parsers,RarParserTest.java,org.apache.tika.metadata.Metadata,Static Dependency
tika-parsers,RarParserTest.java,org.apache.tika.io.TikaInputStream,Static Dependency
tika-parsers,RarParserTest.java,org.apache.tika.parser.ParseContext,Static Dependency
tika-parsers,RarParserTest.java,org.apache.tika.exception.EncryptedDocumentException,Static Dependency
tika-parsers,RarParserTest.java,org.apache.tika.parser.Parser,Static Dependency
tika-parsers,AbstractPkgTest.java,java.io.IOException,Static Dependency
tika-parsers,AbstractPkgTest.java,org.xml.sax.ContentHandler,Static Dependency
tika-parsers,AbstractPkgTest.java,java.util.List,Static Dependency
tika-parsers,AbstractPkgTest.java,org.apache.tika.TikaTest,Static Dependency
tika-parsers,AbstractPkgTest.java,org.junit.jupiter.api.BeforeEach,Static Dependency
tika-parsers,AbstractPkgTest.java,org.apache.tika.metadata.Metadata,Static Dependency
tika-parsers,AbstractPkgTest.java,org.xml.sax.SAXException,Static Dependency
tika-parsers,AbstractPkgTest.java,org.apache.tika.io.TikaInputStream,Static Dependency
tika-parsers,AbstractPkgTest.java,java.util.ArrayList,Static Dependency
tika-parsers,AbstractPkgTest.java,org.apache.tika.mime.MediaType,Static Dependency
tika-parsers,AbstractPkgTest.java,org.apache.tika.parser.ParseContext,Static Dependency
tika-parsers,AbstractPkgTest.java,org.apache.tika.exception.TikaException,Static Dependency
tika-parsers,AbstractPkgTest.java,org.apache.tika.metadata.TikaCoreProperties,Static Dependency
tika-parsers,AbstractPkgTest.java,org.apache.tika.parser.Parser,Static Dependency
tika-parsers,AbstractPkgTest.java,java.util.Set,Static Dependency
tika-parsers,GzipParserTest.java,org.junit.jupiter.api.Test,Static Dependency
tika-parsers,GzipParserTest.java,org.xml.sax.ContentHandler,Static Dependency
tika-parsers,GzipParserTest.java,org.apache.tika.sax.BodyContentHandler,Static Dependency
tika-parsers,GzipParserTest.java,org.apache.tika.metadata.Metadata,Static Dependency
tika-parsers,GzipParserTest.java,org.apache.tika.io.TikaInputStream,Static Dependency
tika-parsers,MailDateParserTest.java,org.junit.jupiter.api.Test,Static Dependency
tika-parsers,MailDateParserTest.java,java.text.SimpleDateFormat,Static Dependency
tika-parsers,MailDateParserTest.java,org.apache.james.mime4j.field.DateTimeFieldLenientImpl,Static Dependency
tika-parsers,MailDateParserTest.java,java.util.TimeZone,Static Dependency
tika-parsers,MailDateParserTest.java,java.text.DateFormat,Static Dependency
tika-parsers,MailDateParserTest.java,java.util.Date,Static Dependency
tika-parsers,MailDateParserTest.java,java.text.DateFormatSymbols,Static Dependency
tika-parsers,MailDateParserTest.java,java.util.Locale,Static Dependency
tika-parsers,MailUtilTest.java,org.junit.jupiter.api.Test,Static Dependency
tika-parsers,MailUtilTest.java,org.apache.tika.metadata.Metadata,Static Dependency
tika-parsers,MailUtilTest.java,org.apache.tika.metadata.Message,Static Dependency
tika-parsers,MatroskaDetectorTest.java,org.junit.jupiter.api.Test,Static Dependency
tika-parsers,MatroskaDetectorTest.java,java.io.IOException,Static Dependency
tika-parsers,MatroskaDetectorTest.java,org.apache.tika.TikaTest,Static Dependency
tika-parsers,MatroskaDetectorTest.java,org.apache.tika.metadata.Metadata,Static Dependency
tika-parsers,MatroskaDetectorTest.java,org.apache.tika.io.TikaInputStream,Static Dependency
tika-parsers,MatroskaDetectorTest.java,org.apache.tika.parser.ParseContext,Static Dependency
tika-parsers,MatroskaDetectorTest.java,org.apache.tika.mime.MediaType,Static Dependency
tika-parsers,FLVParserTest.java,org.junit.jupiter.api.Test,Static Dependency
tika-parsers,FLVParserTest.java,org.apache.tika.metadata.Metadata,Static Dependency
tika-parsers,FLVParserTest.java,org.apache.tika.Tika,Static Dependency
tika-parsers,AudioParserTest.java,org.junit.jupiter.api.Test,Static Dependency
tika-parsers,AudioParserTest.java,org.apache.tika.metadata.Metadata,Static Dependency
tika-parsers,AudioParserTest.java,org.apache.tika.Tika,Static Dependency
tika-parsers,MidiParserTest.java,org.apache.tika.metadata.Metadata,Static Dependency
tika-parsers,MidiParserTest.java,org.apache.tika.Tika,Static Dependency
tika-parsers,Mp3ParserTest.java,org.junit.jupiter.api.Test,Static Dependency
tika-parsers,Mp3ParserTest.java,org.apache.tika.TikaTest,Static Dependency
tika-parsers,Mp3ParserTest.java,org.apache.tika.metadata.Metadata,Static Dependency
tika-parsers,Mp3ParserTest.java,org.apache.tika.io.TikaInputStream,Static Dependency
tika-parsers,Mp3ParserTest.java,org.apache.tika.metadata.XMPDM,Static Dependency
tika-parsers,Mp3ParserTest.java,org.apache.tika.metadata.TikaCoreProperties,Static Dependency
tika-parsers,MpegStreamTest.java,java.io.OutputStream,Static Dependency
tika-parsers,MpegStreamTest.java,java.io.IOException,Static Dependency
tika-parsers,MpegStreamTest.java,org.junit.jupiter.api.Test,Static Dependency
tika-parsers,MpegStreamTest.java,org.junit.jupiter.api.AfterEach,Static Dependency
tika-parsers,MpegStreamTest.java,java.io.ByteArrayOutputStream,Static Dependency
tika-parsers,MpegStreamTest.java,org.apache.tika.io.TikaInputStream,Static Dependency
tika-parsers,MP4ParserTest.java,java.util.Collection,Static Dependency
tika-parsers,MP4ParserTest.java,org.apache.tika.metadata.Metadata,Static Dependency
tika-parsers,MP4ParserTest.java,org.junit.jupiter.api.Timeout,Static Dependency
tika-parsers,MP4ParserTest.java,com.drew.metadata.mp4.media.Mp4VideoDirectory,Static Dependency
tika-parsers,MP4ParserTest.java,org.xml.sax.ContentHandler,Static Dependency
tika-parsers,MP4ParserTest.java,com.drew.metadata.mp4.Mp4Directory,Static Dependency
tika-parsers,MP4ParserTest.java,org.apache.tika.sax.BodyContentHandler,Static Dependency
tika-parsers,MP4ParserTest.java,com.drew.metadata.mp4.media.Mp4MetaDirectory,Static Dependency
tika-parsers,MP4ParserTest.java,org.apache.tika.io.TikaInputStream,Static Dependency
tika-parsers,MP4ParserTest.java,org.apache.tika.parser.ParseContext,Static Dependency
tika-parsers,MP4ParserTest.java,com.drew.metadata.mp4.media.Mp4SoundDirectory,Static Dependency
tika-parsers,MP4ParserTest.java,java.util.HashSet,Static Dependency
tika-parsers,MP4ParserTest.java,org.apache.tika.metadata.XMP,Static Dependency
tika-parsers,MP4ParserTest.java,org.apache.tika.metadata.TikaCoreProperties,Static Dependency
tika-parsers,MP4ParserTest.java,java.util.Set,Static Dependency
tika-parsers,MP4ParserTest.java,org.junit.jupiter.api.Test,Static Dependency
tika-parsers,MP4ParserTest.java,java.util.List,Static Dependency
tika-parsers,MP4ParserTest.java,org.apache.tika.TikaTest,Static Dependency
tika-parsers,MP4ParserTest.java,java.util.Arrays,Static Dependency
tika-parsers,MP4ParserTest.java,java.util.Collections,Static Dependency
tika-parsers,MP4ParserTest.java,org.apache.tika.metadata.XMPDM,Static Dependency
tika-parsers,HwpV5ParserTest.java,org.junit.jupiter.api.Test,Static Dependency
tika-parsers,HwpV5ParserTest.java,org.apache.tika.metadata.Metadata,Static Dependency
tika-parsers,HwpV5ParserTest.java,org.apache.tika.parser.ParseContext,Static Dependency
tika-parsers,HwpV5ParserTest.java,org.apache.tika.parser.RecursiveParserWrapper,Static Dependency
tika-parsers,HwpV5ParserTest.java,org.apache.tika.metadata.TikaCoreProperties,Static Dependency
tika-parsers,HwpV5ParserTest.java,org.apache.tika.parser.Parser,Static Dependency
tika-parsers,HwpV5ParserTest.java,org.apache.tika.MultiThreadedTikaTest,Static Dependency
tika-parsers,HwpV5ParserTest.java,org.apache.commons.io.filefilter.RegexFileFilter,Static Dependency
tika-parsers,iBooksParserTest.java,org.junit.jupiter.api.Test,Static Dependency
tika-parsers,iBooksParserTest.java,org.apache.tika.metadata.Metadata,Static Dependency
tika-parsers,iBooksParserTest.java,org.apache.tika.TikaTest,Static Dependency
tika-parsers,iBooksParserTest.java,org.apache.tika.metadata.TikaCoreProperties,Static Dependency
tika-parsers,QuattroProTest.java,org.junit.jupiter.api.Test,Static Dependency
tika-parsers,QuattroProTest.java,org.apache.tika.metadata.Metadata,Static Dependency
tika-parsers,QuattroProTest.java,org.apache.tika.TikaTest,Static Dependency
tika-parsers,QuattroProTest.java,org.apache.tika.metadata.TikaCoreProperties,Static Dependency
tika-parsers,WordPerfectTest.java,org.junit.jupiter.api.Test,Static Dependency
tika-parsers,WordPerfectTest.java,org.apache.tika.TikaTest,Static Dependency
tika-parsers,WordPerfectTest.java,org.apache.tika.metadata.Metadata,Static Dependency
tika-parsers,WordPerfectTest.java,org.apache.tika.parser.Parser,Static Dependency
tika-parsers,WordPerfectTest.java,org.apache.tika.config.loader.TikaLoader,Static Dependency
tika-parsers,WPInputStreamTest.java,org.junit.jupiter.api.Test,Static Dependency
tika-parsers,WPInputStreamTest.java,java.io.EOFException,Static Dependency
tika-parsers,WPInputStreamTest.java,org.apache.tika.io.TikaInputStream,Static Dependency
tika-parsers,ODFParserTest.java,java.io.IOException,Static Dependency
tika-parsers,ODFParserTest.java,java.util.concurrent.Future,Static Dependency
tika-parsers,ODFParserTest.java,java.util.concurrent.ExecutorService,Static Dependency
tika-parsers,ODFParserTest.java,org.apache.tika.metadata.Metadata,Static Dependency
tika-parsers,ODFParserTest.java,org.xml.sax.helpers.DefaultHandler,Static Dependency
tika-parsers,ODFParserTest.java,org.apache.tika.exception.EncryptedDocumentException,Static Dependency
tika-parsers,ODFParserTest.java,org.apache.tika.metadata.OfficeOpenXMLCore,Static Dependency
tika-parsers,ODFParserTest.java,org.xml.sax.ContentHandler,Static Dependency
tika-parsers,ODFParserTest.java,org.apache.tika.sax.BodyContentHandler,Static Dependency
tika-parsers,ODFParserTest.java,org.apache.tika.io.TikaInputStream,Static Dependency
tika-parsers,ODFParserTest.java,org.apache.tika.parser.ParseContext,Static Dependency
tika-parsers,ODFParserTest.java,org.apache.tika.metadata.Office,Static Dependency
tika-parsers,ODFParserTest.java,java.nio.file.Paths,Static Dependency
tika-parsers,ODFParserTest.java,org.apache.tika.metadata.OfficeOpenXMLExtended,Static Dependency
tika-parsers,ODFParserTest.java,java.nio.charset.StandardCharsets,Static Dependency
tika-parsers,ODFParserTest.java,java.nio.file.Path,Static Dependency
tika-parsers,ODFParserTest.java,java.util.concurrent.ExecutorCompletionService,Static Dependency
tika-parsers,ODFParserTest.java,org.apache.tika.metadata.TikaCoreProperties,Static Dependency
tika-parsers,ODFParserTest.java,org.apache.tika.parser.Parser,Static Dependency
tika-parsers,ODFParserTest.java,org.junit.jupiter.api.Test,Static Dependency
tika-parsers,ODFParserTest.java,org.apache.tika.utils.XMLReaderUtils,Static Dependency
tika-parsers,ODFParserTest.java,java.util.List,Static Dependency
tika-parsers,ODFParserTest.java,org.apache.tika.TikaTest,Static Dependency
tika-parsers,ODFParserTest.java,java.util.Arrays,Static Dependency
tika-parsers,ODFParserTest.java,org.apache.tika.exception.TikaException,Static Dependency
tika-parsers,ODFParserTest.java,java.util.concurrent.Executors,Static Dependency
tika-parsers,ODFParserTest.java,org.apache.tika.parser.EmptyParser,Static Dependency
tika-parsers,OpenDocumentContentParserTest.java,org.junit.jupiter.api.Test,Static Dependency
tika-parsers,OpenDocumentContentParserTest.java,org.apache.tika.utils.XMLReaderUtils,Static Dependency
tika-parsers,OpenDocumentContentParserTest.java,java.nio.charset.StandardCharsets,Static Dependency
tika-parsers,OpenDocumentContentParserTest.java,org.apache.tika.TikaTest,Static Dependency
tika-parsers,OpenDocumentContentParserTest.java,org.apache.commons.compress.compressors.gzip.GzipCompressorInputStream,Static Dependency
tika-parsers,OpenDocumentContentParserTest.java,org.apache.tika.metadata.Metadata,Static Dependency
tika-parsers,OpenDocumentContentParserTest.java,org.xml.sax.helpers.DefaultHandler,Static Dependency
tika-parsers,OpenDocumentContentParserTest.java,org.apache.tika.io.TikaInputStream,Static Dependency
tika-parsers,OpenDocumentContentParserTest.java,org.apache.tika.parser.ParseContext,Static Dependency
tika-parsers,OpenDocumentContentParserTest.java,java.util.regex.Matcher,Static Dependency
tika-parsers,OpenDocumentContentParserTest.java,org.apache.tika.parser.Parser,Static Dependency
tika-parsers,OpenDocumentContentParserTest.java,java.util.regex.Pattern,Static Dependency
tika-parsers,DBFParserTest.java,org.junit.jupiter.api.Test,Static Dependency
tika-parsers,DBFParserTest.java,java.io.IOException,Static Dependency
tika-parsers,DBFParserTest.java,org.apache.tika.TikaTest,Static Dependency
tika-parsers,DBFParserTest.java,org.apache.commons.io.IOUtils,Static Dependency
tika-parsers,DBFParserTest.java,org.apache.tika.metadata.Metadata,Static Dependency
tika-parsers,DBFParserTest.java,java.io.ByteArrayOutputStream,Static Dependency
tika-parsers,DBFParserTest.java,org.apache.tika.io.TikaInputStream,Static Dependency
tika-parsers,DBFParserTest.java,org.apache.tika.exception.TikaException,Static Dependency
tika-parsers,DBFParserTest.java,org.apache.tika.metadata.TikaCoreProperties,Static Dependency
tika-parsers,DBFParserTest.java,org.apache.tika.parser.Parser,Static Dependency
tika-parsers,IDMLParserTest.java,org.junit.jupiter.api.Test,Static Dependency
tika-parsers,IDMLParserTest.java,org.apache.tika.TikaTest,Static Dependency
tika-parsers,IDMLParserTest.java,org.apache.tika.metadata.Metadata,Static Dependency
tika-parsers,IDMLParserTest.java,org.apache.tika.metadata.XMP,Static Dependency
tika-parsers,IDMLParserTest.java,org.apache.tika.parser.Parser,Static Dependency
tika-parsers,DIFParserTest.java,org.junit.jupiter.api.Test,Static Dependency
tika-parsers,DIFParserTest.java,org.xml.sax.ContentHandler,Static Dependency
tika-parsers,DIFParserTest.java,org.apache.tika.TikaTest,Static Dependency
tika-parsers,DIFParserTest.java,org.apache.tika.sax.BodyContentHandler,Static Dependency
tika-parsers,DIFParserTest.java,org.apache.tika.metadata.Metadata,Static Dependency
tika-parsers,DIFParserTest.java,org.apache.tika.io.TikaInputStream,Static Dependency
tika-parsers,DIFParserTest.java,org.apache.tika.parser.ParseContext,Static Dependency
tika-parsers,DIFParserTest.java,org.apache.tika.parser.Parser,Static Dependency
tika-parsers,EpubParserTest.java,org.junit.jupiter.api.Test,Static Dependency
tika-parsers,EpubParserTest.java,java.util.List,Static Dependency
tika-parsers,EpubParserTest.java,org.apache.tika.TikaTest,Static Dependency
tika-parsers,EpubParserTest.java,org.junit.jupiter.api.Disabled,Static Dependency
tika-parsers,EpubParserTest.java,java.util.Arrays,Static Dependency
tika-parsers,EpubParserTest.java,org.apache.tika.metadata.Epub,Static Dependency
tika-parsers,EpubParserTest.java,org.apache.tika.metadata.Metadata,Static Dependency
tika-parsers,EpubParserTest.java,org.apache.tika.metadata.Property,Static Dependency
tika-parsers,EpubParserTest.java,org.apache.tika.io.TikaInputStream,Static Dependency
tika-parsers,EpubParserTest.java,java.util.HashSet,Static Dependency
tika-parsers,EpubParserTest.java,org.apache.tika.metadata.TikaCoreProperties,Static Dependency
tika-parsers,EpubParserTest.java,org.apache.tika.parser.Parser,Static Dependency
tika-parsers,EpubParserTest.java,java.util.Set,Static Dependency
tika-parsers,MIFParserTest.java,org.junit.jupiter.api.Test,Static Dependency
tika-parsers,MIFParserTest.java,org.apache.tika.metadata.Metadata,Static Dependency
tika-parsers,MIFParserTest.java,org.apache.tika.TikaTest,Static Dependency
tika-parsers,MIFParserTest.java,org.apache.tika.parser.Parser,Static Dependency
tika-parsers,JpegParserTest.java,org.junit.jupiter.api.Test,Static Dependency
tika-parsers,JpegParserTest.java,java.util.List,Static Dependency
tika-parsers,JpegParserTest.java,org.apache.tika.TikaTest,Static Dependency
tika-parsers,JpegParserTest.java,org.apache.tika.parser.Parser,Static Dependency
tika-parsers,JpegParserTest.java,java.util.Arrays,Static Dependency
tika-parsers,JpegParserTest.java,org.apache.tika.metadata.Metadata,Static Dependency
tika-parsers,JpegParserTest.java,java.util.TimeZone,Static Dependency
tika-parsers,JpegParserTest.java,org.xml.sax.helpers.DefaultHandler,Static Dependency
tika-parsers,JpegParserTest.java,org.apache.tika.metadata.TIFF,Static Dependency
tika-parsers,JpegParserTest.java,org.apache.tika.io.TikaInputStream,Static Dependency
tika-parsers,JpegParserTest.java,org.apache.tika.parser.ParseContext,Static Dependency
tika-parsers,JpegParserTest.java,org.apache.tika.metadata.TikaCoreProperties,Static Dependency
tika-parsers,JpegParserTest.java,org.apache.tika.metadata.Geographic,Static Dependency
tika-parsers,JpegParserTest.java,org.apache.tika.metadata.XMPMM,Static Dependency
tika-parsers,JXLTest.java,org.junit.jupiter.api.Test,Static Dependency
tika-parsers,JXLTest.java,org.apache.tika.TikaTest,Static Dependency
tika-parsers,JXLTest.java,org.apache.tika.metadata.Metadata,Static Dependency
tika-parsers,JXLTest.java,org.apache.tika.metadata.TikaCoreProperties,Static Dependency
tika-parsers,JXLTest.java,org.apache.tika.metadata.XMPMM,Static Dependency
tika-parsers,ImageMetadataExtractorTest.java,com.drew.metadata.exif.ExifSubIFDDirectory,Static Dependency
tika-parsers,ImageMetadataExtractorTest.java,org.junit.jupiter.api.Test,Static Dependency
tika-parsers,ImageMetadataExtractorTest.java,java.util.List,Static Dependency
tika-parsers,ImageMetadataExtractorTest.java,com.drew.metadata.MetadataException,Static Dependency
tika-parsers,ImageMetadataExtractorTest.java,java.util.Arrays,Static Dependency
tika-parsers,ImageMetadataExtractorTest.java,java.util.Iterator,Static Dependency
tika-parsers,ImageMetadataExtractorTest.java,org.apache.tika.metadata.Metadata,Static Dependency
tika-parsers,ImageMetadataExtractorTest.java,org.mockito.Mockito,Static Dependency
tika-parsers,ImageMetadataExtractorTest.java,java.util.TimeZone,Static Dependency
tika-parsers,ImageMetadataExtractorTest.java,java.util.GregorianCalendar,Static Dependency
tika-parsers,ImageMetadataExtractorTest.java,com.drew.metadata.Tag,Static Dependency
tika-parsers,ImageMetadataExtractorTest.java,com.drew.metadata.Directory,Static Dependency
tika-parsers,ImageMetadataExtractorTest.java,com.drew.metadata.exif.ExifIFD0Directory,Static Dependency
tika-parsers,ImageMetadataExtractorTest.java,org.apache.tika.metadata.TikaCoreProperties,Static Dependency
tika-parsers,ImageMetadataExtractorTest.java,com.drew.metadata.jpeg.JpegCommentDirectory,Static Dependency
tika-parsers,ImageMetadataExtractorTest.java,java.util.Locale,Static Dependency
tika-parsers,ICNSParserTest.java,org.junit.jupiter.api.Test,Static Dependency
tika-parsers,ICNSParserTest.java,org.apache.tika.TikaTest,Static Dependency
tika-parsers,ICNSParserTest.java,org.apache.tika.metadata.Metadata,Static Dependency
tika-parsers,ICNSParserTest.java,org.xml.sax.helpers.DefaultHandler,Static Dependency
tika-parsers,ICNSParserTest.java,org.apache.tika.io.TikaInputStream,Static Dependency
tika-parsers,ICNSParserTest.java,org.apache.tika.parser.ParseContext,Static Dependency
tika-parsers,ICNSParserTest.java,org.apache.tika.parser.Parser,Static Dependency
tika-parsers,WebPParserTest.java,org.junit.jupiter.api.Test,Static Dependency
tika-parsers,WebPParserTest.java,org.apache.tika.metadata.Metadata,Static Dependency
tika-parsers,WebPParserTest.java,org.apache.tika.TikaTest,Static Dependency
tika-parsers,ImageParserTest.java,org.junit.jupiter.api.Test,Static Dependency
tika-parsers,ImageParserTest.java,org.apache.tika.TikaTest,Static Dependency
tika-parsers,ImageParserTest.java,org.apache.tika.metadata.Metadata,Static Dependency
tika-parsers,ImageParserTest.java,org.xml.sax.helpers.DefaultHandler,Static Dependency
tika-parsers,ImageParserTest.java,org.apache.tika.io.TikaInputStream,Static Dependency
tika-parsers,ImageParserTest.java,org.apache.tika.parser.ParseContext,Static Dependency
tika-parsers,ImageParserTest.java,org.apache.tika.metadata.TikaCoreProperties,Static Dependency
tika-parsers,ImageParserTest.java,org.apache.tika.parser.Parser,Static Dependency
tika-parsers,ImageParserTest.java,org.apache.tika.mime.MediaType,Static Dependency
tika-parsers,PSDParserTest.java,org.junit.jupiter.api.Test,Static Dependency
tika-parsers,PSDParserTest.java,org.apache.tika.TikaTest,Static Dependency
tika-parsers,PSDParserTest.java,org.apache.tika.parser.Parser,Static Dependency
tika-parsers,PSDParserTest.java,org.apache.tika.metadata.Metadata,Static Dependency
tika-parsers,PSDParserTest.java,org.xml.sax.helpers.DefaultHandler,Static Dependency
tika-parsers,PSDParserTest.java,org.apache.tika.io.TikaInputStream,Static Dependency
tika-parsers,PSDParserTest.java,org.apache.tika.parser.ParseContext,Static Dependency
tika-parsers,PSDParserTest.java,org.apache.tika.exception.TikaException,Static Dependency
tika-parsers,PSDParserTest.java,org.apache.tika.metadata.XMPMM,Static Dependency
tika-parsers,PSDParserTest.java,org.apache.tika.config.loader.TikaLoader,Static Dependency
tika-parsers,HeifParserTest.java,org.junit.jupiter.api.Test,Static Dependency
tika-parsers,HeifParserTest.java,org.apache.tika.TikaTest,Static Dependency
tika-parsers,HeifParserTest.java,org.apache.tika.parser.Parser,Static Dependency
tika-parsers,HeifParserTest.java,org.apache.tika.metadata.Metadata,Static Dependency
tika-parsers,HeifParserTest.java,org.xml.sax.helpers.DefaultHandler,Static Dependency
tika-parsers,HeifParserTest.java,org.apache.tika.io.TikaInputStream,Static Dependency
tika-parsers,HeifParserTest.java,org.apache.tika.parser.ParseContext,Static Dependency
tika-parsers,HeifParserTest.java,org.apache.tika.parser.AutoDetectParser,Static Dependency
tika-parsers,HeifParserTest.java,org.apache.tika.metadata.Geographic,Static Dependency
tika-parsers,Pkcs7ParserTest.java,org.xml.sax.ContentHandler,Static Dependency
tika-parsers,Pkcs7ParserTest.java,org.apache.tika.TikaTest,Static Dependency
tika-parsers,Pkcs7ParserTest.java,org.apache.tika.sax.BodyContentHandler,Static Dependency
tika-parsers,Pkcs7ParserTest.java,org.apache.tika.metadata.Metadata,Static Dependency
tika-parsers,Pkcs7ParserTest.java,org.apache.tika.io.TikaInputStream,Static Dependency
tika-parsers,Pkcs7ParserTest.java,org.apache.tika.parser.ParseContext,Static Dependency
tika-parsers,Pkcs7ParserTest.java,org.apache.tika.exception.TikaException,Static Dependency
tika-parsers,TSDParserTest.java,org.junit.jupiter.api.Test,Static Dependency
tika-parsers,TSDParserTest.java,org.xml.sax.ContentHandler,Static Dependency
tika-parsers,TSDParserTest.java,java.util.List,Static Dependency
tika-parsers,TSDParserTest.java,org.apache.tika.TikaTest,Static Dependency
tika-parsers,TSDParserTest.java,org.apache.tika.sax.BodyContentHandler,Static Dependency
tika-parsers,TSDParserTest.java,java.util.Arrays,Static Dependency
tika-parsers,TSDParserTest.java,org.apache.tika.metadata.Metadata,Static Dependency
tika-parsers,TSDParserTest.java,org.apache.tika.io.TikaInputStream,Static Dependency
tika-parsers,TSDParserTest.java,org.apache.tika.parser.ParseContext,Static Dependency
tika-parsers,TSDParserTest.java,org.apache.tika.metadata.TikaCoreProperties,Static Dependency
tika-parsers,ExecutableParserTest.java,org.junit.jupiter.api.Test,Static Dependency
tika-parsers,ExecutableParserTest.java,org.apache.tika.TikaTest,Static Dependency
tika-parsers,ExecutableParserTest.java,org.apache.tika.metadata.Metadata,Static Dependency
tika-parsers,ExecutableParserTest.java,org.apache.tika.metadata.MachineMetadata.Endian,Static Dependency
tika-parsers,ExecutableParserTest.java,org.apache.tika.metadata.TikaCoreProperties,Static Dependency
tika-parsers,UniversalExecutableParserTest.java,org.junit.jupiter.api.Test,Static Dependency
tika-parsers,UniversalExecutableParserTest.java,org.apache.tika.TikaTest,Static Dependency
tika-parsers,UniversalExecutableParserTest.java,java.util.List,Static Dependency
tika-parsers,UniversalExecutableParserTest.java,org.apache.tika.metadata.Metadata,Static Dependency
tika-parsers,MatParserTest.java,org.junit.jupiter.api.Test,Static Dependency
tika-parsers,MatParserTest.java,org.apache.tika.TikaTest,Static Dependency
tika-parsers,MatParserTest.java,org.apache.tika.metadata.Metadata,Static Dependency
tika-parsers,MatParserTest.java,org.apache.tika.parser.ParseContext,Static Dependency
tika-parsers,MatParserTest.java,org.apache.tika.io.TikaInputStream,Static Dependency
tika-parsers,MatParserTest.java,org.apache.tika.sax.ToXMLContentHandler,Static Dependency
tika-parsers,MatParserTest.java,org.apache.tika.parser.Parser,Static Dependency
tika-parsers,ClassParserTest.java,org.junit.jupiter.api.Test,Static Dependency
tika-parsers,ClassParserTest.java,org.apache.tika.metadata.Metadata,Static Dependency
tika-parsers,ClassParserTest.java,org.apache.tika.TikaTest,Static Dependency
tika-parsers,ClassParserTest.java,org.apache.tika.metadata.TikaCoreProperties,Static Dependency
tika-parsers,SourceCodeParserTest.java,org.junit.jupiter.api.Test,Static Dependency
tika-parsers,SourceCodeParserTest.java,org.xml.sax.ContentHandler,Static Dependency
tika-parsers,SourceCodeParserTest.java,org.apache.tika.TikaTest,Static Dependency
tika-parsers,SourceCodeParserTest.java,org.apache.tika.metadata.Metadata,Static Dependency
tika-parsers,SourceCodeParserTest.java,org.apache.tika.sax.ToTextContentHandler,Static Dependency
tika-parsers,SourceCodeParserTest.java,org.apache.tika.io.TikaInputStream,Static Dependency
tika-parsers,SourceCodeParserTest.java,org.apache.tika.mime.MediaType,Static Dependency
tika-parsers,SourceCodeParserTest.java,org.apache.tika.parser.ParseContext,Static Dependency
tika-parsers,SourceCodeParserTest.java,org.apache.tika.metadata.TikaCoreProperties,Static Dependency
tika-parsers,SourceCodeParserTest.java,java.util.Set,Static Dependency
tika-parsers,SAS7BDATParserTest.java,org.junit.jupiter.api.Test,Static Dependency
tika-parsers,SAS7BDATParserTest.java,org.xml.sax.ContentHandler,Static Dependency
tika-parsers,SAS7BDATParserTest.java,org.apache.tika.metadata.OfficeOpenXMLExtended,Static Dependency
tika-parsers,SAS7BDATParserTest.java,org.apache.tika.TikaTest,Static Dependency
tika-parsers,SAS7BDATParserTest.java,org.apache.tika.sax.BodyContentHandler,Static Dependency
tika-parsers,SAS7BDATParserTest.java,java.util.Arrays,Static Dependency
tika-parsers,SAS7BDATParserTest.java,org.apache.tika.metadata.PagedText,Static Dependency
tika-parsers,SAS7BDATParserTest.java,org.apache.tika.metadata.Metadata,Static Dependency
tika-parsers,SAS7BDATParserTest.java,org.apache.tika.io.TikaInputStream,Static Dependency
tika-parsers,SAS7BDATParserTest.java,java.text.DateFormatSymbols,Static Dependency
tika-parsers,SAS7BDATParserTest.java,org.apache.tika.metadata.MachineMetadata,Static Dependency
tika-parsers,SAS7BDATParserTest.java,org.apache.tika.parser.ParseContext,Static Dependency
tika-parsers,SAS7BDATParserTest.java,org.apache.tika.metadata.HttpHeaders,Static Dependency
tika-parsers,SAS7BDATParserTest.java,org.apache.tika.metadata.Database,Static Dependency
tika-parsers,SAS7BDATParserTest.java,org.apache.tika.metadata.TikaCoreProperties,Static Dependency
tika-parsers,SAS7BDATParserTest.java,org.apache.tika.parser.Parser,Static Dependency
tika-parsers,SAS7BDATParserTest.java,java.util.Locale,Static Dependency
tika-parsers,JempboxExtractorTest.java,org.junit.jupiter.api.Test,Static Dependency
tika-parsers,JempboxExtractorTest.java,java.io.IOException,Static Dependency
tika-parsers,JempboxExtractorTest.java,java.util.Collection,Static Dependency
tika-parsers,JempboxExtractorTest.java,org.apache.tika.TikaTest,Static Dependency
tika-parsers,JempboxExtractorTest.java,java.util.Arrays,Static Dependency
tika-parsers,JempboxExtractorTest.java,org.apache.tika.metadata.Metadata,Static Dependency
tika-parsers,JempboxExtractorTest.java,java.util.Collections,Static Dependency
tika-parsers,JempboxExtractorTest.java,org.apache.tika.io.TikaInputStream,Static Dependency
tika-parsers,JempboxExtractorTest.java,org.apache.tika.exception.TikaException,Static Dependency
tika-parsers,JempboxExtractorTest.java,org.apache.tika.metadata.TikaCoreProperties,Static Dependency
tika-parsers,JempboxExtractorTest.java,org.apache.tika.metadata.XMPMM,Static Dependency
tika-parsers,DWGParserTest.java,java.nio.file.Paths,Static Dependency
tika-parsers,DWGParserTest.java,org.xml.sax.ContentHandler,Static Dependency
tika-parsers,DWGParserTest.java,org.junit.jupiter.api.Test,Static Dependency
tika-parsers,DWGParserTest.java,org.apache.tika.utils.StringUtils,Static Dependency
tika-parsers,DWGParserTest.java,org.apache.tika.TikaTest,Static Dependency
tika-parsers,DWGParserTest.java,org.apache.tika.sax.BodyContentHandler,Static Dependency
tika-parsers,DWGParserTest.java,org.apache.tika.exception.TikaException,Static Dependency
tika-parsers,DWGParserTest.java,java.util.Arrays,Static Dependency
tika-parsers,DWGParserTest.java,org.apache.tika.parser.external.ExternalParser,Static Dependency
tika-parsers,DWGParserTest.java,org.apache.tika.metadata.Metadata,Static Dependency
tika-parsers,DWGParserTest.java,org.apache.tika.parser.CompositeParser,Static Dependency
tika-parsers,DWGParserTest.java,org.apache.tika.io.TikaInputStream,Static Dependency
tika-parsers,DWGParserTest.java,org.apache.tika.parser.ParseContext,Static Dependency
tika-parsers,DWGParserTest.java,java.nio.file.Files,Static Dependency
tika-parsers,DWGParserTest.java,org.apache.tika.metadata.TikaCoreProperties,Static Dependency
tika-parsers,DWGParserTest.java,org.apache.tika.config.loader.TikaLoader,Static Dependency
tika-parsers,DWGReadFormatRemoverTest.java,org.junit.jupiter.api.Test,Static Dependency
tika-parsers,PRTParserTest.java,org.junit.jupiter.api.Test,Static Dependency
tika-parsers,PRTParserTest.java,org.xml.sax.ContentHandler,Static Dependency
tika-parsers,PRTParserTest.java,org.apache.tika.TikaTest,Static Dependency
tika-parsers,PRTParserTest.java,org.apache.tika.sax.BodyContentHandler,Static Dependency
tika-parsers,PRTParserTest.java,org.apache.tika.metadata.Metadata,Static Dependency
tika-parsers,PRTParserTest.java,org.apache.tika.io.TikaInputStream,Static Dependency
tika-parsers,PRTParserTest.java,org.apache.tika.parser.ParseContext,Static Dependency
tika-parsers,PRTParserTest.java,org.apache.tika.metadata.TikaCoreProperties,Static Dependency
tika-parsers,DGN8ParserTest.java,org.junit.jupiter.api.Test,Static Dependency
tika-parsers,DGN8ParserTest.java,org.apache.tika.metadata.OfficeOpenXMLExtended,Static Dependency
tika-parsers,DGN8ParserTest.java,org.apache.tika.TikaTest,Static Dependency
tika-parsers,DGN8ParserTest.java,java.util.Arrays,Static Dependency
tika-parsers,DGN8ParserTest.java,org.apache.tika.metadata.Metadata,Static Dependency
tika-parsers,DGN8ParserTest.java,org.apache.tika.metadata.TikaCoreProperties,Static Dependency
tika-parsers,HtmlEncodingDetectorTest.java,org.junit.jupiter.api.Test,Static Dependency
tika-parsers,HtmlEncodingDetectorTest.java,java.io.IOException,Static Dependency
tika-parsers,HtmlEncodingDetectorTest.java,java.nio.charset.StandardCharsets,Static Dependency
tika-parsers,HtmlEncodingDetectorTest.java,org.junit.jupiter.api.Disabled,Static Dependency
tika-parsers,HtmlEncodingDetectorTest.java,org.apache.tika.metadata.Metadata,Static Dependency
tika-parsers,HtmlEncodingDetectorTest.java,java.nio.charset.Charset,Static Dependency
tika-parsers,HtmlEncodingDetectorTest.java,org.apache.tika.io.TikaInputStream,Static Dependency
tika-parsers,HtmlEncodingDetectorTest.java,org.apache.tika.parser.ParseContext,Static Dependency
tika-parsers,StandardHtmlEncodingDetectorTest.java,org.junit.jupiter.api.Test,Static Dependency
tika-parsers,StandardHtmlEncodingDetectorTest.java,java.io.IOException,Static Dependency
tika-parsers,StandardHtmlEncodingDetectorTest.java,java.nio.charset.StandardCharsets,Static Dependency
tika-parsers,StandardHtmlEncodingDetectorTest.java,java.io.BufferedInputStream,Static Dependency
tika-parsers,StandardHtmlEncodingDetectorTest.java,java.io.SequenceInputStream,Static Dependency
tika-parsers,StandardHtmlEncodingDetectorTest.java,org.junit.jupiter.api.BeforeEach,Static Dependency
tika-parsers,StandardHtmlEncodingDetectorTest.java,org.apache.tika.metadata.Metadata,Static Dependency
tika-parsers,StandardHtmlEncodingDetectorTest.java,org.apache.tika.parser.html.charsetdetector.charsets.ReplacementCharset,Static Dependency
tika-parsers,StandardHtmlEncodingDetectorTest.java,org.apache.tika.parser.html.charsetdetector.StandardHtmlEncodingDetector,Static Dependency
tika-parsers,StandardHtmlEncodingDetectorTest.java,java.nio.charset.Charset,Static Dependency
tika-parsers,StandardHtmlEncodingDetectorTest.java,org.apache.tika.io.TikaInputStream,Static Dependency
tika-parsers,StandardHtmlEncodingDetectorTest.java,org.apache.tika.parser.ParseContext,Static Dependency
tika-parsers,StandardHtmlEncodingDetectorTest.java,java.io.InputStream,Static Dependency
tika-parsers,HtmlParserTest.java,java.io.IOException,Static Dependency
tika-parsers,HtmlParserTest.java,javax.xml.transform.OutputKeys,Static Dependency
tika-parsers,HtmlParserTest.java,org.apache.tika.sax.BasicContentHandlerFactory,Static Dependency
tika-parsers,HtmlParserTest.java,java.util.concurrent.Future,Static Dependency
tika-parsers,HtmlParserTest.java,org.junit.jupiter.api.Disabled,Static Dependency
tika-parsers,HtmlParserTest.java,java.util.concurrent.CompletionService,Static Dependency
tika-parsers,HtmlParserTest.java,java.util.concurrent.ExecutorService,Static Dependency
tika-parsers,HtmlParserTest.java,org.apache.tika.Tika,Static Dependency
tika-parsers,HtmlParserTest.java,org.apache.tika.metadata.Metadata,Static Dependency
tika-parsers,HtmlParserTest.java,org.xml.sax.helpers.DefaultHandler,Static Dependency
tika-parsers,HtmlParserTest.java,java.nio.charset.Charset,Static Dependency
tika-parsers,HtmlParserTest.java,java.nio.file.Files,Static Dependency
tika-parsers,HtmlParserTest.java,org.apache.tika.sax.WriteOutContentHandler,Static Dependency
tika-parsers,HtmlParserTest.java,java.util.regex.Pattern,Static Dependency
tika-parsers,HtmlParserTest.java,org.xml.sax.ContentHandler,Static Dependency
tika-parsers,HtmlParserTest.java,org.apache.tika.metadata.HTML,Static Dependency
tika-parsers,HtmlParserTest.java,java.util.Map,Static Dependency
tika-parsers,HtmlParserTest.java,org.apache.tika.config.ServiceLoader,Static Dependency
tika-parsers,HtmlParserTest.java,org.apache.tika.sax.BodyContentHandler,Static Dependency
tika-parsers,HtmlParserTest.java,org.xml.sax.SAXException,Static Dependency
tika-parsers,HtmlParserTest.java,java.io.File,Static Dependency
tika-parsers,HtmlParserTest.java,org.apache.tika.io.TikaInputStream,Static Dependency
tika-parsers,HtmlParserTest.java,java.util.ArrayList,Static Dependency
tika-parsers,HtmlParserTest.java,org.xml.sax.Attributes,Static Dependency
tika-parsers,HtmlParserTest.java,org.apache.tika.parser.ParseContext,Static Dependency
tika-parsers,HtmlParserTest.java,org.apache.tika.detect.EncodingDetector,Static Dependency
tika-parsers,HtmlParserTest.java,org.apache.tika.metadata.Office,Static Dependency
tika-parsers,HtmlParserTest.java,org.apache.tika.metadata.Geographic,Static Dependency
tika-parsers,HtmlParserTest.java,java.util.concurrent.ConcurrentHashMap,Static Dependency
tika-parsers,HtmlParserTest.java,org.apache.tika.config.loader.TikaLoader,Static Dependency
tika-parsers,HtmlParserTest.java,java.nio.file.Paths,Static Dependency
tika-parsers,HtmlParserTest.java,java.nio.charset.StandardCharsets,Static Dependency
tika-parsers,HtmlParserTest.java,javax.xml.transform.sax.SAXTransformerFactory,Static Dependency
tika-parsers,HtmlParserTest.java,javax.xml.transform.stream.StreamResult,Static Dependency
tika-parsers,HtmlParserTest.java,java.nio.file.Path,Static Dependency
tika-parsers,HtmlParserTest.java,org.apache.tika.exception.TikaException,Static Dependency
tika-parsers,HtmlParserTest.java,java.io.Writer,Static Dependency
tika-parsers,HtmlParserTest.java,org.xml.sax.Locator,Static Dependency
tika-parsers,HtmlParserTest.java,java.util.concurrent.ExecutorCompletionService,Static Dependency
tika-parsers,HtmlParserTest.java,org.apache.tika.sax.TeeContentHandler,Static Dependency
tika-parsers,HtmlParserTest.java,org.apache.tika.metadata.TikaCoreProperties,Static Dependency
tika-parsers,HtmlParserTest.java,javax.xml.transform.sax.TransformerHandler,Static Dependency
tika-parsers,HtmlParserTest.java,org.apache.tika.parser.Parser,Static Dependency
tika-parsers,HtmlParserTest.java,org.junit.jupiter.api.Test,Static Dependency
tika-parsers,HtmlParserTest.java,org.apache.tika.utils.XMLReaderUtils,Static Dependency
tika-parsers,HtmlParserTest.java,java.util.List,Static Dependency
tika-parsers,HtmlParserTest.java,org.apache.tika.TikaTest,Static Dependency
tika-parsers,HtmlParserTest.java,java.io.StringWriter,Static Dependency
tika-parsers,HtmlParserTest.java,java.util.concurrent.ArrayBlockingQueue,Static Dependency
tika-parsers,HtmlParserTest.java,java.util.concurrent.Callable,Static Dependency
tika-parsers,HtmlParserTest.java,org.apache.tika.detect.AutoDetectReader,Static Dependency
tika-parsers,HtmlParserTest.java,java.util.HashMap,Static Dependency
tika-parsers,HtmlParserTest.java,java.util.concurrent.Executors,Static Dependency
tika-parsers,SrcDocTest.java,org.junit.jupiter.api.Test,Static Dependency
tika-parsers,SrcDocTest.java,org.apache.tika.TikaTest,Static Dependency
tika-parsers,SrcDocTest.java,java.util.List,Static Dependency
tika-parsers,SrcDocTest.java,org.apache.tika.metadata.Metadata,Static Dependency
tika-parsers,SrcDocTest.java,org.apache.tika.metadata.TikaCoreProperties,Static Dependency
tika-parsers,DataURISchemeParserTest.java,org.junit.jupiter.api.Test,Static Dependency
tika-parsers,DataURISchemeParserTest.java,java.nio.charset.StandardCharsets,Static Dependency
tika-parsers,DataURISchemeParserTest.java,org.apache.tika.TikaTest,Static Dependency
tika-parsers,DataURISchemeParserTest.java,org.apache.commons.io.IOUtils,Static Dependency
tika-parsers,DataURISchemeParserTest.java,java.io.ByteArrayOutputStream,Static Dependency
tika-parsers,DataURISchemeParserTest.java,org.apache.tika.mime.MediaType,Static Dependency
tika-parsers,RFC822ParserTest.java,org.apache.tika.metadata.Metadata,Static Dependency
tika-parsers,RFC822ParserTest.java,org.apache.tika.sax.XHTMLContentHandler,Static Dependency
tika-parsers,RFC822ParserTest.java,org.xml.sax.helpers.DefaultHandler,Static Dependency
tika-parsers,RFC822ParserTest.java,org.apache.james.mime4j.stream.MimeConfig,Static Dependency
tika-parsers,RFC822ParserTest.java,org.xml.sax.ContentHandler,Static Dependency
tika-parsers,RFC822ParserTest.java,org.apache.tika.sax.BodyContentHandler,Static Dependency
tika-parsers,RFC822ParserTest.java,org.junit.jupiter.api.BeforeAll,Static Dependency
tika-parsers,RFC822ParserTest.java,org.apache.tika.parser.ocr.TesseractOCRParserTest,Static Dependency
tika-parsers,RFC822ParserTest.java,org.apache.tika.io.TikaInputStream,Static Dependency
tika-parsers,RFC822ParserTest.java,org.apache.tika.parser.ParseContext,Static Dependency
tika-parsers,RFC822ParserTest.java,org.xml.sax.Attributes,Static Dependency
tika-parsers,RFC822ParserTest.java,org.apache.tika.extractor.ContainerExtractor,Static Dependency
tika-parsers,RFC822ParserTest.java,org.apache.tika.metadata.Message,Static Dependency
tika-parsers,RFC822ParserTest.java,java.io.InputStream,Static Dependency
tika-parsers,RFC822ParserTest.java,org.apache.tika.mime.MediaType,Static Dependency
tika-parsers,RFC822ParserTest.java,org.apache.tika.config.loader.TikaLoader,Static Dependency
tika-parsers,RFC822ParserTest.java,java.nio.charset.StandardCharsets,Static Dependency
tika-parsers,RFC822ParserTest.java,org.apache.tika.extractor.ParserContainerExtractor,Static Dependency
tika-parsers,RFC822ParserTest.java,org.apache.tika.metadata.TikaCoreProperties,Static Dependency
tika-parsers,RFC822ParserTest.java,org.apache.tika.parser.AutoDetectParser,Static Dependency
tika-parsers,RFC822ParserTest.java,org.apache.tika.parser.Parser,Static Dependency
tika-parsers,RFC822ParserTest.java,org.junit.jupiter.api.Test,Static Dependency
tika-parsers,RFC822ParserTest.java,java.util.List,Static Dependency
tika-parsers,RFC822ParserTest.java,org.apache.tika.TikaTest,Static Dependency
tika-parsers,RFC822ParserTest.java,org.apache.tika.exception.TikaException,Static Dependency
tika-parsers,MboxParserTest.java,org.junit.jupiter.api.Test,Static Dependency
tika-parsers,MboxParserTest.java,org.xml.sax.ContentHandler,Static Dependency
tika-parsers,MboxParserTest.java,java.util.List,Static Dependency
tika-parsers,MboxParserTest.java,java.util.Map,Static Dependency
tika-parsers,MboxParserTest.java,org.apache.tika.TikaTest,Static Dependency
tika-parsers,MboxParserTest.java,org.apache.tika.sax.BodyContentHandler,Static Dependency
tika-parsers,MboxParserTest.java,org.junit.jupiter.api.BeforeEach,Static Dependency
tika-parsers,MboxParserTest.java,org.apache.tika.metadata.Metadata,Static Dependency
tika-parsers,MboxParserTest.java,org.apache.tika.parser.AutoDetectParser,Static Dependency
tika-parsers,MboxParserTest.java,org.apache.tika.detect.TypeDetector,Static Dependency
tika-parsers,MboxParserTest.java,org.apache.tika.io.TikaInputStream,Static Dependency
tika-parsers,MboxParserTest.java,org.apache.tika.parser.ParseContext,Static Dependency
tika-parsers,MboxParserTest.java,org.apache.tika.metadata.TikaCoreProperties,Static Dependency
tika-parsers,MboxParserTest.java,org.apache.tika.parser.Parser,Static Dependency
tika-parsers,TesseractOCRConfigTest.java,org.junit.jupiter.api.Test,Static Dependency
tika-parsers,TesseractOCRConfigTest.java,org.apache.tika.TikaTest,Static Dependency
tika-parsers,TesseractOCRConfigTest.java,java.util.List,Static Dependency
tika-parsers,TesseractOCRConfigTest.java,java.util.Arrays,Static Dependency
tika-parsers,TesseractOCRConfigTest.java,org.apache.tika.parser.CompositeParser,Static Dependency
tika-parsers,TesseractOCRConfigTest.java,org.apache.tika.exception.TikaConfigException,Static Dependency
tika-parsers,TesseractOCRConfigTest.java,org.apache.tika.config.loader.TikaLoader,Static Dependency
tika-parsers,TesseractOCRParserTest.java,org.apache.tika.metadata.Metadata,Static Dependency
tika-parsers,TesseractOCRParserTest.java,java.util.regex.Pattern,Static Dependency
tika-parsers,TesseractOCRParserTest.java,org.apache.tika.parser.image.ICNSParser,Static Dependency
tika-parsers,TesseractOCRParserTest.java,org.apache.tika.parser.image.PSDParser,Static Dependency
tika-parsers,TesseractOCRParserTest.java,org.apache.tika.parser.image.HeifParser,Static Dependency
tika-parsers,TesseractOCRParserTest.java,org.apache.tika.parser.ParseContext,Static Dependency
tika-parsers,TesseractOCRParserTest.java,java.util.regex.Matcher,Static Dependency
tika-parsers,TesseractOCRParserTest.java,org.apache.tika.parser.image.TiffParser,Static Dependency
tika-parsers,TesseractOCRParserTest.java,org.apache.tika.mime.MediaType,Static Dependency
tika-parsers,TesseractOCRParserTest.java,org.apache.tika.config.loader.TikaLoader,Static Dependency
tika-parsers,TesseractOCRParserTest.java,org.apache.tika.parser.image.WebPParser,Static Dependency
tika-parsers,TesseractOCRParserTest.java,org.apache.tika.parser.image.BPGParser,Static Dependency
tika-parsers,TesseractOCRParserTest.java,org.apache.tika.parser.image.ImageParser,Static Dependency
tika-parsers,TesseractOCRParserTest.java,org.apache.tika.exception.TikaConfigException,Static Dependency
tika-parsers,TesseractOCRParserTest.java,java.util.HashSet,Static Dependency
tika-parsers,TesseractOCRParserTest.java,org.apache.tika.metadata.TikaCoreProperties,Static Dependency
tika-parsers,TesseractOCRParserTest.java,org.apache.tika.config.TikaTaskTimeout,Static Dependency
tika-parsers,TesseractOCRParserTest.java,java.util.Set,Static Dependency
tika-parsers,TesseractOCRParserTest.java,org.apache.tika.parser.Parser,Static Dependency
tika-parsers,TesseractOCRParserTest.java,org.junit.jupiter.api.Test,Static Dependency
tika-parsers,TesseractOCRParserTest.java,org.apache.tika.TikaTest,Static Dependency
tika-parsers,TesseractOCRParserTest.java,org.apache.tika.parser.image.JpegParser,Static Dependency
tika-parsers,TesseractOCRParserTest.java,org.apache.tika.exception.TikaException,Static Dependency
tika-parsers,WACZParserTest.java,org.junit.jupiter.api.Test,Static Dependency
tika-parsers,WACZParserTest.java,org.apache.tika.TikaTest,Static Dependency
tika-parsers,WACZParserTest.java,java.util.List,Static Dependency
tika-parsers,WACZParserTest.java,org.apache.tika.metadata.Metadata,Static Dependency
tika-parsers,HttpParserTest.java,org.junit.jupiter.api.Test,Static Dependency
tika-parsers,HttpParserTest.java,org.apache.tika.TikaTest,Static Dependency
tika-parsers,HttpParserTest.java,java.util.List,Static Dependency
tika-parsers,HttpParserTest.java,org.apache.tika.metadata.Metadata,Static Dependency
tika-parsers,HttpParserTest.java,org.apache.tika.metadata.TikaCoreProperties,Static Dependency
tika-parsers,WARCParserTest.java,org.junit.jupiter.api.Test,Static Dependency
tika-parsers,WARCParserTest.java,org.apache.tika.sax.BasicContentHandlerFactory,Static Dependency
tika-parsers,WARCParserTest.java,org.apache.tika.TikaTest,Static Dependency
tika-parsers,WARCParserTest.java,java.util.List,Static Dependency
tika-parsers,WARCParserTest.java,org.apache.tika.metadata.Metadata,Static Dependency
tika-parsers,WARCParserTest.java,java.util.HashSet,Static Dependency
tika-parsers,WARCParserTest.java,org.apache.tika.metadata.TikaCoreProperties,Static Dependency
tika-parsers,WARCParserTest.java,java.util.Set,Static Dependency
tika-parsers,FrictionlessDataDetectionTest.java,org.junit.jupiter.api.Test,Static Dependency
tika-parsers,FrictionlessDataDetectionTest.java,org.apache.tika.TikaTest,Static Dependency
tika-parsers,FrictionlessDataDetectionTest.java,java.util.List,Static Dependency
tika-parsers,FrictionlessDataDetectionTest.java,org.apache.tika.metadata.Metadata,Static Dependency
tika-parsers,FrictionlessDataDetectionTest.java,org.apache.tika.metadata.HttpHeaders,Static Dependency
tika-parsers,ZipDetectionTest.java,org.junit.jupiter.api.Test,Static Dependency
tika-parsers,ZipDetectionTest.java,java.io.IOException,Static Dependency
tika-parsers,ZipDetectionTest.java,org.apache.tika.detect.Detector,Static Dependency
tika-parsers,ZipDetectionTest.java,java.util.List,Static Dependency
tika-parsers,ZipDetectionTest.java,org.apache.tika.TikaTest,Static Dependency
tika-parsers,ZipDetectionTest.java,java.io.BufferedInputStream,Static Dependency
tika-parsers,ZipDetectionTest.java,org.apache.commons.codec.digest.DigestUtils,Static Dependency
tika-parsers,ZipDetectionTest.java,org.apache.tika.metadata.Metadata,Static Dependency
tika-parsers,ZipDetectionTest.java,org.apache.tika.metadata.HttpHeaders,Static Dependency
tika-parsers,ZipDetectionTest.java,org.apache.tika.io.TikaInputStream,Static Dependency
tika-parsers,ZipDetectionTest.java,org.apache.tika.parser.ParseContext,Static Dependency
tika-parsers,ZipDetectionTest.java,java.nio.file.Files,Static Dependency
tika-parsers,ZipDetectionTest.java,java.io.InputStream,Static Dependency
tika-parsers,ZipDetectionTest.java,org.apache.tika.mime.MediaType,Static Dependency
tika-parsers,FontParsersTest.java,org.junit.jupiter.api.Test,Static Dependency
tika-parsers,FontParsersTest.java,org.xml.sax.ContentHandler,Static Dependency
tika-parsers,FontParsersTest.java,org.apache.tika.TikaTest,Static Dependency
tika-parsers,FontParsersTest.java,org.apache.tika.sax.BodyContentHandler,Static Dependency
tika-parsers,FontParsersTest.java,org.apache.tika.metadata.Metadata,Static Dependency
tika-parsers,FontParsersTest.java,org.apache.tika.io.TikaInputStream,Static Dependency
tika-parsers,FontParsersTest.java,org.apache.tika.parser.ParseContext,Static Dependency
tika-parsers,FontParsersTest.java,org.apache.tika.metadata.TikaCoreProperties,Static Dependency
tika-parsers,Latin1StringsParserTest.java,org.junit.jupiter.api.Test,Static Dependency
tika-parsers,Latin1StringsParserTest.java,org.xml.sax.ContentHandler,Static Dependency
tika-parsers,Latin1StringsParserTest.java,org.apache.tika.sax.BodyContentHandler,Static Dependency
tika-parsers,Latin1StringsParserTest.java,org.apache.tika.metadata.Metadata,Static Dependency
tika-parsers,Latin1StringsParserTest.java,java.io.ByteArrayOutputStream,Static Dependency
tika-parsers,Latin1StringsParserTest.java,org.apache.tika.io.TikaInputStream,Static Dependency
tika-parsers,Latin1StringsParserTest.java,org.apache.tika.parser.ParseContext,Static Dependency
tika-parsers,Latin1StringsParserTest.java,org.apache.tika.parser.Parser,Static Dependency
tika-parsers,StringsConfigTest.java,org.junit.jupiter.api.Test,Static Dependency
tika-parsers,StringsConfigTest.java,org.apache.tika.TikaTest,Static Dependency
tika-parsers,StringsConfigTest.java,org.apache.tika.parser.CompositeParser,Static Dependency
tika-parsers,StringsConfigTest.java,org.apache.tika.parser.Parser,Static Dependency
tika-parsers,StringsConfigTest.java,org.apache.tika.config.loader.TikaLoader,Static Dependency
tika-parsers,StringsParserTest.java,org.junit.jupiter.api.Test,Static Dependency
tika-parsers,StringsParserTest.java,org.xml.sax.ContentHandler,Static Dependency
tika-parsers,StringsParserTest.java,org.apache.tika.TikaTest,Static Dependency
tika-parsers,StringsParserTest.java,org.apache.tika.sax.BodyContentHandler,Static Dependency
tika-parsers,StringsParserTest.java,java.util.Arrays,Static Dependency
tika-parsers,StringsParserTest.java,org.apache.tika.metadata.Metadata,Static Dependency
tika-parsers,StringsParserTest.java,org.apache.tika.io.TikaInputStream,Static Dependency
tika-parsers,StringsParserTest.java,org.apache.tika.parser.ParseContext,Static Dependency
tika-parsers,StringsParserTest.java,org.apache.tika.parser.external.ExternalParser,Static Dependency
tika-parsers,BOMDetectorTest.java,org.junit.jupiter.api.Test,Static Dependency
tika-parsers,BOMDetectorTest.java,java.io.IOException,Static Dependency
tika-parsers,BOMDetectorTest.java,org.apache.tika.TikaTest,Static Dependency
tika-parsers,BOMDetectorTest.java,org.apache.commons.io.input.BOMInputStream,Static Dependency
tika-parsers,BOMDetectorTest.java,org.apache.commons.io.input.UnsynchronizedByteArrayInputStream,Static Dependency
tika-parsers,BOMDetectorTest.java,org.apache.commons.io.IOUtils,Static Dependency
tika-parsers,BOMDetectorTest.java,org.apache.tika.metadata.Metadata,Static Dependency
tika-parsers,BOMDetectorTest.java,org.apache.commons.io.ByteOrderMark,Static Dependency
tika-parsers,BOMDetectorTest.java,java.nio.charset.Charset,Static Dependency
tika-parsers,BOMDetectorTest.java,org.apache.commons.io.output.UnsynchronizedByteArrayOutputStream,Static Dependency
tika-parsers,BOMDetectorTest.java,org.apache.tika.io.TikaInputStream,Static Dependency
tika-parsers,BOMDetectorTest.java,org.apache.tika.parser.ParseContext,Static Dependency
tika-parsers,BOMDetectorTest.java,org.apache.tika.detect.EncodingDetector,Static Dependency
tika-parsers,TXTParserTest.java,org.junit.jupiter.api.Test,Static Dependency
tika-parsers,TXTParserTest.java,org.xml.sax.ContentHandler,Static Dependency
tika-parsers,TXTParserTest.java,org.apache.tika.TikaTest,Static Dependency
tika-parsers,TXTParserTest.java,org.apache.tika.sax.BodyContentHandler,Static Dependency
tika-parsers,TXTParserTest.java,org.apache.tika.sax.WriteOutContentHandler,Static Dependency
tika-parsers,TXTParserTest.java,java.io.StringWriter,Static Dependency
tika-parsers,TXTParserTest.java,org.apache.tika.metadata.Metadata,Static Dependency
tika-parsers,TXTParserTest.java,org.xml.sax.helpers.DefaultHandler,Static Dependency
tika-parsers,TXTParserTest.java,org.apache.tika.io.TikaInputStream,Static Dependency
tika-parsers,TXTParserTest.java,org.apache.tika.parser.ParseContext,Static Dependency
tika-parsers,TXTParserTest.java,org.apache.tika.metadata.TikaCoreProperties,Static Dependency
tika-parsers,TXTParserTest.java,org.apache.tika.parser.Parser,Static Dependency
tika-parsers,CharsetDetectorTest.java,org.junit.jupiter.api.Test,Static Dependency
tika-parsers,CharsetDetectorTest.java,java.io.IOException,Static Dependency
tika-parsers,CharsetDetectorTest.java,java.io.Reader,Static Dependency
tika-parsers,CharsetDetectorTest.java,org.apache.tika.TikaTest,Static Dependency
tika-parsers,CharsetDetectorTest.java,org.apache.tika.metadata.Metadata,Static Dependency
tika-parsers,CharsetDetectorTest.java,org.apache.tika.parser.AutoDetectParser,Static Dependency
tika-parsers,CharsetDetectorTest.java,java.io.File,Static Dependency
tika-parsers,CharsetDetectorTest.java,org.apache.tika.io.TikaInputStream,Static Dependency
tika-parsers,CharsetDetectorTest.java,java.nio.file.Files,Static Dependency
tika-parsers,CharsetDetectorTest.java,org.apache.tika.metadata.TikaCoreProperties,Static Dependency
tika-parsers,CharsetDetectorTest.java,org.apache.tika.config.loader.TikaLoader,Static Dependency
tika-parsers,TextAndCSVParserTest.java,org.junit.jupiter.api.Test,Static Dependency
tika-parsers,TextAndCSVParserTest.java,java.nio.charset.StandardCharsets,Static Dependency
tika-parsers,TextAndCSVParserTest.java,org.apache.tika.TikaTest,Static Dependency
tika-parsers,TextAndCSVParserTest.java,java.util.Map,Static Dependency
tika-parsers,TextAndCSVParserTest.java,org.junit.jupiter.api.BeforeAll,Static Dependency
tika-parsers,TextAndCSVParserTest.java,org.apache.tika.metadata.Metadata,Static Dependency
tika-parsers,TextAndCSVParserTest.java,org.apache.commons.io.ByteOrderMark,Static Dependency
tika-parsers,TextAndCSVParserTest.java,org.apache.tika.io.TikaInputStream,Static Dependency
tika-parsers,TextAndCSVParserTest.java,org.apache.tika.mime.MediaType,Static Dependency
tika-parsers,TextAndCSVParserTest.java,java.util.HashMap,Static Dependency
tika-parsers,TextAndCSVParserTest.java,org.apache.tika.metadata.TikaCoreProperties,Static Dependency
tika-parsers,TextAndCSVParserTest.java,org.apache.tika.parser.Parser,Static Dependency
tika-parsers,TextAndCSVParserTest.java,org.apache.tika.config.loader.TikaLoader,Static Dependency
tika-parsers,CSVSnifferTest.java,org.junit.jupiter.api.Test,Static Dependency
tika-parsers,CSVSnifferTest.java,java.io.IOException,Static Dependency
tika-parsers,CSVSnifferTest.java,java.nio.charset.StandardCharsets,Static Dependency
tika-parsers,CSVSnifferTest.java,java.util.List,Static Dependency
tika-parsers,CSVSnifferTest.java,org.apache.tika.TikaTest,Static Dependency
tika-parsers,CSVSnifferTest.java,com.google.common.collect.ImmutableSet,Static Dependency
tika-parsers,CSVSnifferTest.java,java.io.BufferedReader,Static Dependency
tika-parsers,CSVSnifferTest.java,java.io.InputStreamReader,Static Dependency
tika-parsers,CSVSnifferTest.java,java.io.ByteArrayInputStream,Static Dependency
tika-parsers,CSVSnifferTest.java,java.util.Collections,Static Dependency
tika-parsers,CSVSnifferTest.java,java.nio.charset.Charset,Static Dependency
tika-parsers,CSVSnifferTest.java,java.util.ArrayList,Static Dependency
tika-parsers,CSVSnifferTest.java,org.apache.tika.mime.MediaType,Static Dependency
tika-parsers,CSVSnifferTest.java,java.util.Set,Static Dependency
tika-parsers,POIFSContainerDetectorTest.java,org.junit.jupiter.api.Test,Static Dependency
tika-parsers,POIFSContainerDetectorTest.java,java.io.IOException,Static Dependency
tika-parsers,POIFSContainerDetectorTest.java,org.apache.tika.detect.Detector,Static Dependency
tika-parsers,POIFSContainerDetectorTest.java,org.apache.tika.TikaTest,Static Dependency
tika-parsers,POIFSContainerDetectorTest.java,org.apache.commons.codec.digest.DigestUtils,Static Dependency
tika-parsers,POIFSContainerDetectorTest.java,org.apache.tika.metadata.Metadata,Static Dependency
tika-parsers,POIFSContainerDetectorTest.java,org.apache.tika.io.TikaInputStream,Static Dependency
tika-parsers,POIFSContainerDetectorTest.java,org.apache.tika.parser.ParseContext,Static Dependency
tika-parsers,POIFSContainerDetectorTest.java,java.io.InputStream,Static Dependency
tika-parsers,POIFSContainerDetectorTest.java,org.apache.tika.mime.MediaType,Static Dependency
tika-parsers,TNEFParserTest.java,org.junit.jupiter.api.Test,Static Dependency
tika-parsers,TNEFParserTest.java,org.xml.sax.ContentHandler,Static Dependency
tika-parsers,TNEFParserTest.java,org.apache.tika.detect.Detector,Static Dependency
tika-parsers,TNEFParserTest.java,org.apache.tika.sax.BodyContentHandler,Static Dependency
tika-parsers,TNEFParserTest.java,org.apache.tika.metadata.Metadata,Static Dependency
tika-parsers,TNEFParserTest.java,org.apache.tika.extractor.ParserContainerExtractor,Static Dependency
tika-parsers,TNEFParserTest.java,org.apache.tika.io.TikaInputStream,Static Dependency
tika-parsers,TNEFParserTest.java,org.apache.tika.parser.ParseContext,Static Dependency
tika-parsers,TNEFParserTest.java,org.apache.tika.extractor.ContainerExtractor,Static Dependency
tika-parsers,TNEFParserTest.java,org.apache.tika.detect.DefaultDetector,Static Dependency
tika-parsers,TNEFParserTest.java,org.apache.tika.metadata.TikaCoreProperties,Static Dependency
tika-parsers,TNEFParserTest.java,org.apache.tika.mime.MediaType,Static Dependency
tika-parsers,VisioParserTest.java,org.junit.jupiter.api.Test,Static Dependency
tika-parsers,VisioParserTest.java,org.xml.sax.ContentHandler,Static Dependency
tika-parsers,VisioParserTest.java,org.apache.tika.sax.BodyContentHandler,Static Dependency
tika-parsers,VisioParserTest.java,org.apache.tika.metadata.Metadata,Static Dependency
tika-parsers,VisioParserTest.java,org.apache.tika.io.TikaInputStream,Static Dependency
tika-parsers,VisioParserTest.java,org.apache.tika.parser.ParseContext,Static Dependency
tika-parsers,VisioParserTest.java,org.apache.tika.metadata.TikaCoreProperties,Static Dependency
tika-parsers,OldExcelParserTest.java,org.junit.jupiter.api.Test,Static Dependency
tika-parsers,OldExcelParserTest.java,org.xml.sax.ContentHandler,Static Dependency
tika-parsers,OldExcelParserTest.java,org.apache.tika.detect.Detector,Static Dependency
tika-parsers,OldExcelParserTest.java,org.apache.tika.TikaTest,Static Dependency
tika-parsers,OldExcelParserTest.java,org.apache.tika.sax.BodyContentHandler,Static Dependency
tika-parsers,OldExcelParserTest.java,org.junit.jupiter.api.Disabled,Static Dependency
tika-parsers,OldExcelParserTest.java,org.apache.tika.metadata.Metadata,Static Dependency
tika-parsers,OldExcelParserTest.java,org.apache.tika.io.TikaInputStream,Static Dependency
tika-parsers,OldExcelParserTest.java,org.apache.tika.parser.ParseContext,Static Dependency
tika-parsers,OldExcelParserTest.java,org.apache.tika.detect.DefaultDetector,Static Dependency
tika-parsers,OldExcelParserTest.java,org.apache.tika.metadata.TikaCoreProperties,Static Dependency
tika-parsers,OldExcelParserTest.java,org.apache.tika.mime.MediaType,Static Dependency
tika-parsers,ProjectParserTest.java,org.junit.jupiter.api.Test,Static Dependency
tika-parsers,ProjectParserTest.java,org.xml.sax.ContentHandler,Static Dependency
tika-parsers,ProjectParserTest.java,org.apache.tika.metadata.OfficeOpenXMLCore,Static Dependency
tika-parsers,ProjectParserTest.java,org.apache.tika.metadata.OfficeOpenXMLExtended,Static Dependency
tika-parsers,ProjectParserTest.java,org.apache.tika.sax.BodyContentHandler,Static Dependency
tika-parsers,ProjectParserTest.java,java.util.Arrays,Static Dependency
tika-parsers,ProjectParserTest.java,org.apache.tika.metadata.Metadata,Static Dependency
tika-parsers,ProjectParserTest.java,org.apache.tika.io.TikaInputStream,Static Dependency
tika-parsers,ProjectParserTest.java,org.apache.tika.parser.ParseContext,Static Dependency
tika-parsers,ProjectParserTest.java,org.apache.tika.metadata.Office,Static Dependency
tika-parsers,ProjectParserTest.java,org.apache.tika.metadata.TikaCoreProperties,Static Dependency
tika-parsers,AbstractPOIContainerExtractionTest.java,org.apache.tika.TikaTest,Static Dependency
tika-parsers,AbstractPOIContainerExtractionTest.java,java.net.URL,Static Dependency
tika-parsers,AbstractPOIContainerExtractionTest.java,org.apache.tika.io.TikaInputStream,Static Dependency
tika-parsers,AbstractPOIContainerExtractionTest.java,org.apache.tika.parser.ParseContext,Static Dependency
tika-parsers,AbstractPOIContainerExtractionTest.java,org.apache.tika.extractor.ContainerExtractor,Static Dependency
tika-parsers,AbstractPOIContainerExtractionTest.java,org.apache.tika.mime.MediaType,Static Dependency
tika-parsers,MSOwnerFileParserTest.java,org.junit.jupiter.api.Test,Static Dependency
tika-parsers,MSOwnerFileParserTest.java,org.apache.tika.metadata.TikaCoreProperties,Static Dependency
tika-parsers,MSOwnerFileParserTest.java,org.apache.tika.TikaTest,Static Dependency
tika-parsers,WriteProtectedParserTest.java,org.junit.jupiter.api.Test,Static Dependency
tika-parsers,WriteProtectedParserTest.java,org.xml.sax.ContentHandler,Static Dependency
tika-parsers,WriteProtectedParserTest.java,org.apache.tika.TikaTest,Static Dependency
tika-parsers,WriteProtectedParserTest.java,org.apache.tika.sax.BodyContentHandler,Static Dependency
tika-parsers,WriteProtectedParserTest.java,org.apache.tika.metadata.Metadata,Static Dependency
tika-parsers,WriteProtectedParserTest.java,org.apache.tika.io.TikaInputStream,Static Dependency
tika-parsers,WriteProtectedParserTest.java,org.apache.tika.parser.ParseContext,Static Dependency
tika-parsers,SolidworksParserTest.java,org.junit.jupiter.api.Test,Static Dependency
tika-parsers,SolidworksParserTest.java,org.xml.sax.ContentHandler,Static Dependency
tika-parsers,SolidworksParserTest.java,org.apache.tika.TikaTest,Static Dependency
tika-parsers,SolidworksParserTest.java,org.apache.tika.sax.BodyContentHandler,Static Dependency
tika-parsers,SolidworksParserTest.java,org.apache.tika.metadata.Metadata,Static Dependency
tika-parsers,SolidworksParserTest.java,org.apache.tika.io.TikaInputStream,Static Dependency
tika-parsers,SolidworksParserTest.java,org.apache.tika.parser.ParseContext,Static Dependency
tika-parsers,SolidworksParserTest.java,org.apache.tika.metadata.TikaCoreProperties,Static Dependency
tika-parsers,EMFParserTest.java,org.junit.jupiter.api.Test,Static Dependency
tika-parsers,EMFParserTest.java,org.apache.tika.TikaTest,Static Dependency
tika-parsers,EMFParserTest.java,java.util.List,Static Dependency
tika-parsers,EMFParserTest.java,org.apache.tika.metadata.Metadata,Static Dependency
tika-parsers,EMFParserTest.java,org.apache.tika.metadata.TikaCoreProperties,Static Dependency
tika-parsers,PublisherParserTest.java,org.junit.jupiter.api.Test,Static Dependency
tika-parsers,PublisherParserTest.java,org.xml.sax.ContentHandler,Static Dependency
tika-parsers,PublisherParserTest.java,org.apache.tika.sax.BodyContentHandler,Static Dependency
tika-parsers,PublisherParserTest.java,org.apache.tika.metadata.Metadata,Static Dependency
tika-parsers,PublisherParserTest.java,org.apache.tika.io.TikaInputStream,Static Dependency
tika-parsers,PublisherParserTest.java,org.apache.tika.parser.ParseContext,Static Dependency
tika-parsers,PublisherParserTest.java,org.apache.tika.metadata.TikaCoreProperties,Static Dependency
tika-parsers,OfficeParserTest.java,org.junit.jupiter.api.Test,Static Dependency
tika-parsers,OfficeParserTest.java,org.apache.tika.TikaTest,Static Dependency
tika-parsers,OfficeParserTest.java,org.apache.tika.metadata.Metadata,Static Dependency
tika-parsers,OfficeParserTest.java,org.apache.tika.io.TikaInputStream,Static Dependency
tika-parsers,OfficeParserTest.java,org.apache.tika.parser.Parser,Static Dependency
tika-parsers,OLE2CasingTest.java,org.junit.jupiter.api.Test,Static Dependency
tika-parsers,OLE2CasingTest.java,java.util.List,Static Dependency
tika-parsers,OLE2CasingTest.java,org.apache.tika.TikaTest,Static Dependency
tika-parsers,OLE2CasingTest.java,org.junit.jupiter.api.Disabled,Static Dependency
tika-parsers,OLE2CasingTest.java,org.apache.tika.metadata.Metadata,Static Dependency
tika-parsers,OLE2CasingTest.java,org.junit.jupiter.api.Assertions,Static Dependency
tika-parsers,OLE2CasingTest.java,java.util.HashSet,Static Dependency
tika-parsers,OLE2CasingTest.java,org.apache.tika.metadata.TikaCoreProperties,Static Dependency
tika-parsers,OLE2CasingTest.java,org.apache.tika.exception.EncryptedDocumentException,Static Dependency
tika-parsers,OLE2CasingTest.java,java.util.Set,Static Dependency
tika-parsers,WordParserTest.java,org.junit.jupiter.api.Disabled,Static Dependency
tika-parsers,WordParserTest.java,org.apache.tika.metadata.Metadata,Static Dependency
tika-parsers,WordParserTest.java,org.apache.logging.log4j.LogManager,Static Dependency
tika-parsers,WordParserTest.java,org.apache.tika.exception.EncryptedDocumentException,Static Dependency
tika-parsers,WordParserTest.java,java.util.Locale,Static Dependency
tika-parsers,WordParserTest.java,org.xml.sax.ContentHandler,Static Dependency
tika-parsers,WordParserTest.java,org.apache.tika.sax.BodyContentHandler,Static Dependency
tika-parsers,WordParserTest.java,org.apache.tika.io.TikaInputStream,Static Dependency
tika-parsers,WordParserTest.java,org.apache.logging.log4j.Level,Static Dependency
tika-parsers,WordParserTest.java,org.apache.tika.parser.ParseContext,Static Dependency
tika-parsers,WordParserTest.java,org.apache.tika.metadata.Office,Static Dependency
tika-parsers,WordParserTest.java,org.apache.tika.config.loader.TikaLoader,Static Dependency
tika-parsers,WordParserTest.java,org.apache.tika.metadata.OfficeOpenXMLExtended,Static Dependency
tika-parsers,WordParserTest.java,org.apache.tika.metadata.TikaCoreProperties,Static Dependency
tika-parsers,WordParserTest.java,org.apache.tika.parser.Parser,Static Dependency
tika-parsers,WordParserTest.java,org.junit.jupiter.api.Test,Static Dependency
tika-parsers,WordParserTest.java,java.util.List,Static Dependency
tika-parsers,WordParserTest.java,org.apache.tika.TikaTest,Static Dependency
tika-parsers,WordParserTest.java,java.util.Arrays,Static Dependency
tika-parsers,WordParserTest.java,org.apache.logging.log4j.core.config.LoggerConfig,Static Dependency
tika-parsers,WordParserTest.java,org.apache.tika.metadata.DublinCore,Static Dependency
tika-parsers,WordParserTest.java,org.apache.logging.log4j.core.LoggerContext,Static Dependency
tika-parsers,OutlookParserTest.java,javax.xml.transform.OutputKeys,Static Dependency
tika-parsers,OutlookParserTest.java,org.apache.tika.sax.BasicContentHandlerFactory,Static Dependency
tika-parsers,OutlookParserTest.java,org.apache.tika.metadata.Metadata,Static Dependency
tika-parsers,OutlookParserTest.java,java.util.regex.Pattern,Static Dependency
tika-parsers,OutlookParserTest.java,org.xml.sax.ContentHandler,Static Dependency
tika-parsers,OutlookParserTest.java,org.apache.tika.sax.BodyContentHandler,Static Dependency
tika-parsers,OutlookParserTest.java,org.apache.tika.metadata.RTFMetadata,Static Dependency
tika-parsers,OutlookParserTest.java,org.apache.tika.io.TikaInputStream,Static Dependency
tika-parsers,OutlookParserTest.java,org.apache.tika.parser.ParseContext,Static Dependency
tika-parsers,OutlookParserTest.java,org.apache.tika.metadata.MAPI,Static Dependency
tika-parsers,OutlookParserTest.java,java.util.regex.Matcher,Static Dependency
tika-parsers,OutlookParserTest.java,org.apache.tika.metadata.Message,Static Dependency
tika-parsers,OutlookParserTest.java,org.apache.tika.config.loader.TikaLoader,Static Dependency
tika-parsers,OutlookParserTest.java,javax.xml.transform.sax.SAXTransformerFactory,Static Dependency
tika-parsers,OutlookParserTest.java,javax.xml.transform.stream.StreamResult,Static Dependency
tika-parsers,OutlookParserTest.java,org.apache.tika.metadata.TikaCoreProperties,Static Dependency
tika-parsers,OutlookParserTest.java,javax.xml.transform.sax.TransformerHandler,Static Dependency
tika-parsers,OutlookParserTest.java,org.apache.tika.parser.Parser,Static Dependency
tika-parsers,OutlookParserTest.java,org.junit.jupiter.api.Test,Static Dependency
tika-parsers,OutlookParserTest.java,org.apache.tika.utils.XMLReaderUtils,Static Dependency
tika-parsers,OutlookParserTest.java,java.util.List,Static Dependency
tika-parsers,OutlookParserTest.java,org.apache.tika.TikaTest,Static Dependency
tika-parsers,OutlookParserTest.java,java.util.Arrays,Static Dependency
tika-parsers,OutlookParserTest.java,java.io.StringWriter,Static Dependency
tika-parsers,PowerPointParserTest.java,org.junit.jupiter.api.Test,Static Dependency
tika-parsers,PowerPointParserTest.java,org.xml.sax.ContentHandler,Static Dependency
tika-parsers,PowerPointParserTest.java,java.util.List,Static Dependency
tika-parsers,PowerPointParserTest.java,org.apache.tika.TikaTest,Static Dependency
tika-parsers,PowerPointParserTest.java,org.apache.tika.sax.BodyContentHandler,Static Dependency
tika-parsers,PowerPointParserTest.java,org.junit.jupiter.api.Disabled,Static Dependency
tika-parsers,PowerPointParserTest.java,java.util.Arrays,Static Dependency
tika-parsers,PowerPointParserTest.java,org.apache.tika.metadata.Metadata,Static Dependency
tika-parsers,PowerPointParserTest.java,org.apache.tika.io.TikaInputStream,Static Dependency
tika-parsers,PowerPointParserTest.java,org.apache.tika.parser.ParseContext,Static Dependency
tika-parsers,PowerPointParserTest.java,org.apache.tika.metadata.Office,Static Dependency
tika-parsers,PowerPointParserTest.java,org.apache.tika.metadata.TikaCoreProperties,Static Dependency
tika-parsers,PowerPointParserTest.java,org.apache.tika.exception.EncryptedDocumentException,Static Dependency
tika-parsers,PowerPointParserTest.java,java.util.Locale,Static Dependency
tika-parsers,POIContainerExtractionTest.java,org.junit.jupiter.api.Test,Static Dependency
tika-parsers,POIContainerExtractionTest.java,java.util.List,Static Dependency
tika-parsers,POIContainerExtractionTest.java,org.apache.tika.detect.microsoft.POIFSContainerDetector,Static Dependency
tika-parsers,POIContainerExtractionTest.java,org.apache.tika.metadata.Metadata,Static Dependency
tika-parsers,POIContainerExtractionTest.java,org.apache.tika.extractor.ParserContainerExtractor,Static Dependency
tika-parsers,POIContainerExtractionTest.java,org.apache.tika.mime.MediaType,Static Dependency
tika-parsers,POIContainerExtractionTest.java,java.util.HashSet,Static Dependency
tika-parsers,POIContainerExtractionTest.java,org.apache.tika.extractor.ContainerExtractor,Static Dependency
tika-parsers,POIContainerExtractionTest.java,org.apache.tika.metadata.Office,Static Dependency
tika-parsers,POIContainerExtractionTest.java,org.apache.tika.metadata.TikaCoreProperties,Static Dependency
tika-parsers,POIContainerExtractionTest.java,java.util.Set,Static Dependency
tika-parsers,WMFParserTest.java,org.junit.jupiter.api.Test,Static Dependency
tika-parsers,WMFParserTest.java,org.apache.tika.TikaTest,Static Dependency
tika-parsers,WMFParserTest.java,java.util.List,Static Dependency
tika-parsers,WMFParserTest.java,org.apache.tika.metadata.Metadata,Static Dependency
tika-parsers,WMFParserTest.java,org.apache.tika.metadata.TikaCoreProperties,Static Dependency
tika-parsers,JackcessParserTest.java,org.junit.jupiter.api.Test,Static Dependency
tika-parsers,JackcessParserTest.java,org.apache.tika.metadata.OfficeOpenXMLExtended,Static Dependency
tika-parsers,JackcessParserTest.java,org.apache.tika.sax.BasicContentHandlerFactory,Static Dependency
tika-parsers,JackcessParserTest.java,org.apache.tika.TikaTest,Static Dependency
tika-parsers,JackcessParserTest.java,java.util.List,Static Dependency
tika-parsers,JackcessParserTest.java,org.apache.tika.sax.RecursiveParserWrapperHandler,Static Dependency
tika-parsers,JackcessParserTest.java,org.apache.tika.parser.PasswordProvider,Static Dependency
tika-parsers,JackcessParserTest.java,org.apache.tika.metadata.Metadata,Static Dependency
tika-parsers,JackcessParserTest.java,org.apache.tika.io.TikaInputStream,Static Dependency
tika-parsers,JackcessParserTest.java,org.apache.tika.parser.ParseContext,Static Dependency
tika-parsers,JackcessParserTest.java,org.apache.tika.parser.RecursiveParserWrapper,Static Dependency
tika-parsers,JackcessParserTest.java,org.apache.tika.metadata.TikaCoreProperties,Static Dependency
tika-parsers,JackcessParserTest.java,org.apache.tika.exception.EncryptedDocumentException,Static Dependency
tika-parsers,ExcelParserTest.java,org.apache.tika.detect.Detector,Static Dependency
tika-parsers,ExcelParserTest.java,org.apache.tika.metadata.Metadata,Static Dependency
tika-parsers,ExcelParserTest.java,org.apache.tika.exception.EncryptedDocumentException,Static Dependency
tika-parsers,ExcelParserTest.java,java.util.Locale,Static Dependency
tika-parsers,ExcelParserTest.java,org.xml.sax.ContentHandler,Static Dependency
tika-parsers,ExcelParserTest.java,org.apache.tika.sax.BodyContentHandler,Static Dependency
tika-parsers,ExcelParserTest.java,org.apache.tika.io.TikaInputStream,Static Dependency
tika-parsers,ExcelParserTest.java,org.apache.tika.parser.ParseContext,Static Dependency
tika-parsers,ExcelParserTest.java,org.apache.tika.metadata.Office,Static Dependency
tika-parsers,ExcelParserTest.java,org.apache.poi.util.LocaleUtil,Static Dependency
tika-parsers,ExcelParserTest.java,org.apache.tika.mime.MediaType,Static Dependency
tika-parsers,ExcelParserTest.java,org.apache.tika.config.loader.TikaLoader,Static Dependency
tika-parsers,ExcelParserTest.java,org.apache.tika.metadata.OfficeOpenXMLExtended,Static Dependency
tika-parsers,ExcelParserTest.java,org.apache.tika.detect.DefaultDetector,Static Dependency
tika-parsers,ExcelParserTest.java,org.apache.tika.metadata.TikaCoreProperties,Static Dependency
tika-parsers,ExcelParserTest.java,org.apache.tika.parser.Parser,Static Dependency
tika-parsers,ExcelParserTest.java,org.apache.tika.parser.microsoft.ooxml.OOXMLParser,Static Dependency
tika-parsers,ExcelParserTest.java,java.text.DecimalFormatSymbols,Static Dependency
tika-parsers,ExcelParserTest.java,org.junit.jupiter.api.Test,Static Dependency
tika-parsers,ExcelParserTest.java,java.util.List,Static Dependency
tika-parsers,ExcelParserTest.java,org.apache.tika.TikaTest,Static Dependency
tika-parsers,ExcelParserTest.java,org.apache.tika.parser.PasswordProvider,Static Dependency
tika-parsers,ActiveMimeParserTest.java,java.nio.file.Paths,Static Dependency
tika-parsers,ActiveMimeParserTest.java,org.junit.jupiter.api.Test,Static Dependency
tika-parsers,ActiveMimeParserTest.java,java.util.List,Static Dependency
tika-parsers,ActiveMimeParserTest.java,org.apache.tika.TikaTest,Static Dependency
tika-parsers,ActiveMimeParserTest.java,org.junit.jupiter.api.Disabled,Static Dependency
tika-parsers,ActiveMimeParserTest.java,java.nio.file.Path,Static Dependency
tika-parsers,ActiveMimeParserTest.java,org.apache.tika.metadata.Metadata,Static Dependency
tika-parsers,ActiveMimeParserTest.java,org.apache.tika.metadata.TikaCoreProperties,Static Dependency
tika-parsers,RTFParserTest.java,org.apache.tika.metadata.Metadata,Static Dependency
tika-parsers,RTFParserTest.java,org.apache.tika.Tika,Static Dependency
tika-parsers,RTFParserTest.java,java.io.File,Static Dependency
tika-parsers,RTFParserTest.java,org.apache.tika.io.TikaInputStream,Static Dependency
tika-parsers,RTFParserTest.java,org.apache.tika.parser.ParseContext,Static Dependency
tika-parsers,RTFParserTest.java,org.apache.tika.extractor.ContainerExtractor,Static Dependency
tika-parsers,RTFParserTest.java,org.apache.tika.metadata.Office,Static Dependency
tika-parsers,RTFParserTest.java,java.io.InputStream,Static Dependency
tika-parsers,RTFParserTest.java,org.apache.tika.mime.MediaType,Static Dependency
tika-parsers,RTFParserTest.java,org.apache.tika.config.loader.TikaLoader,Static Dependency
tika-parsers,RTFParserTest.java,org.apache.tika.extractor.ParserContainerExtractor,Static Dependency
tika-parsers,RTFParserTest.java,java.util.HashSet,Static Dependency
tika-parsers,RTFParserTest.java,org.apache.tika.metadata.TikaCoreProperties,Static Dependency
tika-parsers,RTFParserTest.java,org.apache.tika.parser.Parser,Static Dependency
tika-parsers,RTFParserTest.java,java.util.Set,Static Dependency
tika-parsers,RTFParserTest.java,org.junit.jupiter.api.Test,Static Dependency
tika-parsers,RTFParserTest.java,java.util.List,Static Dependency
tika-parsers,RTFParserTest.java,org.apache.tika.TikaTest,Static Dependency
tika-parsers,RTFParserTest.java,java.util.Arrays,Static Dependency
tika-parsers,RTFParserTest.java,org.apache.tika.metadata.DublinCore,Static Dependency
tika-parsers,SXWPFExtractorTest.java,org.apache.tika.metadata.Metadata,Static Dependency
tika-parsers,SXWPFExtractorTest.java,org.apache.tika.exception.EncryptedDocumentException,Static Dependency
tika-parsers,SXWPFExtractorTest.java,java.util.Locale,Static Dependency
tika-parsers,SXWPFExtractorTest.java,org.apache.tika.metadata.OfficeOpenXMLCore,Static Dependency
tika-parsers,SXWPFExtractorTest.java,java.util.Map,Static Dependency
tika-parsers,SXWPFExtractorTest.java,java.io.ByteArrayOutputStream,Static Dependency
tika-parsers,SXWPFExtractorTest.java,org.apache.tika.parser.ParseContext,Static Dependency
tika-parsers,SXWPFExtractorTest.java,org.apache.tika.metadata.Office,Static Dependency
tika-parsers,SXWPFExtractorTest.java,org.apache.tika.config.loader.TikaLoader,Static Dependency
tika-parsers,SXWPFExtractorTest.java,org.apache.tika.metadata.OfficeOpenXMLExtended,Static Dependency
tika-parsers,SXWPFExtractorTest.java,org.apache.tika.parser.AutoDetectParser,Static Dependency
tika-parsers,SXWPFExtractorTest.java,org.apache.tika.metadata.TikaCoreProperties,Static Dependency
tika-parsers,SXWPFExtractorTest.java,org.junit.jupiter.api.Test,Static Dependency
tika-parsers,SXWPFExtractorTest.java,java.util.List,Static Dependency
tika-parsers,SXWPFExtractorTest.java,org.apache.tika.TikaTest,Static Dependency
tika-parsers,SXWPFExtractorTest.java,org.apache.tika.parser.microsoft.OfficeParserConfig,Static Dependency
tika-parsers,SXWPFExtractorTest.java,java.util.Arrays,Static Dependency
tika-parsers,SXWPFExtractorTest.java,org.junit.jupiter.api.BeforeEach,Static Dependency
tika-parsers,SXWPFExtractorTest.java,org.apache.tika.parser.PasswordProvider,Static Dependency
tika-parsers,SXWPFExtractorTest.java,java.io.PrintStream,Static Dependency
tika-parsers,SXWPFExtractorTest.java,org.apache.tika.metadata.DublinCore,Static Dependency
tika-parsers,SXWPFExtractorTest.java,java.util.HashMap,Static Dependency
tika-parsers,OOXMLContainerExtractionTest.java,org.junit.jupiter.api.Test,Static Dependency
tika-parsers,OOXMLContainerExtractionTest.java,org.apache.tika.parser.microsoft.AbstractPOIContainerExtractionTest,Static Dependency
tika-parsers,OOXMLContainerExtractionTest.java,java.util.List,Static Dependency
tika-parsers,OOXMLContainerExtractionTest.java,org.junit.jupiter.api.BeforeEach,Static Dependency
tika-parsers,OOXMLContainerExtractionTest.java,org.apache.tika.detect.microsoft.POIFSContainerDetector,Static Dependency
tika-parsers,OOXMLContainerExtractionTest.java,org.apache.tika.Tika,Static Dependency
tika-parsers,OOXMLContainerExtractionTest.java,org.apache.tika.metadata.Metadata,Static Dependency
tika-parsers,OOXMLContainerExtractionTest.java,org.apache.tika.extractor.ParserContainerExtractor,Static Dependency
tika-parsers,OOXMLContainerExtractionTest.java,org.apache.tika.extractor.ContainerExtractor,Static Dependency
tika-parsers,OOXMLContainerExtractionTest.java,org.apache.tika.metadata.TikaCoreProperties,Static Dependency
tika-parsers,SXSLFExtractorTest.java,org.junit.jupiter.api.Disabled,Static Dependency
tika-parsers,SXSLFExtractorTest.java,org.apache.tika.metadata.Metadata,Static Dependency
tika-parsers,SXSLFExtractorTest.java,org.apache.tika.exception.EncryptedDocumentException,Static Dependency
tika-parsers,SXSLFExtractorTest.java,java.util.Locale,Static Dependency
tika-parsers,SXSLFExtractorTest.java,org.xml.sax.ContentHandler,Static Dependency
tika-parsers,SXSLFExtractorTest.java,java.util.Map,Static Dependency
tika-parsers,SXSLFExtractorTest.java,org.apache.tika.sax.BodyContentHandler,Static Dependency
tika-parsers,SXSLFExtractorTest.java,org.apache.tika.io.TikaInputStream,Static Dependency
tika-parsers,SXSLFExtractorTest.java,org.apache.tika.parser.ParseContext,Static Dependency
tika-parsers,SXSLFExtractorTest.java,org.apache.tika.metadata.Office,Static Dependency
tika-parsers,SXSLFExtractorTest.java,org.apache.tika.config.loader.TikaLoader,Static Dependency
tika-parsers,SXSLFExtractorTest.java,org.apache.tika.parser.AutoDetectParser,Static Dependency
tika-parsers,SXSLFExtractorTest.java,org.apache.tika.metadata.TikaCoreProperties,Static Dependency
tika-parsers,SXSLFExtractorTest.java,org.junit.jupiter.api.Test,Static Dependency
tika-parsers,SXSLFExtractorTest.java,java.util.List,Static Dependency
tika-parsers,SXSLFExtractorTest.java,org.apache.tika.TikaTest,Static Dependency
tika-parsers,SXSLFExtractorTest.java,org.apache.tika.parser.microsoft.OfficeParserConfig,Static Dependency
tika-parsers,SXSLFExtractorTest.java,org.junit.jupiter.api.BeforeEach,Static Dependency
tika-parsers,SXSLFExtractorTest.java,org.apache.tika.parser.PasswordProvider,Static Dependency
tika-parsers,SXSLFExtractorTest.java,java.util.HashMap,Static Dependency
tika-parsers,OOXMLParserTest.java,javax.xml.transform.OutputKeys,Static Dependency
tika-parsers,OOXMLParserTest.java,org.apache.tika.detect.Detector,Static Dependency
tika-parsers,OOXMLParserTest.java,org.junit.jupiter.api.Disabled,Static Dependency
tika-parsers,OOXMLParserTest.java,org.apache.tika.metadata.Metadata,Static Dependency
tika-parsers,OOXMLParserTest.java,org.apache.tika.exception.EncryptedDocumentException,Static Dependency
tika-parsers,OOXMLParserTest.java,java.util.regex.Pattern,Static Dependency
tika-parsers,OOXMLParserTest.java,java.util.Locale,Static Dependency
tika-parsers,OOXMLParserTest.java,org.apache.tika.MultiThreadedTikaTest,Static Dependency
tika-parsers,OOXMLParserTest.java,org.xml.sax.ContentHandler,Static Dependency
tika-parsers,OOXMLParserTest.java,org.junit.jupiter.api.AfterAll,Static Dependency
tika-parsers,OOXMLParserTest.java,java.util.Map,Static Dependency
tika-parsers,OOXMLParserTest.java,org.apache.tika.sax.BodyContentHandler,Static Dependency
tika-parsers,OOXMLParserTest.java,org.junit.jupiter.api.BeforeAll,Static Dependency
tika-parsers,OOXMLParserTest.java,java.io.ByteArrayOutputStream,Static Dependency
tika-parsers,OOXMLParserTest.java,java.io.File,Static Dependency
tika-parsers,OOXMLParserTest.java,org.apache.tika.io.TikaInputStream,Static Dependency
tika-parsers,OOXMLParserTest.java,org.apache.tika.parser.ParseContext,Static Dependency
tika-parsers,OOXMLParserTest.java,java.util.regex.Matcher,Static Dependency
tika-parsers,OOXMLParserTest.java,org.apache.tika.metadata.Office,Static Dependency
tika-parsers,OOXMLParserTest.java,org.apache.poi.util.LocaleUtil,Static Dependency
tika-parsers,OOXMLParserTest.java,org.apache.tika.config.loader.TikaLoader,Static Dependency
tika-parsers,OOXMLParserTest.java,org.apache.tika.mime.MediaType,Static Dependency
tika-parsers,OOXMLParserTest.java,org.apache.tika.metadata.OfficeOpenXMLExtended,Static Dependency
tika-parsers,OOXMLParserTest.java,javax.xml.transform.sax.SAXTransformerFactory,Static Dependency
tika-parsers,OOXMLParserTest.java,javax.xml.transform.stream.StreamResult,Static Dependency
tika-parsers,OOXMLParserTest.java,org.apache.tika.exception.TikaException,Static Dependency
tika-parsers,OOXMLParserTest.java,org.apache.tika.parser.microsoft.OfficeParser,Static Dependency
tika-parsers,OOXMLParserTest.java,java.util.HashSet,Static Dependency
tika-parsers,OOXMLParserTest.java,org.apache.tika.parser.RecursiveParserWrapper,Static Dependency
tika-parsers,OOXMLParserTest.java,org.apache.tika.detect.DefaultDetector,Static Dependency
tika-parsers,OOXMLParserTest.java,org.apache.tika.metadata.TikaCoreProperties,Static Dependency
tika-parsers,OOXMLParserTest.java,javax.xml.transform.sax.TransformerHandler,Static Dependency
tika-parsers,OOXMLParserTest.java,java.util.Set,Static Dependency
tika-parsers,OOXMLParserTest.java,org.apache.tika.parser.Parser,Static Dependency
tika-parsers,OOXMLParserTest.java,java.text.DecimalFormatSymbols,Static Dependency
tika-parsers,OOXMLParserTest.java,org.junit.jupiter.api.Test,Static Dependency
tika-parsers,OOXMLParserTest.java,org.apache.tika.parser.microsoft.OfficeParserTest,Static Dependency
tika-parsers,OOXMLParserTest.java,org.apache.tika.utils.XMLReaderUtils,Static Dependency
tika-parsers,OOXMLParserTest.java,java.util.List,Static Dependency
tika-parsers,OOXMLParserTest.java,org.apache.tika.parser.microsoft.OfficeParserConfig,Static Dependency
tika-parsers,OOXMLParserTest.java,java.util.Arrays,Static Dependency
tika-parsers,OOXMLParserTest.java,org.junit.jupiter.api.BeforeEach,Static Dependency
tika-parsers,OOXMLParserTest.java,java.io.StringWriter,Static Dependency
tika-parsers,OOXMLParserTest.java,org.apache.tika.parser.PasswordProvider,Static Dependency
tika-parsers,OOXMLParserTest.java,java.io.PrintStream,Static Dependency
tika-parsers,OOXMLParserTest.java,org.apache.tika.metadata.DublinCore,Static Dependency
tika-parsers,OOXMLParserTest.java,java.util.HashMap,Static Dependency
tika-parsers,OOXMLParserTest.java,org.apache.tika.parser.EmptyParser,Static Dependency
tika-parsers,TruncatedOOXMLTest.java,org.junit.jupiter.api.Test,Static Dependency
tika-parsers,TruncatedOOXMLTest.java,java.nio.charset.StandardCharsets,Static Dependency
tika-parsers,TruncatedOOXMLTest.java,java.util.List,Static Dependency
tika-parsers,TruncatedOOXMLTest.java,org.apache.tika.TikaTest,Static Dependency
tika-parsers,TruncatedOOXMLTest.java,org.junit.jupiter.api.Disabled,Static Dependency
tika-parsers,TruncatedOOXMLTest.java,org.apache.commons.io.IOUtils,Static Dependency
tika-parsers,TruncatedOOXMLTest.java,org.apache.tika.metadata.Metadata,Static Dependency
tika-parsers,TruncatedOOXMLTest.java,java.io.ByteArrayOutputStream,Static Dependency
tika-parsers,TruncatedOOXMLTest.java,java.io.EOFException,Static Dependency
tika-parsers,TruncatedOOXMLTest.java,java.io.File,Static Dependency
tika-parsers,TruncatedOOXMLTest.java,org.apache.commons.compress.archivers.zip.ZipArchiveEntry,Static Dependency
tika-parsers,TruncatedOOXMLTest.java,org.apache.commons.compress.archivers.zip.ZipArchiveInputStream,Static Dependency
tika-parsers,TruncatedOOXMLTest.java,java.io.InputStream,Static Dependency
tika-parsers,TruncatedOOXMLTest.java,java.io.FileInputStream,Static Dependency
tika-parsers,TruncatedOOXMLTest.java,org.apache.tika.metadata.TikaCoreProperties,Static Dependency
tika-parsers,TruncatedOOXMLTest.java,java.util.Random,Static Dependency
tika-parsers,XPSParserTest.java,java.nio.file.Paths,Static Dependency
tika-parsers,XPSParserTest.java,org.junit.jupiter.api.Test,Static Dependency
tika-parsers,XPSParserTest.java,java.util.List,Static Dependency
tika-parsers,XPSParserTest.java,org.apache.tika.TikaTest,Static Dependency
tika-parsers,XPSParserTest.java,java.nio.file.Path,Static Dependency
tika-parsers,XPSParserTest.java,org.apache.tika.metadata.Metadata,Static Dependency
tika-parsers,XPSParserTest.java,java.io.ByteArrayOutputStream,Static Dependency
tika-parsers,XPSParserTest.java,org.apache.tika.io.TikaInputStream,Static Dependency
tika-parsers,XPSParserTest.java,java.nio.file.Files,Static Dependency
tika-parsers,XPSParserTest.java,org.apache.tika.metadata.TikaCoreProperties,Static Dependency
tika-parsers,Word2006MLParserTest.java,org.junit.jupiter.api.Test,Static Dependency
tika-parsers,Word2006MLParserTest.java,org.apache.tika.metadata.OfficeOpenXMLCore,Static Dependency
tika-parsers,Word2006MLParserTest.java,org.apache.tika.metadata.OfficeOpenXMLExtended,Static Dependency
tika-parsers,Word2006MLParserTest.java,org.apache.tika.metadata.Office,Static Dependency
tika-parsers,Word2006MLParserTest.java,org.junit.jupiter.api.AfterAll,Static Dependency
tika-parsers,Word2006MLParserTest.java,java.util.List,Static Dependency
tika-parsers,Word2006MLParserTest.java,org.apache.tika.utils.XMLReaderUtils,Static Dependency
tika-parsers,Word2006MLParserTest.java,org.apache.tika.parser.microsoft.OfficeParserConfig,Static Dependency
tika-parsers,Word2006MLParserTest.java,org.apache.tika.metadata.Metadata,Static Dependency
tika-parsers,Word2006MLParserTest.java,org.apache.tika.parser.ParseContext,Static Dependency
tika-parsers,Word2006MLParserTest.java,org.apache.tika.exception.TikaException,Static Dependency
tika-parsers,Word2006MLParserTest.java,org.junit.jupiter.api.Timeout,Static Dependency
tika-parsers,Word2006MLParserTest.java,org.apache.tika.metadata.TikaCoreProperties,Static Dependency
tika-parsers,Word2006MLParserTest.java,org.apache.tika.MultiThreadedTikaTest,Static Dependency
tika-parsers,XML2003ParserTest.java,org.junit.jupiter.api.Test,Static Dependency
tika-parsers,XML2003ParserTest.java,org.apache.tika.metadata.OfficeOpenXMLCore,Static Dependency
tika-parsers,XML2003ParserTest.java,org.apache.tika.utils.XMLReaderUtils,Static Dependency
tika-parsers,XML2003ParserTest.java,org.junit.jupiter.api.AfterAll,Static Dependency
tika-parsers,XML2003ParserTest.java,org.apache.tika.metadata.Metadata,Static Dependency
tika-parsers,XML2003ParserTest.java,org.apache.tika.parser.ParseContext,Static Dependency
tika-parsers,XML2003ParserTest.java,org.apache.tika.exception.TikaException,Static Dependency
tika-parsers,XML2003ParserTest.java,org.junit.jupiter.api.Timeout,Static Dependency
tika-parsers,XML2003ParserTest.java,org.apache.tika.metadata.TikaCoreProperties,Static Dependency
tika-parsers,XML2003ParserTest.java,org.apache.tika.MultiThreadedTikaTest,Static Dependency
tika-parsers,TestLibPstParser.java,org.junit.jupiter.api.Test,Static Dependency
tika-parsers,TestLibPstParser.java,org.apache.tika.TikaTest,Static Dependency
tika-parsers,TestLibPstParser.java,java.util.List,Static Dependency
tika-parsers,TestLibPstParser.java,org.junit.jupiter.api.BeforeAll,Static Dependency
tika-parsers,TestLibPstParser.java,org.apache.tika.metadata.Metadata,Static Dependency
tika-parsers,TestLibPstParser.java,org.apache.tika.metadata.MAPI,Static Dependency
tika-parsers,TestLibPstParser.java,org.apache.tika.metadata.Message,Static Dependency
tika-parsers,TestLibPstParser.java,org.apache.tika.metadata.TikaCoreProperties,Static Dependency
tika-parsers,TestLibPstParser.java,org.apache.tika.metadata.PST,Static Dependency
tika-parsers,TestLibPstParser.java,org.apache.tika.parser.Parser,Static Dependency
tika-parsers,TestLibPstParser.java,org.apache.tika.config.loader.TikaLoader,Static Dependency
tika-parsers,TestChmLzxState.java,org.junit.jupiter.api.Test,Static Dependency
tika-parsers,TestChmLzxState.java,org.junit.jupiter.api.BeforeEach,Static Dependency
tika-parsers,TestChmLzxState.java,org.apache.tika.exception.TikaException,Static Dependency
tika-parsers,TestPmglHeader.java,org.junit.jupiter.api.Test,Static Dependency
tika-parsers,TestPmglHeader.java,org.junit.jupiter.api.BeforeEach,Static Dependency
tika-parsers,TestPmgiHeader.java,org.junit.jupiter.api.Test,Static Dependency
tika-parsers,TestPmgiHeader.java,org.junit.jupiter.api.BeforeEach,Static Dependency
tika-parsers,TestChmLzxcControlData.java,org.junit.jupiter.api.Test,Static Dependency
tika-parsers,TestChmLzxcControlData.java,org.junit.jupiter.api.BeforeEach,Static Dependency
tika-parsers,TestChmExtractor.java,org.junit.jupiter.api.Test,Static Dependency
tika-parsers,TestChmExtractor.java,org.apache.tika.TikaTest,Static Dependency
tika-parsers,TestChmExtractor.java,java.util.List,Static Dependency
tika-parsers,TestChmExtractor.java,org.junit.jupiter.api.BeforeEach,Static Dependency
tika-parsers,TestChmExtractor.java,org.apache.tika.io.TikaInputStream,Static Dependency
tika-parsers,TestChmExtractor.java,org.apache.tika.exception.TikaException,Static Dependency
tika-parsers,TestDirectoryListingEntry.java,org.junit.jupiter.api.Test,Static Dependency
tika-parsers,TestDirectoryListingEntry.java,org.junit.jupiter.api.BeforeEach,Static Dependency
tika-parsers,TestChmBlockInfo.java,org.junit.jupiter.api.Test,Static Dependency
tika-parsers,TestChmBlockInfo.java,org.junit.jupiter.api.BeforeEach,Static Dependency
tika-parsers,TestChmBlockInfo.java,org.junit.jupiter.api.AfterEach,Static Dependency
tika-parsers,TestParameters.java,java.io.IOException,Static Dependency
tika-parsers,TestParameters.java,java.io.InputStream,Static Dependency
tika-parsers,TestParameters.java,org.apache.commons.io.IOUtils,Static Dependency
tika-parsers,TestChmExtraction.java,java.io.IOException,Static Dependency
tika-parsers,TestChmExtraction.java,java.util.concurrent.ExecutorService,Static Dependency
tika-parsers,TestChmExtraction.java,org.apache.tika.metadata.Metadata,Static Dependency
tika-parsers,TestChmExtraction.java,java.util.regex.Pattern,Static Dependency
tika-parsers,TestChmExtraction.java,org.apache.tika.MultiThreadedTikaTest,Static Dependency
tika-parsers,TestChmExtraction.java,java.util.Locale,Static Dependency
tika-parsers,TestChmExtraction.java,org.apache.tika.sax.BodyContentHandler,Static Dependency
tika-parsers,TestChmExtraction.java,org.xml.sax.SAXException,Static Dependency
tika-parsers,TestChmExtraction.java,java.io.File,Static Dependency
tika-parsers,TestChmExtraction.java,org.apache.tika.io.TikaInputStream,Static Dependency
tika-parsers,TestChmExtraction.java,org.apache.tika.parser.ParseContext,Static Dependency
tika-parsers,TestChmExtraction.java,java.io.InputStream,Static Dependency
tika-parsers,TestChmExtraction.java,java.util.HashSet,Static Dependency
tika-parsers,TestChmExtraction.java,org.apache.tika.parser.RecursiveParserWrapper,Static Dependency
tika-parsers,TestChmExtraction.java,org.apache.tika.parser.Parser,Static Dependency
tika-parsers,TestChmExtraction.java,java.util.Set,Static Dependency
tika-parsers,TestChmExtraction.java,org.junit.jupiter.api.Test,Static Dependency
tika-parsers,TestChmExtraction.java,java.util.List,Static Dependency
tika-parsers,TestChmExtraction.java,java.net.URL,Static Dependency
tika-parsers,TestChmExtraction.java,java.util.Arrays,Static Dependency
tika-parsers,TestChmExtraction.java,org.apache.tika.exception.TikaException,Static Dependency
tika-parsers,TestChmExtraction.java,java.util.concurrent.Executors,Static Dependency
tika-parsers,TestChmLzxcResetTable.java,org.junit.jupiter.api.Test,Static Dependency
tika-parsers,TestChmLzxcResetTable.java,org.junit.jupiter.api.BeforeEach,Static Dependency
tika-parsers,TestChmItsfHeader.java,org.junit.jupiter.api.Test,Static Dependency
tika-parsers,TestChmItsfHeader.java,org.junit.jupiter.api.BeforeEach,Static Dependency
tika-parsers,TestChmItsfHeader.java,org.junit.jupiter.api.AfterEach,Static Dependency
tika-parsers,TestChmItspHeader.java,org.junit.jupiter.api.Test,Static Dependency
tika-parsers,TestChmItspHeader.java,org.junit.jupiter.api.BeforeEach,Static Dependency
tika-parsers,TestChmItspHeader.java,org.junit.jupiter.api.AfterEach,Static Dependency
tika-parsers,OutlookPSTParserTest.java,org.junit.jupiter.api.Test,Static Dependency
tika-parsers,OutlookPSTParserTest.java,org.apache.tika.TikaTest,Static Dependency
tika-parsers,OutlookPSTParserTest.java,java.util.List,Static Dependency
tika-parsers,OutlookPSTParserTest.java,org.apache.tika.metadata.Metadata,Static Dependency
tika-parsers,OutlookPSTParserTest.java,org.apache.tika.metadata.MAPI,Static Dependency
tika-parsers,OutlookPSTParserTest.java,org.apache.tika.metadata.Message,Static Dependency
tika-parsers,OutlookPSTParserTest.java,org.apache.tika.metadata.TikaCoreProperties,Static Dependency
tika-parsers,OutlookPSTParserTest.java,org.apache.tika.metadata.PST,Static Dependency
tika-parsers,OutlookPSTParserTest.java,org.apache.tika.parser.Parser,Static Dependency
tika-parsers,OutlookPSTParserTest.java,org.apache.tika.mime.MediaType,Static Dependency
tika-parsers,OneNoteParserTest.java,org.junit.jupiter.api.Test,Static Dependency
tika-parsers,OneNoteParserTest.java,java.util.List,Static Dependency
tika-parsers,OneNoteParserTest.java,org.apache.tika.TikaTest,Static Dependency
tika-parsers,OneNoteParserTest.java,org.apache.commons.lang3.StringUtils,Static Dependency
tika-parsers,OneNoteParserTest.java,java.util.Arrays,Static Dependency
tika-parsers,OneNoteParserTest.java,org.apache.tika.metadata.Metadata,Static Dependency
tika-parsers,OneNoteParserTest.java,java.time.Instant,Static Dependency
tika-parsers,OneNoteParserTest.java,org.apache.tika.metadata.TikaCoreProperties,Static Dependency
tika-parsers,TextAndAttributeXMLParserTest.java,org.junit.jupiter.api.Test,Static Dependency
tika-parsers,TextAndAttributeXMLParserTest.java,java.io.IOException,Static Dependency
tika-parsers,TextAndAttributeXMLParserTest.java,org.xml.sax.ContentHandler,Static Dependency
tika-parsers,TextAndAttributeXMLParserTest.java,org.apache.tika.TikaTest,Static Dependency
tika-parsers,TextAndAttributeXMLParserTest.java,org.apache.tika.sax.BodyContentHandler,Static Dependency
tika-parsers,TextAndAttributeXMLParserTest.java,java.io.StringWriter,Static Dependency
tika-parsers,TextAndAttributeXMLParserTest.java,org.apache.tika.metadata.Metadata,Static Dependency
tika-parsers,TextAndAttributeXMLParserTest.java,org.xml.sax.SAXException,Static Dependency
tika-parsers,TextAndAttributeXMLParserTest.java,org.apache.tika.io.TikaInputStream,Static Dependency
tika-parsers,TextAndAttributeXMLParserTest.java,org.apache.tika.parser.ParseContext,Static Dependency
tika-parsers,TextAndAttributeXMLParserTest.java,org.apache.tika.exception.TikaException,Static Dependency
tika-parsers,EmptyAndDuplicateElementsXMLParserTest.java,org.junit.jupiter.api.Test,Static Dependency
tika-parsers,EmptyAndDuplicateElementsXMLParserTest.java,org.xml.sax.ContentHandler,Static Dependency
tika-parsers,EmptyAndDuplicateElementsXMLParserTest.java,org.apache.tika.TikaTest,Static Dependency
tika-parsers,EmptyAndDuplicateElementsXMLParserTest.java,org.apache.tika.sax.BodyContentHandler,Static Dependency
tika-parsers,EmptyAndDuplicateElementsXMLParserTest.java,org.apache.tika.metadata.Metadata,Static Dependency
tika-parsers,EmptyAndDuplicateElementsXMLParserTest.java,org.apache.tika.metadata.Property,Static Dependency
tika-parsers,EmptyAndDuplicateElementsXMLParserTest.java,org.apache.tika.io.TikaInputStream,Static Dependency
tika-parsers,EmptyAndDuplicateElementsXMLParserTest.java,org.apache.tika.parser.ParseContext,Static Dependency
tika-parsers,EmptyAndDuplicateElementsXMLParserTest.java,org.apache.tika.sax.TeeContentHandler,Static Dependency
tika-parsers,EmptyAndDuplicateElementsXMLParserTest.java,org.apache.tika.metadata.TikaCoreProperties,Static Dependency
tika-parsers,DcXMLParserTest.java,org.junit.jupiter.api.Test,Static Dependency
tika-parsers,DcXMLParserTest.java,org.xml.sax.ContentHandler,Static Dependency
tika-parsers,DcXMLParserTest.java,org.apache.tika.TikaTest,Static Dependency
tika-parsers,DcXMLParserTest.java,org.apache.tika.sax.BodyContentHandler,Static Dependency
tika-parsers,DcXMLParserTest.java,org.apache.tika.metadata.Metadata,Static Dependency
tika-parsers,DcXMLParserTest.java,org.xml.sax.helpers.DefaultHandler,Static Dependency
tika-parsers,DcXMLParserTest.java,org.apache.tika.io.TikaInputStream,Static Dependency
tika-parsers,DcXMLParserTest.java,org.apache.tika.parser.ParseContext,Static Dependency
tika-parsers,DcXMLParserTest.java,org.apache.tika.metadata.TikaCoreProperties,Static Dependency
tika-parsers,FictionBookParserTest.java,org.junit.jupiter.api.Test,Static Dependency
tika-parsers,FictionBookParserTest.java,org.xml.sax.ContentHandler,Static Dependency
tika-parsers,FictionBookParserTest.java,org.apache.tika.TikaTest,Static Dependency
tika-parsers,FictionBookParserTest.java,org.apache.tika.sax.BodyContentHandler,Static Dependency
tika-parsers,FictionBookParserTest.java,org.apache.tika.metadata.Metadata,Static Dependency
tika-parsers,FictionBookParserTest.java,org.apache.tika.io.TikaInputStream,Static Dependency
tika-parsers,FictionBookParserTest.java,org.apache.tika.parser.ParseContext,Static Dependency
tika-parsers,XLZParserTest.java,org.junit.jupiter.api.Test,Static Dependency
tika-parsers,XLZParserTest.java,org.xml.sax.ContentHandler,Static Dependency
tika-parsers,XLZParserTest.java,org.apache.tika.TikaTest,Static Dependency
tika-parsers,XLZParserTest.java,org.apache.tika.sax.BodyContentHandler,Static Dependency
tika-parsers,XLZParserTest.java,org.apache.tika.metadata.Metadata,Static Dependency
tika-parsers,XLZParserTest.java,org.apache.tika.io.TikaInputStream,Static Dependency
tika-parsers,XLZParserTest.java,org.apache.tika.parser.ParseContext,Static Dependency
tika-parsers,XLIFF12ParserTest.java,org.junit.jupiter.api.Test,Static Dependency
tika-parsers,XLIFF12ParserTest.java,org.xml.sax.ContentHandler,Static Dependency
tika-parsers,XLIFF12ParserTest.java,org.apache.tika.TikaTest,Static Dependency
tika-parsers,XLIFF12ParserTest.java,org.apache.tika.sax.BodyContentHandler,Static Dependency
tika-parsers,XLIFF12ParserTest.java,org.apache.tika.metadata.Metadata,Static Dependency
tika-parsers,XLIFF12ParserTest.java,org.apache.tika.io.TikaInputStream,Static Dependency
tika-parsers,XLIFF12ParserTest.java,org.apache.tika.parser.ParseContext,Static Dependency
tika-parsers,TMXParserTest.java,org.junit.jupiter.api.Test,Static Dependency
tika-parsers,TMXParserTest.java,org.xml.sax.ContentHandler,Static Dependency
tika-parsers,TMXParserTest.java,org.apache.tika.TikaTest,Static Dependency
tika-parsers,TMXParserTest.java,org.apache.tika.sax.BodyContentHandler,Static Dependency
tika-parsers,TMXParserTest.java,org.apache.tika.metadata.Metadata,Static Dependency
tika-parsers,TMXParserTest.java,org.apache.tika.io.TikaInputStream,Static Dependency
tika-parsers,TMXParserTest.java,org.apache.tika.parser.ParseContext,Static Dependency
tika-parsers,TikaLoaderHelper.java,java.nio.file.Paths,Static Dependency
tika-parsers,TikaLoaderHelper.java,java.io.IOException,Static Dependency
tika-parsers,TikaLoaderHelper.java,java.net.URISyntaxException,Static Dependency
tika-parsers,TikaLoaderHelper.java,org.apache.tika.exception.TikaConfigException,Static Dependency
tika-parsers,TikaLoaderHelper.java,org.apache.tika.config.loader.TikaLoader,Static Dependency
tika-parsers,TestFileCommandDetector.java,org.junit.jupiter.api.Test,Static Dependency
tika-parsers,TestFileCommandDetector.java,org.apache.tika.utils.XMLReaderUtils,Static Dependency
tika-parsers,TestFileCommandDetector.java,java.io.File,Static Dependency
tika-parsers,TestFileCommandDetector.java,java.io.FileFilter,Static Dependency
tika-parsers,TestFileCommandDetector.java,java.util.Random,Static Dependency
tika-parsers,TestFileCommandDetector.java,org.apache.tika.MultiThreadedTikaTest,Static Dependency
tika-parsers,TestZipDetector.java,org.junit.jupiter.api.Test,Static Dependency
tika-parsers,TestZipDetector.java,org.junit.jupiter.api.AfterAll,Static Dependency
tika-parsers,TestZipDetector.java,org.apache.tika.TikaTest,Static Dependency
tika-parsers,TestZipDetector.java,java.nio.file.Path,Static Dependency
tika-parsers,TestZipDetector.java,java.io.BufferedInputStream,Static Dependency
tika-parsers,TestZipDetector.java,org.junit.jupiter.api.BeforeAll,Static Dependency
tika-parsers,TestZipDetector.java,org.apache.tika.metadata.Metadata,Static Dependency
tika-parsers,TestZipDetector.java,java.nio.file.StandardCopyOption,Static Dependency
tika-parsers,TestZipDetector.java,org.apache.tika.Tika,Static Dependency
tika-parsers,TestZipDetector.java,java.io.ByteArrayInputStream,Static Dependency
tika-parsers,TestZipDetector.java,org.apache.tika.io.TikaInputStream,Static Dependency
tika-parsers,TestZipDetector.java,org.apache.tika.parser.ParseContext,Static Dependency
tika-parsers,TestZipDetector.java,java.nio.file.Files,Static Dependency
tika-parsers,TestZipDetector.java,java.io.InputStream,Static Dependency
tika-parsers,TestZipDetector.java,org.apache.tika.config.loader.TikaLoader,Static Dependency
tika-parsers,TestDetectorLoading.java,org.junit.jupiter.api.Test,Static Dependency
tika-parsers,TestDetectorLoading.java,java.util.List,Static Dependency
tika-parsers,TestDetectorLoading.java,org.apache.tika.config.loader.TikaLoader,Static Dependency
tika-parsers,TestContainerAwareDetector.java,java.io.IOException,Static Dependency
tika-parsers,TestContainerAwareDetector.java,org.junit.jupiter.api.Disabled,Static Dependency
tika-parsers,TestContainerAwareDetector.java,java.util.Objects,Static Dependency
tika-parsers,TestContainerAwareDetector.java,org.apache.tika.detect.zip.ZipContainerDetector,Static Dependency
tika-parsers,TestContainerAwareDetector.java,org.apache.commons.io.IOUtils,Static Dependency
tika-parsers,TestContainerAwareDetector.java,org.apache.tika.metadata.Metadata,Static Dependency
tika-parsers,TestContainerAwareDetector.java,org.apache.tika.Tika,Static Dependency
tika-parsers,TestContainerAwareDetector.java,org.apache.poi.poifs.filesystem.POIFSFileSystem,Static Dependency
tika-parsers,TestContainerAwareDetector.java,java.io.FileFilter,Static Dependency
tika-parsers,TestContainerAwareDetector.java,org.apache.tika.parser.iwork.iwana.IWork13PackageParser,Static Dependency
tika-parsers,TestContainerAwareDetector.java,org.apache.tika.detect.zip.DefaultZipContainerDetector,Static Dependency
tika-parsers,TestContainerAwareDetector.java,org.apache.tika.MultiThreadedTikaTest,Static Dependency
tika-parsers,TestContainerAwareDetector.java,org.apache.tika.mime.MimeTypes,Static Dependency
tika-parsers,TestContainerAwareDetector.java,java.io.File,Static Dependency
tika-parsers,TestContainerAwareDetector.java,org.apache.tika.io.TikaInputStream,Static Dependency
tika-parsers,TestContainerAwareDetector.java,java.util.ArrayList,Static Dependency
tika-parsers,TestContainerAwareDetector.java,org.apache.tika.parser.ParseContext,Static Dependency
tika-parsers,TestContainerAwareDetector.java,java.io.InputStream,Static Dependency
tika-parsers,TestContainerAwareDetector.java,org.apache.tika.detect.zip.OpenDocumentDetector,Static Dependency
tika-parsers,TestContainerAwareDetector.java,org.apache.tika.config.loader.TikaLoader,Static Dependency
tika-parsers,TestContainerAwareDetector.java,org.apache.tika.mime.MediaType,Static Dependency
tika-parsers,TestContainerAwareDetector.java,java.nio.file.Paths,Static Dependency
tika-parsers,TestContainerAwareDetector.java,org.junit.jupiter.api.AfterEach,Static Dependency
tika-parsers,TestContainerAwareDetector.java,org.apache.tika.mime.MediaTypeRegistry,Static Dependency
tika-parsers,TestContainerAwareDetector.java,org.apache.tika.metadata.TikaCoreProperties,Static Dependency
tika-parsers,TestContainerAwareDetector.java,java.util.Random,Static Dependency
tika-parsers,TestContainerAwareDetector.java,org.apache.tika.parser.iwork.iwana.IWork18PackageParser,Static Dependency
tika-parsers,TestContainerAwareDetector.java,org.junit.jupiter.api.Test,Static Dependency
tika-parsers,TestContainerAwareDetector.java,org.apache.tika.utils.XMLReaderUtils,Static Dependency
tika-parsers,TestContainerAwareDetector.java,java.util.List,Static Dependency
tika-parsers,TestContainerAwareDetector.java,org.apache.tika.detect.zip.StreamingZipContainerDetector,Static Dependency
tika-parsers,TestContainerAwareDetector.java,org.apache.tika.detect.microsoft.ooxml.OPCPackageDetector,Static Dependency
tika-parsers,TestContainerAwareDetector.java,org.apache.commons.io.output.UnsynchronizedByteArrayOutputStream,Static Dependency
tika-parsers,TestContainerAwareDetector.java,org.apache.tika.exception.TikaException,Static Dependency
tika-parsers,StandardsExtractingContentHandlerTest.java,org.junit.jupiter.api.Test,Static Dependency
tika-parsers,StandardsExtractingContentHandlerTest.java,org.apache.tika.TikaTest,Static Dependency
tika-parsers,StandardsExtractingContentHandlerTest.java,org.apache.tika.metadata.Metadata,Static Dependency
tika-parsers,StandardsExtractingContentHandlerTest.java,org.apache.tika.parser.ParseContext,Static Dependency
tika-parsers,StandardsExtractingContentHandlerTest.java,org.apache.tika.io.TikaInputStream,Static Dependency
tika-parsers,UpcasingContentHandlerDecoratorFactory.java,org.xml.sax.ContentHandler,Static Dependency
tika-parsers,UpcasingContentHandlerDecoratorFactory.java,org.apache.tika.config.TikaComponent,Static Dependency
tika-parsers,UpcasingContentHandlerDecoratorFactory.java,org.apache.tika.metadata.Metadata,Static Dependency
tika-parsers,UpcasingContentHandlerDecoratorFactory.java,org.xml.sax.SAXException,Static Dependency
tika-parsers,UpcasingContentHandlerDecoratorFactory.java,org.apache.tika.parser.ParseContext,Static Dependency
tika-parsers,UpcasingContentHandlerDecoratorFactory.java,java.util.Locale,Static Dependency
tika-parsers,DoublingContentHandlerDecoratorFactory.java,org.xml.sax.ContentHandler,Static Dependency
tika-parsers,DoublingContentHandlerDecoratorFactory.java,org.apache.tika.config.TikaComponent,Static Dependency
tika-parsers,DoublingContentHandlerDecoratorFactory.java,org.apache.tika.metadata.Metadata,Static Dependency
tika-parsers,DoublingContentHandlerDecoratorFactory.java,org.xml.sax.SAXException,Static Dependency
tika-parsers,DoublingContentHandlerDecoratorFactory.java,org.apache.tika.parser.ParseContext,Static Dependency
tika-parsers,DoublingContentHandlerDecoratorFactory.java,java.util.Locale,Static Dependency
tika-parsers,PhoneExtractingContentHandlerTest.java,org.junit.jupiter.api.Test,Static Dependency
tika-parsers,PhoneExtractingContentHandlerTest.java,org.apache.tika.TikaTest,Static Dependency
tika-parsers,PhoneExtractingContentHandlerTest.java,org.apache.tika.metadata.Metadata,Static Dependency
tika-parsers,PhoneExtractingContentHandlerTest.java,org.apache.tika.io.TikaInputStream,Static Dependency
tika-parsers,PhoneExtractingContentHandlerTest.java,org.apache.tika.parser.ParseContext,Static Dependency
tika-parsers,PhoneExtractingContentHandlerTest.java,java.io.InputStream,Static Dependency
tika-parsers,BoilerpipeHandlerTest.java,org.junit.jupiter.api.Test,Static Dependency
tika-parsers,BoilerpipeHandlerTest.java,javax.xml.transform.OutputKeys,Static Dependency
tika-parsers,BoilerpipeHandlerTest.java,org.xml.sax.ContentHandler,Static Dependency
tika-parsers,BoilerpipeHandlerTest.java,javax.xml.transform.sax.SAXTransformerFactory,Static Dependency
tika-parsers,BoilerpipeHandlerTest.java,org.apache.tika.TikaTest,Static Dependency
tika-parsers,BoilerpipeHandlerTest.java,org.apache.tika.utils.XMLReaderUtils,Static Dependency
tika-parsers,BoilerpipeHandlerTest.java,javax.xml.transform.stream.StreamResult,Static Dependency
tika-parsers,BoilerpipeHandlerTest.java,org.junit.jupiter.api.Disabled,Static Dependency
tika-parsers,BoilerpipeHandlerTest.java,java.io.StringWriter,Static Dependency
tika-parsers,BoilerpipeHandlerTest.java,org.apache.tika.metadata.Metadata,Static Dependency
tika-parsers,BoilerpipeHandlerTest.java,java.io.Writer,Static Dependency
tika-parsers,BoilerpipeHandlerTest.java,org.apache.tika.io.TikaInputStream,Static Dependency
tika-parsers,BoilerpipeHandlerTest.java,org.apache.tika.parser.ParseContext,Static Dependency
tika-parsers,BoilerpipeHandlerTest.java,org.apache.tika.parser.html.JSoupParser,Static Dependency
tika-parsers,BoilerpipeHandlerTest.java,org.apache.tika.sax.boilerpipe.BoilerpipeContentHandler,Static Dependency
tika-parsers,BoilerpipeHandlerTest.java,javax.xml.transform.sax.TransformerHandler,Static Dependency
tika-parsers,TikaParserConfigTest.java,java.nio.file.Paths,Static Dependency
tika-parsers,TikaParserConfigTest.java,org.junit.jupiter.api.Test,Static Dependency
tika-parsers,TikaParserConfigTest.java,org.apache.tika.parser.DefaultParser,Static Dependency
tika-parsers,TikaParserConfigTest.java,java.util.List,Static Dependency
tika-parsers,TikaParserConfigTest.java,org.apache.tika.TikaTest,Static Dependency
tika-parsers,TikaParserConfigTest.java,org.apache.tika.parser.EmptyParser,Static Dependency
tika-parsers,TikaParserConfigTest.java,java.nio.file.Path,Static Dependency
tika-parsers,TikaParserConfigTest.java,org.apache.tika.parser.ParserDecorator,Static Dependency
tika-parsers,TikaParserConfigTest.java,org.apache.tika.parser.CompositeParser,Static Dependency
tika-parsers,TikaParserConfigTest.java,org.apache.tika.parser.ParseContext,Static Dependency
tika-parsers,TikaParserConfigTest.java,org.apache.tika.mime.MediaType,Static Dependency
tika-parsers,TikaParserConfigTest.java,org.apache.tika.parser.executable.ExecutableParser,Static Dependency
tika-parsers,TikaParserConfigTest.java,org.apache.tika.parser.xml.XMLParser,Static Dependency
tika-parsers,TikaParserConfigTest.java,org.apache.tika.config.loader.TikaLoader,Static Dependency
tika-parsers,TikaParserConfigTest.java,org.apache.tika.parser.Parser,Static Dependency
tika-parsers,TikaParserConfigTest.java,java.util.Set,Static Dependency
tika-parsers,TikaConfigSerializerTest.java,org.junit.jupiter.api.Disabled,Static Dependency
tika-parsers,TikaDetectorConfigTest.java,org.junit.jupiter.api.Test,Static Dependency
tika-parsers,TikaDetectorConfigTest.java,org.apache.tika.detect.Detector,Static Dependency
tika-parsers,TikaDetectorConfigTest.java,org.apache.tika.TikaTest,Static Dependency
tika-parsers,TikaDetectorConfigTest.java,org.apache.tika.parser.microsoft.pst.OutlookPSTParser,Static Dependency
tika-parsers,TikaDetectorConfigTest.java,org.apache.tika.detect.CompositeDetector,Static Dependency
tika-parsers,TikaDetectorConfigTest.java,org.apache.tika.detect.microsoft.POIFSContainerDetector,Static Dependency
tika-parsers,TikaDetectorConfigTest.java,org.apache.tika.metadata.Metadata,Static Dependency
tika-parsers,TikaDetectorConfigTest.java,org.apache.tika.detect.EmptyDetector,Static Dependency
tika-parsers,TikaDetectorConfigTest.java,org.apache.tika.io.TikaInputStream,Static Dependency
tika-parsers,TikaDetectorConfigTest.java,org.apache.tika.TikaLoaderHelper,Static Dependency
tika-parsers,TikaDetectorConfigTest.java,org.apache.tika.parser.ParseContext,Static Dependency
tika-parsers,TikaDetectorConfigTest.java,org.apache.tika.detect.DefaultDetector,Static Dependency
tika-parsers,TikaDetectorConfigTest.java,org.apache.tika.detect.zip.DefaultZipContainerDetector,Static Dependency
tika-parsers,TikaDetectorConfigTest.java,org.apache.tika.config.loader.TikaLoader,Static Dependency
tika-parsers,ComponentRegistryIntegrationTest.java,org.junit.jupiter.api.Test,Static Dependency
tika-parsers,ComponentRegistryIntegrationTest.java,java.nio.charset.StandardCharsets,Static Dependency
tika-parsers,ComponentRegistryIntegrationTest.java,org.apache.tika.detect.Detector,Static Dependency
tika-parsers,ComponentRegistryIntegrationTest.java,java.util.Map,Static Dependency
tika-parsers,ComponentRegistryIntegrationTest.java,java.net.URL,Static Dependency
tika-parsers,ComponentRegistryIntegrationTest.java,java.util.Enumeration,Static Dependency
tika-parsers,ComponentRegistryIntegrationTest.java,java.io.BufferedReader,Static Dependency
tika-parsers,ComponentRegistryIntegrationTest.java,java.io.InputStreamReader,Static Dependency
tika-parsers,ComponentRegistryIntegrationTest.java,org.apache.tika.TikaLoaderHelper,Static Dependency
tika-parsers,ComponentRegistryIntegrationTest.java,java.util.HashMap,Static Dependency
tika-parsers,ComponentRegistryIntegrationTest.java,java.io.InputStream,Static Dependency
tika-parsers,ComponentRegistryIntegrationTest.java,org.apache.tika.parser.AutoDetectParser,Static Dependency
tika-parsers,ComponentRegistryIntegrationTest.java,org.apache.tika.parser.Parser,Static Dependency
tika-parsers,ComponentRegistryIntegrationTest.java,org.apache.tika.config.loader.TikaLoader,Static Dependency
tika-parsers,TikaEncodingDetectorTest.java,org.apache.tika.parser.txt.TXTParser,Static Dependency
tika-parsers,TikaEncodingDetectorTest.java,org.apache.tika.metadata.Metadata,Static Dependency
tika-parsers,TikaEncodingDetectorTest.java,java.nio.file.StandardCopyOption,Static Dependency
tika-parsers,TikaEncodingDetectorTest.java,org.apache.tika.Tika,Static Dependency
tika-parsers,TikaEncodingDetectorTest.java,org.apache.tika.TikaLoaderHelper,Static Dependency
tika-parsers,TikaEncodingDetectorTest.java,org.apache.tika.parser.AbstractEncodingDetectorParser,Static Dependency
tika-parsers,TikaEncodingDetectorTest.java,java.nio.file.Files,Static Dependency
tika-parsers,TikaEncodingDetectorTest.java,org.apache.tika.io.TikaInputStream,Static Dependency
tika-parsers,TikaEncodingDetectorTest.java,java.util.ArrayList,Static Dependency
tika-parsers,TikaEncodingDetectorTest.java,org.apache.tika.detect.EncodingDetector,Static Dependency
tika-parsers,TikaEncodingDetectorTest.java,org.apache.tika.config.loader.TikaLoader,Static Dependency
tika-parsers,TikaEncodingDetectorTest.java,java.nio.charset.StandardCharsets,Static Dependency
tika-parsers,TikaEncodingDetectorTest.java,java.nio.file.Path,Static Dependency
tika-parsers,TikaEncodingDetectorTest.java,org.apache.tika.parser.CompositeParser,Static Dependency
tika-parsers,TikaEncodingDetectorTest.java,org.apache.tika.exception.TikaConfigException,Static Dependency
tika-parsers,TikaEncodingDetectorTest.java,org.apache.tika.detect.CompositeEncodingDetector,Static Dependency
tika-parsers,TikaEncodingDetectorTest.java,org.apache.tika.parser.Parser,Static Dependency
tika-parsers,TikaEncodingDetectorTest.java,org.apache.tika.parser.ParserDecorator,Static Dependency
tika-parsers,TikaEncodingDetectorTest.java,org.apache.tika.parser.txt.UniversalEncodingDetector,Static Dependency
tika-parsers,TikaEncodingDetectorTest.java,org.junit.jupiter.api.Test,Static Dependency
tika-parsers,TikaEncodingDetectorTest.java,java.util.List,Static Dependency
tika-parsers,TikaEncodingDetectorTest.java,org.apache.tika.TikaTest,Static Dependency
tika-parsers,TikaEncodingDetectorTest.java,org.apache.tika.parser.txt.Icu4jEncodingDetector,Static Dependency
tika-parsers,TikaEncodingDetectorTest.java,org.apache.tika.exception.TikaException,Static Dependency
tika-parsers,TikaEncodingDetectorTest.java,org.apache.tika.parser.html.HtmlEncodingDetector,Static Dependency
tika-parsers,TikaEncodingDetectorTest.java,org.apache.tika.detect.OverrideEncodingDetector,Static Dependency
tika-parsers,TikaTranslatorConfigTest.java,java.nio.file.Paths,Static Dependency
tika-parsers,TikaTranslatorConfigTest.java,org.junit.jupiter.api.Test,Static Dependency
tika-parsers,TikaTranslatorConfigTest.java,java.nio.file.Path,Static Dependency
tika-parsers,TikaTranslatorConfigTest.java,org.apache.tika.language.translate.DefaultTranslator,Static Dependency
tika-parsers,TikaTranslatorConfigTest.java,org.apache.tika.language.translate.EmptyTranslator,Static Dependency
tika-parsers,TikaTranslatorConfigTest.java,org.apache.tika.config.loader.TikaLoader,Static Dependency
tika-parsers,ServiceLoaderUtilsTest.java,org.junit.jupiter.api.Test,Static Dependency
tika-parsers,ServiceLoaderUtilsTest.java,org.apache.tika.parser.DefaultParser,Static Dependency
tika-parsers,ServiceLoaderUtilsTest.java,org.apache.tika.TikaTest,Static Dependency
tika-parsers,ServiceLoaderUtilsTest.java,org.apache.tika.parser.Parser,Static Dependency
tika-parsers,EmbeddedDocumentUtilTest.java,org.junit.jupiter.api.Test,Static Dependency
tika-parsers,EmbeddedDocumentUtilTest.java,org.apache.tika.TikaTest,Static Dependency
tika-parsers,EmbeddedDocumentUtilTest.java,org.apache.tika.parser.ParseContext,Static Dependency
tika-parsers,EmbeddedDocumentUtilTest.java,org.apache.tika.parser.EmptyParser,Static Dependency
tika-parsers,EmbeddedDocumentUtilTest.java,org.apache.tika.parser.Parser,Static Dependency
tika-parsers,TestXMLEntityExpansion.java,org.junit.jupiter.api.Test,Static Dependency
tika-parsers,TestXMLEntityExpansion.java,org.apache.tika.utils.XMLReaderUtils,Static Dependency
tika-parsers,TestXMLEntityExpansion.java,java.nio.charset.StandardCharsets,Static Dependency
tika-parsers,TestXMLEntityExpansion.java,org.junit.jupiter.api.Disabled,Static Dependency
tika-parsers,TestXMLEntityExpansion.java,org.junit.jupiter.api.Timeout,Static Dependency
tika-parsers,TestXMLEntityExpansion.java,org.xml.sax.SAXParseException,Static Dependency
tika-parsers,TestXMLEntityExpansion.java,org.apache.tika.io.TikaInputStream,Static Dependency
tika-parsers,TestXMLEntityExpansion.java,javax.xml.XMLConstants,Static Dependency
tika-parsers,TestXMLEntityExpansion.java,org.apache.tika.exception.TikaException,Static Dependency
tika-parsers,TestXMLEntityExpansion.java,javax.xml.parsers.SAXParserFactory,Static Dependency
tika-parsers,TestParsers.java,org.junit.jupiter.api.Test,Static Dependency
tika-parsers,TestParsers.java,org.junit.jupiter.api.Disabled,Static Dependency
tika-parsers,TestParsers.java,org.junit.jupiter.api.BeforeAll,Static Dependency
tika-parsers,TestParsers.java,org.apache.tika.metadata.Metadata,Static Dependency
tika-parsers,TestParsers.java,org.apache.tika.Tika,Static Dependency
tika-parsers,TestParsers.java,org.xml.sax.helpers.DefaultHandler,Static Dependency
tika-parsers,TestParsers.java,java.io.File,Static Dependency
tika-parsers,TestParsers.java,org.apache.tika.io.TikaInputStream,Static Dependency
tika-parsers,TestParsers.java,org.apache.tika.metadata.TikaCoreProperties,Static Dependency
tika-parsers,TestParsers.java,org.apache.tika.MultiThreadedTikaTest,Static Dependency
tika-parsers,AutoDetectParserTest.java,java.io.IOException,Static Dependency
tika-parsers,AutoDetectParserTest.java,org.apache.tika.detect.Detector,Static Dependency
tika-parsers,AutoDetectParserTest.java,org.apache.tika.exception.WriteLimitReachedException,Static Dependency
tika-parsers,AutoDetectParserTest.java,java.util.zip.ZipEntry,Static Dependency
tika-parsers,AutoDetectParserTest.java,org.apache.tika.metadata.Metadata,Static Dependency
tika-parsers,AutoDetectParserTest.java,org.apache.tika.TikaLoaderHelper,Static Dependency
tika-parsers,AutoDetectParserTest.java,org.apache.tika.sax.ToXMLContentHandler,Static Dependency
tika-parsers,AutoDetectParserTest.java,org.apache.tika.sax.WriteOutContentHandler,Static Dependency
tika-parsers,AutoDetectParserTest.java,org.xml.sax.ContentHandler,Static Dependency
tika-parsers,AutoDetectParserTest.java,org.apache.tika.extractor.RUnpackExtractorFactory,Static Dependency
tika-parsers,AutoDetectParserTest.java,org.apache.tika.parser.ogg.FlacParser,Static Dependency
tika-parsers,AutoDetectParserTest.java,org.apache.tika.sax.BodyContentHandler,Static Dependency
tika-parsers,AutoDetectParserTest.java,java.io.ByteArrayOutputStream,Static Dependency
tika-parsers,AutoDetectParserTest.java,org.apache.tika.io.TikaInputStream,Static Dependency
tika-parsers,AutoDetectParserTest.java,java.util.zip.ZipOutputStream,Static Dependency
tika-parsers,AutoDetectParserTest.java,org.apache.tika.config.loader.TikaLoader,Static Dependency
tika-parsers,AutoDetectParserTest.java,org.apache.tika.mime.MediaType,Static Dependency
tika-parsers,AutoDetectParserTest.java,org.apache.tika.parser.ogg.VorbisParser,Static Dependency
tika-parsers,AutoDetectParserTest.java,org.apache.tika.parser.external.CompositeExternalParser,Static Dependency
tika-parsers,AutoDetectParserTest.java,java.util.HashSet,Static Dependency
tika-parsers,AutoDetectParserTest.java,org.apache.tika.metadata.TikaCoreProperties,Static Dependency
tika-parsers,AutoDetectParserTest.java,java.util.Set,Static Dependency
tika-parsers,AutoDetectParserTest.java,org.junit.jupiter.api.Test,Static Dependency
tika-parsers,AutoDetectParserTest.java,java.util.List,Static Dependency
tika-parsers,AutoDetectParserTest.java,org.apache.tika.TikaTest,Static Dependency
tika-parsers,AutoDetectParserTest.java,org.apache.tika.parser.ogg.OpusParser,Static Dependency
tika-parsers,AutoDetectParserTest.java,org.apache.tika.exception.ZeroByteFileException,Static Dependency
tika-parsers,AutoDetectParserTest.java,org.apache.tika.exception.TikaException,Static Dependency
tika-parsers,AutoDetectParserTest.java,org.apache.tika.metadata.XMPDM,Static Dependency
tika-parsers,XMLTestBase.java,java.io.IOException,Static Dependency
tika-parsers,XMLTestBase.java,org.apache.commons.io.IOUtils,Static Dependency
tika-parsers,XMLTestBase.java,org.apache.tika.metadata.Metadata,Static Dependency
tika-parsers,XMLTestBase.java,java.util.zip.ZipEntry,Static Dependency
tika-parsers,XMLTestBase.java,org.xml.sax.helpers.DefaultHandler,Static Dependency
tika-parsers,XMLTestBase.java,java.nio.file.Files,Static Dependency
tika-parsers,XMLTestBase.java,org.xml.sax.ContentHandler,Static Dependency
tika-parsers,XMLTestBase.java,java.util.zip.ZipFile,Static Dependency
tika-parsers,XMLTestBase.java,java.io.ByteArrayOutputStream,Static Dependency
tika-parsers,XMLTestBase.java,org.xml.sax.SAXException,Static Dependency
tika-parsers,XMLTestBase.java,java.io.File,Static Dependency
tika-parsers,XMLTestBase.java,org.apache.tika.io.TikaInputStream,Static Dependency
tika-parsers,XMLTestBase.java,java.util.zip.ZipOutputStream,Static Dependency
tika-parsers,XMLTestBase.java,javax.xml.parsers.SAXParser,Static Dependency
tika-parsers,XMLTestBase.java,org.apache.tika.mime.MediaType,Static Dependency
tika-parsers,XMLTestBase.java,java.nio.file.Path,Static Dependency
tika-parsers,XMLTestBase.java,org.apache.tika.sax.TextContentHandler,Static Dependency
tika-parsers,XMLTestBase.java,javax.xml.parsers.SAXParserFactory,Static Dependency
tika-parsers,XMLTestBase.java,java.util.Set,Static Dependency
tika-parsers,XMLTestBase.java,org.apache.tika.TikaTest,Static Dependency
tika-parsers,XMLTestBase.java,java.io.FileOutputStream,Static Dependency
tika-parsers,XMLTestBase.java,java.util.Enumeration,Static Dependency
tika-parsers,XMLTestBase.java,org.apache.tika.sax.TaggedContentHandler,Static Dependency
tika-parsers,XMLTestBase.java,javax.xml.parsers.ParserConfigurationException,Static Dependency
tika-parsers,XMLTestBase.java,java.util.Collections,Static Dependency
tika-parsers,XMLTestBase.java,org.apache.tika.exception.TikaException,Static Dependency
tika-parsers,AutoDetectReaderParserTest.java,org.junit.jupiter.api.Test,Static Dependency
tika-parsers,AutoDetectReaderParserTest.java,java.io.IOException,Static Dependency
tika-parsers,AutoDetectReaderParserTest.java,org.xml.sax.ContentHandler,Static Dependency
tika-parsers,AutoDetectReaderParserTest.java,org.apache.tika.MultiThreadedTikaTest,Static Dependency
tika-parsers,AutoDetectReaderParserTest.java,org.apache.tika.exception.TikaException,Static Dependency
tika-parsers,AutoDetectReaderParserTest.java,java.util.Arrays,Static Dependency
tika-parsers,AutoDetectReaderParserTest.java,org.apache.tika.metadata.Metadata,Static Dependency
tika-parsers,AutoDetectReaderParserTest.java,org.xml.sax.SAXException,Static Dependency
tika-parsers,AutoDetectReaderParserTest.java,org.apache.tika.sax.XHTMLContentHandler,Static Dependency
tika-parsers,AutoDetectReaderParserTest.java,java.util.Collections,Static Dependency
tika-parsers,AutoDetectReaderParserTest.java,java.nio.charset.Charset,Static Dependency
tika-parsers,AutoDetectReaderParserTest.java,org.apache.tika.io.TikaInputStream,Static Dependency
tika-parsers,AutoDetectReaderParserTest.java,java.io.FileFilter,Static Dependency
tika-parsers,AutoDetectReaderParserTest.java,java.util.HashSet,Static Dependency
tika-parsers,AutoDetectReaderParserTest.java,org.apache.tika.detect.AutoDetectReader,Static Dependency
tika-parsers,AutoDetectReaderParserTest.java,org.apache.tika.mime.MediaType,Static Dependency
tika-parsers,AutoDetectReaderParserTest.java,java.util.Set,Static Dependency
tika-parsers,ParsingReaderTest.java,org.junit.jupiter.api.Test,Static Dependency
tika-parsers,ParsingReaderTest.java,java.io.Reader,Static Dependency
tika-parsers,ParsingReaderTest.java,org.apache.tika.TikaTest,Static Dependency
tika-parsers,ParsingReaderTest.java,org.apache.tika.metadata.Metadata,Static Dependency
tika-parsers,ParsingReaderTest.java,java.io.ByteArrayInputStream,Static Dependency
tika-parsers,ParsingReaderTest.java,java.io.InputStream,Static Dependency
tika-parsers,ParsingReaderTest.java,org.apache.tika.metadata.TikaCoreProperties,Static Dependency
tika-parsers,RecursiveParserWrapperTest.java,java.io.IOException,Static Dependency
tika-parsers,RecursiveParserWrapperTest.java,org.apache.tika.sax.BasicContentHandlerFactory,Static Dependency
tika-parsers,RecursiveParserWrapperTest.java,org.apache.commons.io.IOUtils,Static Dependency
tika-parsers,RecursiveParserWrapperTest.java,org.apache.tika.metadata.Metadata,Static Dependency
tika-parsers,RecursiveParserWrapperTest.java,org.apache.tika.TikaLoaderHelper,Static Dependency
tika-parsers,RecursiveParserWrapperTest.java,org.apache.tika.sax.AbstractRecursiveParserWrapperHandler,Static Dependency
tika-parsers,RecursiveParserWrapperTest.java,org.apache.tika.io.TikaInputStream,Static Dependency
tika-parsers,RecursiveParserWrapperTest.java,java.io.InputStream,Static Dependency
tika-parsers,RecursiveParserWrapperTest.java,org.apache.commons.io.input.ProxyInputStream,Static Dependency
tika-parsers,RecursiveParserWrapperTest.java,java.util.HashSet,Static Dependency
tika-parsers,RecursiveParserWrapperTest.java,org.apache.tika.metadata.TikaCoreProperties,Static Dependency
tika-parsers,RecursiveParserWrapperTest.java,java.util.Set,Static Dependency
tika-parsers,RecursiveParserWrapperTest.java,org.junit.jupiter.api.Test,Static Dependency
tika-parsers,RecursiveParserWrapperTest.java,java.util.List,Static Dependency
tika-parsers,RecursiveParserWrapperTest.java,org.apache.tika.TikaTest,Static Dependency
tika-parsers,RecursiveParserWrapperTest.java,org.apache.tika.sax.RecursiveParserWrapperHandler,Static Dependency
tika-parsers,RecursiveParserWrapperTest.java,org.apache.commons.io.input.ClosedInputStream,Static Dependency
tika-parsers,RecursiveParserWrapperTest.java,org.apache.tika.sax.ContentHandlerFactory,Static Dependency
tika-parsers,RecursiveParserWrapperTest.java,org.apache.tika.exception.TikaException,Static Dependency
tika-parsers,AutoDetectParserConfigTest.java,org.junit.jupiter.api.Test,Static Dependency
tika-parsers,AutoDetectParserConfigTest.java,java.util.List,Static Dependency
tika-parsers,AutoDetectParserConfigTest.java,org.apache.tika.TikaTest,Static Dependency
tika-parsers,AutoDetectParserConfigTest.java,java.nio.file.Path,Static Dependency
tika-parsers,AutoDetectParserConfigTest.java,org.apache.tika.metadata.Metadata,Static Dependency
tika-parsers,AutoDetectParserConfigTest.java,org.apache.tika.TikaLoaderHelper,Static Dependency
tika-parsers,AutoDetectParserConfigTest.java,java.nio.file.Files,Static Dependency
tika-parsers,AutoDetectParserConfigTest.java,org.apache.tika.metadata.TikaCoreProperties,Static Dependency
tika-parsers,TabularFormatsTest.java,org.junit.jupiter.api.Test,Static Dependency
tika-parsers,TabularFormatsTest.java,java.util.regex.Pattern,Static Dependency
tika-parsers,TabularFormatsTest.java,java.util.List,Static Dependency
tika-parsers,TabularFormatsTest.java,org.slf4j.Logger,Static Dependency
tika-parsers,TabularFormatsTest.java,org.apache.tika.TikaTest,Static Dependency
tika-parsers,TabularFormatsTest.java,java.util.Arrays,Static Dependency
tika-parsers,TabularFormatsTest.java,java.text.DateFormatSymbols,Static Dependency
tika-parsers,TabularFormatsTest.java,java.util.ArrayList,Static Dependency
tika-parsers,TabularFormatsTest.java,org.slf4j.LoggerFactory,Static Dependency
tika-parsers,TabularFormatsTest.java,java.util.Locale,Static Dependency
tika-parsers,AppleSingleFileParserTest.java,org.junit.jupiter.api.Test,Static Dependency
tika-parsers,AppleSingleFileParserTest.java,org.apache.tika.TikaTest,Static Dependency
tika-parsers,AppleSingleFileParserTest.java,java.util.List,Static Dependency
tika-parsers,AppleSingleFileParserTest.java,java.util.Arrays,Static Dependency
tika-parsers,AppleSingleFileParserTest.java,org.apache.tika.metadata.Metadata,Static Dependency
tika-parsers,AppleSingleFileParserTest.java,org.apache.tika.parser.pdf.PDFParser,Static Dependency
tika-parsers,AppleSingleFileParserTest.java,org.apache.tika.metadata.TikaCoreProperties,Static Dependency
tika-parsers,IWorkTest.java,java.nio.file.Paths,Static Dependency
tika-parsers,IWorkTest.java,org.apache.tika.TikaTest,Static Dependency
tika-parsers,IWorkTest.java,org.junit.jupiter.api.Test,Static Dependency
tika-parsers,IWorkTest.java,java.nio.file.Path,Static Dependency
tika-parsers,PListParserTest.java,org.junit.jupiter.api.Test,Static Dependency
tika-parsers,PListParserTest.java,org.apache.tika.TikaTest,Static Dependency
tika-parsers,PListParserTest.java,java.util.List,Static Dependency
tika-parsers,PListParserTest.java,org.apache.tika.metadata.Metadata,Static Dependency
tika-parsers,PListParserTest.java,org.apache.tika.metadata.TikaCoreProperties,Static Dependency
tika-parsers,TSDParserTest.java,org.junit.jupiter.api.Test,Static Dependency
tika-parsers,TSDParserTest.java,org.apache.tika.TikaTest,Static Dependency
tika-parsers,TSDParserTest.java,java.util.List,Static Dependency
tika-parsers,TSDParserTest.java,org.apache.tika.metadata.Metadata,Static Dependency
tika-parsers,TSDParserTest.java,org.apache.tika.parser.pdf.PDFParserConfig,Static Dependency
tika-parsers,TSDParserTest.java,org.apache.tika.parser.pdf.OcrConfig,Static Dependency
tika-parsers,TSDParserTest.java,org.apache.tika.parser.ParseContext,Static Dependency
tika-parsers,TSDParserTest.java,org.apache.tika.metadata.TikaCoreProperties,Static Dependency
tika-parsers,ODFParserTest.java,org.junit.jupiter.api.Test,Static Dependency
tika-parsers,ODFParserTest.java,org.apache.tika.TikaTest,Static Dependency
tika-parsers,ODFParserTest.java,java.util.List,Static Dependency
tika-parsers,ODFParserTest.java,org.junit.jupiter.api.BeforeAll,Static Dependency
tika-parsers,ODFParserTest.java,org.apache.tika.metadata.PagedText,Static Dependency
tika-parsers,ODFParserTest.java,org.apache.tika.metadata.Metadata,Static Dependency
tika-parsers,ODFParserTest.java,org.apache.tika.TikaLoaderHelper,Static Dependency
tika-parsers,ODFParserTest.java,org.apache.tika.metadata.TikaCoreProperties,Static Dependency
tika-parsers,ODFParserTest.java,org.apache.tika.parser.Parser,Static Dependency
tika-parsers,MboxParserTest.java,org.junit.jupiter.api.Test,Static Dependency
tika-parsers,MboxParserTest.java,org.xml.sax.ContentHandler,Static Dependency
tika-parsers,MboxParserTest.java,org.apache.tika.TikaTest,Static Dependency
tika-parsers,MboxParserTest.java,org.apache.tika.sax.BodyContentHandler,Static Dependency
tika-parsers,MboxParserTest.java,org.junit.jupiter.api.BeforeEach,Static Dependency
tika-parsers,MboxParserTest.java,org.apache.tika.metadata.Metadata,Static Dependency
tika-parsers,MboxParserTest.java,org.apache.tika.detect.TypeDetector,Static Dependency
tika-parsers,MboxParserTest.java,org.apache.tika.io.TikaInputStream,Static Dependency
tika-parsers,MboxParserTest.java,org.apache.tika.parser.ParseContext,Static Dependency
tika-parsers,MboxParserTest.java,org.apache.tika.parser.AutoDetectParser,Static Dependency
tika-parsers,MboxParserTest.java,org.apache.tika.parser.Parser,Static Dependency
tika-parsers,MboxParserTest.java,org.apache.tika.parser.mbox.MboxParser,Static Dependency
tika-parsers,RFC822ParserTest.java,org.junit.jupiter.api.Test,Static Dependency
tika-parsers,RFC822ParserTest.java,org.xml.sax.ContentHandler,Static Dependency
tika-parsers,RFC822ParserTest.java,java.util.List,Static Dependency
tika-parsers,RFC822ParserTest.java,org.apache.tika.TikaTest,Static Dependency
tika-parsers,RFC822ParserTest.java,org.apache.tika.sax.BodyContentHandler,Static Dependency
tika-parsers,RFC822ParserTest.java,org.junit.jupiter.api.BeforeAll,Static Dependency
tika-parsers,RFC822ParserTest.java,org.apache.tika.parser.PasswordProvider,Static Dependency
tika-parsers,RFC822ParserTest.java,org.apache.tika.metadata.Metadata,Static Dependency
tika-parsers,RFC822ParserTest.java,org.apache.tika.io.TikaInputStream,Static Dependency
tika-parsers,RFC822ParserTest.java,org.apache.tika.TikaLoaderHelper,Static Dependency
tika-parsers,RFC822ParserTest.java,org.apache.tika.parser.ParseContext,Static Dependency
tika-parsers,RFC822ParserTest.java,java.io.InputStream,Static Dependency
tika-parsers,RFC822ParserTest.java,org.apache.tika.metadata.TikaCoreProperties,Static Dependency
tika-parsers,RFC822ParserTest.java,org.apache.tika.parser.Parser,Static Dependency
tika-parsers,EMFParserTest.java,org.junit.jupiter.api.Test,Static Dependency
tika-parsers,EMFParserTest.java,org.apache.tika.TikaTest,Static Dependency
tika-parsers,EMFParserTest.java,java.util.List,Static Dependency
tika-parsers,EMFParserTest.java,org.apache.tika.metadata.Metadata,Static Dependency
tika-parsers,EMFParserTest.java,org.apache.tika.metadata.TikaCoreProperties,Static Dependency
tika-parsers,XML2003ParserTest.java,org.junit.jupiter.api.Test,Static Dependency
tika-parsers,XML2003ParserTest.java,org.apache.tika.TikaTest,Static Dependency
tika-parsers,XML2003ParserTest.java,java.util.List,Static Dependency
tika-parsers,XML2003ParserTest.java,java.util.Arrays,Static Dependency
tika-parsers,XML2003ParserTest.java,org.apache.tika.metadata.Metadata,Static Dependency
tika-parsers,XML2003ParserTest.java,org.apache.tika.metadata.Office,Static Dependency
tika-parsers,XML2003ParserTest.java,org.apache.tika.metadata.TikaCoreProperties,Static Dependency
tika-parsers,PowerPointParserTest.java,org.junit.jupiter.api.Test,Static Dependency
tika-parsers,PowerPointParserTest.java,org.apache.tika.TikaTest,Static Dependency
tika-parsers,PowerPointParserTest.java,java.util.List,Static Dependency
tika-parsers,PowerPointParserTest.java,org.apache.tika.metadata.Metadata,Static Dependency
tika-parsers,PowerPointParserTest.java,org.apache.tika.metadata.TikaCoreProperties,Static Dependency
tika-parsers,POIContainerExtractionTest.java,org.junit.jupiter.api.Test,Static Dependency
tika-parsers,POIContainerExtractionTest.java,org.apache.tika.extractor.ParserContainerExtractor,Static Dependency
tika-parsers,POIContainerExtractionTest.java,org.apache.tika.TikaTest,Static Dependency
tika-parsers,POIContainerExtractionTest.java,org.apache.tika.extractor.ContainerExtractor,Static Dependency
tika-parsers,ExcelParserTest.java,org.junit.jupiter.api.Test,Static Dependency
tika-parsers,ExcelParserTest.java,org.apache.tika.TikaTest,Static Dependency
tika-parsers,ExcelParserTest.java,java.util.List,Static Dependency
tika-parsers,ExcelParserTest.java,org.apache.tika.metadata.Metadata,Static Dependency
tika-parsers,ExcelParserTest.java,org.apache.tika.metadata.TikaCoreProperties,Static Dependency
tika-parsers,RTFParserTest.java,org.apache.commons.io.FilenameUtils,Static Dependency
tika-parsers,RTFParserTest.java,org.junit.jupiter.api.Test,Static Dependency
tika-parsers,RTFParserTest.java,org.apache.tika.sax.BasicContentHandlerFactory,Static Dependency
tika-parsers,RTFParserTest.java,java.util.List,Static Dependency
tika-parsers,RTFParserTest.java,java.util.Map,Static Dependency
tika-parsers,RTFParserTest.java,org.apache.tika.TikaTest,Static Dependency
tika-parsers,RTFParserTest.java,org.apache.tika.sax.RecursiveParserWrapperHandler,Static Dependency
tika-parsers,RTFParserTest.java,java.util.Arrays,Static Dependency
tika-parsers,RTFParserTest.java,org.apache.tika.metadata.RTFMetadata,Static Dependency
tika-parsers,RTFParserTest.java,org.apache.tika.metadata.Metadata,Static Dependency
tika-parsers,RTFParserTest.java,org.apache.tika.io.TikaInputStream,Static Dependency
tika-parsers,RTFParserTest.java,org.apache.tika.parser.ParseContext,Static Dependency
tika-parsers,RTFParserTest.java,org.apache.tika.parser.RecursiveParserWrapper,Static Dependency
tika-parsers,RTFParserTest.java,java.util.HashMap,Static Dependency
tika-parsers,RTFParserTest.java,org.apache.tika.metadata.TikaCoreProperties,Static Dependency
tika-parsers,SXWPFExtractorTest.java,org.junit.jupiter.api.Test,Static Dependency
tika-parsers,SXWPFExtractorTest.java,org.apache.tika.TikaTest,Static Dependency
tika-parsers,SXWPFExtractorTest.java,java.util.List,Static Dependency
tika-parsers,SXWPFExtractorTest.java,org.junit.jupiter.api.Disabled,Static Dependency
tika-parsers,SXWPFExtractorTest.java,org.apache.tika.parser.microsoft.OfficeParserConfig,Static Dependency
tika-parsers,SXWPFExtractorTest.java,org.junit.jupiter.api.BeforeEach,Static Dependency
tika-parsers,SXWPFExtractorTest.java,org.apache.tika.metadata.Metadata,Static Dependency
tika-parsers,SXWPFExtractorTest.java,org.apache.tika.parser.microsoft.EMFParser,Static Dependency
tika-parsers,SXWPFExtractorTest.java,org.apache.tika.parser.ParseContext,Static Dependency
tika-parsers,SXWPFExtractorTest.java,org.apache.tika.metadata.Office,Static Dependency
tika-parsers,SXWPFExtractorTest.java,org.apache.tika.metadata.TikaCoreProperties,Static Dependency
tika-parsers,OOXMLParserTest.java,org.junit.jupiter.api.Test,Static Dependency
tika-parsers,OOXMLParserTest.java,org.apache.tika.TikaTest,Static Dependency
tika-parsers,OOXMLParserTest.java,java.util.List,Static Dependency
tika-parsers,OOXMLParserTest.java,org.junit.jupiter.api.Disabled,Static Dependency
tika-parsers,OOXMLParserTest.java,org.apache.tika.parser.microsoft.OfficeParserConfig,Static Dependency
tika-parsers,OOXMLParserTest.java,org.apache.tika.metadata.Metadata,Static Dependency
tika-parsers,OOXMLParserTest.java,org.apache.tika.parser.microsoft.EMFParser,Static Dependency
tika-parsers,OOXMLParserTest.java,org.apache.tika.parser.ParseContext,Static Dependency
tika-parsers,OOXMLParserTest.java,org.apache.tika.metadata.Office,Static Dependency
tika-parsers,OOXMLParserTest.java,org.apache.tika.metadata.TikaCoreProperties,Static Dependency
tika-parsers,OOXMLParserTest.java,org.apache.tika.parser.Parser,Static Dependency
tika-parsers,OOXMLParserTest.java,org.apache.tika.config.loader.TikaLoader,Static Dependency
tika-parsers,TruncatedOOXMLTest.java,org.junit.jupiter.api.Test,Static Dependency
tika-parsers,TruncatedOOXMLTest.java,org.apache.tika.detect.Detector,Static Dependency
tika-parsers,TruncatedOOXMLTest.java,org.apache.tika.TikaTest,Static Dependency
tika-parsers,TruncatedOOXMLTest.java,java.util.List,Static Dependency
tika-parsers,TruncatedOOXMLTest.java,java.io.BufferedInputStream,Static Dependency
tika-parsers,TruncatedOOXMLTest.java,org.apache.tika.metadata.Metadata,Static Dependency
tika-parsers,TruncatedOOXMLTest.java,org.apache.tika.io.TikaInputStream,Static Dependency
tika-parsers,TruncatedOOXMLTest.java,org.apache.tika.parser.ParseContext,Static Dependency
tika-parsers,TruncatedOOXMLTest.java,org.apache.tika.detect.DefaultDetector,Static Dependency
tika-parsers,TruncatedOOXMLTest.java,java.io.InputStream,Static Dependency
tika-parsers,TruncatedOOXMLTest.java,org.apache.tika.metadata.TikaCoreProperties,Static Dependency
tika-parsers,TruncatedOOXMLTest.java,org.apache.tika.mime.MediaType,Static Dependency
tika-parsers,MockParserTest.java,org.junit.jupiter.api.Test,Static Dependency
tika-parsers,MockParserTest.java,java.io.IOException,Static Dependency
tika-parsers,MockParserTest.java,org.apache.tika.TikaTest,Static Dependency
tika-parsers,MockParserTest.java,org.junit.jupiter.api.Disabled,Static Dependency
tika-parsers,MockParserTest.java,org.apache.commons.io.IOUtils,Static Dependency
tika-parsers,MockParserTest.java,org.apache.tika.metadata.Metadata,Static Dependency
tika-parsers,MockParserTest.java,java.io.ByteArrayOutputStream,Static Dependency
tika-parsers,MockParserTest.java,java.io.PrintStream,Static Dependency
tika-parsers,MockParserTest.java,org.apache.tika.io.TikaInputStream,Static Dependency
tika-parsers,MockParserTest.java,org.apache.tika.exception.TikaException,Static Dependency
tika-parsers,MockParserTest.java,java.io.InputStream,Static Dependency
tika-parsers,MockParserTest.java,org.apache.tika.metadata.TikaCoreProperties,Static Dependency
tika-parsers,SkipContainerDocumentDigestTest.java,org.junit.jupiter.api.Test,Static Dependency
tika-parsers,SkipContainerDocumentDigestTest.java,org.apache.tika.parser.AutoDetectParserConfig,Static Dependency
tika-parsers,SkipContainerDocumentDigestTest.java,org.apache.tika.TikaTest,Static Dependency
tika-parsers,SkipContainerDocumentDigestTest.java,java.util.List,Static Dependency
tika-parsers,SkipContainerDocumentDigestTest.java,org.apache.tika.parser.digestutils.CommonsDigesterFactory,Static Dependency
tika-parsers,SkipContainerDocumentDigestTest.java,org.apache.tika.metadata.Metadata,Static Dependency
tika-parsers,SkipContainerDocumentDigestTest.java,org.apache.tika.parser.AutoDetectParser,Static Dependency
tika-parsers,SkipContainerDocumentDigestTest.java,org.apache.tika.digest.DigestDef,Static Dependency
tika-parsers,SkipContainerDocumentDigestTest.java,org.apache.tika.parser.ParseContext,Static Dependency
tika-parsers,SkipContainerDocumentDigestTest.java,org.apache.tika.parser.digestutils.CommonsDigester,Static Dependency
tika-parsers,SkipContainerDocumentDigestTest.java,org.apache.tika.digest.SkipContainerDocumentDigest,Static Dependency
tika-parsers,SkipContainerDocumentDigestTest.java,org.apache.tika.metadata.TikaCoreProperties,Static Dependency
tika-parsers,DigestConfigTest.java,org.junit.jupiter.api.Test,Static Dependency
tika-parsers,DigestConfigTest.java,org.apache.tika.TikaTest,Static Dependency
tika-parsers,DigestConfigTest.java,java.util.List,Static Dependency
tika-parsers,DigestConfigTest.java,org.apache.tika.metadata.Metadata,Static Dependency
tika-parsers,DigestConfigTest.java,org.apache.tika.TikaLoaderHelper,Static Dependency
tika-parsers,DigestConfigTest.java,org.apache.tika.metadata.TikaCoreProperties,Static Dependency
tika-parsers,DigestConfigTest.java,org.apache.tika.parser.Parser,Static Dependency
tika-parsers,TesseractOCRParserTest.java,java.io.IOException,Static Dependency
tika-parsers,TesseractOCRParserTest.java,org.apache.tika.sax.BasicContentHandlerFactory,Static Dependency
tika-parsers,TesseractOCRParserTest.java,org.junit.jupiter.api.Disabled,Static Dependency
tika-parsers,TesseractOCRParserTest.java,org.apache.tika.metadata.Metadata,Static Dependency
tika-parsers,TesseractOCRParserTest.java,org.apache.tika.parser.image.ImageMetadataExtractor,Static Dependency
tika-parsers,TesseractOCRParserTest.java,org.apache.tika.parser.DefaultParser,Static Dependency
tika-parsers,TesseractOCRParserTest.java,java.util.Map,Static Dependency
tika-parsers,TesseractOCRParserTest.java,org.apache.tika.config.ParseContextConfig,Static Dependency
tika-parsers,TesseractOCRParserTest.java,org.apache.tika.parser.ParseContext,Static Dependency
tika-parsers,TesseractOCRParserTest.java,org.apache.tika.mime.MediaType,Static Dependency
tika-parsers,TesseractOCRParserTest.java,org.apache.tika.config.loader.TikaLoader,Static Dependency
tika-parsers,TesseractOCRParserTest.java,java.nio.file.Paths,Static Dependency
tika-parsers,TesseractOCRParserTest.java,org.apache.tika.metadata.PDF,Static Dependency
tika-parsers,TesseractOCRParserTest.java,org.apache.tika.parser.image.ImageParser,Static Dependency
tika-parsers,TesseractOCRParserTest.java,org.apache.tika.exception.TikaConfigException,Static Dependency
tika-parsers,TesseractOCRParserTest.java,org.apache.tika.metadata.TikaCoreProperties,Static Dependency
tika-parsers,TesseractOCRParserTest.java,org.apache.tika.parser.Parser,Static Dependency
tika-parsers,TesseractOCRParserTest.java,com.fasterxml.jackson.databind.ObjectMapper,Static Dependency
tika-parsers,TesseractOCRParserTest.java,org.junit.jupiter.api.Test,Static Dependency
tika-parsers,TesseractOCRParserTest.java,java.util.List,Static Dependency
tika-parsers,TesseractOCRParserTest.java,org.apache.tika.TikaTest,Static Dependency
tika-parsers,TesseractOCRParserTest.java,java.util.Arrays,Static Dependency
tika-parsers,TesseractOCRParserTest.java,org.apache.tika.parser.pdf.PDFParserConfig,Static Dependency
tika-parsers,TesseractOCRParserTest.java,java.util.HashMap,Static Dependency
tika-parsers,TesseractOCRParserTest.java,org.apache.tika.config.loader.TikaObjectMapperFactory,Static Dependency
tika-parsers,PDFParserTest.java,java.io.IOException,Static Dependency
tika-parsers,PDFParserTest.java,org.apache.tika.sax.BasicContentHandlerFactory,Static Dependency
tika-parsers,PDFParserTest.java,org.apache.tika.utils.StringUtils,Static Dependency
tika-parsers,PDFParserTest.java,org.junit.jupiter.api.Disabled,Static Dependency
tika-parsers,PDFParserTest.java,org.apache.tika.metadata.Metadata,Static Dependency
tika-parsers,PDFParserTest.java,java.util.logging.Level,Static Dependency
tika-parsers,PDFParserTest.java,org.apache.tika.metadata.TikaPagedText,Static Dependency
tika-parsers,PDFParserTest.java,org.apache.tika.parser.image.ImageMetadataExtractor,Static Dependency
tika-parsers,PDFParserTest.java,org.apache.tika.TikaLoaderHelper,Static Dependency
tika-parsers,PDFParserTest.java,java.util.logging.Logger,Static Dependency
tika-parsers,PDFParserTest.java,java.nio.file.Files,Static Dependency
tika-parsers,PDFParserTest.java,org.apache.tika.parser.external.ExternalParser,Static Dependency
tika-parsers,PDFParserTest.java,java.util.regex.Pattern,Static Dependency
tika-parsers,PDFParserTest.java,java.util.Locale,Static Dependency
tika-parsers,PDFParserTest.java,org.xml.sax.ContentHandler,Static Dependency
tika-parsers,PDFParserTest.java,org.apache.tika.extractor.EmbeddedDocumentExtractor,Static Dependency
tika-parsers,PDFParserTest.java,org.junit.jupiter.api.AfterAll,Static Dependency
tika-parsers,PDFParserTest.java,java.util.Map,Static Dependency
tika-parsers,PDFParserTest.java,org.junit.jupiter.api.BeforeAll,Static Dependency
tika-parsers,PDFParserTest.java,org.xml.sax.SAXException,Static Dependency
tika-parsers,PDFParserTest.java,org.apache.tika.serialization.serdes.ParseContextDeserializer,Static Dependency
tika-parsers,PDFParserTest.java,org.apache.tika.io.TikaInputStream,Static Dependency
tika-parsers,PDFParserTest.java,org.apache.tika.parser.ParseContext,Static Dependency
tika-parsers,PDFParserTest.java,java.util.regex.Matcher,Static Dependency
tika-parsers,PDFParserTest.java,org.apache.tika.extractor.ContainerExtractor,Static Dependency
tika-parsers,PDFParserTest.java,org.apache.tika.mime.MediaType,Static Dependency
tika-parsers,PDFParserTest.java,org.apache.tika.parser.xml.XMLProfiler,Static Dependency
tika-parsers,PDFParserTest.java,org.apache.tika.extractor.ParsingEmbeddedDocumentExtractor,Static Dependency
tika-parsers,PDFParserTest.java,org.apache.tika.metadata.PDF,Static Dependency
tika-parsers,PDFParserTest.java,org.apache.tika.extractor.ParserContainerExtractor,Static Dependency
tika-parsers,PDFParserTest.java,org.apache.tika.exception.TikaConfigException,Static Dependency
tika-parsers,PDFParserTest.java,java.util.HashSet,Static Dependency
tika-parsers,PDFParserTest.java,org.apache.tika.parser.RecursiveParserWrapper,Static Dependency
tika-parsers,PDFParserTest.java,org.apache.tika.metadata.TikaCoreProperties,Static Dependency
tika-parsers,PDFParserTest.java,org.apache.tika.parser.Parser,Static Dependency
tika-parsers,PDFParserTest.java,java.util.Set,Static Dependency
tika-parsers,PDFParserTest.java,org.apache.tika.parser.ocr.TesseractOCRParser,Static Dependency
tika-parsers,PDFParserTest.java,org.junit.jupiter.api.Test,Static Dependency
tika-parsers,PDFParserTest.java,java.util.List,Static Dependency
tika-parsers,PDFParserTest.java,org.apache.tika.TikaTest,Static Dependency
tika-parsers,PDFParserTest.java,org.apache.tika.sax.RecursiveParserWrapperHandler,Static Dependency
tika-parsers,PDFParserTest.java,org.apache.tika.parser.ocr.TesseractOCRConfig,Static Dependency
tika-parsers,PDFParserTest.java,java.util.HashMap,Static Dependency
tika-parsers,PDFParserTest.java,org.apache.tika.serialization.serdes.ParseContextSerializer,Static Dependency
tika-parsers,PDFParserTest.java,org.apache.tika.config.loader.TikaObjectMapperFactory,Static Dependency
tika-parsers,HtmlParserTest.java,java.nio.file.Paths,Static Dependency
tika-parsers,HtmlParserTest.java,org.junit.jupiter.api.Test,Static Dependency
tika-parsers,HtmlParserTest.java,java.util.List,Static Dependency
tika-parsers,HtmlParserTest.java,org.apache.tika.TikaTest,Static Dependency
tika-parsers,HtmlParserTest.java,java.nio.file.Path,Static Dependency
tika-parsers,HtmlParserTest.java,java.util.Arrays,Static Dependency
tika-parsers,HtmlParserTest.java,org.apache.tika.metadata.Metadata,Static Dependency
tika-parsers,HtmlParserTest.java,java.net.URISyntaxException,Static Dependency
tika-parsers,HtmlParserTest.java,org.apache.tika.metadata.TikaCoreProperties,Static Dependency
tika-parsers,HtmlParserTest.java,org.apache.tika.parser.Parser,Static Dependency
tika-parsers,HtmlParserTest.java,org.apache.tika.config.loader.TikaLoader,Static Dependency
tika-parsers,JpegParserTest.java,org.junit.jupiter.api.Test,Static Dependency
tika-parsers,JpegParserTest.java,org.apache.tika.metadata.filter.MetadataFilter,Static Dependency
tika-parsers,JpegParserTest.java,org.apache.tika.sax.BasicContentHandlerFactory,Static Dependency
tika-parsers,JpegParserTest.java,org.apache.tika.TikaTest,Static Dependency
tika-parsers,JpegParserTest.java,java.util.List,Static Dependency
tika-parsers,JpegParserTest.java,org.apache.tika.sax.RecursiveParserWrapperHandler,Static Dependency
tika-parsers,JpegParserTest.java,org.apache.tika.metadata.Metadata,Static Dependency
tika-parsers,JpegParserTest.java,org.apache.tika.io.TikaInputStream,Static Dependency
tika-parsers,JpegParserTest.java,org.apache.tika.TikaLoaderHelper,Static Dependency
tika-parsers,JpegParserTest.java,org.apache.tika.parser.ParseContext,Static Dependency
tika-parsers,JpegParserTest.java,org.apache.tika.parser.RecursiveParserWrapper,Static Dependency
tika-parsers,JpegParserTest.java,java.io.InputStream,Static Dependency
tika-parsers,JpegParserTest.java,org.apache.tika.parser.Parser,Static Dependency
tika-parsers,JpegParserTest.java,org.apache.tika.config.loader.TikaLoader,Static Dependency
tika-parsers,FictionBookParserTest.java,org.junit.jupiter.api.Test,Static Dependency
tika-parsers,FictionBookParserTest.java,org.apache.tika.TikaTest,Static Dependency
tika-parsers,FictionBookParserTest.java,org.apache.tika.extractor.ParserContainerExtractor,Static Dependency
tika-parsers,FictionBookParserTest.java,org.apache.tika.io.TikaInputStream,Static Dependency
tika-parsers,FictionBookParserTest.java,org.apache.tika.parser.ParseContext,Static Dependency
tika-parsers,FictionBookParserTest.java,org.apache.tika.extractor.ContainerExtractor,Static Dependency
tika-parsers,FictionBookParserTest.java,java.io.InputStream,Static Dependency
tika-parsers,CompressParserTest.java,org.junit.jupiter.api.Test,Static Dependency
tika-parsers,CompressParserTest.java,org.xml.sax.ContentHandler,Static Dependency
tika-parsers,CompressParserTest.java,org.apache.tika.sax.BodyContentHandler,Static Dependency
tika-parsers,CompressParserTest.java,org.apache.tika.metadata.Metadata,Static Dependency
tika-parsers,CompressParserTest.java,org.apache.tika.exception.TikaMemoryLimitException,Static Dependency
tika-parsers,CompressParserTest.java,org.apache.tika.io.TikaInputStream,Static Dependency
tika-parsers,CompressorParserTest.java,org.junit.jupiter.api.Test,Static Dependency
tika-parsers,CompressorParserTest.java,org.apache.tika.TikaTest,Static Dependency
tika-parsers,CompressorParserTest.java,java.util.List,Static Dependency
tika-parsers,CompressorParserTest.java,org.apache.tika.metadata.Metadata,Static Dependency
tika-parsers,CompressorParserTest.java,org.apache.tika.metadata.TikaCoreProperties,Static Dependency
tika-parsers,CompositeZipContainerDetectorTest.java,org.apache.tika.detect.Detector,Static Dependency
tika-parsers,CompositeZipContainerDetectorTest.java,org.junit.jupiter.api.Disabled,Static Dependency
tika-parsers,CompositeZipContainerDetectorTest.java,org.apache.tika.metadata.Metadata,Static Dependency
tika-parsers,CompositeZipContainerDetectorTest.java,org.apache.tika.detect.zip.DefaultZipContainerDetector,Static Dependency
tika-parsers,CompositeZipContainerDetectorTest.java,java.io.File,Static Dependency
tika-parsers,CompositeZipContainerDetectorTest.java,org.apache.tika.io.TikaInputStream,Static Dependency
tika-parsers,CompositeZipContainerDetectorTest.java,java.util.ArrayList,Static Dependency
tika-parsers,CompositeZipContainerDetectorTest.java,org.apache.tika.detect.zip.DeprecatedStreamingZipContainerDetector,Static Dependency
tika-parsers,CompositeZipContainerDetectorTest.java,org.apache.tika.parser.ParseContext,Static Dependency
tika-parsers,CompositeZipContainerDetectorTest.java,java.io.FileInputStream,Static Dependency
tika-parsers,CompositeZipContainerDetectorTest.java,org.apache.tika.mime.MediaType,Static Dependency
tika-parsers,CompositeZipContainerDetectorTest.java,org.apache.tika.config.loader.TikaLoader,Static Dependency
tika-parsers,CompositeZipContainerDetectorTest.java,java.nio.file.Paths,Static Dependency
tika-parsers,CompositeZipContainerDetectorTest.java,java.io.BufferedInputStream,Static Dependency
tika-parsers,CompositeZipContainerDetectorTest.java,java.util.HashSet,Static Dependency
tika-parsers,CompositeZipContainerDetectorTest.java,org.apache.tika.mime.MediaTypeRegistry,Static Dependency
tika-parsers,CompositeZipContainerDetectorTest.java,java.util.Set,Static Dependency
tika-parsers,CompositeZipContainerDetectorTest.java,org.junit.jupiter.api.Test,Static Dependency
tika-parsers,CompositeZipContainerDetectorTest.java,java.util.List,Static Dependency
tika-parsers,CompositeZipContainerDetectorTest.java,org.apache.tika.TikaTest,Static Dependency
tika-parsers,TarParserTest.java,org.junit.jupiter.api.Test,Static Dependency
tika-parsers,TarParserTest.java,org.xml.sax.ContentHandler,Static Dependency
tika-parsers,TarParserTest.java,org.apache.tika.sax.BodyContentHandler,Static Dependency
tika-parsers,TarParserTest.java,org.apache.tika.metadata.Metadata,Static Dependency
tika-parsers,TarParserTest.java,org.apache.tika.io.TikaInputStream,Static Dependency
tika-parsers,ZipParserTest.java,org.junit.jupiter.api.Test,Static Dependency
tika-parsers,ZipParserTest.java,org.xml.sax.ContentHandler,Static Dependency
tika-parsers,ZipParserTest.java,org.apache.tika.extractor.EmbeddedDocumentExtractor,Static Dependency
tika-parsers,ZipParserTest.java,java.util.List,Static Dependency
tika-parsers,ZipParserTest.java,org.apache.tika.sax.BodyContentHandler,Static Dependency
tika-parsers,ZipParserTest.java,org.apache.tika.metadata.Metadata,Static Dependency
tika-parsers,ZipParserTest.java,org.apache.tika.io.TikaInputStream,Static Dependency
tika-parsers,ZipParserTest.java,org.apache.tika.parser.ParseContext,Static Dependency
tika-parsers,ZipParserTest.java,java.util.HashSet,Static Dependency
tika-parsers,ZipParserTest.java,org.apache.tika.metadata.TikaCoreProperties,Static Dependency
tika-parsers,ZipParserTest.java,java.util.Set,Static Dependency
tika-parsers,Seven7ParserTest.java,org.junit.jupiter.api.Test,Static Dependency
tika-parsers,Seven7ParserTest.java,org.xml.sax.ContentHandler,Static Dependency
tika-parsers,Seven7ParserTest.java,java.util.List,Static Dependency
tika-parsers,Seven7ParserTest.java,org.apache.tika.sax.BodyContentHandler,Static Dependency
tika-parsers,Seven7ParserTest.java,java.security.NoSuchAlgorithmException,Static Dependency
tika-parsers,Seven7ParserTest.java,org.apache.tika.parser.ParseRecord,Static Dependency
tika-parsers,Seven7ParserTest.java,org.apache.tika.metadata.Metadata,Static Dependency
tika-parsers,Seven7ParserTest.java,org.apache.tika.parser.PasswordProvider,Static Dependency
tika-parsers,Seven7ParserTest.java,javax.crypto.Cipher,Static Dependency
tika-parsers,Seven7ParserTest.java,org.apache.tika.io.TikaInputStream,Static Dependency
tika-parsers,Seven7ParserTest.java,org.apache.tika.exception.TikaException,Static Dependency
tika-parsers,Seven7ParserTest.java,org.apache.tika.exception.EncryptedDocumentException,Static Dependency
tika-parsers,Seven7ParserTest.java,org.apache.tika.mime.MediaType,Static Dependency
tika-parsers,ArParserTest.java,org.junit.jupiter.api.Test,Static Dependency
tika-parsers,ArParserTest.java,org.xml.sax.ContentHandler,Static Dependency
tika-parsers,ArParserTest.java,org.apache.tika.sax.BodyContentHandler,Static Dependency
tika-parsers,ArParserTest.java,org.apache.tika.metadata.Metadata,Static Dependency
tika-parsers,ArParserTest.java,org.apache.tika.io.TikaInputStream,Static Dependency
tika-parsers,UnrarParserTest.java,org.junit.jupiter.api.Test,Static Dependency
tika-parsers,UnrarParserTest.java,java.util.List,Static Dependency
tika-parsers,UnrarParserTest.java,org.apache.tika.parser.external.ExternalParser,Static Dependency
tika-parsers,UnrarParserTest.java,org.apache.tika.metadata.Metadata,Static Dependency
tika-parsers,UnrarParserTest.java,org.apache.tika.TikaLoaderHelper,Static Dependency
tika-parsers,UnrarParserTest.java,org.apache.tika.metadata.TikaCoreProperties,Static Dependency
tika-parsers,UnrarParserTest.java,org.apache.tika.parser.Parser,Static Dependency
tika-parsers,ZlibParserTest.java,org.junit.jupiter.api.Test,Static Dependency
tika-parsers,ZlibParserTest.java,org.xml.sax.ContentHandler,Static Dependency
tika-parsers,ZlibParserTest.java,org.apache.tika.sax.BodyContentHandler,Static Dependency
tika-parsers,ZlibParserTest.java,org.apache.tika.metadata.Metadata,Static Dependency
tika-parsers,ZlibParserTest.java,org.apache.tika.io.TikaInputStream,Static Dependency
tika-parsers,PackageParserTest.java,org.junit.jupiter.api.Test,Static Dependency
tika-parsers,PackageParserTest.java,org.apache.tika.TikaTest,Static Dependency
tika-parsers,PackageParserTest.java,java.util.List,Static Dependency
tika-parsers,PackageParserTest.java,org.apache.tika.metadata.Metadata,Static Dependency
tika-parsers,PackageParserTest.java,org.apache.tika.metadata.TikaCoreProperties,Static Dependency
tika-parsers,Bzip2ParserTest.java,org.junit.jupiter.api.Test,Static Dependency
tika-parsers,Bzip2ParserTest.java,org.xml.sax.ContentHandler,Static Dependency
tika-parsers,Bzip2ParserTest.java,org.apache.tika.sax.BodyContentHandler,Static Dependency
tika-parsers,Bzip2ParserTest.java,org.apache.tika.metadata.Metadata,Static Dependency
tika-parsers,Bzip2ParserTest.java,org.apache.tika.io.TikaInputStream,Static Dependency
tika-parsers,RarParserTest.java,org.junit.jupiter.api.Test,Static Dependency
tika-parsers,RarParserTest.java,org.xml.sax.ContentHandler,Static Dependency
tika-parsers,RarParserTest.java,org.apache.tika.sax.BodyContentHandler,Static Dependency
tika-parsers,RarParserTest.java,org.apache.tika.metadata.Metadata,Static Dependency
tika-parsers,RarParserTest.java,org.apache.tika.io.TikaInputStream,Static Dependency
tika-parsers,GzipParserTest.java,org.junit.jupiter.api.Test,Static Dependency
tika-parsers,GzipParserTest.java,org.xml.sax.ContentHandler,Static Dependency
tika-parsers,GzipParserTest.java,org.apache.tika.sax.BodyContentHandler,Static Dependency
tika-parsers,GzipParserTest.java,org.apache.tika.metadata.Metadata,Static Dependency
tika-parsers,GzipParserTest.java,org.apache.tika.io.TikaInputStream,Static Dependency
tika-parsers,GzipParserTest.java,org.apache.tika.TikaLoaderHelper,Static Dependency
tika-parsers,GzipParserTest.java,org.apache.tika.parser.ParseContext,Static Dependency
tika-parsers,GzipParserTest.java,org.apache.tika.metadata.TikaCoreProperties,Static Dependency
tika-parsers,GzipParserTest.java,org.apache.tika.parser.Parser,Static Dependency
tika-parsers,MimeTypeTest.java,org.junit.jupiter.api.Test,Static Dependency
tika-parsers,MimeTypeTest.java,org.junit.jupiter.api.BeforeEach,Static Dependency
tika-parsers,MimeTypesTest.java,org.junit.jupiter.api.Test,Static Dependency
tika-parsers,MimeTypesTest.java,org.junit.jupiter.api.BeforeEach,Static Dependency
tika-parsers,TestMimeTypes.java,java.net.URI,Static Dependency
tika-parsers,TestMimeTypes.java,java.io.IOException,Static Dependency
tika-parsers,TestMimeTypes.java,org.junit.jupiter.api.Test,Static Dependency
tika-parsers,TestMimeTypes.java,java.net.URL,Static Dependency
tika-parsers,TestMimeTypes.java,org.junit.jupiter.api.BeforeEach,Static Dependency
tika-parsers,TestMimeTypes.java,org.apache.tika.metadata.Metadata,Static Dependency
tika-parsers,TestMimeTypes.java,org.apache.tika.Tika,Static Dependency
tika-parsers,TestMimeTypes.java,java.io.File,Static Dependency
tika-parsers,TestMimeTypes.java,org.apache.tika.io.TikaInputStream,Static Dependency
tika-parsers,TestMimeTypes.java,org.apache.tika.parser.ParseContext,Static Dependency
tika-parsers,TestMimeTypes.java,org.apache.tika.metadata.TikaCoreProperties,Static Dependency
tika-parsers,TestMimeTypes.java,org.apache.tika.config.loader.TikaLoader,Static Dependency
tika-parsers,OneOffMimeTest.java,java.nio.file.Paths,Static Dependency
tika-parsers,OneOffMimeTest.java,org.junit.jupiter.api.Test,Static Dependency
tika-parsers,OneOffMimeTest.java,java.util.List,Static Dependency
tika-parsers,OneOffMimeTest.java,org.apache.tika.TikaTest,Static Dependency
tika-parsers,OneOffMimeTest.java,java.nio.file.Path,Static Dependency
tika-parsers,OneOffMimeTest.java,org.junit.jupiter.api.Disabled,Static Dependency
tika-parsers,OneOffMimeTest.java,org.apache.tika.metadata.Metadata,Static Dependency
tika-parsers,OneOffMimeTest.java,org.apache.tika.Tika,Static Dependency
tika-parsers,OneOffMimeTest.java,java.io.File,Static Dependency
tika-parsers,OneOffMimeTest.java,org.apache.tika.io.TikaInputStream,Static Dependency
tika-parsers,OneOffMimeTest.java,org.apache.tika.parser.ParseContext,Static Dependency
tika-parsers,OneOffMimeTest.java,java.nio.file.Files,Static Dependency
tika-parsers,OneOffMimeTest.java,java.io.InputStream,Static Dependency
tika-parsers,OneOffMimeTest.java,org.apache.tika.metadata.TikaCoreProperties,Static Dependency
tika-parsers,ParserFuzzer.java,org.xml.sax.ContentHandler,Static Dependency
tika-parsers,ParserFuzzer.java,org.apache.tika.sax.BasicContentHandlerFactory,Static Dependency
tika-parsers,ParserFuzzer.java,org.apache.tika.sax.RecursiveParserWrapperHandler,Static Dependency
tika-parsers,ParserFuzzer.java,org.apache.tika.metadata.Metadata,Static Dependency
tika-parsers,ParserFuzzer.java,org.apache.tika.sax.ToTextContentHandler,Static Dependency
tika-parsers,ParserFuzzer.java,org.apache.tika.parser.ParseContext,Static Dependency
tika-parsers,ParserFuzzer.java,org.apache.tika.io.TikaInputStream,Static Dependency
tika-parsers,ParserFuzzer.java,org.apache.tika.parser.RecursiveParserWrapper,Static Dependency
tika-parsers,ParserFuzzer.java,org.apache.tika.parser.Parser,Static Dependency
tika-parsers,OssFuzzReplicator.java,org.junit.jupiter.api.Test,Static Dependency
tika-parsers,OssFuzzReplicator.java,org.apache.tika.parser.mail.RFC822Parser,Static Dependency
tika-parsers,OssFuzzReplicator.java,org.junit.jupiter.api.Disabled,Static Dependency
tika-parsers,JournalParserTest.java,org.junit.jupiter.api.Test,Static Dependency
tika-parsers,JournalParserTest.java,org.xml.sax.ContentHandler,Static Dependency
tika-parsers,JournalParserTest.java,org.apache.tika.TikaTest,Static Dependency
tika-parsers,JournalParserTest.java,org.apache.tika.sax.BodyContentHandler,Static Dependency
tika-parsers,JournalParserTest.java,org.apache.tika.metadata.Metadata,Static Dependency
tika-parsers,JournalParserTest.java,org.apache.tika.io.TikaInputStream,Static Dependency
tika-parsers,JournalParserTest.java,org.apache.tika.parser.ParseContext,Static Dependency
tika-parsers,TEITest.java,org.junit.jupiter.api.Test,Static Dependency
tika-parsers,TEITest.java,java.nio.charset.StandardCharsets,Static Dependency
tika-parsers,TEITest.java,org.apache.tika.TikaTest,Static Dependency
tika-parsers,TEITest.java,org.apache.commons.io.IOUtils,Static Dependency
tika-parsers,TEITest.java,org.apache.tika.metadata.Metadata,Static Dependency
tika-parsers,TEITest.java,java.io.ByteArrayOutputStream,Static Dependency
tika-parsers,TEITest.java,org.apache.tika.io.TikaInputStream,Static Dependency
tika-parsers,TEITest.java,org.apache.tika.parser.ParseContext,Static Dependency
tika-parsers,NamedEntityParserTest.java,org.junit.jupiter.api.Test,Static Dependency
tika-parsers,NamedEntityParserTest.java,java.nio.charset.StandardCharsets,Static Dependency
tika-parsers,NamedEntityParserTest.java,org.apache.tika.TikaTest,Static Dependency
tika-parsers,NamedEntityParserTest.java,java.util.Arrays,Static Dependency
tika-parsers,NamedEntityParserTest.java,org.apache.tika.metadata.Metadata,Static Dependency
tika-parsers,NamedEntityParserTest.java,org.apache.tika.parser.ner.regex.RegexNERecogniser,Static Dependency
tika-parsers,NamedEntityParserTest.java,org.apache.tika.io.TikaInputStream,Static Dependency
tika-parsers,NamedEntityParserTest.java,java.util.HashSet,Static Dependency
tika-parsers,NamedEntityParserTest.java,org.apache.tika.parser.ner.opennlp.OpenNLPNERecogniser,Static Dependency
tika-parsers,NamedEntityParserTest.java,org.apache.tika.metadata.TikaCoreProperties,Static Dependency
tika-parsers,NamedEntityParserTest.java,org.apache.tika.parser.Parser,Static Dependency
tika-parsers,NamedEntityParserTest.java,org.apache.tika.config.loader.TikaLoader,Static Dependency
tika-parsers,NLTKNERecogniserTest.java,org.junit.jupiter.api.Test,Static Dependency
tika-parsers,NLTKNERecogniserTest.java,org.apache.tika.parser.ner.NamedEntityParser,Static Dependency
tika-parsers,NLTKNERecogniserTest.java,java.nio.charset.StandardCharsets,Static Dependency
tika-parsers,NLTKNERecogniserTest.java,org.apache.tika.TikaTest,Static Dependency
tika-parsers,NLTKNERecogniserTest.java,java.util.Arrays,Static Dependency
tika-parsers,NLTKNERecogniserTest.java,org.apache.tika.metadata.Metadata,Static Dependency
tika-parsers,NLTKNERecogniserTest.java,org.apache.tika.io.TikaInputStream,Static Dependency
tika-parsers,NLTKNERecogniserTest.java,java.util.HashSet,Static Dependency
tika-parsers,NLTKNERecogniserTest.java,org.apache.tika.config.loader.TikaLoader,Static Dependency
tika-parsers,NLTKNERecogniserTest.java,org.apache.tika.parser.Parser,Static Dependency
tika-parsers,NLTKNERecogniserTest.java,java.util.Set,Static Dependency
tika-parsers,RegexNERecogniserTest.java,org.junit.jupiter.api.Test,Static Dependency
tika-parsers,RegexNERecogniserTest.java,org.apache.tika.parser.ner.NamedEntityParser,Static Dependency
tika-parsers,RegexNERecogniserTest.java,java.nio.charset.StandardCharsets,Static Dependency
tika-parsers,RegexNERecogniserTest.java,org.apache.tika.TikaTest,Static Dependency
tika-parsers,RegexNERecogniserTest.java,java.util.Arrays,Static Dependency
tika-parsers,RegexNERecogniserTest.java,org.apache.tika.metadata.Metadata,Static Dependency
tika-parsers,RegexNERecogniserTest.java,org.apache.tika.io.TikaInputStream,Static Dependency
tika-parsers,RegexNERecogniserTest.java,java.util.HashSet,Static Dependency
tika-parsers,RegexNERecogniserTest.java,org.apache.tika.config.loader.TikaLoader,Static Dependency
tika-parsers,RegexNERecogniserTest.java,org.apache.tika.parser.Parser,Static Dependency
tika-parsers,RegexNERecogniserTest.java,java.util.Set,Static Dependency
tika-parsers,GeoParserTest.java,java.net.URI,Static Dependency
tika-parsers,GeoParserTest.java,java.io.IOException,Static Dependency
tika-parsers,GeoParserTest.java,org.junit.jupiter.api.Test,Static Dependency
tika-parsers,GeoParserTest.java,org.apache.tika.TikaTest,Static Dependency
tika-parsers,GeoParserTest.java,org.apache.tika.sax.BodyContentHandler,Static Dependency
tika-parsers,GeoParserTest.java,org.apache.tika.metadata.Metadata,Static Dependency
tika-parsers,GeoParserTest.java,org.xml.sax.SAXException,Static Dependency
tika-parsers,GeoParserTest.java,org.apache.tika.io.TikaInputStream,Static Dependency
tika-parsers,GeoParserTest.java,org.apache.tika.parser.ParseContext,Static Dependency
tika-parsers,GeoParserTest.java,org.apache.tika.exception.TikaException,Static Dependency
tika-parsers,GeoParserTest.java,org.apache.tika.parser.Parser,Static Dependency
tika-parsers,GeoParserTest.java,org.apache.tika.config.loader.TikaLoader,Static Dependency
tika-parsers,AmazonTranscribeTest.java,org.junit.jupiter.api.Test,Static Dependency
tika-parsers,AmazonTranscribeTest.java,software.amazon.awssdk.services.transcribe.model.LanguageCode,Static Dependency
tika-parsers,AmazonTranscribeTest.java,org.apache.tika.TikaTest,Static Dependency
tika-parsers,AmazonTranscribeTest.java,org.junit.jupiter.api.Disabled,Static Dependency
tika-parsers,AmazonTranscribeTest.java,org.junit.jupiter.api.BeforeAll,Static Dependency
tika-parsers,AmazonTranscribeTest.java,org.apache.tika.parser.ParseContext,Static Dependency
tika-parsers,AmazonTranscribeTest.java,org.apache.tika.parser.Parser,Static Dependency
tika-parsers,AmazonTranscribeTest.java,org.apache.tika.config.loader.TikaLoader,Static Dependency
tika-parsers,GeographicInformationParserTest.java,org.junit.jupiter.api.Test,Static Dependency
tika-parsers,GeographicInformationParserTest.java,org.apache.tika.metadata.Metadata,Static Dependency
tika-parsers,GeographicInformationParserTest.java,org.apache.tika.TikaTest,Static Dependency
tika-parsers,TestGDALParser.java,org.junit.jupiter.api.Test,Static Dependency
tika-parsers,TestGDALParser.java,org.apache.tika.TikaTest,Static Dependency
tika-parsers,TestGDALParser.java,org.apache.tika.sax.BodyContentHandler,Static Dependency
tika-parsers,TestGDALParser.java,org.apache.tika.metadata.Metadata,Static Dependency
tika-parsers,TestGDALParser.java,org.apache.tika.parser.ParseContext,Static Dependency
tika-parsers,TestGDALParser.java,org.apache.tika.io.TikaInputStream,Static Dependency
tika-parsers,TestGDALParser.java,org.apache.tika.parser.external.ExternalParser,Static Dependency
tika-parsers,HDFParserTest.java,org.junit.jupiter.api.Test,Static Dependency
tika-parsers,HDFParserTest.java,org.xml.sax.ContentHandler,Static Dependency
tika-parsers,HDFParserTest.java,org.apache.tika.TikaTest,Static Dependency
tika-parsers,HDFParserTest.java,org.apache.tika.sax.BodyContentHandler,Static Dependency
tika-parsers,HDFParserTest.java,org.apache.tika.metadata.Metadata,Static Dependency
tika-parsers,HDFParserTest.java,org.apache.tika.io.TikaInputStream,Static Dependency
tika-parsers,HDFParserTest.java,org.apache.tika.parser.ParseContext,Static Dependency
tika-parsers,HDFParserTest.java,org.apache.tika.parser.Parser,Static Dependency
tika-parsers,ISArchiveParserTest.java,org.junit.jupiter.api.Test,Static Dependency
tika-parsers,ISArchiveParserTest.java,org.xml.sax.ContentHandler,Static Dependency
tika-parsers,ISArchiveParserTest.java,org.apache.tika.TikaTest,Static Dependency
tika-parsers,ISArchiveParserTest.java,org.apache.tika.sax.BodyContentHandler,Static Dependency
tika-parsers,ISArchiveParserTest.java,org.apache.tika.metadata.Metadata,Static Dependency
tika-parsers,ISArchiveParserTest.java,org.apache.tika.io.TikaInputStream,Static Dependency
tika-parsers,ISArchiveParserTest.java,org.apache.tika.parser.ParseContext,Static Dependency
tika-parsers,ISArchiveParserTest.java,org.apache.tika.parser.Parser,Static Dependency
tika-parsers,NetCDFParserTest.java,org.junit.jupiter.api.Test,Static Dependency
tika-parsers,NetCDFParserTest.java,org.xml.sax.ContentHandler,Static Dependency
tika-parsers,NetCDFParserTest.java,org.apache.tika.sax.BodyContentHandler,Static Dependency
tika-parsers,NetCDFParserTest.java,org.apache.tika.metadata.Metadata,Static Dependency
tika-parsers,NetCDFParserTest.java,org.apache.tika.io.TikaInputStream,Static Dependency
tika-parsers,NetCDFParserTest.java,org.apache.tika.parser.ParseContext,Static Dependency
tika-parsers,NetCDFParserTest.java,org.apache.tika.metadata.TikaCoreProperties,Static Dependency
tika-parsers,NetCDFParserTest.java,org.apache.tika.parser.Parser,Static Dependency
tika-parsers,EnviHeaderParserTest.java,org.junit.jupiter.api.Test,Static Dependency
tika-parsers,EnviHeaderParserTest.java,java.nio.charset.StandardCharsets,Static Dependency
tika-parsers,EnviHeaderParserTest.java,org.junit.jupiter.api.BeforeEach,Static Dependency
tika-parsers,EnviHeaderParserTest.java,org.apache.commons.io.IOUtils,Static Dependency
tika-parsers,EnviHeaderParserTest.java,org.apache.tika.metadata.Metadata,Static Dependency
tika-parsers,EnviHeaderParserTest.java,org.junit.jupiter.api.AfterEach,Static Dependency
tika-parsers,EnviHeaderParserTest.java,java.io.ByteArrayOutputStream,Static Dependency
tika-parsers,EnviHeaderParserTest.java,org.apache.tika.io.TikaInputStream,Static Dependency
tika-parsers,EnviHeaderParserTest.java,org.apache.tika.parser.ParseContext,Static Dependency
tika-parsers,EnviHeaderParserTest.java,org.apache.tika.sax.ToXMLContentHandler,Static Dependency
tika-parsers,EnviHeaderParserTest.java,org.apache.tika.parser.Parser,Static Dependency
tika-parsers,GribParserTest.java,org.junit.jupiter.api.Test,Static Dependency
tika-parsers,GribParserTest.java,org.xml.sax.ContentHandler,Static Dependency
tika-parsers,GribParserTest.java,org.apache.tika.sax.BodyContentHandler,Static Dependency
tika-parsers,GribParserTest.java,org.apache.tika.metadata.Metadata,Static Dependency
tika-parsers,GribParserTest.java,org.apache.tika.parser.ParseContext,Static Dependency
tika-parsers,GribParserTest.java,org.apache.tika.io.TikaInputStream,Static Dependency
tika-parsers,GribParserTest.java,org.apache.tika.parser.Parser,Static Dependency
tika-parsers,TestOCR.java,java.io.IOException,Static Dependency
tika-parsers,TestOCR.java,org.apache.tika.metadata.Metadata,Static Dependency
tika-parsers,TestOCR.java,org.apache.tika.parser.DefaultParser,Static Dependency
tika-parsers,TestOCR.java,java.util.Map,Static Dependency
tika-parsers,TestOCR.java,org.junit.jupiter.api.BeforeAll,Static Dependency
tika-parsers,TestOCR.java,java.net.URISyntaxException,Static Dependency
tika-parsers,TestOCR.java,java.util.ArrayList,Static Dependency
tika-parsers,TestOCR.java,org.apache.tika.mime.MediaType,Static Dependency
tika-parsers,TestOCR.java,org.apache.tika.config.loader.TikaLoader,Static Dependency
tika-parsers,TestOCR.java,org.apache.tika.parser.CompositeParser,Static Dependency
tika-parsers,TestOCR.java,java.util.HashSet,Static Dependency
tika-parsers,TestOCR.java,org.apache.tika.parser.AutoDetectParser,Static Dependency
tika-parsers,TestOCR.java,org.apache.tika.metadata.TikaCoreProperties,Static Dependency
tika-parsers,TestOCR.java,org.apache.tika.parser.Parser,Static Dependency
tika-parsers,TestOCR.java,java.util.Set,Static Dependency
tika-parsers,TestOCR.java,org.junit.jupiter.api.Test,Static Dependency
tika-parsers,TestOCR.java,org.apache.tika.parser.ParserDecorator,Static Dependency
tika-parsers,TestOCR.java,java.util.List,Static Dependency
tika-parsers,TestOCR.java,org.apache.tika.TikaTest,Static Dependency
tika-parsers,TestOCR.java,org.apache.tika.exception.TikaException,Static Dependency
tika-parsers,TestOCR.java,org.apache.tika.parser.gdal.GDALParser,Static Dependency
tika-parsers,SQLite3ParserTest.java,java.io.IOException,Static Dependency
tika-parsers,SQLite3ParserTest.java,org.apache.tika.sax.BasicContentHandlerFactory,Static Dependency
tika-parsers,SQLite3ParserTest.java,org.apache.tika.extractor.EmbeddedResourceHandler,Static Dependency
tika-parsers,SQLite3ParserTest.java,org.apache.commons.io.IOUtils,Static Dependency
tika-parsers,SQLite3ParserTest.java,org.apache.tika.metadata.Metadata,Static Dependency
tika-parsers,SQLite3ParserTest.java,org.apache.tika.metadata.Database,Static Dependency
tika-parsers,SQLite3ParserTest.java,org.apache.tika.sax.ToXMLContentHandler,Static Dependency
tika-parsers,SQLite3ParserTest.java,org.xml.sax.ContentHandler,Static Dependency
tika-parsers,SQLite3ParserTest.java,java.io.ByteArrayOutputStream,Static Dependency
tika-parsers,SQLite3ParserTest.java,org.apache.tika.io.TikaInputStream,Static Dependency
tika-parsers,SQLite3ParserTest.java,java.util.ArrayList,Static Dependency
tika-parsers,SQLite3ParserTest.java,org.apache.tika.parser.ParseContext,Static Dependency
tika-parsers,SQLite3ParserTest.java,org.apache.tika.mime.MediaType,Static Dependency
tika-parsers,SQLite3ParserTest.java,org.apache.tika.extractor.ParserContainerExtractor,Static Dependency
tika-parsers,SQLite3ParserTest.java,org.apache.tika.parser.RecursiveParserWrapper,Static Dependency
tika-parsers,SQLite3ParserTest.java,org.apache.tika.metadata.TikaCoreProperties,Static Dependency
tika-parsers,SQLite3ParserTest.java,org.apache.tika.parser.Parser,Static Dependency
tika-parsers,SQLite3ParserTest.java,org.junit.jupiter.api.Test,Static Dependency
tika-parsers,SQLite3ParserTest.java,java.util.List,Static Dependency
tika-parsers,SQLite3ParserTest.java,org.apache.tika.TikaTest,Static Dependency
tika-parsers,SQLite3ParserTest.java,org.apache.tika.sax.RecursiveParserWrapperHandler,Static Dependency
tika-parsers,SQLite3ParserTest.java,org.apache.tika.parser.EmptyParser,Static Dependency
tika-parsers,TestMimeTypesExtended.java,org.junit.jupiter.api.Test,Static Dependency
tika-parsers,TestMimeTypesExtended.java,java.io.IOException,Static Dependency
tika-parsers,TestMimeTypesExtended.java,org.apache.tika.TikaTest,Static Dependency
tika-parsers,TestMimeTypesExtended.java,org.junit.jupiter.api.BeforeEach,Static Dependency
tika-parsers,TestMimeTypesExtended.java,org.apache.tika.metadata.Metadata,Static Dependency
tika-parsers,TestMimeTypesExtended.java,org.apache.tika.io.TikaInputStream,Static Dependency
tika-parsers,TestMimeTypesExtended.java,org.apache.tika.parser.ParseContext,Static Dependency
tika-parsers,TestMimeTypesExtended.java,org.apache.tika.config.loader.TikaLoader,Static Dependency
tika-parsers,SQLite3ParserTest.java,org.junit.jupiter.api.Test,Static Dependency
tika-parsers,SQLite3ParserTest.java,org.xml.sax.ContentHandler,Static Dependency
tika-parsers,SQLite3ParserTest.java,org.apache.tika.TikaTest,Static Dependency
tika-parsers,SQLite3ParserTest.java,org.apache.tika.sax.BodyContentHandler,Static Dependency
tika-parsers,SQLite3ParserTest.java,org.apache.tika.metadata.Metadata,Static Dependency
tika-parsers,SQLite3ParserTest.java,org.apache.tika.io.TikaInputStream,Static Dependency
tika-parsers,SQLite3ParserTest.java,org.apache.tika.parser.ParseContext,Static Dependency
tika-parsers,SQLite3ParserTest.java,org.apache.tika.metadata.TikaCoreProperties,Static Dependency
tika-parsers,TestParsers.java,org.junit.jupiter.api.Test,Static Dependency
tika-parsers,TestParsers.java,java.io.IOException,Static Dependency
tika-parsers,TestParsers.java,java.nio.charset.StandardCharsets,Static Dependency
tika-parsers,TestParsers.java,org.apache.tika.parser.DefaultParser,Static Dependency
tika-parsers,TestParsers.java,java.util.Map,Static Dependency
tika-parsers,TestParsers.java,org.apache.tika.exception.TikaException,Static Dependency
tika-parsers,TestParsers.java,org.apache.tika.parser.external.CompositeExternalParser,Static Dependency
tika-parsers,TestParsers.java,org.apache.tika.parser.CompositeParser,Static Dependency
tika-parsers,TestParsers.java,java.io.BufferedReader,Static Dependency
tika-parsers,TestParsers.java,java.io.InputStreamReader,Static Dependency
tika-parsers,TestParsers.java,java.util.HashMap,Static Dependency
tika-parsers,TestParsers.java,org.apache.tika.parser.ocr.TesseractOCRParser,Static Dependency
tika-parsers,TestParsers.java,org.apache.tika.parser.Parser,Static Dependency
tika-parsers,TestParsers.java,org.apache.tika.mime.MediaType,Static Dependency
tika-annotation-processor,KebabCaseConverterTest.java,org.junit.jupiter.api.Test,Static Dependency
tika-integration-tests,OpensearchTestClient.java,java.io.IOException,Static Dependency
tika-integration-tests,OpensearchTestClient.java,java.nio.charset.StandardCharsets,Static Dependency
tika-integration-tests,OpensearchTestClient.java,java.io.Reader,Static Dependency
tika-integration-tests,OpensearchTestClient.java,org.apache.http.util.EntityUtils,Static Dependency
tika-integration-tests,OpensearchTestClient.java,org.apache.http.client.methods.HttpDelete,Static Dependency
tika-integration-tests,OpensearchTestClient.java,org.apache.tika.pipes.emitter.opensearch.JsonResponse,Static Dependency
tika-integration-tests,OpensearchTestClient.java,org.apache.tika.pipes.emitter.opensearch.OpenSearchClient,Static Dependency
tika-integration-tests,OpensearchTestClient.java,org.apache.http.client.methods.CloseableHttpResponse,Static Dependency
tika-integration-tests,OpensearchTestClient.java,org.apache.http.entity.ByteArrayEntity,Static Dependency
tika-integration-tests,OpensearchTestClient.java,java.io.BufferedReader,Static Dependency
tika-integration-tests,OpensearchTestClient.java,java.io.InputStreamReader,Static Dependency
tika-integration-tests,OpensearchTestClient.java,org.apache.http.HttpResponse,Static Dependency
tika-integration-tests,OpensearchTestClient.java,org.apache.tika.pipes.emitter.opensearch.OpenSearchEmitterConfig,Static Dependency
tika-integration-tests,OpensearchTestClient.java,org.apache.http.client.methods.HttpGet,Static Dependency
tika-integration-tests,OpensearchTestClient.java,org.apache.http.client.methods.HttpPut,Static Dependency
tika-integration-tests,OpensearchTestClient.java,com.fasterxml.jackson.databind.JsonNode,Static Dependency
tika-integration-tests,OpensearchTestClient.java,com.fasterxml.jackson.databind.ObjectMapper,Static Dependency
tika-integration-tests,OpensearchTestClient.java,org.apache.http.client.HttpClient,Static Dependency
tika-integration-tests,OpenSearchTest.java,java.io.IOException,Static Dependency
tika-integration-tests,OpenSearchTest.java,org.jetbrains.annotations.NotNull,Static Dependency
tika-integration-tests,OpenSearchTest.java,org.apache.tika.pipes.emitter.opensearch.JsonResponse,Static Dependency
tika-integration-tests,OpenSearchTest.java,org.apache.commons.io.IOUtils,Static Dependency
tika-integration-tests,OpenSearchTest.java,org.apache.tika.metadata.Metadata,Static Dependency
tika-integration-tests,OpenSearchTest.java,org.testcontainers.utility.DockerImageName,Static Dependency
tika-integration-tests,OpenSearchTest.java,java.nio.file.Files,Static Dependency
tika-integration-tests,OpenSearchTest.java,org.apache.tika.cli.TikaCLI,Static Dependency
tika-integration-tests,OpenSearchTest.java,org.apache.tika.config.JsonConfigHelper,Static Dependency
tika-integration-tests,OpenSearchTest.java,java.util.regex.Pattern,Static Dependency
tika-integration-tests,OpenSearchTest.java,org.apache.tika.pipes.emitter.opensearch.HttpClientConfig,Static Dependency
tika-integration-tests,OpenSearchTest.java,org.junit.jupiter.api.AfterAll,Static Dependency
tika-integration-tests,OpenSearchTest.java,java.util.Map,Static Dependency
tika-integration-tests,OpenSearchTest.java,org.apache.tika.pipes.api.emitter.Emitter,Static Dependency
tika-integration-tests,OpenSearchTest.java,org.opensearch.testcontainers.OpensearchContainer,Static Dependency
tika-integration-tests,OpenSearchTest.java,org.junit.jupiter.api.BeforeAll,Static Dependency
tika-integration-tests,OpenSearchTest.java,org.junit.jupiter.api.io.TempDir,Static Dependency
tika-integration-tests,OpenSearchTest.java,org.apache.tika.client.HttpClientFactory,Static Dependency
tika-integration-tests,OpenSearchTest.java,org.testcontainers.junit.jupiter.Testcontainers,Static Dependency
tika-integration-tests,OpenSearchTest.java,java.io.File,Static Dependency
tika-integration-tests,OpenSearchTest.java,org.apache.tika.parser.ParseContext,Static Dependency
tika-integration-tests,OpenSearchTest.java,java.util.regex.Matcher,Static Dependency
tika-integration-tests,OpenSearchTest.java,java.io.InputStream,Static Dependency
tika-integration-tests,OpenSearchTest.java,org.apache.tika.config.loader.TikaJsonConfig,Static Dependency
tika-integration-tests,OpenSearchTest.java,java.nio.file.Paths,Static Dependency
tika-integration-tests,OpenSearchTest.java,java.nio.charset.StandardCharsets,Static Dependency
tika-integration-tests,OpenSearchTest.java,java.nio.file.Path,Static Dependency
tika-integration-tests,OpenSearchTest.java,org.apache.tika.plugins.TikaPluginManager,Static Dependency
tika-integration-tests,OpenSearchTest.java,org.junit.jupiter.api.AfterEach,Static Dependency
tika-integration-tests,OpenSearchTest.java,org.apache.tika.exception.TikaConfigException,Static Dependency
tika-integration-tests,OpenSearchTest.java,org.apache.tika.pipes.emitter.opensearch.OpenSearchEmitterConfig,Static Dependency
tika-integration-tests,OpenSearchTest.java,org.apache.tika.pipes.api.ParseMode,Static Dependency
tika-integration-tests,OpenSearchTest.java,com.fasterxml.jackson.databind.JsonNode,Static Dependency
tika-integration-tests,OpenSearchTest.java,org.apache.tika.pipes.core.emitter.EmitterManager,Static Dependency
tika-integration-tests,OpenSearchTest.java,org.junit.jupiter.api.Test,Static Dependency
tika-integration-tests,OpenSearchTest.java,java.util.Collections,Static Dependency
tika-integration-tests,OpenSearchTest.java,java.util.HashMap,Static Dependency
tika-integration-tests,WoodstoxXMLReaderUtilsTest.java,org.junit.jupiter.api.Test,Static Dependency
tika-integration-tests,WoodstoxXMLReaderUtilsTest.java,org.apache.tika.utils.XMLReaderUtils,Static Dependency
tika-integration-tests,WoodstoxXMLReaderUtilsTest.java,java.nio.charset.StandardCharsets,Static Dependency
tika-integration-tests,WoodstoxXMLReaderUtilsTest.java,javax.xml.stream.XMLInputFactory,Static Dependency
tika-integration-tests,WoodstoxXMLReaderUtilsTest.java,org.junit.jupiter.api.AfterAll,Static Dependency
tika-integration-tests,WoodstoxXMLReaderUtilsTest.java,javax.xml.stream.XMLStreamException,Static Dependency
tika-integration-tests,WoodstoxXMLReaderUtilsTest.java,org.w3c.dom.Document,Static Dependency
tika-integration-tests,WoodstoxXMLReaderUtilsTest.java,org.xml.sax.SAXException,Static Dependency
tika-integration-tests,WoodstoxXMLReaderUtilsTest.java,java.io.ByteArrayInputStream,Static Dependency
tika-integration-tests,WoodstoxXMLReaderUtilsTest.java,org.w3c.dom.NodeList,Static Dependency
tika-integration-tests,WoodstoxXMLReaderUtilsTest.java,java.util.NoSuchElementException,Static Dependency
tika-integration-tests,WoodstoxXMLReaderUtilsTest.java,org.apache.tika.sax.ToTextContentHandler,Static Dependency
tika-integration-tests,WoodstoxXMLReaderUtilsTest.java,org.apache.tika.parser.ParseContext,Static Dependency
tika-integration-tests,WoodstoxXMLReaderUtilsTest.java,org.apache.tika.utils.ExceptionUtils,Static Dependency
tika-integration-tests,WoodstoxXMLReaderUtilsTest.java,org.w3c.dom.Node,Static Dependency
tika-integration-tests,WoodstoxXMLReaderUtilsTest.java,java.net.ConnectException,Static Dependency
tika-integration-tests,WoodstoxXMLReaderUtilsTest.java,javax.xml.stream.XMLEventReader,Static Dependency
tika-integration-tests,WoodstoxXMLReaderUtilsTest.java,java.util.Locale,Static Dependency
tika-integration-tests,TikaPipesKafkaTest.java,org.apache.kafka.clients.consumer.ConsumerConfig,Static Dependency
tika-integration-tests,TikaPipesKafkaTest.java,org.apache.kafka.clients.consumer.KafkaConsumer,Static Dependency
tika-integration-tests,TikaPipesKafkaTest.java,org.jetbrains.annotations.NotNull,Static Dependency
tika-integration-tests,TikaPipesKafkaTest.java,java.util.concurrent.ExecutorService,Static Dependency
tika-integration-tests,TikaPipesKafkaTest.java,java.time.Duration,Static Dependency
tika-integration-tests,TikaPipesKafkaTest.java,org.testcontainers.utility.DockerImageName,Static Dependency
tika-integration-tests,TikaPipesKafkaTest.java,java.util.concurrent.TimeUnit,Static Dependency
tika-integration-tests,TikaPipesKafkaTest.java,java.nio.file.Files,Static Dependency
tika-integration-tests,TikaPipesKafkaTest.java,org.apache.tika.cli.TikaCLI,Static Dependency
tika-integration-tests,TikaPipesKafkaTest.java,org.apache.tika.config.JsonConfigHelper,Static Dependency
tika-integration-tests,TikaPipesKafkaTest.java,org.apache.commons.io.FilenameUtils,Static Dependency
tika-integration-tests,TikaPipesKafkaTest.java,org.apache.kafka.common.serialization.StringDeserializer,Static Dependency
tika-integration-tests,TikaPipesKafkaTest.java,org.slf4j.Logger,Static Dependency
tika-integration-tests,TikaPipesKafkaTest.java,java.util.Map,Static Dependency
tika-integration-tests,TikaPipesKafkaTest.java,com.google.common.base.Stopwatch,Static Dependency
tika-integration-tests,TikaPipesKafkaTest.java,org.junit.jupiter.api.BeforeAll,Static Dependency
tika-integration-tests,TikaPipesKafkaTest.java,com.fasterxml.jackson.core.type.TypeReference,Static Dependency
tika-integration-tests,TikaPipesKafkaTest.java,org.junit.jupiter.api.io.TempDir,Static Dependency
tika-integration-tests,TikaPipesKafkaTest.java,org.testcontainers.junit.jupiter.Testcontainers,Static Dependency
tika-integration-tests,TikaPipesKafkaTest.java,java.io.File,Static Dependency
tika-integration-tests,TikaPipesKafkaTest.java,org.apache.kafka.common.serialization.StringSerializer,Static Dependency
tika-integration-tests,TikaPipesKafkaTest.java,java.io.InputStream,Static Dependency
tika-integration-tests,TikaPipesKafkaTest.java,org.slf4j.LoggerFactory,Static Dependency
tika-integration-tests,TikaPipesKafkaTest.java,java.util.Properties,Static Dependency
tika-integration-tests,TikaPipesKafkaTest.java,java.nio.charset.StandardCharsets,Static Dependency
tika-integration-tests,TikaPipesKafkaTest.java,java.nio.file.Path,Static Dependency
tika-integration-tests,TikaPipesKafkaTest.java,org.apache.kafka.clients.producer.ProducerRecord,Static Dependency
tika-integration-tests,TikaPipesKafkaTest.java,org.apache.kafka.clients.producer.KafkaProducer,Static Dependency
tika-integration-tests,TikaPipesKafkaTest.java,org.junit.jupiter.api.AfterEach,Static Dependency
tika-integration-tests,TikaPipesKafkaTest.java,org.apache.tika.utils.SystemUtils,Static Dependency
tika-integration-tests,TikaPipesKafkaTest.java,java.util.HashSet,Static Dependency
tika-integration-tests,TikaPipesKafkaTest.java,org.apache.tika.pipes.api.ParseMode,Static Dependency
tika-integration-tests,TikaPipesKafkaTest.java,org.apache.kafka.clients.consumer.ConsumerRecord,Static Dependency
tika-integration-tests,TikaPipesKafkaTest.java,com.fasterxml.jackson.databind.ObjectMapper,Static Dependency
tika-integration-tests,TikaPipesKafkaTest.java,java.util.Set,Static Dependency
tika-integration-tests,TikaPipesKafkaTest.java,org.junit.jupiter.api.Test,Static Dependency
tika-integration-tests,TikaPipesKafkaTest.java,org.testcontainers.kafka.ConfluentKafkaContainer,Static Dependency
tika-integration-tests,TikaPipesKafkaTest.java,org.apache.kafka.clients.producer.ProducerConfig,Static Dependency
tika-integration-tests,TikaPipesKafkaTest.java,org.apache.kafka.clients.consumer.ConsumerRecords,Static Dependency
tika-integration-tests,TikaPipesKafkaTest.java,org.junit.jupiter.api.BeforeEach,Static Dependency
tika-integration-tests,TikaPipesKafkaTest.java,java.util.UUID,Static Dependency
tika-integration-tests,TikaPipesKafkaTest.java,java.util.Collections,Static Dependency
tika-integration-tests,TikaPipesKafkaTest.java,java.util.HashMap,Static Dependency
tika-integration-tests,TikaPipesKafkaTest.java,java.util.concurrent.Executors,Static Dependency
tika-integration-tests,TikaPipesSolr8ZkTest.java,org.junit.jupiter.api.BeforeAll,Static Dependency
tika-integration-tests,TikaPipesSolr8ZkTest.java,org.testcontainers.junit.jupiter.Testcontainers,Static Dependency
tika-integration-tests,TikaPipesSolr8ZkTest.java,org.apache.tika.utils.SystemUtils,Static Dependency
tika-integration-tests,TikaPipesSolrTestBase.java,java.io.IOException,Static Dependency
tika-integration-tests,TikaPipesSolrTestBase.java,org.jetbrains.annotations.NotNull,Static Dependency
tika-integration-tests,TikaPipesSolrTestBase.java,org.apache.http.client.methods.CloseableHttpResponse,Static Dependency
tika-integration-tests,TikaPipesSolrTestBase.java,org.testcontainers.utility.DockerImageName,Static Dependency
tika-integration-tests,TikaPipesSolrTestBase.java,java.nio.file.Files,Static Dependency
tika-integration-tests,TikaPipesSolrTestBase.java,org.apache.tika.cli.TikaCLI,Static Dependency
tika-integration-tests,TikaPipesSolrTestBase.java,org.apache.tika.config.JsonConfigHelper,Static Dependency
tika-integration-tests,TikaPipesSolrTestBase.java,java.util.Map,Static Dependency
tika-integration-tests,TikaPipesSolrTestBase.java,org.apache.http.entity.StringEntity,Static Dependency
tika-integration-tests,TikaPipesSolrTestBase.java,org.testcontainers.containers.FixedHostPortGenericContainer,Static Dependency
tika-integration-tests,TikaPipesSolrTestBase.java,org.junit.jupiter.api.io.TempDir,Static Dependency
tika-integration-tests,TikaPipesSolrTestBase.java,java.io.InputStream,Static Dependency
tika-integration-tests,TikaPipesSolrTestBase.java,org.apache.solr.client.solrj.SolrQuery,Static Dependency
tika-integration-tests,TikaPipesSolrTestBase.java,java.nio.charset.StandardCharsets,Static Dependency
tika-integration-tests,TikaPipesSolrTestBase.java,org.apache.solr.client.solrj.impl.Http2SolrClient,Static Dependency
tika-integration-tests,TikaPipesSolrTestBase.java,java.nio.file.Path,Static Dependency
tika-integration-tests,TikaPipesSolrTestBase.java,org.apache.http.impl.client.HttpClients,Static Dependency
tika-integration-tests,TikaPipesSolrTestBase.java,org.junit.jupiter.api.AfterEach,Static Dependency
tika-integration-tests,TikaPipesSolrTestBase.java,org.apache.tika.utils.SystemUtils,Static Dependency
tika-integration-tests,TikaPipesSolrTestBase.java,org.apache.commons.io.FileUtils,Static Dependency
tika-integration-tests,TikaPipesSolrTestBase.java,org.apache.tika.pipes.api.ParseMode,Static Dependency
tika-integration-tests,TikaPipesSolrTestBase.java,org.apache.http.client.methods.HttpPost,Static Dependency
tika-integration-tests,TikaPipesSolrTestBase.java,org.testcontainers.junit.jupiter.Container,Static Dependency
tika-integration-tests,TikaPipesSolrTestBase.java,org.apache.tika.pipes.emitter.solr.SolrEmitterConfig,Static Dependency
tika-integration-tests,TikaPipesSolrTestBase.java,org.junit.jupiter.api.Test,Static Dependency
tika-integration-tests,TikaPipesSolrTestBase.java,java.util.List,Static Dependency
tika-integration-tests,TikaPipesSolrTestBase.java,org.apache.http.impl.client.CloseableHttpClient,Static Dependency
tika-integration-tests,TikaPipesSolrTestBase.java,org.apache.solr.common.SolrInputDocument,Static Dependency
tika-integration-tests,TikaPipesSolrTestBase.java,org.apache.solr.client.solrj.SolrClient,Static Dependency
tika-integration-tests,TikaPipesSolrTestBase.java,java.util.HashMap,Static Dependency
tika-integration-tests,TikaPipesSolrTestBase.java,org.testcontainers.containers.GenericContainer,Static Dependency
tika-integration-tests,TikaPipesSolr8Test.java,org.testcontainers.junit.jupiter.Testcontainers,Static Dependency
tika-integration-tests,TikaPipesSolr9Test.java,org.testcontainers.junit.jupiter.Testcontainers,Static Dependency
tika-integration-tests,TikaPipesSolr9ZkTest.java,org.junit.jupiter.api.BeforeAll,Static Dependency
tika-integration-tests,TikaPipesSolr9ZkTest.java,org.apache.tika.utils.SystemUtils,Static Dependency
tika-integration-tests,TikaPipesSolr9ZkTest.java,org.testcontainers.junit.jupiter.Testcontainers,Static Dependency
tika-integration-tests,TikaPipesSolr9ZkTest.java,org.junit.jupiter.api.Disabled,Static Dependency
tika-integration-tests,CustomParserTest.java,org.junit.jupiter.api.Test,Static Dependency
tika-integration-tests,CustomParserTest.java,org.apache.tika.parser.DefaultParser,Static Dependency
tika-integration-tests,CustomParserTest.java,org.apache.tika.TikaTest,Static Dependency
tika-integration-tests,CustomParserTest.java,java.util.Map,Static Dependency
tika-integration-tests,CustomParserTest.java,org.apache.tika.parser.ParseContext,Static Dependency
tika-integration-tests,CustomParserTest.java,org.apache.tika.parser.Parser,Static Dependency
tika-integration-tests,CustomParserTest.java,org.apache.tika.mime.MediaType,Static Dependency
tika-integration-tests,MyCustomParser.java,java.io.IOException,Static Dependency
tika-integration-tests,MyCustomParser.java,org.xml.sax.ContentHandler,Static Dependency
tika-integration-tests,MyCustomParser.java,org.apache.tika.metadata.Metadata,Static Dependency
tika-integration-tests,MyCustomParser.java,org.xml.sax.SAXException,Static Dependency
tika-integration-tests,MyCustomParser.java,org.apache.tika.sax.XHTMLContentHandler,Static Dependency
tika-integration-tests,MyCustomParser.java,java.util.Collections,Static Dependency
tika-integration-tests,MyCustomParser.java,org.apache.tika.io.TikaInputStream,Static Dependency
tika-integration-tests,MyCustomParser.java,org.apache.tika.mime.MediaType,Static Dependency
tika-integration-tests,MyCustomParser.java,org.apache.tika.parser.ParseContext,Static Dependency
tika-integration-tests,MyCustomParser.java,org.apache.tika.exception.TikaException,Static Dependency
tika-integration-tests,MyCustomParser.java,org.apache.tika.parser.Parser,Static Dependency
tika-integration-tests,MyCustomParser.java,java.util.Set,Static Dependency
tika-integration-tests,S3PipeIntegrationTest.java,java.time.Duration,Static Dependency
tika-integration-tests,S3PipeIntegrationTest.java,org.apache.tika.cli.TikaCLI,Static Dependency
tika-integration-tests,S3PipeIntegrationTest.java,org.apache.tika.config.JsonConfigHelper,Static Dependency
tika-integration-tests,S3PipeIntegrationTest.java,org.junit.jupiter.api.AfterAll,Static Dependency
tika-integration-tests,S3PipeIntegrationTest.java,java.util.Map,Static Dependency
tika-integration-tests,S3PipeIntegrationTest.java,org.slf4j.Logger,Static Dependency
tika-integration-tests,S3PipeIntegrationTest.java,software.amazon.awssdk.auth.credentials.StaticCredentialsProvider,Static Dependency
tika-integration-tests,S3PipeIntegrationTest.java,org.junit.jupiter.api.BeforeAll,Static Dependency
tika-integration-tests,S3PipeIntegrationTest.java,org.junit.jupiter.api.TestInstance,Static Dependency
tika-integration-tests,S3PipeIntegrationTest.java,java.net.URISyntaxException,Static Dependency
tika-integration-tests,S3PipeIntegrationTest.java,org.testcontainers.junit.jupiter.Testcontainers,Static Dependency
tika-integration-tests,S3PipeIntegrationTest.java,java.io.File,Static Dependency
tika-integration-tests,S3PipeIntegrationTest.java,org.testcontainers.containers.ComposeContainer,Static Dependency
tika-integration-tests,S3PipeIntegrationTest.java,java.io.InputStream,Static Dependency
tika-integration-tests,S3PipeIntegrationTest.java,org.slf4j.LoggerFactory,Static Dependency
tika-integration-tests,S3PipeIntegrationTest.java,software.amazon.awssdk.services.s3.model.GetObjectRequest,Static Dependency
tika-integration-tests,S3PipeIntegrationTest.java,java.nio.charset.StandardCharsets,Static Dependency
tika-integration-tests,S3PipeIntegrationTest.java,java.nio.file.Path,Static Dependency
tika-integration-tests,S3PipeIntegrationTest.java,org.apache.commons.io.FileUtils,Static Dependency
tika-integration-tests,S3PipeIntegrationTest.java,software.amazon.awssdk.auth.credentials.AwsBasicCredentials,Static Dependency
tika-integration-tests,S3PipeIntegrationTest.java,java.util.HashSet,Static Dependency
tika-integration-tests,S3PipeIntegrationTest.java,org.apache.tika.pipes.api.ParseMode,Static Dependency
tika-integration-tests,S3PipeIntegrationTest.java,software.amazon.awssdk.regions.Region,Static Dependency
tika-integration-tests,S3PipeIntegrationTest.java,java.util.Set,Static Dependency
tika-integration-tests,S3PipeIntegrationTest.java,software.amazon.awssdk.services.s3.S3Client,Static Dependency
tika-integration-tests,S3PipeIntegrationTest.java,java.net.URI,Static Dependency
tika-integration-tests,S3PipeIntegrationTest.java,org.junit.jupiter.api.Test,Static Dependency
tika-integration-tests,S3PipeIntegrationTest.java,software.amazon.awssdk.services.s3.model.CreateBucketRequest,Static Dependency
tika-integration-tests,S3PipeIntegrationTest.java,java.time.temporal.ChronoUnit,Static Dependency
tika-integration-tests,S3PipeIntegrationTest.java,software.amazon.awssdk.services.s3.model.PutObjectRequest,Static Dependency
tika-integration-tests,S3PipeIntegrationTest.java,java.security.NoSuchAlgorithmException,Static Dependency
tika-integration-tests,S3PipeIntegrationTest.java,software.amazon.awssdk.services.s3.model.GetObjectResponse,Static Dependency
tika-integration-tests,S3PipeIntegrationTest.java,software.amazon.awssdk.core.ResponseBytes,Static Dependency
tika-integration-tests,S3PipeIntegrationTest.java,org.junit.jupiter.api.Assertions,Static Dependency
tika-integration-tests,S3PipeIntegrationTest.java,software.amazon.awssdk.core.checksums.RequestChecksumCalculation,Static Dependency
tika-integration-tests,S3PipeIntegrationTest.java,java.util.HashMap,Static Dependency
tika-integration-tests,S3PipeIntegrationTest.java,software.amazon.awssdk.core.sync.RequestBody,Static Dependency
tika-integration-tests,S3PipeIntegrationTest.java,software.amazon.awssdk.services.s3.S3Configuration,Static Dependency
tika-integration-tests,PipeIntegrationTests.java,java.io.IOException,Static Dependency
tika-integration-tests,PipeIntegrationTests.java,org.apache.tika.pipes.api.fetcher.Fetcher,Static Dependency
tika-integration-tests,PipeIntegrationTests.java,org.junit.jupiter.api.Disabled,Static Dependency
tika-integration-tests,PipeIntegrationTests.java,org.apache.tika.metadata.Metadata,Static Dependency
tika-integration-tests,PipeIntegrationTests.java,java.util.concurrent.TimeUnit,Static Dependency
tika-integration-tests,PipeIntegrationTests.java,java.nio.file.Files,Static Dependency
tika-integration-tests,PipeIntegrationTests.java,org.apache.tika.pipes.api.emitter.Emitter,Static Dependency
tika-integration-tests,PipeIntegrationTests.java,java.util.concurrent.atomic.AtomicInteger,Static Dependency
tika-integration-tests,PipeIntegrationTests.java,org.apache.tika.pipes.emitter.s3.S3Emitter,Static Dependency
tika-integration-tests,PipeIntegrationTests.java,java.io.InputStream,Static Dependency
tika-integration-tests,PipeIntegrationTests.java,java.nio.file.Paths,Static Dependency
tika-integration-tests,PipeIntegrationTests.java,software.amazon.awssdk.auth.credentials.AwsCredentialsProvider,Static Dependency
tika-integration-tests,PipeIntegrationTests.java,software.amazon.awssdk.services.s3.model.GetObjectRequest,Static Dependency
tika-integration-tests,PipeIntegrationTests.java,software.amazon.awssdk.services.s3.model.ListObjectsV2Request,Static Dependency
tika-integration-tests,PipeIntegrationTests.java,java.nio.file.Path,Static Dependency
tika-integration-tests,PipeIntegrationTests.java,java.util.concurrent.TimeoutException,Static Dependency
tika-integration-tests,PipeIntegrationTests.java,software.amazon.awssdk.regions.Region,Static Dependency
tika-integration-tests,PipeIntegrationTests.java,software.amazon.awssdk.services.s3.S3Client,Static Dependency
tika-integration-tests,PipeIntegrationTests.java,org.junit.jupiter.api.Test,Static Dependency
tika-integration-tests,PipeIntegrationTests.java,java.util.List,Static Dependency
tika-integration-tests,PipeIntegrationTests.java,org.apache.tika.pipes.api.pipesiterator.PipesIterator,Static Dependency
tika-integration-tests,PipeIntegrationTests.java,software.amazon.awssdk.services.s3.model.S3Object,Static Dependency
tika-integration-tests,PipeIntegrationTests.java,java.util.concurrent.ArrayBlockingQueue,Static Dependency
tika-integration-tests,PipeIntegrationTests.java,java.util.concurrent.Callable,Static Dependency
tika-integration-tests,PipeIntegrationTests.java,software.amazon.awssdk.auth.credentials.ProfileCredentialsProvider,Static Dependency
tika-integration-tests,PipeIntegrationTests.java,org.apache.tika.exception.TikaException,Static Dependency
tika-integration-tests,PipeIntegrationTests.java,org.apache.tika.pipes.api.FetchEmitTuple,Static Dependency
tika-translate,Lingo24TranslatorTest.java,org.junit.jupiter.api.Test,Static Dependency
tika-translate,Lingo24TranslatorTest.java,org.junit.jupiter.api.BeforeEach,Static Dependency
tika-translate,MosesTranslatorTest.java,org.junit.jupiter.api.Test,Static Dependency
tika-translate,MosesTranslatorTest.java,org.junit.jupiter.api.BeforeEach,Static Dependency
tika-translate,JoshuaNetworkTranslatorTest.java,org.junit.jupiter.api.Test,Static Dependency
tika-translate,JoshuaNetworkTranslatorTest.java,org.junit.jupiter.api.BeforeEach,Static Dependency
tika-translate,RTGTranslatorTest.java,org.junit.jupiter.api.Test,Static Dependency
tika-translate,RTGTranslatorTest.java,org.junit.jupiter.api.BeforeEach,Static Dependency
tika-translate,RTGTranslatorTest.java,java.util.Locale,Static Dependency
tika-translate,GoogleTranslatorTest.java,org.junit.jupiter.api.Test,Static Dependency
tika-translate,GoogleTranslatorTest.java,org.junit.jupiter.api.BeforeEach,Static Dependency
tika-translate,CachedTranslatorTest.java,org.junit.jupiter.api.Test,Static Dependency
tika-translate,CachedTranslatorTest.java,org.junit.jupiter.api.BeforeEach,Static Dependency
tika-translate,YandexTranslatorTest.java,org.junit.jupiter.api.Test,Static Dependency
tika-translate,YandexTranslatorTest.java,java.io.IOException,Static Dependency
tika-translate,YandexTranslatorTest.java,org.junit.jupiter.api.BeforeEach,Static Dependency
tika-translate,YandexTranslatorTest.java,org.apache.tika.exception.TikaException,Static Dependency
tika-translate,MicrosoftTranslatorTest.java,org.junit.jupiter.api.Test,Static Dependency
tika-translate,MicrosoftTranslatorTest.java,org.junit.jupiter.api.BeforeEach,Static Dependency
tika-translate,MarianTranslatorTest.java,org.junit.jupiter.api.Test,Static Dependency
tika-translate,MarianTranslatorTest.java,org.junit.jupiter.api.BeforeEach,Static Dependency
tika-eval,ProfilerBatchTest.java,java.sql.SQLException,Static Dependency
tika-eval,ProfilerBatchTest.java,java.io.IOException,Static Dependency
tika-eval,ProfilerBatchTest.java,org.junit.jupiter.api.Disabled,Static Dependency
tika-eval,ProfilerBatchTest.java,org.apache.tika.eval.app.db.H2Util,Static Dependency
tika-eval,ProfilerBatchTest.java,java.nio.file.Files,Static Dependency
tika-eval,ProfilerBatchTest.java,java.sql.Connection,Static Dependency
tika-eval,ProfilerBatchTest.java,org.junit.jupiter.api.AfterAll,Static Dependency
tika-eval,ProfilerBatchTest.java,org.junit.jupiter.api.BeforeAll,Static Dependency
tika-eval,ProfilerBatchTest.java,java.sql.Statement,Static Dependency
tika-eval,ProfilerBatchTest.java,org.apache.tika.eval.app.db.TableInfo,Static Dependency
tika-eval,ProfilerBatchTest.java,java.util.ArrayList,Static Dependency
tika-eval,ProfilerBatchTest.java,java.nio.file.Paths,Static Dependency
tika-eval,ProfilerBatchTest.java,java.nio.file.Path,Static Dependency
tika-eval,ProfilerBatchTest.java,org.junit.jupiter.api.AfterEach,Static Dependency
tika-eval,ProfilerBatchTest.java,org.apache.commons.io.FileUtils,Static Dependency
tika-eval,ProfilerBatchTest.java,org.junit.jupiter.api.Test,Static Dependency
tika-eval,ProfilerBatchTest.java,java.util.List,Static Dependency
tika-eval,ProfilerBatchTest.java,java.sql.ResultSet,Static Dependency
tika-eval,ProfilerBatchTest.java,org.junit.jupiter.api.BeforeEach,Static Dependency
tika-eval,ProfilerBatchTest.java,org.apache.tika.eval.app.db.Cols,Static Dependency
tika-eval,AnalyzerManagerTest.java,org.apache.lucene.analysis.Analyzer,Static Dependency
tika-eval,AnalyzerManagerTest.java,org.apache.lucene.analysis.tokenattributes.CharTermAttribute,Static Dependency
tika-eval,AnalyzerManagerTest.java,org.junit.jupiter.api.Test,Static Dependency
tika-eval,AnalyzerManagerTest.java,org.apache.tika.eval.core.tokens.AlphaIdeographFilterFactory,Static Dependency
tika-eval,AnalyzerManagerTest.java,org.apache.tika.eval.core.tokens.AnalyzerManager,Static Dependency
tika-eval,AnalyzerManagerTest.java,java.util.HashSet,Static Dependency
tika-eval,AnalyzerManagerTest.java,org.apache.lucene.analysis.TokenStream,Static Dependency
tika-eval,AnalyzerManagerTest.java,java.util.Set,Static Dependency
tika-eval,EvalConfigTest.java,java.nio.file.Paths,Static Dependency
tika-eval,EvalConfigTest.java,org.junit.jupiter.api.Test,Static Dependency
tika-eval,EvalConfigTest.java,java.net.URISyntaxException,Static Dependency
tika-eval,EvalConfigTest.java,java.nio.file.Path,Static Dependency
tika-eval,MockDBWriter.java,java.io.IOException,Static Dependency
tika-eval,MockDBWriter.java,java.util.List,Static Dependency
tika-eval,MockDBWriter.java,java.util.Map,Static Dependency
tika-eval,MockDBWriter.java,org.apache.tika.eval.app.io.IDBWriter,Static Dependency
tika-eval,MockDBWriter.java,org.apache.tika.eval.app.db.TableInfo,Static Dependency
tika-eval,MockDBWriter.java,java.util.ArrayList,Static Dependency
tika-eval,MockDBWriter.java,java.util.HashMap,Static Dependency
tika-eval,MockDBWriter.java,org.apache.tika.eval.app.db.Cols,Static Dependency
tika-eval,TikaEvalCLITest.java,java.nio.file.Paths,Static Dependency
tika-eval,TikaEvalCLITest.java,java.io.IOException,Static Dependency
tika-eval,TikaEvalCLITest.java,org.junit.jupiter.api.Test,Static Dependency
tika-eval,TikaEvalCLITest.java,java.util.List,Static Dependency
tika-eval,TikaEvalCLITest.java,org.apache.tika.TikaTest,Static Dependency
tika-eval,TikaEvalCLITest.java,java.nio.file.Path,Static Dependency
tika-eval,TikaEvalCLITest.java,org.junit.jupiter.api.BeforeAll,Static Dependency
tika-eval,TikaEvalCLITest.java,org.junit.jupiter.api.Disabled,Static Dependency
tika-eval,TikaEvalCLITest.java,org.junit.jupiter.api.io.TempDir,Static Dependency
tika-eval,TikaEvalCLITest.java,java.nio.file.FileVisitor,Static Dependency
tika-eval,TikaEvalCLITest.java,org.apache.tika.utils.ProcessUtils,Static Dependency
tika-eval,TikaEvalCLITest.java,java.nio.file.FileVisitResult,Static Dependency
tika-eval,TikaEvalCLITest.java,java.io.File,Static Dependency
tika-eval,TikaEvalCLITest.java,java.nio.file.attribute.BasicFileAttributes,Static Dependency
tika-eval,TikaEvalCLITest.java,java.util.ArrayList,Static Dependency
tika-eval,TikaEvalCLITest.java,java.util.HashSet,Static Dependency
tika-eval,TikaEvalCLITest.java,java.nio.file.Files,Static Dependency
tika-eval,TikaEvalCLITest.java,java.util.Set,Static Dependency
tika-eval,SimpleComparerTest.java,org.apache.tika.eval.app.io.ExtractReader,Static Dependency
tika-eval,SimpleComparerTest.java,org.junit.jupiter.api.Disabled,Static Dependency
tika-eval,SimpleComparerTest.java,org.apache.tika.metadata.Metadata,Static Dependency
tika-eval,SimpleComparerTest.java,java.util.Map,Static Dependency
tika-eval,SimpleComparerTest.java,org.apache.tika.eval.app.io.ExtractReaderException,Static Dependency
tika-eval,SimpleComparerTest.java,org.junit.jupiter.api.BeforeAll,Static Dependency
tika-eval,SimpleComparerTest.java,org.apache.tika.eval.app.db.TableInfo,Static Dependency
tika-eval,SimpleComparerTest.java,java.util.ArrayList,Static Dependency
tika-eval,SimpleComparerTest.java,java.nio.file.Paths,Static Dependency
tika-eval,SimpleComparerTest.java,java.nio.file.Path,Static Dependency
tika-eval,SimpleComparerTest.java,org.apache.tika.eval.core.util.ContentTags,Static Dependency
tika-eval,SimpleComparerTest.java,org.apache.tika.metadata.TikaCoreProperties,Static Dependency
tika-eval,SimpleComparerTest.java,org.junit.jupiter.api.Test,Static Dependency
tika-eval,SimpleComparerTest.java,java.util.SortedSet,Static Dependency
tika-eval,SimpleComparerTest.java,java.util.List,Static Dependency
tika-eval,SimpleComparerTest.java,org.apache.tika.TikaTest,Static Dependency
tika-eval,SimpleComparerTest.java,java.util.TreeSet,Static Dependency
tika-eval,SimpleComparerTest.java,org.junit.jupiter.api.BeforeEach,Static Dependency
tika-eval,SimpleComparerTest.java,java.util.HashMap,Static Dependency
tika-eval,SimpleComparerTest.java,org.apache.tika.eval.app.db.Cols,Static Dependency
tika-eval,TopCommonTokenCounterTest.java,org.junit.jupiter.api.Test,Static Dependency
tika-eval,TopCommonTokenCounterTest.java,java.nio.charset.StandardCharsets,Static Dependency
tika-eval,TopCommonTokenCounterTest.java,java.util.List,Static Dependency
tika-eval,TopCommonTokenCounterTest.java,org.apache.tika.TikaTest,Static Dependency
tika-eval,TopCommonTokenCounterTest.java,java.nio.file.Path,Static Dependency
tika-eval,TopCommonTokenCounterTest.java,org.junit.jupiter.api.BeforeAll,Static Dependency
tika-eval,TopCommonTokenCounterTest.java,org.junit.jupiter.api.io.TempDir,Static Dependency
tika-eval,TopCommonTokenCounterTest.java,java.io.BufferedWriter,Static Dependency
tika-eval,TopCommonTokenCounterTest.java,org.apache.tika.utils.ProcessUtils,Static Dependency
tika-eval,TopCommonTokenCounterTest.java,org.apache.commons.io.FileUtils,Static Dependency
tika-eval,TopCommonTokenCounterTest.java,java.util.ArrayList,Static Dependency
tika-eval,TopCommonTokenCounterTest.java,java.nio.file.Files,Static Dependency
tika-eval,ExtractReaderTest.java,org.junit.jupiter.api.Test,Static Dependency
tika-eval,ExtractReaderTest.java,java.io.IOException,Static Dependency
tika-eval,ExtractReaderTest.java,java.util.List,Static Dependency
tika-eval,ExtractReaderTest.java,org.apache.tika.TikaTest,Static Dependency
tika-eval,ExtractReaderTest.java,java.nio.file.Path,Static Dependency
tika-eval,ExtractReaderTest.java,org.junit.jupiter.api.BeforeEach,Static Dependency
tika-eval,ExtractReaderTest.java,org.apache.tika.metadata.Metadata,Static Dependency
tika-eval,ExtractReaderTest.java,org.apache.tika.metadata.TikaCoreProperties,Static Dependency
tika-eval,AbstractBufferTest.java,java.sql.SQLException,Static Dependency
tika-eval,AbstractBufferTest.java,org.junit.jupiter.api.Test,Static Dependency
tika-eval,AbstractBufferTest.java,java.util.List,Static Dependency
tika-eval,AbstractBufferTest.java,java.util.Map,Static Dependency
tika-eval,AbstractBufferTest.java,java.util.concurrent.Future,Static Dependency
tika-eval,AbstractBufferTest.java,java.util.concurrent.CompletionService,Static Dependency
tika-eval,AbstractBufferTest.java,java.util.concurrent.ExecutorService,Static Dependency
tika-eval,AbstractBufferTest.java,java.util.concurrent.Executors,Static Dependency
tika-eval,AbstractBufferTest.java,java.util.Collections,Static Dependency
tika-eval,AbstractBufferTest.java,java.util.concurrent.Callable,Static Dependency
tika-eval,AbstractBufferTest.java,java.util.concurrent.TimeUnit,Static Dependency
tika-eval,AbstractBufferTest.java,java.util.ArrayList,Static Dependency
tika-eval,AbstractBufferTest.java,java.util.concurrent.ExecutorCompletionService,Static Dependency
tika-eval,AbstractBufferTest.java,java.util.HashMap,Static Dependency
tika-eval,AbstractBufferTest.java,org.junit.jupiter.api.Timeout,Static Dependency
tika-eval,AbstractBufferTest.java,java.util.concurrent.ExecutionException,Static Dependency
tika-eval,AbstractBufferTest.java,java.util.Random,Static Dependency
tika-eval,ResultsReporterTest.java,java.nio.file.Paths,Static Dependency
tika-eval,ResultsReporterTest.java,org.junit.jupiter.api.Test,Static Dependency
tika-eval,ResultsReporterTest.java,java.nio.file.Path,Static Dependency
tika-eval,ResultsReporterTest.java,org.junit.jupiter.api.Disabled,Static Dependency
tika-eval,ResultsReporterTest.java,org.junit.jupiter.api.BeforeEach,Static Dependency
tika-eval,ResultsReporterTest.java,java.sql.Statement,Static Dependency
tika-eval,ResultsReporterTest.java,org.apache.tika.eval.app.db.H2Util,Static Dependency
tika-eval,ResultsReporterTest.java,java.nio.file.Files,Static Dependency
tika-eval,ResultsReporterTest.java,java.sql.Connection,Static Dependency
tika-eval,LanguageIdTest.java,org.junit.jupiter.api.Test,Static Dependency
tika-eval,LanguageIdTest.java,java.util.List,Static Dependency
tika-eval,LanguageIdTest.java,org.junit.jupiter.api.Timeout,Static Dependency
tika-eval,LanguageIdTest.java,org.apache.tika.language.detect.LanguageResult,Static Dependency
tika-eval,LanguageIdTest.java,org.apache.tika.eval.core.langid.LanguageIDWrapper,Static Dependency
tika-eval,LangIdTest.java,java.nio.file.Paths,Static Dependency
tika-eval,LangIdTest.java,org.junit.jupiter.api.Test,Static Dependency
tika-eval,LangIdTest.java,java.nio.file.Path,Static Dependency
tika-eval,LangIdTest.java,org.junit.jupiter.api.Disabled,Static Dependency
tika-eval,LangIdTest.java,java.util.Arrays,Static Dependency
tika-eval,LangIdTest.java,org.apache.tika.eval.core.tokens.CommonTokenCountManager,Static Dependency
tika-eval,LangIdTest.java,java.util.Set,Static Dependency
tika-eval,LangIdTest.java,java.io.File,Static Dependency
tika-eval,LangIdTest.java,java.util.HashSet,Static Dependency
tika-eval,LangIdTest.java,java.util.Locale,Static Dependency
tika-eval,TextStatsTest.java,org.junit.jupiter.api.Test,Static Dependency
tika-eval,TextStatsTest.java,java.nio.charset.StandardCharsets,Static Dependency
tika-eval,TextStatsTest.java,java.util.List,Static Dependency
tika-eval,TextStatsTest.java,java.util.Map,Static Dependency
tika-eval,TextStatsTest.java,org.apache.commons.codec.digest.DigestUtils,Static Dependency
tika-eval,TextStatsTest.java,org.apache.tika.eval.core.tokens.CommonTokenResult,Static Dependency
tika-eval,TextStatsTest.java,org.apache.commons.codec.binary.Base32,Static Dependency
tika-eval,TextStatsTest.java,java.util.ArrayList,Static Dependency
tika-eval,TextStatsTest.java,org.apache.tika.language.detect.LanguageResult,Static Dependency
tika-eval,TextStatsTest.java,org.apache.tika.eval.core.langid.LanguageIDWrapper,Static Dependency
tika-eval,LuceneTokenCounter.java,org.apache.lucene.analysis.Analyzer,Static Dependency
tika-eval,LuceneTokenCounter.java,java.io.IOException,Static Dependency
tika-eval,LuceneTokenCounter.java,org.apache.lucene.index.Terms,Static Dependency
tika-eval,LuceneTokenCounter.java,java.util.Map,Static Dependency
tika-eval,LuceneTokenCounter.java,org.apache.lucene.index.TermsEnum,Static Dependency
tika-eval,LuceneTokenCounter.java,org.apache.lucene.util.BytesRef,Static Dependency
tika-eval,LuceneTokenCounter.java,org.apache.lucene.index.memory.MemoryIndex,Static Dependency
tika-eval,LuceneTokenCounter.java,org.apache.commons.math3.util.FastMath,Static Dependency
tika-eval,LuceneTokenCounter.java,org.apache.lucene.index.LeafReader,Static Dependency
tika-eval,LuceneTokenCounter.java,java.util.HashMap,Static Dependency
tika-eval,LuceneTokenCounter.java,org.apache.commons.math3.stat.descriptive.SummaryStatistics,Static Dependency
tika-eval,LuceneTokenCounter.java,org.apache.lucene.search.IndexSearcher,Static Dependency
tika-eval,TokenCounterTest.java,org.apache.commons.lang3.mutable.MutableInt,Static Dependency
tika-eval,TokenCounterTest.java,java.io.IOException,Static Dependency
tika-eval,TokenCounterTest.java,org.apache.lucene.analysis.Analyzer,Static Dependency
tika-eval,TokenCounterTest.java,org.apache.lucene.analysis.tokenattributes.CharTermAttribute,Static Dependency
tika-eval,TokenCounterTest.java,org.junit.jupiter.api.Test,Static Dependency
tika-eval,TokenCounterTest.java,java.util.Map,Static Dependency
tika-eval,TokenCounterTest.java,org.junit.jupiter.api.BeforeAll,Static Dependency
tika-eval,TokenCounterTest.java,java.util.HashMap,Static Dependency
tika-eval,TokenCounterTest.java,org.apache.lucene.analysis.TokenStream,Static Dependency
tika-eval,TokenCounterTest.java,java.util.Random,Static Dependency
tika-eval,TikaEvalMetadataFilterTest.java,org.junit.jupiter.api.Test,Static Dependency
tika-eval,TikaEvalMetadataFilterTest.java,java.util.List,Static Dependency
tika-eval,TikaEvalMetadataFilterTest.java,org.apache.tika.metadata.filter.DefaultMetadataFilter,Static Dependency
tika-eval,TikaEvalMetadataFilterTest.java,org.apache.tika.metadata.Metadata,Static Dependency
tika-eval,TikaEvalMetadataFilterTest.java,java.util.ArrayList,Static Dependency
tika-eval,TikaEvalMetadataFilterTest.java,org.apache.tika.metadata.TikaCoreProperties,Static Dependency
tika-eval,TikaEvalMetadataFilterTest.java,org.apache.tika.metadata.filter.MetadataFilter,Static Dependency
tika-java7,TikaFileTypeDetectorTest.java,org.junit.jupiter.api.Test,Static Dependency
tika-java7,TikaFileTypeDetectorTest.java,java.nio.file.Path,Static Dependency
tika-java7,TikaFileTypeDetectorTest.java,java.util.ServiceLoader,Static Dependency
tika-java7,TikaFileTypeDetectorTest.java,org.junit.jupiter.api.BeforeEach,Static Dependency
tika-java7,TikaFileTypeDetectorTest.java,java.util.Iterator,Static Dependency
tika-java7,TikaFileTypeDetectorTest.java,java.nio.file.spi.FileTypeDetector,Static Dependency
tika-java7,TikaFileTypeDetectorTest.java,org.junit.jupiter.api.io.TempDir,Static Dependency
tika-java7,TikaFileTypeDetectorTest.java,java.nio.file.Files,Static Dependency
tika-java7,TikaFileTypeDetectorTest.java,java.io.InputStream,Static Dependency
tika-core,TikaIT.java,org.junit.jupiter.api.Test,Static Dependency
tika-core,MultiThreadedTikaTest.java,java.io.IOException,Static Dependency
tika-core,MultiThreadedTikaTest.java,org.apache.tika.detect.Detector,Static Dependency
tika-core,MultiThreadedTikaTest.java,org.apache.tika.sax.BasicContentHandlerFactory,Static Dependency
tika-core,MultiThreadedTikaTest.java,java.util.concurrent.Future,Static Dependency
tika-core,MultiThreadedTikaTest.java,java.util.concurrent.ExecutorService,Static Dependency
tika-core,MultiThreadedTikaTest.java,org.apache.tika.metadata.Metadata,Static Dependency
tika-core,MultiThreadedTikaTest.java,java.io.FileFilter,Static Dependency
tika-core,MultiThreadedTikaTest.java,java.nio.file.Files,Static Dependency
tika-core,MultiThreadedTikaTest.java,java.util.concurrent.TimeUnit,Static Dependency
tika-core,MultiThreadedTikaTest.java,java.util.concurrent.ExecutionException,Static Dependency
tika-core,MultiThreadedTikaTest.java,java.util.Map,Static Dependency
tika-core,MultiThreadedTikaTest.java,java.util.concurrent.atomic.AtomicInteger,Static Dependency
tika-core,MultiThreadedTikaTest.java,org.apache.tika.detect.XmlRootExtractor,Static Dependency
tika-core,MultiThreadedTikaTest.java,java.net.URISyntaxException,Static Dependency
tika-core,MultiThreadedTikaTest.java,java.nio.file.FileVisitResult,Static Dependency
tika-core,MultiThreadedTikaTest.java,org.apache.tika.io.TikaInputStream,Static Dependency
tika-core,MultiThreadedTikaTest.java,java.nio.file.attribute.BasicFileAttributes,Static Dependency
tika-core,MultiThreadedTikaTest.java,java.util.ArrayList,Static Dependency
tika-core,MultiThreadedTikaTest.java,org.apache.tika.parser.ParseContext,Static Dependency
tika-core,MultiThreadedTikaTest.java,java.util.concurrent.ConcurrentHashMap,Static Dependency
tika-core,MultiThreadedTikaTest.java,org.apache.tika.mime.MediaType,Static Dependency
tika-core,MultiThreadedTikaTest.java,java.nio.file.Paths,Static Dependency
tika-core,MultiThreadedTikaTest.java,java.nio.file.SimpleFileVisitor,Static Dependency
tika-core,MultiThreadedTikaTest.java,java.nio.file.Path,Static Dependency
tika-core,MultiThreadedTikaTest.java,java.util.concurrent.ExecutorCompletionService,Static Dependency
tika-core,MultiThreadedTikaTest.java,org.apache.tika.metadata.TikaCoreProperties,Static Dependency
tika-core,MultiThreadedTikaTest.java,java.util.Random,Static Dependency
tika-core,MultiThreadedTikaTest.java,org.apache.tika.parser.Parser,Static Dependency
tika-core,MultiThreadedTikaTest.java,org.apache.tika.utils.XMLReaderUtils,Static Dependency
tika-core,MultiThreadedTikaTest.java,java.util.List,Static Dependency
tika-core,MultiThreadedTikaTest.java,org.apache.tika.sax.RecursiveParserWrapperHandler,Static Dependency
tika-core,MultiThreadedTikaTest.java,java.util.concurrent.Callable,Static Dependency
tika-core,MultiThreadedTikaTest.java,org.apache.tika.exception.TikaException,Static Dependency
tika-core,MultiThreadedTikaTest.java,java.util.concurrent.Executors,Static Dependency
tika-core,ResourceLoggingClassLoader.java,java.io.IOException,Static Dependency
tika-core,ResourceLoggingClassLoader.java,java.util.List,Static Dependency
tika-core,ResourceLoggingClassLoader.java,java.util.Map,Static Dependency
tika-core,ResourceLoggingClassLoader.java,java.net.URL,Static Dependency
tika-core,ResourceLoggingClassLoader.java,java.util.Enumeration,Static Dependency
tika-core,ResourceLoggingClassLoader.java,java.util.Collections,Static Dependency
tika-core,ResourceLoggingClassLoader.java,java.util.ArrayList,Static Dependency
tika-core,ResourceLoggingClassLoader.java,java.util.HashMap,Static Dependency
tika-core,TypeDetectionBenchmark.java,org.apache.commons.io.IOUtils,Static Dependency
tika-core,TypeDetectionBenchmark.java,java.io.ByteArrayInputStream,Static Dependency
tika-core,TypeDetectionBenchmark.java,java.io.File,Static Dependency
tika-core,TypeDetectionBenchmark.java,java.io.InputStream,Static Dependency
tika-core,TypeDetectionBenchmark.java,java.io.FileInputStream,Static Dependency
tika-core,TypeDetectionBenchmark.java,java.util.Locale,Static Dependency
tika-core,TestRereadableInputStream.java,java.io.OutputStream,Static Dependency
tika-core,TestRereadableInputStream.java,java.io.IOException,Static Dependency
tika-core,TestRereadableInputStream.java,org.junit.jupiter.api.Test,Static Dependency
tika-core,TestRereadableInputStream.java,java.io.BufferedInputStream,Static Dependency
tika-core,TestRereadableInputStream.java,java.nio.file.Path,Static Dependency
tika-core,TestRereadableInputStream.java,org.apache.tika.utils.RereadableInputStream,Static Dependency
tika-core,TestRereadableInputStream.java,org.junit.jupiter.api.io.TempDir,Static Dependency
tika-core,TestRereadableInputStream.java,java.nio.file.Files,Static Dependency
tika-core,TestRereadableInputStream.java,java.io.InputStream,Static Dependency
tika-core,TikaDetectionTest.java,org.junit.jupiter.api.Test,Static Dependency
tika-core,TikaTest.java,java.io.IOException,Static Dependency
tika-core,TikaTest.java,java.util.Collection,Static Dependency
tika-core,TikaTest.java,org.apache.tika.sax.BasicContentHandlerFactory,Static Dependency
tika-core,TikaTest.java,org.apache.tika.extractor.EmbeddedResourceHandler,Static Dependency
tika-core,TikaTest.java,org.apache.commons.io.IOUtils,Static Dependency
tika-core,TikaTest.java,org.apache.tika.exception.WriteLimitReachedException,Static Dependency
tika-core,TikaTest.java,org.apache.tika.io.FilenameUtils,Static Dependency
tika-core,TikaTest.java,org.apache.tika.metadata.Metadata,Static Dependency
tika-core,TikaTest.java,org.apache.tika.sax.ToXMLContentHandler,Static Dependency
tika-core,TikaTest.java,org.xml.sax.ContentHandler,Static Dependency
tika-core,TikaTest.java,org.apache.tika.sax.BodyContentHandler,Static Dependency
tika-core,TikaTest.java,java.io.ByteArrayOutputStream,Static Dependency
tika-core,TikaTest.java,java.net.URISyntaxException,Static Dependency
tika-core,TikaTest.java,org.xml.sax.SAXException,Static Dependency
tika-core,TikaTest.java,java.io.File,Static Dependency
tika-core,TikaTest.java,org.apache.tika.io.TikaInputStream,Static Dependency
tika-core,TikaTest.java,java.util.ArrayList,Static Dependency
tika-core,TikaTest.java,org.apache.tika.parser.ParseContext,Static Dependency
tika-core,TikaTest.java,org.apache.tika.mime.MediaType,Static Dependency
tika-core,TikaTest.java,java.nio.file.Paths,Static Dependency
tika-core,TikaTest.java,java.nio.file.Path,Static Dependency
tika-core,TikaTest.java,org.apache.tika.parser.CompositeParser,Static Dependency
tika-core,TikaTest.java,java.util.HashSet,Static Dependency
tika-core,TikaTest.java,org.apache.tika.parser.RecursiveParserWrapper,Static Dependency
tika-core,TikaTest.java,org.apache.tika.metadata.TikaCoreProperties,Static Dependency
tika-core,TikaTest.java,org.apache.tika.parser.AutoDetectParser,Static Dependency
tika-core,TikaTest.java,java.util.Set,Static Dependency
tika-core,TikaTest.java,org.apache.tika.parser.Parser,Static Dependency
tika-core,TikaTest.java,java.net.URI,Static Dependency
tika-core,TikaTest.java,java.util.List,Static Dependency
tika-core,TikaTest.java,org.apache.tika.sax.RecursiveParserWrapperHandler,Static Dependency
tika-core,TikaTest.java,java.net.URL,Static Dependency
tika-core,TikaTest.java,java.util.Arrays,Static Dependency
tika-core,TikaTest.java,java.util.Collections,Static Dependency
tika-core,TikaTest.java,java.io.EOFException,Static Dependency
tika-core,MimeDetectionWithNNTest.java,org.junit.jupiter.api.Test,Static Dependency
tika-core,MimeDetectionWithNNTest.java,java.io.IOException,Static Dependency
tika-core,MimeDetectionWithNNTest.java,org.apache.tika.TikaTest,Static Dependency
tika-core,MimeDetectionWithNNTest.java,org.junit.jupiter.api.BeforeEach,Static Dependency
tika-core,MimeDetectionWithNNTest.java,org.apache.tika.metadata.Metadata,Static Dependency
tika-core,MimeDetectionWithNNTest.java,org.apache.tika.io.TikaInputStream,Static Dependency
tika-core,MimeDetectionWithNNTest.java,org.apache.tika.parser.ParseContext,Static Dependency
tika-core,MimeDetectionWithNNTest.java,org.apache.tika.mime.MediaType,Static Dependency
tika-core,TypeDetectorTest.java,org.junit.jupiter.api.Test,Static Dependency
tika-core,TypeDetectorTest.java,java.io.IOException,Static Dependency
tika-core,TypeDetectorTest.java,java.util.Map,Static Dependency
tika-core,TypeDetectorTest.java,java.util.TreeMap,Static Dependency
tika-core,TypeDetectorTest.java,org.apache.tika.metadata.Metadata,Static Dependency
tika-core,TypeDetectorTest.java,org.apache.tika.parser.ParseContext,Static Dependency
tika-core,TypeDetectorTest.java,org.apache.tika.mime.MediaType,Static Dependency
tika-core,FileCommandDetectorTest.java,org.junit.jupiter.api.Test,Static Dependency
tika-core,FileCommandDetectorTest.java,org.apache.tika.TikaTest,Static Dependency
tika-core,FileCommandDetectorTest.java,java.util.Arrays,Static Dependency
tika-core,FileCommandDetectorTest.java,org.apache.tika.metadata.Metadata,Static Dependency
tika-core,FileCommandDetectorTest.java,org.apache.tika.mime.MimeTypes,Static Dependency
tika-core,FileCommandDetectorTest.java,org.apache.tika.io.TikaInputStream,Static Dependency
tika-core,FileCommandDetectorTest.java,org.apache.tika.parser.ParseContext,Static Dependency
tika-core,FileCommandDetectorTest.java,org.apache.tika.mime.MediaType,Static Dependency
tika-core,TextDetectorTest.java,org.junit.jupiter.api.Test,Static Dependency
tika-core,TextDetectorTest.java,java.io.IOException,Static Dependency
tika-core,TextDetectorTest.java,java.util.Arrays,Static Dependency
tika-core,TextDetectorTest.java,org.apache.tika.metadata.Metadata,Static Dependency
tika-core,TextDetectorTest.java,org.apache.tika.io.TikaInputStream,Static Dependency
tika-core,TextDetectorTest.java,org.apache.tika.parser.ParseContext,Static Dependency
tika-core,TextDetectorTest.java,org.apache.tika.mime.MediaType,Static Dependency
tika-core,NameDetectorTest.java,org.junit.jupiter.api.Test,Static Dependency
tika-core,NameDetectorTest.java,java.io.IOException,Static Dependency
tika-core,NameDetectorTest.java,java.util.Map,Static Dependency
tika-core,NameDetectorTest.java,org.junit.jupiter.api.BeforeEach,Static Dependency
tika-core,NameDetectorTest.java,org.apache.tika.metadata.Metadata,Static Dependency
tika-core,NameDetectorTest.java,org.apache.tika.parser.ParseContext,Static Dependency
tika-core,NameDetectorTest.java,org.apache.tika.mime.MediaType,Static Dependency
tika-core,NameDetectorTest.java,java.util.HashMap,Static Dependency
tika-core,NameDetectorTest.java,org.apache.tika.metadata.TikaCoreProperties,Static Dependency
tika-core,NameDetectorTest.java,java.util.regex.Pattern,Static Dependency
tika-core,MagicDetectorTest.java,org.junit.jupiter.api.Test,Static Dependency
tika-core,MagicDetectorTest.java,java.io.IOException,Static Dependency
tika-core,MagicDetectorTest.java,org.apache.tika.TikaTest,Static Dependency
tika-core,MagicDetectorTest.java,org.apache.commons.io.IOUtils,Static Dependency
tika-core,MagicDetectorTest.java,org.apache.tika.metadata.Metadata,Static Dependency
tika-core,MagicDetectorTest.java,java.io.ByteArrayInputStream,Static Dependency
tika-core,MagicDetectorTest.java,org.apache.tika.io.TikaInputStream,Static Dependency
tika-core,MagicDetectorTest.java,org.apache.tika.parser.ParseContext,Static Dependency
tika-core,MagicDetectorTest.java,java.io.InputStream,Static Dependency
tika-core,MagicDetectorTest.java,org.apache.tika.mime.MediaType,Static Dependency
tika-core,ZeroSizeFileDetectorTest.java,org.junit.jupiter.api.Test,Static Dependency
tika-core,ZeroSizeFileDetectorTest.java,java.io.IOException,Static Dependency
tika-core,ZeroSizeFileDetectorTest.java,org.junit.jupiter.api.BeforeEach,Static Dependency
tika-core,ZeroSizeFileDetectorTest.java,org.apache.tika.metadata.Metadata,Static Dependency
tika-core,ZeroSizeFileDetectorTest.java,org.apache.tika.io.TikaInputStream,Static Dependency
tika-core,ZeroSizeFileDetectorTest.java,org.apache.tika.parser.ParseContext,Static Dependency
tika-core,ZeroSizeFileDetectorTest.java,org.apache.tika.mime.MediaType,Static Dependency
tika-core,XHTMLContentHandlerTest.java,org.junit.jupiter.api.Test,Static Dependency
tika-core,XHTMLContentHandlerTest.java,org.xml.sax.ContentHandler,Static Dependency
tika-core,XHTMLContentHandlerTest.java,java.util.List,Static Dependency
tika-core,XHTMLContentHandlerTest.java,org.junit.jupiter.api.BeforeEach,Static Dependency
tika-core,XHTMLContentHandlerTest.java,org.apache.tika.metadata.Metadata,Static Dependency
tika-core,XHTMLContentHandlerTest.java,org.xml.sax.SAXException,Static Dependency
tika-core,XHTMLContentHandlerTest.java,java.util.ArrayList,Static Dependency
tika-core,XHTMLContentHandlerTest.java,org.xml.sax.helpers.AttributesImpl,Static Dependency
tika-core,SafeContentHandlerTest.java,org.junit.jupiter.api.Test,Static Dependency
tika-core,SafeContentHandlerTest.java,org.xml.sax.ContentHandler,Static Dependency
tika-core,SafeContentHandlerTest.java,org.junit.jupiter.api.BeforeEach,Static Dependency
tika-core,SafeContentHandlerTest.java,org.xml.sax.SAXException,Static Dependency
tika-core,OfflineContentHandlerTest.java,org.junit.jupiter.api.Test,Static Dependency
tika-core,OfflineContentHandlerTest.java,org.junit.jupiter.api.BeforeEach,Static Dependency
tika-core,OfflineContentHandlerTest.java,org.xml.sax.helpers.DefaultHandler,Static Dependency
tika-core,OfflineContentHandlerTest.java,javax.xml.parsers.SAXParser,Static Dependency
tika-core,OfflineContentHandlerTest.java,java.io.StringReader,Static Dependency
tika-core,OfflineContentHandlerTest.java,java.net.ConnectException,Static Dependency
tika-core,OfflineContentHandlerTest.java,javax.xml.parsers.SAXParserFactory,Static Dependency
tika-core,OfflineContentHandlerTest.java,org.xml.sax.InputSource,Static Dependency
tika-core,BasicContentHandlerFactoryTest.java,org.junit.jupiter.api.Test,Static Dependency
tika-core,BasicContentHandlerFactoryTest.java,java.io.IOException,Static Dependency
tika-core,BasicContentHandlerFactoryTest.java,org.xml.sax.ContentHandler,Static Dependency
tika-core,BasicContentHandlerFactoryTest.java,org.apache.tika.exception.WriteLimitReachedException,Static Dependency
tika-core,BasicContentHandlerFactoryTest.java,org.apache.tika.metadata.Metadata,Static Dependency
tika-core,BasicContentHandlerFactoryTest.java,java.io.ByteArrayOutputStream,Static Dependency
tika-core,BasicContentHandlerFactoryTest.java,java.io.UnsupportedEncodingException,Static Dependency
tika-core,BasicContentHandlerFactoryTest.java,org.xml.sax.SAXException,Static Dependency
tika-core,BasicContentHandlerFactoryTest.java,org.xml.sax.helpers.DefaultHandler,Static Dependency
tika-core,BasicContentHandlerFactoryTest.java,org.apache.tika.io.TikaInputStream,Static Dependency
tika-core,BasicContentHandlerFactoryTest.java,org.apache.tika.mime.MediaType,Static Dependency
tika-core,BasicContentHandlerFactoryTest.java,org.xml.sax.Attributes,Static Dependency
tika-core,BasicContentHandlerFactoryTest.java,org.apache.tika.parser.ParseContext,Static Dependency
tika-core,BasicContentHandlerFactoryTest.java,org.apache.tika.exception.TikaException,Static Dependency
tika-core,BasicContentHandlerFactoryTest.java,org.xml.sax.helpers.AttributesImpl,Static Dependency
tika-core,BasicContentHandlerFactoryTest.java,org.apache.tika.parser.Parser,Static Dependency
tika-core,BasicContentHandlerFactoryTest.java,java.util.Set,Static Dependency
tika-core,CustomErrorHandlerTest.java,java.io.OutputStream,Static Dependency
tika-core,CustomErrorHandlerTest.java,java.io.IOException,Static Dependency
tika-core,CustomErrorHandlerTest.java,java.nio.charset.StandardCharsets,Static Dependency
tika-core,CustomErrorHandlerTest.java,org.junit.jupiter.api.Test,Static Dependency
tika-core,CustomErrorHandlerTest.java,org.junit.jupiter.api.AfterAll,Static Dependency
tika-core,CustomErrorHandlerTest.java,org.apache.tika.TikaTest,Static Dependency
tika-core,CustomErrorHandlerTest.java,org.apache.commons.io.output.ByteArrayOutputStream,Static Dependency
tika-core,CustomErrorHandlerTest.java,org.junit.jupiter.api.Disabled,Static Dependency
tika-core,CustomErrorHandlerTest.java,org.junit.jupiter.api.BeforeAll,Static Dependency
tika-core,CustomErrorHandlerTest.java,org.apache.tika.utils.XMLReaderUtils,Static Dependency
tika-core,CustomErrorHandlerTest.java,javax.xml.parsers.ParserConfigurationException,Static Dependency
tika-core,CustomErrorHandlerTest.java,org.xml.sax.SAXException,Static Dependency
tika-core,CustomErrorHandlerTest.java,org.apache.tika.io.TikaInputStream,Static Dependency
tika-core,CustomErrorHandlerTest.java,org.apache.tika.parser.ParseContext,Static Dependency
tika-core,CustomErrorHandlerTest.java,org.apache.tika.exception.TikaException,Static Dependency
tika-core,CustomErrorHandlerTest.java,java.io.InputStream,Static Dependency
tika-core,RichTextContentHandlerTest.java,org.junit.jupiter.api.Test,Static Dependency
tika-core,RichTextContentHandlerTest.java,org.apache.tika.metadata.Metadata,Static Dependency
tika-core,RichTextContentHandlerTest.java,java.io.ByteArrayOutputStream,Static Dependency
tika-core,RichTextContentHandlerTest.java,java.io.OutputStreamWriter,Static Dependency
tika-core,RichTextContentHandlerTest.java,org.xml.sax.helpers.AttributesImpl,Static Dependency
tika-core,NonValidatingContentHandler.java,java.io.IOException,Static Dependency
tika-core,NonValidatingContentHandler.java,org.xml.sax.ContentHandler,Static Dependency
tika-core,NonValidatingContentHandler.java,org.xml.sax.SAXException,Static Dependency
tika-core,NonValidatingContentHandler.java,org.xml.sax.SAXParseException,Static Dependency
tika-core,NonValidatingContentHandler.java,java.io.InputStream,Static Dependency
tika-core,NonValidatingContentHandler.java,org.xml.sax.InputSource,Static Dependency
tika-core,BodyContentHandlerTest.java,java.io.OutputStream,Static Dependency
tika-core,BodyContentHandlerTest.java,org.junit.jupiter.api.Test,Static Dependency
tika-core,BodyContentHandlerTest.java,org.apache.tika.TikaTest,Static Dependency
tika-core,BodyContentHandlerTest.java,org.apache.tika.metadata.Metadata,Static Dependency
tika-core,BodyContentHandlerTest.java,java.io.ByteArrayOutputStream,Static Dependency
tika-core,BodyContentHandlerTest.java,java.io.OutputStreamWriter,Static Dependency
tika-core,BodyContentHandlerTest.java,org.apache.tika.io.TikaInputStream,Static Dependency
tika-core,BodyContentHandlerTest.java,org.apache.tika.parser.ParseContext,Static Dependency
tika-core,BodyContentHandlerTest.java,org.apache.tika.parser.mock.MockParser,Static Dependency
tika-core,BodyContentHandlerTest.java,org.apache.tika.parser.AutoDetectParser,Static Dependency
tika-core,BodyContentHandlerTest.java,org.apache.tika.parser.Parser,Static Dependency
tika-core,LinkContentHandlerTest.java,org.junit.jupiter.api.Test,Static Dependency
tika-core,LinkContentHandlerTest.java,org.xml.sax.helpers.AttributesImpl,Static Dependency
tika-core,SerializerTest.java,org.junit.jupiter.api.Test,Static Dependency
tika-core,SerializerTest.java,org.xml.sax.ContentHandler,Static Dependency
tika-core,SerializerTest.java,org.xml.sax.helpers.AttributesImpl,Static Dependency
tika-core,SecureContentHandlerTest.java,org.junit.jupiter.api.Test,Static Dependency
tika-core,SecureContentHandlerTest.java,java.io.IOException,Static Dependency
tika-core,SecureContentHandlerTest.java,org.junit.jupiter.api.BeforeEach,Static Dependency
tika-core,SecureContentHandlerTest.java,org.xml.sax.SAXException,Static Dependency
tika-core,SecureContentHandlerTest.java,org.xml.sax.helpers.DefaultHandler,Static Dependency
tika-core,SecureContentHandlerTest.java,org.apache.tika.io.TikaInputStream,Static Dependency
tika-core,SecureContentHandlerTest.java,org.apache.commons.io.input.NullInputStream,Static Dependency
tika-core,SecureContentHandlerTest.java,org.apache.tika.exception.TikaException,Static Dependency
tika-core,SecureContentHandlerTest.java,org.xml.sax.helpers.AttributesImpl,Static Dependency
tika-core,XPathParserTest.java,org.junit.jupiter.api.Test,Static Dependency
tika-core,XPathParserTest.java,org.junit.jupiter.api.BeforeEach,Static Dependency
tika-core,ParseContextConfigTest.java,org.junit.jupiter.api.Test,Static Dependency
tika-core,ParseContextConfigTest.java,org.apache.tika.parser.ParseContext,Static Dependency
tika-core,DummyExecutor.java,java.util.concurrent.ThreadPoolExecutor,Static Dependency
tika-core,DummyExecutor.java,java.util.concurrent.LinkedBlockingQueue,Static Dependency
tika-core,DummyExecutor.java,org.apache.tika.concurrent.ConfigurableThreadPoolExecutor,Static Dependency
tika-core,DummyExecutor.java,java.util.concurrent.TimeUnit,Static Dependency
tika-core,DummyParser.java,java.util.Collection,Static Dependency
tika-core,DummyParser.java,org.apache.tika.parser.CompositeParser,Static Dependency
tika-core,DummyParser.java,org.apache.tika.parser.Parser,Static Dependency
tika-core,DummyParser.java,org.apache.tika.mime.MediaTypeRegistry,Static Dependency
tika-core,TailStreamTest.java,org.junit.jupiter.api.Test,Static Dependency
tika-core,TailStreamTest.java,java.io.IOException,Static Dependency
tika-core,TailStreamTest.java,java.io.ByteArrayOutputStream,Static Dependency
tika-core,TailStreamTest.java,java.io.ByteArrayInputStream,Static Dependency
tika-core,TailStreamTest.java,java.io.InputStream,Static Dependency
tika-core,FilenameUtilsTest.java,org.junit.jupiter.api.Test,Static Dependency
tika-core,FilenameUtilsTest.java,org.apache.tika.utils.StringUtils,Static Dependency
tika-core,FilenameUtilsTest.java,org.apache.tika.metadata.Metadata,Static Dependency
tika-core,FilenameUtilsTest.java,org.apache.tika.metadata.TikaCoreProperties,Static Dependency
tika-core,TemporaryResourcesTest.java,org.junit.jupiter.api.Test,Static Dependency
tika-core,TemporaryResourcesTest.java,java.io.IOException,Static Dependency
tika-core,TemporaryResourcesTest.java,java.nio.file.Path,Static Dependency
tika-core,TemporaryResourcesTest.java,java.nio.file.Files,Static Dependency
tika-core,TikaInputStreamTest.java,java.nio.file.Paths,Static Dependency
tika-core,TikaInputStreamTest.java,java.io.IOException,Static Dependency
tika-core,TikaInputStreamTest.java,org.junit.jupiter.api.Test,Static Dependency
tika-core,TikaInputStreamTest.java,java.nio.file.Path,Static Dependency
tika-core,TikaInputStreamTest.java,java.net.URL,Static Dependency
tika-core,TikaInputStreamTest.java,org.apache.commons.io.IOUtils,Static Dependency
tika-core,TikaInputStreamTest.java,org.junit.jupiter.api.io.TempDir,Static Dependency
tika-core,TikaInputStreamTest.java,org.apache.tika.metadata.Metadata,Static Dependency
tika-core,TikaInputStreamTest.java,java.nio.file.Files,Static Dependency
tika-core,TikaInputStreamTest.java,java.io.InputStream,Static Dependency
tika-core,TikaInputStreamTest.java,org.apache.tika.metadata.TikaCoreProperties,Static Dependency
tika-core,EndianUtilsTest.java,org.junit.jupiter.api.Test,Static Dependency
tika-core,EndianUtilsTest.java,java.io.ByteArrayInputStream,Static Dependency
tika-core,LookaheadInputStreamTest.java,org.junit.jupiter.api.Test,Static Dependency
tika-core,LookaheadInputStreamTest.java,java.io.IOException,Static Dependency
tika-core,LookaheadInputStreamTest.java,java.io.InputStream,Static Dependency
tika-core,LookaheadInputStreamTest.java,java.io.ByteArrayInputStream,Static Dependency
tika-core,ConcurrentUtilsTest.java,org.junit.jupiter.api.Test,Static Dependency
tika-core,ConcurrentUtilsTest.java,org.apache.tika.parser.ParseContext,Static Dependency
tika-core,ConcurrentUtilsTest.java,org.apache.tika.concurrent.SimpleThreadPoolExecutor,Static Dependency
tika-core,ConcurrentUtilsTest.java,java.util.concurrent.Future,Static Dependency
tika-core,XMLReaderUtilsTest.java,org.junit.jupiter.api.Test,Static Dependency
tika-core,XMLReaderUtilsTest.java,java.nio.charset.StandardCharsets,Static Dependency
tika-core,XMLReaderUtilsTest.java,javax.xml.stream.XMLInputFactory,Static Dependency
tika-core,XMLReaderUtilsTest.java,org.junit.jupiter.api.AfterAll,Static Dependency
tika-core,XMLReaderUtilsTest.java,javax.xml.stream.XMLStreamException,Static Dependency
tika-core,XMLReaderUtilsTest.java,org.w3c.dom.Document,Static Dependency
tika-core,XMLReaderUtilsTest.java,org.xml.sax.SAXException,Static Dependency
tika-core,XMLReaderUtilsTest.java,java.io.ByteArrayInputStream,Static Dependency
tika-core,XMLReaderUtilsTest.java,org.w3c.dom.NodeList,Static Dependency
tika-core,XMLReaderUtilsTest.java,java.util.NoSuchElementException,Static Dependency
tika-core,XMLReaderUtilsTest.java,org.apache.tika.sax.ToTextContentHandler,Static Dependency
tika-core,XMLReaderUtilsTest.java,org.apache.tika.parser.ParseContext,Static Dependency
tika-core,XMLReaderUtilsTest.java,org.w3c.dom.Node,Static Dependency
tika-core,XMLReaderUtilsTest.java,java.net.ConnectException,Static Dependency
tika-core,XMLReaderUtilsTest.java,javax.xml.stream.XMLEventReader,Static Dependency
tika-core,XMLReaderUtilsTest.java,java.util.Locale,Static Dependency
tika-core,RegexUtilsTest.java,org.junit.jupiter.api.Test,Static Dependency
tika-core,RegexUtilsTest.java,java.util.List,Static Dependency
tika-core,ServiceLoaderUtilsTest.java,org.junit.jupiter.api.Test,Static Dependency
tika-core,ServiceLoaderUtilsTest.java,org.apache.tika.detect.Detector,Static Dependency
tika-core,ServiceLoaderUtilsTest.java,java.util.List,Static Dependency
tika-core,ServiceLoaderUtilsTest.java,org.apache.tika.detect.ZeroSizeFileDetector,Static Dependency
tika-core,ServiceLoaderUtilsTest.java,java.util.Arrays,Static Dependency
tika-core,ServiceLoaderUtilsTest.java,org.apache.tika.detect.OverrideDetector,Static Dependency
tika-core,ServiceLoaderUtilsTest.java,java.util.Collections,Static Dependency
tika-core,ServiceLoaderUtilsTest.java,org.apache.custom.detect.MyCustomDetector,Static Dependency
tika-core,ServiceLoaderUtilsTest.java,org.apache.tika.detect.EmptyDetector,Static Dependency
tika-core,ServiceLoaderUtilsTest.java,java.util.ArrayList,Static Dependency
tika-core,ServiceLoaderUtilsTest.java,org.apache.tika.detect.FileCommandDetector,Static Dependency
tika-core,ServiceLoaderUtilsTest.java,java.util.Random,Static Dependency
tika-core,CharsetUtilsTest.java,org.junit.jupiter.api.Test,Static Dependency
tika-core,LanguageNamesTest.java,org.junit.jupiter.api.Test,Static Dependency
tika-core,ParserDecoratorTest.java,org.junit.jupiter.api.Test,Static Dependency
tika-core,ParserDecoratorTest.java,org.apache.tika.sax.BodyContentHandler,Static Dependency
tika-core,ParserDecoratorTest.java,java.util.Arrays,Static Dependency
tika-core,ParserDecoratorTest.java,org.apache.tika.metadata.Metadata,Static Dependency
tika-core,ParserDecoratorTest.java,java.util.Collections,Static Dependency
tika-core,ParserDecoratorTest.java,org.apache.tika.io.TikaInputStream,Static Dependency
tika-core,ParserDecoratorTest.java,org.apache.tika.mime.MediaType,Static Dependency
tika-core,ParserDecoratorTest.java,java.util.HashSet,Static Dependency
tika-core,ParserDecoratorTest.java,java.util.HashMap,Static Dependency
tika-core,ParserDecoratorTest.java,java.util.Set,Static Dependency
tika-core,CompositeParserTest.java,org.junit.jupiter.api.Test,Static Dependency
tika-core,CompositeParserTest.java,org.xml.sax.ContentHandler,Static Dependency
tika-core,CompositeParserTest.java,java.util.List,Static Dependency
tika-core,CompositeParserTest.java,java.util.Map,Static Dependency
tika-core,CompositeParserTest.java,org.apache.tika.sax.BodyContentHandler,Static Dependency
tika-core,CompositeParserTest.java,org.apache.tika.metadata.Metadata,Static Dependency
tika-core,CompositeParserTest.java,org.apache.tika.mime.MediaTypeRegistry,Static Dependency
tika-core,CompositeParserTest.java,java.util.Collections,Static Dependency
tika-core,CompositeParserTest.java,org.apache.tika.io.TikaInputStream,Static Dependency
tika-core,CompositeParserTest.java,org.apache.tika.mime.MediaType,Static Dependency
tika-core,CompositeParserTest.java,java.util.HashSet,Static Dependency
tika-core,CompositeParserTest.java,java.util.HashMap,Static Dependency
tika-core,CompositeParserTest.java,java.util.Set,Static Dependency
tika-core,DummyParser.java,java.io.IOException,Static Dependency
tika-core,DummyParser.java,org.xml.sax.ContentHandler,Static Dependency
tika-core,DummyParser.java,java.util.Map,Static Dependency
tika-core,DummyParser.java,org.apache.tika.metadata.Metadata,Static Dependency
tika-core,DummyParser.java,org.xml.sax.SAXException,Static Dependency
tika-core,DummyParser.java,org.apache.tika.sax.XHTMLContentHandler,Static Dependency
tika-core,DummyParser.java,org.apache.tika.io.TikaInputStream,Static Dependency
tika-core,DummyParser.java,java.util.Map.Entry,Static Dependency
tika-core,DummyParser.java,org.apache.tika.mime.MediaType,Static Dependency
tika-core,DummyParser.java,org.apache.tika.exception.TikaException,Static Dependency
tika-core,DummyParser.java,java.util.Set,Static Dependency
tika-core,RegexCaptureParserTest.java,org.junit.jupiter.api.Test,Static Dependency
tika-core,RegexCaptureParserTest.java,org.xml.sax.ContentHandler,Static Dependency
tika-core,RegexCaptureParserTest.java,java.nio.charset.StandardCharsets,Static Dependency
tika-core,RegexCaptureParserTest.java,java.util.Map,Static Dependency
tika-core,RegexCaptureParserTest.java,org.apache.tika.metadata.Metadata,Static Dependency
tika-core,RegexCaptureParserTest.java,org.xml.sax.helpers.DefaultHandler,Static Dependency
tika-core,RegexCaptureParserTest.java,org.apache.tika.io.TikaInputStream,Static Dependency
tika-core,RegexCaptureParserTest.java,java.util.HashMap,Static Dependency
tika-core,MultipleParserTest.java,org.apache.tika.metadata.Metadata,Static Dependency
tika-core,MultipleParserTest.java,org.apache.tika.parser.DummyParser,Static Dependency
tika-core,MultipleParserTest.java,org.apache.tika.utils.ParserUtils,Static Dependency
tika-core,MultipleParserTest.java,org.apache.tika.parser.ErrorParser,Static Dependency
tika-core,MultipleParserTest.java,java.util.Map,Static Dependency
tika-core,MultipleParserTest.java,org.apache.tika.sax.BodyContentHandler,Static Dependency
tika-core,MultipleParserTest.java,org.apache.tika.io.TikaInputStream,Static Dependency
tika-core,MultipleParserTest.java,org.apache.tika.parser.ParseContext,Static Dependency
tika-core,MultipleParserTest.java,org.apache.tika.mime.MediaType,Static Dependency
tika-core,MultipleParserTest.java,org.apache.tika.parser.multiple.AbstractMultipleParser.MetadataPolicy,Static Dependency
tika-core,MultipleParserTest.java,java.util.HashSet,Static Dependency
tika-core,MultipleParserTest.java,org.apache.tika.metadata.TikaCoreProperties,Static Dependency
tika-core,MultipleParserTest.java,org.apache.tika.parser.Parser,Static Dependency
tika-core,MultipleParserTest.java,java.util.Set,Static Dependency
tika-core,MultipleParserTest.java,org.junit.jupiter.api.Test,Static Dependency
tika-core,MultipleParserTest.java,java.util.Arrays,Static Dependency
tika-core,MultipleParserTest.java,java.util.Collections,Static Dependency
tika-core,MultipleParserTest.java,java.util.HashMap,Static Dependency
tika-core,MultipleParserTest.java,org.apache.tika.parser.EmptyParser,Static Dependency
tika-core,VowelParser.java,org.w3c.dom.NamedNodeMap,Static Dependency
tika-core,VowelParser.java,org.xml.sax.SAXException,Static Dependency
tika-core,VowelParser.java,org.apache.tika.sax.XHTMLContentHandler,Static Dependency
tika-core,VowelParser.java,java.util.regex.Matcher,Static Dependency
tika-core,VowelParser.java,org.w3c.dom.Node,Static Dependency
tika-core,VowelParser.java,java.util.regex.Pattern,Static Dependency
tika-core,MockParserTest.java,org.junit.jupiter.api.Test,Static Dependency
tika-core,MockParserTest.java,org.apache.tika.TikaTest,Static Dependency
tika-core,MockParserTest.java,java.util.List,Static Dependency
tika-core,MockParserTest.java,org.apache.tika.metadata.Metadata,Static Dependency
tika-core,MockParserTest.java,org.apache.tika.metadata.TikaCoreProperties,Static Dependency
tika-core,MockParser.java,java.io.IOException,Static Dependency
tika-core,MockParser.java,com.martensigwart.fakeload.FakeLoadBuilder,Static Dependency
tika-core,MockParser.java,java.util.concurrent.Future,Static Dependency
tika-core,MockParser.java,java.util.concurrent.ExecutorService,Static Dependency
tika-core,MockParser.java,org.apache.tika.metadata.Metadata,Static Dependency
tika-core,MockParser.java,org.apache.tika.sax.XHTMLContentHandler,Static Dependency
tika-core,MockParser.java,org.apache.tika.extractor.EmbeddedDocumentUtil,Static Dependency
tika-core,MockParser.java,java.util.concurrent.TimeUnit,Static Dependency
tika-core,MockParser.java,java.util.concurrent.ExecutionException,Static Dependency
tika-core,MockParser.java,org.xml.sax.ContentHandler,Static Dependency
tika-core,MockParser.java,org.apache.tika.extractor.EmbeddedDocumentExtractor,Static Dependency
tika-core,MockParser.java,com.martensigwart.fakeload.FakeLoadExecutor,Static Dependency
tika-core,MockParser.java,java.util.concurrent.atomic.AtomicInteger,Static Dependency
tika-core,MockParser.java,org.w3c.dom.NamedNodeMap,Static Dependency
tika-core,MockParser.java,org.w3c.dom.Document,Static Dependency
tika-core,MockParser.java,org.xml.sax.SAXException,Static Dependency
tika-core,MockParser.java,java.lang.reflect.Constructor,Static Dependency
tika-core,MockParser.java,org.apache.tika.io.TikaInputStream,Static Dependency
tika-core,MockParser.java,java.util.ArrayList,Static Dependency
tika-core,MockParser.java,org.apache.tika.parser.ParseContext,Static Dependency
tika-core,MockParser.java,org.w3c.dom.NodeList,Static Dependency
tika-core,MockParser.java,com.martensigwart.fakeload.MemoryUnit,Static Dependency
tika-core,MockParser.java,org.apache.tika.mime.MediaType,Static Dependency
tika-core,MockParser.java,java.nio.charset.StandardCharsets,Static Dependency
tika-core,MockParser.java,com.martensigwart.fakeload.FakeLoadExecutors,Static Dependency
tika-core,MockParser.java,org.apache.tika.exception.TikaException,Static Dependency
tika-core,MockParser.java,org.apache.tika.sax.EmbeddedContentHandler,Static Dependency
tika-core,MockParser.java,org.apache.tika.parser.ParseRecord,Static Dependency
tika-core,MockParser.java,com.martensigwart.fakeload.FakeLoad,Static Dependency
tika-core,MockParser.java,javax.xml.parsers.DocumentBuilder,Static Dependency
tika-core,MockParser.java,java.util.HashSet,Static Dependency
tika-core,MockParser.java,java.util.concurrent.ExecutorCompletionService,Static Dependency
tika-core,MockParser.java,org.apache.tika.metadata.TikaCoreProperties,Static Dependency
tika-core,MockParser.java,java.util.Random,Static Dependency
tika-core,MockParser.java,java.util.Set,Static Dependency
tika-core,MockParser.java,org.apache.tika.parser.Parser,Static Dependency
tika-core,MockParser.java,org.apache.tika.utils.XMLReaderUtils,Static Dependency
tika-core,MockParser.java,java.util.List,Static Dependency
tika-core,MockParser.java,org.apache.commons.io.input.CloseShieldInputStream,Static Dependency
tika-core,MockParser.java,java.io.PrintStream,Static Dependency
tika-core,MockParser.java,java.util.Date,Static Dependency
tika-core,MockParser.java,org.w3c.dom.Node,Static Dependency
tika-core,MockParser.java,java.util.concurrent.Executors,Static Dependency
tika-core,MimeTypesReaderTest.java,org.junit.jupiter.api.Test,Static Dependency
tika-core,MimeTypesReaderTest.java,java.io.IOException,Static Dependency
tika-core,MimeTypesReaderTest.java,java.nio.charset.StandardCharsets,Static Dependency
tika-core,MimeTypesReaderTest.java,java.util.List,Static Dependency
tika-core,MimeTypesReaderTest.java,org.junit.jupiter.api.BeforeEach,Static Dependency
tika-core,MimeTypesReaderTest.java,org.apache.tika.metadata.Metadata,Static Dependency
tika-core,MimeTypesReaderTest.java,org.junit.jupiter.api.AfterEach,Static Dependency
tika-core,MimeTypesReaderTest.java,java.io.ByteArrayInputStream,Static Dependency
tika-core,MimeTypesReaderTest.java,java.util.stream.Collectors,Static Dependency
tika-core,MimeTypesReaderTest.java,java.lang.reflect.Field,Static Dependency
tika-core,MimeTypesReaderTest.java,java.util.ArrayList,Static Dependency
tika-core,MimeTypesReaderTest.java,org.apache.tika.io.TikaInputStream,Static Dependency
tika-core,MimeTypesReaderTest.java,org.apache.tika.parser.ParseContext,Static Dependency
tika-core,MimeTypesReaderTest.java,java.util.concurrent.Executors,Static Dependency
tika-core,MimeTypesReaderTest.java,org.apache.tika.metadata.TikaCoreProperties,Static Dependency
tika-core,MimeTypesReaderTest.java,java.util.Set,Static Dependency
tika-core,ProbabilisticMimeDetectionTestWithTika.java,org.junit.jupiter.api.Test,Static Dependency
tika-core,ProbabilisticMimeDetectionTestWithTika.java,java.io.IOException,Static Dependency
tika-core,ProbabilisticMimeDetectionTestWithTika.java,org.apache.tika.config.ServiceLoader,Static Dependency
tika-core,ProbabilisticMimeDetectionTestWithTika.java,java.net.URL,Static Dependency
tika-core,ProbabilisticMimeDetectionTestWithTika.java,org.apache.tika.mime.ProbabilisticMimeDetectionSelector.Builder,Static Dependency
tika-core,ProbabilisticMimeDetectionTestWithTika.java,org.junit.jupiter.api.BeforeEach,Static Dependency
tika-core,ProbabilisticMimeDetectionTestWithTika.java,org.apache.tika.metadata.Metadata,Static Dependency
tika-core,ProbabilisticMimeDetectionTestWithTika.java,org.apache.tika.Tika,Static Dependency
tika-core,ProbabilisticMimeDetectionTestWithTika.java,java.io.ByteArrayInputStream,Static Dependency
tika-core,ProbabilisticMimeDetectionTestWithTika.java,org.apache.tika.detect.DefaultProbDetector,Static Dependency
tika-core,ProbabilisticMimeDetectionTestWithTika.java,java.io.InputStream,Static Dependency
tika-core,ProbabilisticMimeDetectionTestWithTika.java,org.apache.tika.metadata.TikaCoreProperties,Static Dependency
tika-core,RFC822DetectionTest.java,org.junit.jupiter.api.Test,Static Dependency
tika-core,RFC822DetectionTest.java,java.io.IOException,Static Dependency
tika-core,RFC822DetectionTest.java,java.nio.charset.StandardCharsets,Static Dependency
tika-core,RFC822DetectionTest.java,org.apache.tika.metadata.Metadata,Static Dependency
tika-core,RFC822DetectionTest.java,org.apache.tika.io.TikaInputStream,Static Dependency
tika-core,RFC822DetectionTest.java,org.apache.tika.parser.ParseContext,Static Dependency
tika-core,MimeDetectionTest.java,org.junit.jupiter.api.Test,Static Dependency
tika-core,MimeDetectionTest.java,java.io.IOException,Static Dependency
tika-core,MimeDetectionTest.java,java.net.URL,Static Dependency
tika-core,MimeDetectionTest.java,org.junit.jupiter.api.BeforeAll,Static Dependency
tika-core,MimeDetectionTest.java,org.apache.tika.metadata.Metadata,Static Dependency
tika-core,MimeDetectionTest.java,org.apache.commons.io.ByteOrderMark,Static Dependency
tika-core,MimeDetectionTest.java,org.apache.tika.io.TikaInputStream,Static Dependency
tika-core,MimeDetectionTest.java,org.apache.tika.parser.ParseContext,Static Dependency
tika-core,MimeDetectionTest.java,java.io.InputStream,Static Dependency
tika-core,MimeDetectionTest.java,org.apache.tika.metadata.TikaCoreProperties,Static Dependency
tika-core,CustomReaderTest.java,org.junit.jupiter.api.Test,Static Dependency
tika-core,CustomReaderTest.java,java.util.List,Static Dependency
tika-core,CustomReaderTest.java,java.util.Map,Static Dependency
tika-core,CustomReaderTest.java,org.xml.sax.SAXException,Static Dependency
tika-core,CustomReaderTest.java,java.util.ArrayList,Static Dependency
tika-core,CustomReaderTest.java,org.xml.sax.Attributes,Static Dependency
tika-core,CustomReaderTest.java,java.util.HashMap,Static Dependency
tika-core,CustomReaderTest.java,java.io.InputStream,Static Dependency
tika-core,PatternsTest.java,org.junit.jupiter.api.Test,Static Dependency
tika-core,PatternsTest.java,org.junit.jupiter.api.BeforeEach,Static Dependency
tika-core,PatternsTest.java,java.util.List,Static Dependency
tika-core,ProbabilisticMimeDetectionTest.java,org.junit.jupiter.api.Test,Static Dependency
tika-core,ProbabilisticMimeDetectionTest.java,java.io.IOException,Static Dependency
tika-core,ProbabilisticMimeDetectionTest.java,java.nio.charset.StandardCharsets,Static Dependency
tika-core,ProbabilisticMimeDetectionTest.java,java.net.URL,Static Dependency
tika-core,ProbabilisticMimeDetectionTest.java,org.junit.jupiter.api.BeforeEach,Static Dependency
tika-core,ProbabilisticMimeDetectionTest.java,org.apache.tika.metadata.Metadata,Static Dependency
tika-core,ProbabilisticMimeDetectionTest.java,org.apache.tika.io.TikaInputStream,Static Dependency
tika-core,ProbabilisticMimeDetectionTest.java,org.apache.tika.parser.ParseContext,Static Dependency
tika-core,ProbabilisticMimeDetectionTest.java,java.io.InputStream,Static Dependency
tika-core,ProbabilisticMimeDetectionTest.java,org.apache.tika.metadata.TikaCoreProperties,Static Dependency
tika-core,MediaTypeTest.java,org.junit.jupiter.api.Test,Static Dependency
tika-core,MediaTypeTest.java,java.util.Map,Static Dependency
tika-core,MediaTypeTest.java,java.util.HashMap,Static Dependency
tika-core,TestMetadata.java,java.util.Properties,Static Dependency
tika-core,TestMetadata.java,org.junit.jupiter.api.Test,Static Dependency
tika-core,TestMetadata.java,org.apache.tika.TikaTest,Static Dependency
tika-core,TestMetadata.java,java.text.SimpleDateFormat,Static Dependency
tika-core,TestMetadata.java,java.util.concurrent.Future,Static Dependency
tika-core,TestMetadata.java,java.util.concurrent.ExecutorService,Static Dependency
tika-core,TestMetadata.java,java.util.TimeZone,Static Dependency
tika-core,TestMetadata.java,java.text.DateFormat,Static Dependency
tika-core,TestMetadata.java,java.util.concurrent.Callable,Static Dependency
tika-core,TestMetadata.java,java.util.Date,Static Dependency
tika-core,TestMetadata.java,org.apache.tika.utils.DateUtils,Static Dependency
tika-core,TestMetadata.java,java.util.concurrent.ExecutorCompletionService,Static Dependency
tika-core,TestMetadata.java,java.util.concurrent.Executors,Static Dependency
tika-core,TestMetadata.java,java.util.Random,Static Dependency
tika-core,TestMetadata.java,java.util.Locale,Static Dependency
tika-core,MyCustomDetector.java,java.io.IOException,Static Dependency
tika-core,MyCustomDetector.java,org.apache.tika.detect.Detector,Static Dependency
tika-core,MyCustomDetector.java,org.apache.tika.metadata.Metadata,Static Dependency
tika-core,MyCustomDetector.java,org.apache.tika.io.TikaInputStream,Static Dependency
tika-core,MyCustomDetector.java,org.apache.tika.parser.ParseContext,Static Dependency
tika-core,MyCustomDetector.java,org.apache.tika.mime.MediaType,Static Dependency
tika-detectors,TestMagikaJsonParsing.java,org.junit.jupiter.api.Test,Static Dependency
tika-detectors,TestMagikaJsonParsing.java,java.io.IOException,Static Dependency
tika-detectors,TestMagikaJsonParsing.java,java.nio.charset.StandardCharsets,Static Dependency
tika-detectors,TestMagikaJsonParsing.java,org.apache.tika.TikaTest,Static Dependency
tika-detectors,TestMagikaJsonParsing.java,org.apache.commons.io.IOUtils,Static Dependency
tika-detectors,TestMagikaJsonParsing.java,org.apache.tika.metadata.Metadata,Static Dependency
tika-detectors,TestMagikaJsonParsing.java,org.apache.tika.utils.FileProcessResult,Static Dependency
tika-detectors,TestMagikaIntegration.java,java.nio.file.Paths,Static Dependency
tika-detectors,TestMagikaIntegration.java,org.junit.jupiter.api.Test,Static Dependency
tika-detectors,TestMagikaIntegration.java,java.util.List,Static Dependency
tika-detectors,TestMagikaIntegration.java,org.apache.tika.TikaTest,Static Dependency
tika-detectors,TestMagikaIntegration.java,org.junit.jupiter.api.Disabled,Static Dependency
tika-detectors,TestMagikaIntegration.java,java.nio.file.Path,Static Dependency
tika-detectors,TestMagikaIntegration.java,org.apache.tika.metadata.Metadata,Static Dependency
tika-detectors,TestMagikaIntegration.java,java.net.URISyntaxException,Static Dependency
tika-detectors,TestMagikaIntegration.java,org.apache.tika.parser.Parser,Static Dependency
tika-detectors,TestMagikaIntegration.java,org.apache.tika.config.loader.TikaLoader,Static Dependency
tika-detectors,TestSiegfriedJsonParsing.java,org.junit.jupiter.api.Test,Static Dependency
tika-detectors,TestSiegfriedJsonParsing.java,java.io.IOException,Static Dependency
tika-detectors,TestSiegfriedJsonParsing.java,java.nio.charset.StandardCharsets,Static Dependency
tika-detectors,TestSiegfriedJsonParsing.java,org.apache.tika.TikaTest,Static Dependency
tika-detectors,TestSiegfriedJsonParsing.java,org.apache.commons.io.IOUtils,Static Dependency
tika-detectors,TestSiegfriedJsonParsing.java,org.apache.tika.metadata.Metadata,Static Dependency
tika-detectors,TestSiegfriedJsonParsing.java,org.apache.tika.utils.FileProcessResult,Static Dependency
tika-detectors,TestSiegfriedIntegration.java,java.nio.file.Paths,Static Dependency
tika-detectors,TestSiegfriedIntegration.java,org.junit.jupiter.api.Test,Static Dependency
tika-detectors,TestSiegfriedIntegration.java,org.apache.tika.TikaTest,Static Dependency
tika-detectors,TestSiegfriedIntegration.java,org.junit.jupiter.api.Disabled,Static Dependency
tika-detectors,TestSiegfriedIntegration.java,java.nio.file.Path,Static Dependency
tika-detectors,TestSiegfriedIntegration.java,java.net.URISyntaxException,Static Dependency
tika-detectors,TestSiegfriedIntegration.java,org.apache.tika.parser.Parser,Static Dependency
tika-detectors,TestSiegfriedIntegration.java,org.apache.tika.config.loader.TikaLoader,Static Dependency
tika-grpc,TikaGrpcServerTest.java,java.time.format.DateTimeFormatter,Static Dependency
tika-grpc,TikaGrpcServerTest.java,io.grpc.stub.StreamObserver,Static Dependency
tika-grpc,TikaGrpcServerTest.java,java.time.ZoneId,Static Dependency
tika-grpc,TikaGrpcServerTest.java,org.jetbrains.annotations.NotNull,Static Dependency
tika-grpc,TikaGrpcServerTest.java,java.time.Duration,Static Dependency
tika-grpc,TikaGrpcServerTest.java,com.asarkar.grpc.test.Resources,Static Dependency
tika-grpc,TikaGrpcServerTest.java,java.nio.file.Files,Static Dependency
tika-grpc,TikaGrpcServerTest.java,org.apache.tika.FetchAndParseReply,Static Dependency
tika-grpc,TikaGrpcServerTest.java,org.apache.tika.config.JsonConfigHelper,Static Dependency
tika-grpc,TikaGrpcServerTest.java,java.util.Locale,Static Dependency
tika-grpc,TikaGrpcServerTest.java,org.apache.tika.DeleteFetcherRequest,Static Dependency
tika-grpc,TikaGrpcServerTest.java,org.junit.jupiter.api.AfterAll,Static Dependency
tika-grpc,TikaGrpcServerTest.java,java.util.Map,Static Dependency
tika-grpc,TikaGrpcServerTest.java,org.slf4j.Logger,Static Dependency
tika-grpc,TikaGrpcServerTest.java,io.grpc.Server,Static Dependency
tika-grpc,TikaGrpcServerTest.java,org.junit.jupiter.api.BeforeAll,Static Dependency
tika-grpc,TikaGrpcServerTest.java,java.time.LocalDateTime,Static Dependency
tika-grpc,TikaGrpcServerTest.java,org.apache.tika.SaveFetcherReply,Static Dependency
tika-grpc,TikaGrpcServerTest.java,com.asarkar.grpc.test.GrpcCleanupExtension,Static Dependency
tika-grpc,TikaGrpcServerTest.java,org.apache.tika.GetFetcherReply,Static Dependency
tika-grpc,TikaGrpcServerTest.java,io.grpc.ManagedChannel,Static Dependency
tika-grpc,TikaGrpcServerTest.java,java.io.File,Static Dependency
tika-grpc,TikaGrpcServerTest.java,java.util.ArrayList,Static Dependency
tika-grpc,TikaGrpcServerTest.java,org.apache.tika.GetFetcherRequest,Static Dependency
tika-grpc,TikaGrpcServerTest.java,java.util.concurrent.atomic.AtomicBoolean,Static Dependency
tika-grpc,TikaGrpcServerTest.java,org.slf4j.LoggerFactory,Static Dependency
tika-grpc,TikaGrpcServerTest.java,org.apache.tika.pipes.fetcher.fs.FileSystemFetcher,Static Dependency
tika-grpc,TikaGrpcServerTest.java,java.nio.file.Paths,Static Dependency
tika-grpc,TikaGrpcServerTest.java,java.nio.charset.StandardCharsets,Static Dependency
tika-grpc,TikaGrpcServerTest.java,org.apache.tika.FetchAndParseRequest,Static Dependency
tika-grpc,TikaGrpcServerTest.java,org.apache.tika.TikaGrpc,Static Dependency
tika-grpc,TikaGrpcServerTest.java,java.nio.file.Path,Static Dependency
tika-grpc,TikaGrpcServerTest.java,org.apache.commons.io.FileUtils,Static Dependency
tika-grpc,TikaGrpcServerTest.java,org.apache.tika.pipes.api.PipesResult,Static Dependency
tika-grpc,TikaGrpcServerTest.java,io.grpc.inprocess.InProcessChannelBuilder,Static Dependency
tika-grpc,TikaGrpcServerTest.java,org.apache.tika.DeleteFetcherReply,Static Dependency
tika-grpc,TikaGrpcServerTest.java,com.fasterxml.jackson.databind.ObjectMapper,Static Dependency
tika-grpc,TikaGrpcServerTest.java,org.junit.jupiter.api.Test,Static Dependency
tika-grpc,TikaGrpcServerTest.java,org.junit.jupiter.api.extension.ExtendWith,Static Dependency
tika-grpc,TikaGrpcServerTest.java,java.util.List,Static Dependency
tika-grpc,TikaGrpcServerTest.java,io.grpc.inprocess.InProcessServerBuilder,Static Dependency
tika-grpc,TikaGrpcServerTest.java,java.util.UUID,Static Dependency
tika-grpc,TikaGrpcServerTest.java,java.util.Collections,Static Dependency
tika-grpc,TikaGrpcServerTest.java,com.google.common.collect.ImmutableMap,Static Dependency
tika-grpc,TikaGrpcServerTest.java,org.junit.jupiter.api.Assertions,Static Dependency
tika-grpc,TikaGrpcServerTest.java,org.apache.tika.SaveFetcherRequest,Static Dependency
tika-grpc,TikaGrpcServerTest.java,java.util.HashMap,Static Dependency
tika-grpc,PipesBiDirectionalStreamingIntegrationTest.java,java.io.IOException,Static Dependency
tika-grpc,PipesBiDirectionalStreamingIntegrationTest.java,io.grpc.stub.StreamObserver,Static Dependency
tika-grpc,PipesBiDirectionalStreamingIntegrationTest.java,org.awaitility.Awaitility,Static Dependency
tika-grpc,PipesBiDirectionalStreamingIntegrationTest.java,java.time.Duration,Static Dependency
tika-grpc,PipesBiDirectionalStreamingIntegrationTest.java,org.eclipse.jetty.util.resource.PathResource,Static Dependency
tika-grpc,PipesBiDirectionalStreamingIntegrationTest.java,java.net.InetAddress,Static Dependency
tika-grpc,PipesBiDirectionalStreamingIntegrationTest.java,org.apache.tika.FetchAndParseReply,Static Dependency
tika-grpc,PipesBiDirectionalStreamingIntegrationTest.java,io.grpc.netty.shaded.io.netty.handler.ssl.util.InsecureTrustManagerFactory,Static Dependency
tika-grpc,PipesBiDirectionalStreamingIntegrationTest.java,java.util.Locale,Static Dependency
tika-grpc,PipesBiDirectionalStreamingIntegrationTest.java,io.grpc.TlsChannelCredentials,Static Dependency
tika-grpc,PipesBiDirectionalStreamingIntegrationTest.java,org.junit.jupiter.api.AfterAll,Static Dependency
tika-grpc,PipesBiDirectionalStreamingIntegrationTest.java,java.util.Map,Static Dependency
tika-grpc,PipesBiDirectionalStreamingIntegrationTest.java,org.slf4j.Logger,Static Dependency
tika-grpc,PipesBiDirectionalStreamingIntegrationTest.java,io.grpc.Grpc,Static Dependency
tika-grpc,PipesBiDirectionalStreamingIntegrationTest.java,org.junit.jupiter.api.BeforeAll,Static Dependency
tika-grpc,PipesBiDirectionalStreamingIntegrationTest.java,java.util.concurrent.atomic.AtomicInteger,Static Dependency
tika-grpc,PipesBiDirectionalStreamingIntegrationTest.java,io.grpc.ManagedChannel,Static Dependency
tika-grpc,PipesBiDirectionalStreamingIntegrationTest.java,java.io.File,Static Dependency
tika-grpc,PipesBiDirectionalStreamingIntegrationTest.java,java.util.ArrayList,Static Dependency
tika-grpc,PipesBiDirectionalStreamingIntegrationTest.java,org.eclipse.jetty.server.Server,Static Dependency
tika-grpc,PipesBiDirectionalStreamingIntegrationTest.java,org.slf4j.LoggerFactory,Static Dependency
tika-grpc,PipesBiDirectionalStreamingIntegrationTest.java,org.eclipse.jetty.server.handler.ResourceHandler,Static Dependency
tika-grpc,PipesBiDirectionalStreamingIntegrationTest.java,java.nio.file.Paths,Static Dependency
tika-grpc,PipesBiDirectionalStreamingIntegrationTest.java,java.nio.charset.StandardCharsets,Static Dependency
tika-grpc,PipesBiDirectionalStreamingIntegrationTest.java,org.apache.tika.FetchAndParseRequest,Static Dependency
tika-grpc,PipesBiDirectionalStreamingIntegrationTest.java,org.apache.tika.TikaGrpc,Static Dependency
tika-grpc,PipesBiDirectionalStreamingIntegrationTest.java,org.apache.commons.io.FileUtils,Static Dependency
tika-grpc,PipesBiDirectionalStreamingIntegrationTest.java,com.fasterxml.jackson.databind.ObjectMapper,Static Dependency
tika-grpc,PipesBiDirectionalStreamingIntegrationTest.java,org.junit.jupiter.api.Test,Static Dependency
tika-grpc,PipesBiDirectionalStreamingIntegrationTest.java,java.util.List,Static Dependency
tika-grpc,PipesBiDirectionalStreamingIntegrationTest.java,java.util.Arrays,Static Dependency
tika-grpc,PipesBiDirectionalStreamingIntegrationTest.java,java.util.UUID,Static Dependency
tika-grpc,PipesBiDirectionalStreamingIntegrationTest.java,java.util.Collections,Static Dependency
tika-grpc,PipesBiDirectionalStreamingIntegrationTest.java,java.net.ServerSocket,Static Dependency
tika-grpc,PipesBiDirectionalStreamingIntegrationTest.java,org.junit.jupiter.api.Assertions,Static Dependency
tika-grpc,PipesBiDirectionalStreamingIntegrationTest.java,java.util.HashMap,Static Dependency
tika-bundles,BundleIT.java,java.io.IOException,Static Dependency
tika-bundles,BundleIT.java,org.apache.tika.detect.Detector,Static Dependency
tika-bundles,BundleIT.java,org.apache.tika.metadata.Metadata,Static Dependency
tika-bundles,BundleIT.java,org.apache.tika.Tika,Static Dependency
tika-bundles,BundleIT.java,org.junit.runner.RunWith,Static Dependency
tika-bundles,BundleIT.java,org.ops4j.pax.exam.Configuration,Static Dependency
tika-bundles,BundleIT.java,org.apache.tika.exception.EncryptedDocumentException,Static Dependency
tika-bundles,BundleIT.java,org.junit.Test,Static Dependency
tika-bundles,BundleIT.java,org.ops4j.pax.exam.spi.reactors.ExamReactorStrategy,Static Dependency
tika-bundles,BundleIT.java,org.xml.sax.ContentHandler,Static Dependency
tika-bundles,BundleIT.java,org.apache.tika.parser.DefaultParser,Static Dependency
tika-bundles,BundleIT.java,org.apache.tika.sax.BodyContentHandler,Static Dependency
tika-bundles,BundleIT.java,java.util.jar.Manifest,Static Dependency
tika-bundles,BundleIT.java,org.xml.sax.SAXException,Static Dependency
tika-bundles,BundleIT.java,java.net.URISyntaxException,Static Dependency
tika-bundles,BundleIT.java,java.io.File,Static Dependency
tika-bundles,BundleIT.java,org.apache.tika.io.TikaInputStream,Static Dependency
tika-bundles,BundleIT.java,org.apache.tika.parser.ParseContext,Static Dependency
tika-bundles,BundleIT.java,java.io.FileInputStream,Static Dependency
tika-bundles,BundleIT.java,org.apache.tika.mime.MediaType,Static Dependency
tika-bundles,BundleIT.java,java.nio.file.Paths,Static Dependency
tika-bundles,BundleIT.java,java.util.jar.JarInputStream,Static Dependency
tika-bundles,BundleIT.java,org.ops4j.pax.exam.Option,Static Dependency
tika-bundles,BundleIT.java,org.apache.tika.parser.CompositeParser,Static Dependency
tika-bundles,BundleIT.java,java.util.HashSet,Static Dependency
tika-bundles,BundleIT.java,org.apache.tika.detect.DefaultDetector,Static Dependency
tika-bundles,BundleIT.java,org.apache.tika.metadata.TikaCoreProperties,Static Dependency
tika-bundles,BundleIT.java,org.apache.tika.parser.AutoDetectParser,Static Dependency
tika-bundles,BundleIT.java,java.util.Set,Static Dependency
tika-bundles,BundleIT.java,org.apache.tika.parser.Parser,Static Dependency
tika-bundles,BundleIT.java,org.apache.tika.parser.ocr.TesseractOCRParser,Static Dependency
tika-bundles,BundleIT.java,jakarta.inject.Inject,Static Dependency
tika-bundles,BundleIT.java,java.util.Arrays,Static Dependency
tika-bundles,BundleIT.java,java.util.jar.Attributes,Static Dependency
tika-bundles,BundleIT.java,org.osgi.framework.Bundle,Static Dependency
tika-bundles,BundleIT.java,org.osgi.framework.BundleContext,Static Dependency
tika-bundles,BundleIT.java,org.ops4j.pax.exam.spi.reactors.PerMethod,Static Dependency
tika-bundles,BundleIT.java,org.apache.tika.exception.TikaException,Static Dependency
tika-bundles,BundleIT.java,org.junit.Ignore,Static Dependency
tika-bundles,BundleIT.java,org.osgi.framework.ServiceReference,Static Dependency
tika-bundles,BundleIT.java,org.ops4j.pax.exam.junit.PaxExam,Static Dependency
tika-xmp,XMPMetadataTest.java,java.util.Properties,Static Dependency
tika-xmp,XMPMetadataTest.java,org.junit.jupiter.api.Test,Static Dependency
tika-xmp,XMPMetadataTest.java,org.apache.tika.metadata.XMPRights,Static Dependency
tika-xmp,XMPMetadataTest.java,com.adobe.internal.xmp.XMPConst,Static Dependency
tika-xmp,XMPMetadataTest.java,org.junit.jupiter.api.BeforeEach,Static Dependency
tika-xmp,XMPMetadataTest.java,org.apache.tika.metadata.Metadata,Static Dependency
tika-xmp,XMPMetadataTest.java,com.adobe.internal.xmp.properties.XMPProperty,Static Dependency
tika-xmp,XMPMetadataTest.java,org.apache.tika.metadata.Property,Static Dependency
tika-xmp,XMPMetadataTest.java,com.adobe.internal.xmp.XMPMeta,Static Dependency
tika-xmp,XMPMetadataTest.java,com.adobe.internal.xmp.XMPUtils,Static Dependency
tika-xmp,XMPMetadataTest.java,java.util.Date,Static Dependency
tika-xmp,XMPMetadataTest.java,org.apache.tika.metadata.DublinCore,Static Dependency
tika-xmp,XMPMetadataTest.java,org.apache.tika.metadata.PropertyTypeException,Static Dependency
tika-xmp,XMPMetadataTest.java,org.apache.tika.exception.TikaException,Static Dependency
tika-xmp,XMPMetadataTest.java,org.apache.tika.metadata.TikaCoreProperties,Static Dependency
tika-xmp,XMPMetadataTest.java,com.adobe.internal.xmp.XMPException,Static Dependency
tika-xmp,TikaToXMPTest.java,java.util.concurrent.Future,Static Dependency
tika-xmp,TikaToXMPTest.java,java.util.concurrent.ExecutorService,Static Dependency
tika-xmp,TikaToXMPTest.java,com.adobe.internal.xmp.XMPIterator,Static Dependency
tika-xmp,TikaToXMPTest.java,org.apache.tika.metadata.Metadata,Static Dependency
tika-xmp,TikaToXMPTest.java,com.adobe.internal.xmp.XMPMeta,Static Dependency
tika-xmp,TikaToXMPTest.java,java.util.concurrent.TimeUnit,Static Dependency
tika-xmp,TikaToXMPTest.java,org.apache.tika.metadata.OfficeOpenXMLCore,Static Dependency
tika-xmp,TikaToXMPTest.java,org.apache.tika.xmp.convert.MSOfficeXMLConverter,Static Dependency
tika-xmp,TikaToXMPTest.java,com.adobe.internal.xmp.XMPConst,Static Dependency
tika-xmp,TikaToXMPTest.java,com.adobe.internal.xmp.properties.XMPProperty,Static Dependency
tika-xmp,TikaToXMPTest.java,com.adobe.internal.xmp.XMPMetaFactory,Static Dependency
tika-xmp,TikaToXMPTest.java,java.util.concurrent.TimeoutException,Static Dependency
tika-xmp,TikaToXMPTest.java,java.util.concurrent.ExecutorCompletionService,Static Dependency
tika-xmp,TikaToXMPTest.java,org.apache.tika.xmp.convert.ITikaToXMPConverter,Static Dependency
tika-xmp,TikaToXMPTest.java,org.apache.tika.metadata.TikaCoreProperties,Static Dependency
tika-xmp,TikaToXMPTest.java,com.adobe.internal.xmp.XMPException,Static Dependency
tika-xmp,TikaToXMPTest.java,org.junit.jupiter.api.Test,Static Dependency
tika-xmp,TikaToXMPTest.java,org.apache.tika.xmp.convert.TikaToXMP,Static Dependency
tika-xmp,TikaToXMPTest.java,org.junit.jupiter.api.BeforeEach,Static Dependency
tika-xmp,TikaToXMPTest.java,java.util.concurrent.Callable,Static Dependency
tika-xmp,TikaToXMPTest.java,org.apache.tika.exception.TikaException,Static Dependency
tika-xmp,TikaToXMPTest.java,java.util.concurrent.Executors,Static Dependency
tika-langdetect,Lingo24LangDetectorTest.java,org.junit.jupiter.api.Test,Static Dependency
tika-langdetect,Lingo24LangDetectorTest.java,java.nio.charset.StandardCharsets,Static Dependency
tika-langdetect,Lingo24LangDetectorTest.java,java.util.List,Static Dependency
tika-langdetect,Lingo24LangDetectorTest.java,org.apache.commons.io.IOUtils,Static Dependency
tika-langdetect,Lingo24LangDetectorTest.java,java.io.InputStreamReader,Static Dependency
tika-langdetect,Lingo24LangDetectorTest.java,org.apache.tika.language.detect.LanguageWriter,Static Dependency
tika-langdetect,Lingo24LangDetectorTest.java,org.apache.tika.langdetect.LanguageDetectorTest,Static Dependency
tika-langdetect,Lingo24LangDetectorTest.java,org.apache.tika.language.detect.LanguageDetector,Static Dependency
tika-langdetect,Lingo24LangDetectorTest.java,org.apache.tika.language.detect.LanguageResult,Static Dependency
tika-langdetect,TextLangDetectorTest.java,org.junit.jupiter.api.Test,Static Dependency
tika-langdetect,TextLangDetectorTest.java,java.nio.charset.StandardCharsets,Static Dependency
tika-langdetect,TextLangDetectorTest.java,java.util.List,Static Dependency
tika-langdetect,TextLangDetectorTest.java,org.apache.commons.io.IOUtils,Static Dependency
tika-langdetect,TextLangDetectorTest.java,org.apache.tika.language.detect.LanguageWriter,Static Dependency
tika-langdetect,TextLangDetectorTest.java,org.apache.tika.langdetect.LanguageDetectorTest,Static Dependency
tika-langdetect,TextLangDetectorTest.java,org.apache.tika.language.detect.LanguageDetector,Static Dependency
tika-langdetect,TextLangDetectorTest.java,org.apache.tika.language.detect.LanguageResult,Static Dependency
tika-langdetect,OpenNLPDetectorTest.java,org.junit.jupiter.api.Test,Static Dependency
tika-langdetect,OpenNLPDetectorTest.java,java.io.IOException,Static Dependency
tika-langdetect,OpenNLPDetectorTest.java,java.nio.charset.StandardCharsets,Static Dependency
tika-langdetect,OpenNLPDetectorTest.java,java.io.Reader,Static Dependency
tika-langdetect,OpenNLPDetectorTest.java,java.util.List,Static Dependency
tika-langdetect,OpenNLPDetectorTest.java,java.util.Map,Static Dependency
tika-langdetect,OpenNLPDetectorTest.java,org.junit.jupiter.api.BeforeAll,Static Dependency
tika-langdetect,OpenNLPDetectorTest.java,org.apache.commons.io.IOUtils,Static Dependency
tika-langdetect,OpenNLPDetectorTest.java,java.io.InputStreamReader,Static Dependency
tika-langdetect,OpenNLPDetectorTest.java,org.apache.tika.langdetect.LanguageDetectorTest,Static Dependency
tika-langdetect,OpenNLPDetectorTest.java,java.util.HashMap,Static Dependency
tika-langdetect,OpenNLPDetectorTest.java,org.apache.tika.language.detect.LanguageResult,Static Dependency
tika-langdetect,LanguageProfileTest.java,org.junit.jupiter.api.Test,Static Dependency
tika-langdetect,LanguageProfileTest.java,java.io.IOException,Static Dependency
tika-langdetect,LanguageProfilerBuilderTest.java,java.io.OutputStream,Static Dependency
tika-langdetect,LanguageProfilerBuilderTest.java,java.io.IOException,Static Dependency
tika-langdetect,LanguageProfilerBuilderTest.java,org.junit.jupiter.api.Test,Static Dependency
tika-langdetect,LanguageProfilerBuilderTest.java,java.nio.file.Path,Static Dependency
tika-langdetect,LanguageProfilerBuilderTest.java,org.apache.tika.exception.TikaException,Static Dependency
tika-langdetect,LanguageProfilerBuilderTest.java,org.junit.jupiter.api.BeforeEach,Static Dependency
tika-langdetect,LanguageProfilerBuilderTest.java,org.junit.jupiter.api.AfterEach,Static Dependency
tika-langdetect,LanguageProfilerBuilderTest.java,java.io.BufferedReader,Static Dependency
tika-langdetect,LanguageProfilerBuilderTest.java,java.io.InputStreamReader,Static Dependency
tika-langdetect,LanguageProfilerBuilderTest.java,java.net.URISyntaxException,Static Dependency
tika-langdetect,LanguageProfilerBuilderTest.java,java.nio.file.Files,Static Dependency
tika-langdetect,LanguageProfilerBuilderTest.java,java.io.InputStream,Static Dependency
tika-langdetect,ProfilingHandler.java,org.apache.tika.sax.WriteOutContentHandler,Static Dependency
tika-langdetect,ProfilingWriterTest.java,org.junit.jupiter.api.Test,Static Dependency
tika-langdetect,ProfilingWriterTest.java,java.io.IOException,Static Dependency
tika-langdetect,LanguageIdentifierTest.java,org.junit.jupiter.api.Test,Static Dependency
tika-langdetect,LanguageIdentifierTest.java,java.io.IOException,Static Dependency
tika-langdetect,LanguageIdentifierTest.java,org.apache.commons.io.IOUtils,Static Dependency
tika-langdetect,LanguageIdentifierTest.java,org.junit.jupiter.api.BeforeEach,Static Dependency
tika-langdetect,LanguageIdentifierTest.java,java.io.InputStreamReader,Static Dependency
tika-langdetect,LanguageIdentifierTest.java,java.io.Writer,Static Dependency
tika-langdetect,LanguageIdentifierTest.java,java.util.HashMap,Static Dependency
tika-langdetect,LanguageIdentifierTest.java,java.io.InputStream,Static Dependency
tika-langdetect,LanguageIdentifierTest.java,java.util.Locale,Static Dependency
tika-langdetect,OptimaizeLangDetectorTest.java,org.junit.jupiter.api.Test,Static Dependency
tika-langdetect,OptimaizeLangDetectorTest.java,java.io.IOException,Static Dependency
tika-langdetect,OptimaizeLangDetectorTest.java,java.nio.charset.StandardCharsets,Static Dependency
tika-langdetect,OptimaizeLangDetectorTest.java,org.apache.tika.language.detect.LanguageResult,Static Dependency
tika-langdetect,OptimaizeLangDetectorTest.java,java.util.List,Static Dependency
tika-langdetect,OptimaizeLangDetectorTest.java,java.util.Map,Static Dependency
tika-langdetect,OptimaizeLangDetectorTest.java,org.apache.tika.language.detect.LanguageConfidence,Static Dependency
tika-langdetect,OptimaizeLangDetectorTest.java,org.apache.commons.io.IOUtils,Static Dependency
tika-langdetect,OptimaizeLangDetectorTest.java,org.apache.tika.language.detect.LanguageWriter,Static Dependency
tika-langdetect,OptimaizeLangDetectorTest.java,org.apache.tika.langdetect.LanguageDetectorTest,Static Dependency
tika-langdetect,OptimaizeLangDetectorTest.java,java.util.HashMap,Static Dependency
tika-langdetect,OptimaizeLangDetectorTest.java,org.junit.jupiter.api.Timeout,Static Dependency
tika-langdetect,OptimaizeLangDetectorTest.java,org.apache.tika.language.detect.LanguageDetector,Static Dependency
tika-langdetect,OptimaizeLangDetectorTest.java,java.util.Locale,Static Dependency
tika-server,MetadataResourceTest.java,org.apache.tika.server.core.CXFTestBase,Static Dependency
tika-server,MetadataResourceTest.java,org.apache.cxf.jaxrs.lifecycle.SingletonResourceProvider,Static Dependency
tika-server,MetadataResourceTest.java,org.apache.tika.metadata.Metadata,Static Dependency
tika-server,MetadataResourceTest.java,java.io.InputStreamReader,Static Dependency
tika-server,MetadataResourceTest.java,org.apache.commons.csv.CSVFormat,Static Dependency
tika-server,MetadataResourceTest.java,org.apache.cxf.jaxrs.ext.multipart.ContentDisposition,Static Dependency
tika-server,MetadataResourceTest.java,org.apache.tika.server.core.writer.CSVMessageBodyWriter,Static Dependency
tika-server,MetadataResourceTest.java,org.apache.tika.serialization.JsonMetadata,Static Dependency
tika-server,MetadataResourceTest.java,java.util.Map,Static Dependency
tika-server,MetadataResourceTest.java,org.apache.cxf.jaxrs.client.WebClient,Static Dependency
tika-server,MetadataResourceTest.java,org.apache.cxf.jaxrs.ext.multipart.Attachment,Static Dependency
tika-server,MetadataResourceTest.java,org.apache.tika.server.standard.writer.XMPMessageBodyWriter,Static Dependency
tika-server,MetadataResourceTest.java,java.util.ArrayList,Static Dependency
tika-server,MetadataResourceTest.java,org.apache.tika.server.core.writer.TextMessageBodyWriter,Static Dependency
tika-server,MetadataResourceTest.java,jakarta.ws.rs.core.Response,Static Dependency
tika-server,MetadataResourceTest.java,java.io.InputStream,Static Dependency
tika-server,MetadataResourceTest.java,org.apache.commons.csv.CSVParser,Static Dependency
tika-server,MetadataResourceTest.java,jakarta.ws.rs.core.MediaType,Static Dependency
tika-server,MetadataResourceTest.java,java.io.Reader,Static Dependency
tika-server,MetadataResourceTest.java,org.apache.cxf.jaxrs.ext.multipart.MultipartBody,Static Dependency
tika-server,MetadataResourceTest.java,org.apache.tika.server.standard.resource.XMPMetadataResource,Static Dependency
tika-server,MetadataResourceTest.java,org.apache.commons.csv.CSVRecord,Static Dependency
tika-server,MetadataResourceTest.java,java.util.HashMap,Static Dependency
tika-server,MetadataResourceTest.java,org.apache.tika.metadata.TikaCoreProperties,Static Dependency
tika-server,MetadataResourceTest.java,org.junit.jupiter.api.Test,Static Dependency
tika-server,MetadataResourceTest.java,java.util.List,Static Dependency
tika-server,MetadataResourceTest.java,java.util.Arrays,Static Dependency
tika-server,MetadataResourceTest.java,org.apache.cxf.helpers.IOUtils,Static Dependency
tika-server,MetadataResourceTest.java,org.apache.tika.server.core.resource.MetadataResource,Static Dependency
tika-server,MetadataResourceTest.java,org.apache.cxf.jaxrs.JAXRSServerFactoryBean,Static Dependency
tika-server,MetadataResourceTest.java,org.apache.tika.server.core.writer.JSONMessageBodyWriter,Static Dependency
tika-server,UnpackerResourceTest.java,java.awt.image.BufferedImage,Static Dependency
tika-server,UnpackerResourceTest.java,org.apache.tika.server.core.CXFTestBase,Static Dependency
tika-server,UnpackerResourceTest.java,org.apache.cxf.jaxrs.lifecycle.SingletonResourceProvider,Static Dependency
tika-server,UnpackerResourceTest.java,org.apache.tika.metadata.Metadata,Static Dependency
tika-server,UnpackerResourceTest.java,java.io.ByteArrayInputStream,Static Dependency
tika-server,UnpackerResourceTest.java,org.apache.cxf.jaxrs.ext.multipart.ContentDisposition,Static Dependency
tika-server,UnpackerResourceTest.java,java.util.Map,Static Dependency
tika-server,UnpackerResourceTest.java,javax.imageio.ImageIO,Static Dependency
tika-server,UnpackerResourceTest.java,org.apache.cxf.jaxrs.client.WebClient,Static Dependency
tika-server,UnpackerResourceTest.java,org.apache.cxf.jaxrs.ext.multipart.Attachment,Static Dependency
tika-server,UnpackerResourceTest.java,org.apache.tika.server.core.writer.TarWriter,Static Dependency
tika-server,UnpackerResourceTest.java,org.apache.tika.server.core.writer.ZipWriter,Static Dependency
tika-server,UnpackerResourceTest.java,org.apache.tika.io.TikaInputStream,Static Dependency
tika-server,UnpackerResourceTest.java,java.util.ArrayList,Static Dependency
tika-server,UnpackerResourceTest.java,org.apache.tika.parser.ParseContext,Static Dependency
tika-server,UnpackerResourceTest.java,jakarta.ws.rs.core.Response,Static Dependency
tika-server,UnpackerResourceTest.java,java.io.InputStream,Static Dependency
tika-server,UnpackerResourceTest.java,org.apache.tika.config.loader.TikaLoader,Static Dependency
tika-server,UnpackerResourceTest.java,java.nio.charset.StandardCharsets,Static Dependency
tika-server,UnpackerResourceTest.java,org.apache.cxf.jaxrs.ext.multipart.MultipartBody,Static Dependency
tika-server,UnpackerResourceTest.java,org.apache.tika.server.core.TikaServerParseExceptionMapper,Static Dependency
tika-server,UnpackerResourceTest.java,org.apache.tika.server.core.resource.UnpackerResource,Static Dependency
tika-server,UnpackerResourceTest.java,org.apache.commons.compress.archivers.tar.TarArchiveInputStream,Static Dependency
tika-server,UnpackerResourceTest.java,org.apache.tika.parser.ocr.TesseractOCRParser,Static Dependency
tika-server,UnpackerResourceTest.java,org.junit.jupiter.api.Test,Static Dependency
tika-server,UnpackerResourceTest.java,java.util.List,Static Dependency
tika-server,UnpackerResourceTest.java,java.util.Arrays,Static Dependency
tika-server,UnpackerResourceTest.java,org.apache.cxf.jaxrs.JAXRSServerFactoryBean,Static Dependency
tika-server,TikaResourceTest.java,org.apache.tika.server.core.CXFTestBase,Static Dependency
tika-server,TikaResourceTest.java,org.apache.cxf.jaxrs.lifecycle.SingletonResourceProvider,Static Dependency
tika-server,TikaResourceTest.java,org.apache.tika.metadata.Metadata,Static Dependency
tika-server,TikaResourceTest.java,org.apache.tika.server.core.writer.JSONMessageBodyWriter,Static Dependency
tika-server,TikaResourceTest.java,java.io.InputStreamReader,Static Dependency
tika-server,TikaResourceTest.java,org.apache.tika.server.core.resource.TikaResource,Static Dependency
tika-server,TikaResourceTest.java,org.apache.cxf.jaxrs.ext.multipart.ContentDisposition,Static Dependency
tika-server,TikaResourceTest.java,java.util.Locale,Static Dependency
tika-server,TikaResourceTest.java,org.apache.tika.serialization.JsonMetadata,Static Dependency
tika-server,TikaResourceTest.java,org.apache.cxf.jaxrs.client.WebClient,Static Dependency
tika-server,TikaResourceTest.java,org.apache.cxf.jaxrs.ext.multipart.Attachment,Static Dependency
tika-server,TikaResourceTest.java,java.util.ArrayList,Static Dependency
tika-server,TikaResourceTest.java,jakarta.ws.rs.core.Response,Static Dependency
tika-server,TikaResourceTest.java,java.io.InputStream,Static Dependency
tika-server,TikaResourceTest.java,org.apache.tika.metadata.OfficeOpenXMLExtended,Static Dependency
tika-server,TikaResourceTest.java,java.io.Reader,Static Dependency
tika-server,TikaResourceTest.java,java.nio.charset.StandardCharsets,Static Dependency
tika-server,TikaResourceTest.java,org.apache.cxf.jaxrs.ext.multipart.MultipartBody,Static Dependency
tika-server,TikaResourceTest.java,org.apache.tika.server.core.TikaServerParseExceptionMapper,Static Dependency
tika-server,TikaResourceTest.java,org.apache.commons.compress.compressors.gzip.GzipCompressorInputStream,Static Dependency
tika-server,TikaResourceTest.java,org.apache.cxf.attachment.AttachmentUtil,Static Dependency
tika-server,TikaResourceTest.java,org.apache.tika.metadata.TikaCoreProperties,Static Dependency
tika-server,TikaResourceTest.java,org.apache.tika.parser.ocr.TesseractOCRParser,Static Dependency
tika-server,TikaResourceTest.java,org.junit.jupiter.api.Test,Static Dependency
tika-server,TikaResourceTest.java,java.util.List,Static Dependency
tika-server,TikaResourceTest.java,org.apache.tika.TikaTest,Static Dependency
tika-server,TikaResourceTest.java,java.util.Arrays,Static Dependency
tika-server,TikaResourceTest.java,org.apache.cxf.jaxrs.JAXRSServerFactoryBean,Static Dependency
tika-server,TikaResourceTest.java,jakarta.ws.rs.ProcessingException,Static Dependency
tika-server,UnpackerResourceWithConfigTest.java,java.io.IOException,Static Dependency
tika-server,UnpackerResourceWithConfigTest.java,java.awt.image.BufferedImage,Static Dependency
tika-server,UnpackerResourceWithConfigTest.java,org.apache.tika.server.core.CXFTestBase,Static Dependency
tika-server,UnpackerResourceWithConfigTest.java,org.apache.cxf.jaxrs.lifecycle.SingletonResourceProvider,Static Dependency
tika-server,UnpackerResourceWithConfigTest.java,org.apache.tika.metadata.Metadata,Static Dependency
tika-server,UnpackerResourceWithConfigTest.java,java.io.ByteArrayInputStream,Static Dependency
tika-server,UnpackerResourceWithConfigTest.java,org.apache.cxf.jaxrs.ext.multipart.ContentDisposition,Static Dependency
tika-server,UnpackerResourceWithConfigTest.java,java.util.Map,Static Dependency
tika-server,UnpackerResourceWithConfigTest.java,javax.imageio.ImageIO,Static Dependency
tika-server,UnpackerResourceWithConfigTest.java,org.apache.cxf.jaxrs.client.WebClient,Static Dependency
tika-server,UnpackerResourceWithConfigTest.java,org.apache.cxf.jaxrs.ext.multipart.Attachment,Static Dependency
tika-server,UnpackerResourceWithConfigTest.java,org.apache.tika.server.core.writer.TarWriter,Static Dependency
tika-server,UnpackerResourceWithConfigTest.java,org.apache.tika.server.core.writer.ZipWriter,Static Dependency
tika-server,UnpackerResourceWithConfigTest.java,org.apache.tika.io.TikaInputStream,Static Dependency
tika-server,UnpackerResourceWithConfigTest.java,java.util.ArrayList,Static Dependency
tika-server,UnpackerResourceWithConfigTest.java,org.apache.tika.parser.ParseContext,Static Dependency
tika-server,UnpackerResourceWithConfigTest.java,jakarta.ws.rs.core.Response,Static Dependency
tika-server,UnpackerResourceWithConfigTest.java,java.io.InputStream,Static Dependency
tika-server,UnpackerResourceWithConfigTest.java,org.apache.tika.config.loader.TikaLoader,Static Dependency
tika-server,UnpackerResourceWithConfigTest.java,java.nio.charset.StandardCharsets,Static Dependency
tika-server,UnpackerResourceWithConfigTest.java,org.apache.cxf.jaxrs.ext.multipart.MultipartBody,Static Dependency
tika-server,UnpackerResourceWithConfigTest.java,org.apache.tika.server.core.TikaServerParseExceptionMapper,Static Dependency
tika-server,UnpackerResourceWithConfigTest.java,org.apache.tika.server.core.resource.UnpackerResource,Static Dependency
tika-server,UnpackerResourceWithConfigTest.java,org.junit.jupiter.api.Test,Static Dependency
tika-server,UnpackerResourceWithConfigTest.java,java.util.List,Static Dependency
tika-server,UnpackerResourceWithConfigTest.java,java.util.Arrays,Static Dependency
tika-server,UnpackerResourceWithConfigTest.java,org.apache.cxf.jaxrs.JAXRSServerFactoryBean,Static Dependency
tika-server,TikaPipesTest.java,java.io.IOException,Static Dependency
tika-server,TikaPipesTest.java,org.apache.tika.sax.BasicContentHandlerFactory,Static Dependency
tika-server,TikaPipesTest.java,org.apache.tika.server.core.CXFTestBase,Static Dependency
tika-server,TikaPipesTest.java,org.apache.cxf.jaxrs.lifecycle.SingletonResourceProvider,Static Dependency
tika-server,TikaPipesTest.java,org.apache.tika.metadata.Metadata,Static Dependency
tika-server,TikaPipesTest.java,java.nio.file.StandardCopyOption,Static Dependency
tika-server,TikaPipesTest.java,java.io.ByteArrayInputStream,Static Dependency
tika-server,TikaPipesTest.java,org.apache.tika.pipes.core.extractor.EmbeddedDocumentBytesConfig,Static Dependency
tika-server,TikaPipesTest.java,java.nio.file.Files,Static Dependency
tika-server,TikaPipesTest.java,org.apache.tika.server.core.FetcherStreamFactory,Static Dependency
tika-server,TikaPipesTest.java,org.apache.tika.pipes.core.fetcher.FetcherManager,Static Dependency
tika-server,TikaPipesTest.java,org.slf4j.Logger,Static Dependency
tika-server,TikaPipesTest.java,java.util.Map,Static Dependency
tika-server,TikaPipesTest.java,org.junit.jupiter.api.BeforeAll,Static Dependency
tika-server,TikaPipesTest.java,org.apache.cxf.jaxrs.client.WebClient,Static Dependency
tika-server,TikaPipesTest.java,org.junit.jupiter.api.io.TempDir,Static Dependency
tika-server,TikaPipesTest.java,org.apache.tika.pipes.core.serialization.JsonFetchEmitTuple,Static Dependency
tika-server,TikaPipesTest.java,java.nio.file.FileVisitor,Static Dependency
tika-server,TikaPipesTest.java,java.nio.file.FileVisitResult,Static Dependency
tika-server,TikaPipesTest.java,org.apache.tika.parser.ParseContext,Static Dependency
tika-server,TikaPipesTest.java,java.nio.file.attribute.BasicFileAttributes,Static Dependency
tika-server,TikaPipesTest.java,java.util.ArrayList,Static Dependency
tika-server,TikaPipesTest.java,jakarta.ws.rs.core.Response,Static Dependency
tika-server,TikaPipesTest.java,java.io.InputStream,Static Dependency
tika-server,TikaPipesTest.java,org.slf4j.LoggerFactory,Static Dependency
tika-server,TikaPipesTest.java,org.apache.tika.config.loader.TikaJsonConfig,Static Dependency
tika-server,TikaPipesTest.java,java.io.Reader,Static Dependency
tika-server,TikaPipesTest.java,org.apache.tika.server.core.TikaServerParseExceptionMapper,Static Dependency
tika-server,TikaPipesTest.java,java.nio.file.Path,Static Dependency
tika-server,TikaPipesTest.java,org.apache.tika.plugins.TikaPluginManager,Static Dependency
tika-server,TikaPipesTest.java,org.apache.tika.exception.TikaConfigException,Static Dependency
tika-server,TikaPipesTest.java,org.apache.commons.io.FileUtils,Static Dependency
tika-server,TikaPipesTest.java,org.apache.tika.server.core.resource.PipesResource,Static Dependency
tika-server,TikaPipesTest.java,java.io.StringReader,Static Dependency
tika-server,TikaPipesTest.java,java.util.HashMap,Static Dependency
tika-server,TikaPipesTest.java,org.apache.tika.pipes.api.ParseMode,Static Dependency
tika-server,TikaPipesTest.java,org.apache.cxf.jaxrs.lifecycle.ResourceProvider,Static Dependency
tika-server,TikaPipesTest.java,org.apache.tika.metadata.TikaCoreProperties,Static Dependency
tika-server,TikaPipesTest.java,org.apache.tika.pipes.api.fetcher.FetchKey,Static Dependency
tika-server,TikaPipesTest.java,org.junit.jupiter.api.Test,Static Dependency
tika-server,TikaPipesTest.java,java.util.List,Static Dependency
tika-server,TikaPipesTest.java,org.junit.jupiter.api.BeforeEach,Static Dependency
tika-server,TikaPipesTest.java,java.io.StringWriter,Static Dependency
tika-server,TikaPipesTest.java,org.apache.tika.server.core.writer.JSONObjWriter,Static Dependency
tika-server,TikaPipesTest.java,org.apache.tika.pipes.api.emitter.EmitKey,Static Dependency
tika-server,TikaPipesTest.java,org.apache.tika.sax.ContentHandlerFactory,Static Dependency
tika-server,TikaPipesTest.java,org.apache.tika.serialization.JsonMetadataList,Static Dependency
tika-server,TikaPipesTest.java,org.apache.tika.server.core.InputStreamFactory,Static Dependency
tika-server,TikaPipesTest.java,org.apache.cxf.jaxrs.JAXRSServerFactoryBean,Static Dependency
tika-server,TikaPipesTest.java,org.apache.tika.pipes.api.FetchEmitTuple,Static Dependency
tika-server,TikaDetectorsTest.java,org.junit.jupiter.api.Test,Static Dependency
tika-server,TikaDetectorsTest.java,java.util.List,Static Dependency
tika-server,TikaDetectorsTest.java,java.util.Map,Static Dependency
tika-server,TikaDetectorsTest.java,org.apache.tika.server.core.CXFTestBase,Static Dependency
tika-server,TikaDetectorsTest.java,org.apache.cxf.jaxrs.client.WebClient,Static Dependency
tika-server,TikaDetectorsTest.java,org.apache.cxf.jaxrs.lifecycle.SingletonResourceProvider,Static Dependency
tika-server,TikaDetectorsTest.java,org.apache.tika.detect.microsoft.POIFSContainerDetector,Static Dependency
tika-server,TikaDetectorsTest.java,org.apache.tika.detect.zip.DefaultZipContainerDetector,Static Dependency
tika-server,TikaDetectorsTest.java,org.apache.tika.server.core.resource.TikaDetectors,Static Dependency
tika-server,TikaDetectorsTest.java,org.apache.tika.mime.MimeTypes,Static Dependency
tika-server,TikaDetectorsTest.java,org.apache.tika.detect.ogg.OggDetector,Static Dependency
tika-server,TikaDetectorsTest.java,org.apache.cxf.jaxrs.JAXRSServerFactoryBean,Static Dependency
tika-server,TikaDetectorsTest.java,jakarta.ws.rs.core.Response,Static Dependency
tika-server,TikaDetectorsTest.java,java.io.InputStream,Static Dependency
tika-server,TikaDetectorsTest.java,com.fasterxml.jackson.databind.ObjectMapper,Static Dependency
tika-server,RecursiveMetadataResourceTest.java,org.apache.tika.server.core.CXFTestBase,Static Dependency
tika-server,RecursiveMetadataResourceTest.java,org.apache.cxf.jaxrs.lifecycle.SingletonResourceProvider,Static Dependency
tika-server,RecursiveMetadataResourceTest.java,org.apache.tika.metadata.Metadata,Static Dependency
tika-server,RecursiveMetadataResourceTest.java,java.io.InputStreamReader,Static Dependency
tika-server,RecursiveMetadataResourceTest.java,org.apache.tika.server.core.resource.RecursiveMetadataResource,Static Dependency
tika-server,RecursiveMetadataResourceTest.java,org.apache.tika.server.core.writer.MetadataListMessageBodyWriter,Static Dependency
tika-server,RecursiveMetadataResourceTest.java,jakarta.ws.rs.core.MultivaluedHashMap,Static Dependency
tika-server,RecursiveMetadataResourceTest.java,org.apache.cxf.jaxrs.client.WebClient,Static Dependency
tika-server,RecursiveMetadataResourceTest.java,org.apache.cxf.jaxrs.ext.multipart.Attachment,Static Dependency
tika-server,RecursiveMetadataResourceTest.java,java.util.ArrayList,Static Dependency
tika-server,RecursiveMetadataResourceTest.java,jakarta.ws.rs.core.MultivaluedMap,Static Dependency
tika-server,RecursiveMetadataResourceTest.java,jakarta.ws.rs.core.Response,Static Dependency
tika-server,RecursiveMetadataResourceTest.java,java.io.InputStream,Static Dependency
tika-server,RecursiveMetadataResourceTest.java,org.apache.tika.metadata.OfficeOpenXMLExtended,Static Dependency
tika-server,RecursiveMetadataResourceTest.java,java.io.Reader,Static Dependency
tika-server,RecursiveMetadataResourceTest.java,org.apache.cxf.jaxrs.ext.multipart.MultipartBody,Static Dependency
tika-server,RecursiveMetadataResourceTest.java,org.apache.commons.compress.compressors.gzip.GzipCompressorInputStream,Static Dependency
tika-server,RecursiveMetadataResourceTest.java,org.apache.tika.metadata.PDF,Static Dependency
tika-server,RecursiveMetadataResourceTest.java,org.apache.tika.metadata.TikaCoreProperties,Static Dependency
tika-server,RecursiveMetadataResourceTest.java,org.junit.jupiter.api.Test,Static Dependency
tika-server,RecursiveMetadataResourceTest.java,java.util.List,Static Dependency
tika-server,RecursiveMetadataResourceTest.java,org.apache.tika.TikaTest,Static Dependency
tika-server,RecursiveMetadataResourceTest.java,java.util.Arrays,Static Dependency
tika-server,RecursiveMetadataResourceTest.java,org.apache.tika.serialization.JsonMetadataList,Static Dependency
tika-server,RecursiveMetadataResourceTest.java,org.apache.cxf.jaxrs.JAXRSServerFactoryBean,Static Dependency
tika-server,OpenNLPMetadataFilterTest.java,org.apache.tika.server.core.CXFTestBase,Static Dependency
tika-server,OpenNLPMetadataFilterTest.java,org.apache.cxf.jaxrs.lifecycle.SingletonResourceProvider,Static Dependency
tika-server,OpenNLPMetadataFilterTest.java,org.apache.tika.metadata.Metadata,Static Dependency
tika-server,OpenNLPMetadataFilterTest.java,java.io.InputStreamReader,Static Dependency
tika-server,OpenNLPMetadataFilterTest.java,org.apache.tika.server.core.resource.RecursiveMetadataResource,Static Dependency
tika-server,OpenNLPMetadataFilterTest.java,org.apache.tika.server.core.resource.TikaResource,Static Dependency
tika-server,OpenNLPMetadataFilterTest.java,org.apache.tika.serialization.JsonMetadata,Static Dependency
tika-server,OpenNLPMetadataFilterTest.java,org.apache.tika.server.core.writer.MetadataListMessageBodyWriter,Static Dependency
tika-server,OpenNLPMetadataFilterTest.java,org.apache.cxf.jaxrs.client.WebClient,Static Dependency
tika-server,OpenNLPMetadataFilterTest.java,java.util.ArrayList,Static Dependency
tika-server,OpenNLPMetadataFilterTest.java,jakarta.ws.rs.core.Response,Static Dependency
tika-server,OpenNLPMetadataFilterTest.java,java.io.InputStream,Static Dependency
tika-server,OpenNLPMetadataFilterTest.java,org.apache.tika.metadata.OfficeOpenXMLExtended,Static Dependency
tika-server,OpenNLPMetadataFilterTest.java,java.io.Reader,Static Dependency
tika-server,OpenNLPMetadataFilterTest.java,org.apache.tika.metadata.TikaCoreProperties,Static Dependency
tika-server,OpenNLPMetadataFilterTest.java,org.junit.jupiter.api.Test,Static Dependency
tika-server,OpenNLPMetadataFilterTest.java,java.util.List,Static Dependency
tika-server,OpenNLPMetadataFilterTest.java,org.apache.tika.serialization.JsonMetadataList,Static Dependency
tika-server,OpenNLPMetadataFilterTest.java,org.apache.cxf.jaxrs.JAXRSServerFactoryBean,Static Dependency
tika-server,OpenNLPMetadataFilterTest.java,org.apache.tika.server.core.writer.JSONMessageBodyWriter,Static Dependency
tika-server,DetectorResourceTest.java,org.junit.jupiter.api.Test,Static Dependency
tika-server,DetectorResourceTest.java,org.apache.tika.server.core.TikaServerParseExceptionMapper,Static Dependency
tika-server,DetectorResourceTest.java,java.util.List,Static Dependency
tika-server,DetectorResourceTest.java,org.apache.tika.server.core.CXFTestBase,Static Dependency
tika-server,DetectorResourceTest.java,org.apache.cxf.jaxrs.client.WebClient,Static Dependency
tika-server,DetectorResourceTest.java,org.apache.cxf.jaxrs.lifecycle.SingletonResourceProvider,Static Dependency
tika-server,DetectorResourceTest.java,org.apache.tika.server.core.resource.DetectorResource,Static Dependency
tika-server,DetectorResourceTest.java,org.apache.tika.server.core.writer.TarWriter,Static Dependency
tika-server,DetectorResourceTest.java,org.apache.tika.server.core.writer.ZipWriter,Static Dependency
tika-server,DetectorResourceTest.java,org.apache.tika.server.core.ServerStatus,Static Dependency
tika-server,DetectorResourceTest.java,java.util.ArrayList,Static Dependency
tika-server,DetectorResourceTest.java,org.apache.cxf.jaxrs.JAXRSServerFactoryBean,Static Dependency
tika-server,DetectorResourceTest.java,jakarta.ws.rs.core.Response,Static Dependency
tika-server,DetectorResourceTest.java,java.io.InputStream,Static Dependency
tika-server,TikaMimeTypesTest.java,org.junit.jupiter.api.Test,Static Dependency
tika-server,TikaMimeTypesTest.java,java.util.List,Static Dependency
tika-server,TikaMimeTypesTest.java,java.util.Map,Static Dependency
tika-server,TikaMimeTypesTest.java,org.apache.tika.server.core.CXFTestBase,Static Dependency
tika-server,TikaMimeTypesTest.java,org.apache.tika.server.core.resource.TikaMimeTypes,Static Dependency
tika-server,TikaMimeTypesTest.java,org.apache.cxf.jaxrs.client.WebClient,Static Dependency
tika-server,TikaMimeTypesTest.java,org.apache.cxf.jaxrs.lifecycle.SingletonResourceProvider,Static Dependency
tika-server,TikaMimeTypesTest.java,org.apache.cxf.jaxrs.JAXRSServerFactoryBean,Static Dependency
tika-server,TikaMimeTypesTest.java,jakarta.ws.rs.core.Response,Static Dependency
tika-server,TikaMimeTypesTest.java,java.io.InputStream,Static Dependency
tika-server,TikaMimeTypesTest.java,com.fasterxml.jackson.databind.ObjectMapper,Static Dependency
tika-server,RecursiveMetadataFilterTest.java,org.junit.jupiter.api.Test,Static Dependency
tika-server,RecursiveMetadataFilterTest.java,java.io.Reader,Static Dependency
tika-server,RecursiveMetadataFilterTest.java,java.util.List,Static Dependency
tika-server,RecursiveMetadataFilterTest.java,org.apache.tika.server.core.CXFTestBase,Static Dependency
tika-server,RecursiveMetadataFilterTest.java,org.apache.commons.compress.compressors.gzip.GzipCompressorInputStream,Static Dependency
tika-server,RecursiveMetadataFilterTest.java,org.apache.cxf.jaxrs.client.WebClient,Static Dependency
tika-server,RecursiveMetadataFilterTest.java,org.apache.cxf.jaxrs.lifecycle.SingletonResourceProvider,Static Dependency
tika-server,RecursiveMetadataFilterTest.java,org.apache.tika.metadata.Metadata,Static Dependency
tika-server,RecursiveMetadataFilterTest.java,java.io.InputStreamReader,Static Dependency
tika-server,RecursiveMetadataFilterTest.java,org.apache.tika.serialization.JsonMetadataList,Static Dependency
tika-server,RecursiveMetadataFilterTest.java,org.apache.tika.server.core.resource.RecursiveMetadataResource,Static Dependency
tika-server,RecursiveMetadataFilterTest.java,java.util.ArrayList,Static Dependency
tika-server,RecursiveMetadataFilterTest.java,java.util.HashSet,Static Dependency
tika-server,RecursiveMetadataFilterTest.java,org.apache.cxf.jaxrs.JAXRSServerFactoryBean,Static Dependency
tika-server,RecursiveMetadataFilterTest.java,jakarta.ws.rs.core.Response,Static Dependency
tika-server,RecursiveMetadataFilterTest.java,java.io.InputStream,Static Dependency
tika-server,RecursiveMetadataFilterTest.java,java.util.Set,Static Dependency
tika-server,RecursiveMetadataFilterTest.java,org.apache.tika.server.core.writer.MetadataListMessageBodyWriter,Static Dependency
tika-server,OptimaizeMetadataFilterTest.java,org.apache.tika.server.core.CXFTestBase,Static Dependency
tika-server,OptimaizeMetadataFilterTest.java,org.apache.cxf.jaxrs.lifecycle.SingletonResourceProvider,Static Dependency
tika-server,OptimaizeMetadataFilterTest.java,org.apache.tika.metadata.Metadata,Static Dependency
tika-server,OptimaizeMetadataFilterTest.java,java.io.InputStreamReader,Static Dependency
tika-server,OptimaizeMetadataFilterTest.java,org.apache.tika.server.core.resource.RecursiveMetadataResource,Static Dependency
tika-server,OptimaizeMetadataFilterTest.java,org.apache.tika.server.core.resource.TikaResource,Static Dependency
tika-server,OptimaizeMetadataFilterTest.java,org.apache.tika.serialization.JsonMetadata,Static Dependency
tika-server,OptimaizeMetadataFilterTest.java,org.apache.tika.server.core.writer.MetadataListMessageBodyWriter,Static Dependency
tika-server,OptimaizeMetadataFilterTest.java,org.apache.cxf.jaxrs.client.WebClient,Static Dependency
tika-server,OptimaizeMetadataFilterTest.java,java.util.ArrayList,Static Dependency
tika-server,OptimaizeMetadataFilterTest.java,jakarta.ws.rs.core.Response,Static Dependency
tika-server,OptimaizeMetadataFilterTest.java,java.io.InputStream,Static Dependency
tika-server,OptimaizeMetadataFilterTest.java,org.apache.tika.metadata.OfficeOpenXMLExtended,Static Dependency
tika-server,OptimaizeMetadataFilterTest.java,java.io.Reader,Static Dependency
tika-server,OptimaizeMetadataFilterTest.java,org.apache.tika.metadata.TikaCoreProperties,Static Dependency
tika-server,OptimaizeMetadataFilterTest.java,org.junit.jupiter.api.Test,Static Dependency
tika-server,OptimaizeMetadataFilterTest.java,java.util.List,Static Dependency
tika-server,OptimaizeMetadataFilterTest.java,org.apache.tika.TikaTest,Static Dependency
tika-server,OptimaizeMetadataFilterTest.java,org.apache.tika.serialization.JsonMetadataList,Static Dependency
tika-server,OptimaizeMetadataFilterTest.java,org.apache.cxf.jaxrs.JAXRSServerFactoryBean,Static Dependency
tika-server,OptimaizeMetadataFilterTest.java,org.apache.tika.server.core.writer.JSONMessageBodyWriter,Static Dependency
tika-server,JsonMaxFieldLengthTest.java,org.apache.tika.server.core.CXFTestBase,Static Dependency
tika-server,JsonMaxFieldLengthTest.java,org.apache.cxf.jaxrs.lifecycle.SingletonResourceProvider,Static Dependency
tika-server,JsonMaxFieldLengthTest.java,org.apache.tika.metadata.Metadata,Static Dependency
tika-server,JsonMaxFieldLengthTest.java,java.io.InputStreamReader,Static Dependency
tika-server,JsonMaxFieldLengthTest.java,org.apache.tika.server.core.resource.TikaResource,Static Dependency
tika-server,JsonMaxFieldLengthTest.java,java.nio.file.Files,Static Dependency
tika-server,JsonMaxFieldLengthTest.java,org.apache.tika.serialization.JsonMetadata,Static Dependency
tika-server,JsonMaxFieldLengthTest.java,org.apache.cxf.jaxrs.client.WebClient,Static Dependency
tika-server,JsonMaxFieldLengthTest.java,org.junit.jupiter.api.io.TempDir,Static Dependency
tika-server,JsonMaxFieldLengthTest.java,java.util.ArrayList,Static Dependency
tika-server,JsonMaxFieldLengthTest.java,jakarta.ws.rs.core.Response,Static Dependency
tika-server,JsonMaxFieldLengthTest.java,java.io.InputStream,Static Dependency
tika-server,JsonMaxFieldLengthTest.java,java.nio.charset.StandardCharsets,Static Dependency
tika-server,JsonMaxFieldLengthTest.java,org.apache.tika.server.core.TikaServerParseExceptionMapper,Static Dependency
tika-server,JsonMaxFieldLengthTest.java,java.nio.file.Path,Static Dependency
tika-server,JsonMaxFieldLengthTest.java,org.apache.tika.metadata.TikaCoreProperties,Static Dependency
tika-server,JsonMaxFieldLengthTest.java,org.junit.jupiter.api.Test,Static Dependency
tika-server,JsonMaxFieldLengthTest.java,java.util.List,Static Dependency
tika-server,JsonMaxFieldLengthTest.java,org.apache.cxf.jaxrs.JAXRSServerFactoryBean,Static Dependency
tika-server,JsonMaxFieldLengthTest.java,org.apache.tika.server.core.writer.JSONMessageBodyWriter,Static Dependency
tika-server,FetcherTest.java,org.junit.jupiter.api.Disabled,Static Dependency
tika-server,FetcherTest.java,org.apache.tika.server.core.CXFTestBase,Static Dependency
tika-server,FetcherTest.java,org.apache.cxf.jaxrs.lifecycle.SingletonResourceProvider,Static Dependency
tika-server,FetcherTest.java,org.apache.tika.metadata.Metadata,Static Dependency
tika-server,FetcherTest.java,java.io.InputStreamReader,Static Dependency
tika-server,FetcherTest.java,org.apache.tika.server.core.resource.RecursiveMetadataResource,Static Dependency
tika-server,FetcherTest.java,org.apache.tika.server.core.FetcherStreamFactory,Static Dependency
tika-server,FetcherTest.java,org.apache.tika.server.core.writer.MetadataListMessageBodyWriter,Static Dependency
tika-server,FetcherTest.java,org.apache.tika.pipes.core.fetcher.FetcherManager,Static Dependency
tika-server,FetcherTest.java,org.apache.cxf.jaxrs.client.WebClient,Static Dependency
tika-server,FetcherTest.java,org.apache.tika.io.TikaInputStream,Static Dependency
tika-server,FetcherTest.java,java.util.ArrayList,Static Dependency
tika-server,FetcherTest.java,jakarta.ws.rs.core.Response,Static Dependency
tika-server,FetcherTest.java,java.io.InputStream,Static Dependency
tika-server,FetcherTest.java,org.apache.tika.config.loader.TikaJsonConfig,Static Dependency
tika-server,FetcherTest.java,java.io.Reader,Static Dependency
tika-server,FetcherTest.java,org.apache.tika.plugins.TikaPluginManager,Static Dependency
tika-server,FetcherTest.java,org.apache.commons.compress.compressors.gzip.GzipCompressorInputStream,Static Dependency
tika-server,FetcherTest.java,org.apache.tika.metadata.TikaCoreProperties,Static Dependency
tika-server,FetcherTest.java,org.junit.jupiter.api.Test,Static Dependency
tika-server,FetcherTest.java,java.util.List,Static Dependency
tika-server,FetcherTest.java,org.apache.tika.serialization.JsonMetadataList,Static Dependency
tika-server,FetcherTest.java,org.apache.tika.server.core.InputStreamFactory,Static Dependency
tika-server,FetcherTest.java,org.apache.cxf.jaxrs.JAXRSServerFactoryBean,Static Dependency
tika-server,TikaParsersTest.java,org.junit.jupiter.api.Test,Static Dependency
tika-server,TikaParsersTest.java,java.util.List,Static Dependency
tika-server,TikaParsersTest.java,java.util.Map,Static Dependency
tika-server,TikaParsersTest.java,org.apache.tika.server.core.CXFTestBase,Static Dependency
tika-server,TikaParsersTest.java,org.apache.tika.parser.ogg.OpusParser,Static Dependency
tika-server,TikaParsersTest.java,org.apache.cxf.jaxrs.client.WebClient,Static Dependency
tika-server,TikaParsersTest.java,org.apache.cxf.jaxrs.lifecycle.SingletonResourceProvider,Static Dependency
tika-server,TikaParsersTest.java,org.apache.tika.parser.pkg.PackageParser,Static Dependency
tika-server,TikaParsersTest.java,org.apache.tika.server.core.resource.TikaParsers,Static Dependency
tika-server,TikaParsersTest.java,org.apache.cxf.jaxrs.JAXRSServerFactoryBean,Static Dependency
tika-server,TikaParsersTest.java,jakarta.ws.rs.core.Response,Static Dependency
tika-server,TikaParsersTest.java,java.io.InputStream,Static Dependency
tika-server,TikaParsersTest.java,org.apache.tika.parser.microsoft.ooxml.OOXMLParser,Static Dependency
tika-server,TikaParsersTest.java,com.fasterxml.jackson.databind.ObjectMapper,Static Dependency
tika-server,TestBasic.java,java.nio.file.Paths,Static Dependency
tika-server,TestBasic.java,org.junit.jupiter.api.Test,Static Dependency
tika-server,TestBasic.java,java.nio.file.Path,Static Dependency
tika-server,TestBasic.java,org.junit.jupiter.api.Disabled,Static Dependency
tika-server,TestBasic.java,java.nio.file.Files,Static Dependency
tika-server,TikaWelcomeTest.java,org.apache.cxf.jaxrs.lifecycle.ResourceProvider,Static Dependency
tika-server,TikaWelcomeTest.java,org.junit.jupiter.api.Test,Static Dependency
tika-server,TikaWelcomeTest.java,java.util.List,Static Dependency
tika-server,TikaWelcomeTest.java,org.apache.cxf.jaxrs.client.WebClient,Static Dependency
tika-server,TikaWelcomeTest.java,org.apache.cxf.jaxrs.lifecycle.SingletonResourceProvider,Static Dependency
tika-server,TikaWelcomeTest.java,org.apache.tika.server.core.resource.DetectorResource,Static Dependency
tika-server,TikaWelcomeTest.java,org.apache.tika.Tika,Static Dependency
tika-server,TikaWelcomeTest.java,org.apache.tika.server.core.resource.MetadataResource,Static Dependency
tika-server,TikaWelcomeTest.java,java.util.ArrayList,Static Dependency
tika-server,TikaWelcomeTest.java,org.apache.tika.server.core.resource.TikaWelcome,Static Dependency
tika-server,TikaWelcomeTest.java,org.apache.cxf.jaxrs.JAXRSServerFactoryBean,Static Dependency
tika-server,TikaWelcomeTest.java,jakarta.ws.rs.core.Response,Static Dependency
tika-server,TikaWelcomeTest.java,java.io.InputStream,Static Dependency
tika-server,TikaWelcomeTest.java,org.apache.tika.server.core.resource.TikaVersion,Static Dependency
tika-server,TikaVersionTest.java,org.junit.jupiter.api.Test,Static Dependency
tika-server,TikaVersionTest.java,org.apache.cxf.jaxrs.client.WebClient,Static Dependency
tika-server,TikaVersionTest.java,org.apache.cxf.jaxrs.lifecycle.SingletonResourceProvider,Static Dependency
tika-server,TikaVersionTest.java,org.apache.tika.Tika,Static Dependency
tika-server,TikaVersionTest.java,org.apache.cxf.jaxrs.JAXRSServerFactoryBean,Static Dependency
tika-server,TikaVersionTest.java,jakarta.ws.rs.core.Response,Static Dependency
tika-server,TikaVersionTest.java,java.io.InputStream,Static Dependency
tika-server,TikaVersionTest.java,org.apache.tika.server.core.resource.TikaVersion,Static Dependency
tika-server,TikaResourceTest.java,org.junit.jupiter.api.Test,Static Dependency
tika-server,TikaResourceTest.java,java.nio.charset.StandardCharsets,Static Dependency
tika-server,TikaResourceTest.java,java.util.List,Static Dependency
tika-server,TikaResourceTest.java,jakarta.ws.rs.core.MultivaluedHashMap,Static Dependency
tika-server,TikaResourceTest.java,org.apache.cxf.jaxrs.client.WebClient,Static Dependency
tika-server,TikaResourceTest.java,org.apache.cxf.jaxrs.lifecycle.SingletonResourceProvider,Static Dependency
tika-server,TikaResourceTest.java,org.apache.tika.metadata.Metadata,Static Dependency
tika-server,TikaResourceTest.java,java.io.InputStreamReader,Static Dependency
tika-server,TikaResourceTest.java,org.apache.tika.server.core.resource.TikaResource,Static Dependency
tika-server,TikaResourceTest.java,java.util.ArrayList,Static Dependency
tika-server,TikaResourceTest.java,jakarta.ws.rs.core.MultivaluedMap,Static Dependency
tika-server,TikaResourceTest.java,org.apache.cxf.jaxrs.JAXRSServerFactoryBean,Static Dependency
tika-server,TikaResourceTest.java,org.apache.tika.server.core.writer.JSONMessageBodyWriter,Static Dependency
tika-server,TikaResourceTest.java,jakarta.ws.rs.core.Response,Static Dependency
tika-server,TikaResourceTest.java,java.io.InputStream,Static Dependency
tika-server,TikaResourceTest.java,org.apache.tika.metadata.TikaCoreProperties,Static Dependency
tika-server,TikaResourceTest.java,org.apache.cxf.attachment.AttachmentUtil,Static Dependency
tika-server,TikaResourceTest.java,org.apache.tika.serialization.JsonMetadata,Static Dependency
tika-server,TikaPipesTest.java,java.io.IOException,Static Dependency
tika-server,TikaPipesTest.java,org.apache.tika.sax.BasicContentHandlerFactory,Static Dependency
tika-server,TikaPipesTest.java,org.apache.cxf.jaxrs.lifecycle.SingletonResourceProvider,Static Dependency
tika-server,TikaPipesTest.java,org.apache.tika.metadata.Metadata,Static Dependency
tika-server,TikaPipesTest.java,java.nio.file.StandardCopyOption,Static Dependency
tika-server,TikaPipesTest.java,java.io.InputStreamReader,Static Dependency
tika-server,TikaPipesTest.java,java.io.ByteArrayInputStream,Static Dependency
tika-server,TikaPipesTest.java,java.nio.file.Files,Static Dependency
tika-server,TikaPipesTest.java,org.apache.tika.pipes.core.fetcher.FetcherManager,Static Dependency
tika-server,TikaPipesTest.java,org.junit.jupiter.api.AfterAll,Static Dependency
tika-server,TikaPipesTest.java,org.junit.jupiter.api.BeforeAll,Static Dependency
tika-server,TikaPipesTest.java,org.apache.cxf.jaxrs.client.WebClient,Static Dependency
tika-server,TikaPipesTest.java,org.apache.tika.pipes.core.serialization.JsonFetchEmitTuple,Static Dependency
tika-server,TikaPipesTest.java,org.apache.tika.parser.ParseContext,Static Dependency
tika-server,TikaPipesTest.java,java.util.ArrayList,Static Dependency
tika-server,TikaPipesTest.java,jakarta.ws.rs.core.Response,Static Dependency
tika-server,TikaPipesTest.java,java.io.InputStream,Static Dependency
tika-server,TikaPipesTest.java,org.apache.tika.config.loader.TikaJsonConfig,Static Dependency
tika-server,TikaPipesTest.java,java.io.Reader,Static Dependency
tika-server,TikaPipesTest.java,java.nio.charset.StandardCharsets,Static Dependency
tika-server,TikaPipesTest.java,java.nio.file.Path,Static Dependency
tika-server,TikaPipesTest.java,org.apache.tika.plugins.TikaPluginManager,Static Dependency
tika-server,TikaPipesTest.java,org.apache.tika.exception.TikaConfigException,Static Dependency
tika-server,TikaPipesTest.java,org.apache.commons.io.FileUtils,Static Dependency
tika-server,TikaPipesTest.java,org.apache.tika.server.core.resource.PipesResource,Static Dependency
tika-server,TikaPipesTest.java,org.apache.tika.pipes.api.ParseMode,Static Dependency
tika-server,TikaPipesTest.java,org.apache.cxf.jaxrs.lifecycle.ResourceProvider,Static Dependency
tika-server,TikaPipesTest.java,com.fasterxml.jackson.databind.JsonNode,Static Dependency
tika-server,TikaPipesTest.java,org.apache.tika.metadata.TikaCoreProperties,Static Dependency
tika-server,TikaPipesTest.java,com.fasterxml.jackson.databind.ObjectMapper,Static Dependency
tika-server,TikaPipesTest.java,org.apache.tika.pipes.api.fetcher.FetchKey,Static Dependency
tika-server,TikaPipesTest.java,org.junit.jupiter.api.Test,Static Dependency
tika-server,TikaPipesTest.java,java.util.List,Static Dependency
tika-server,TikaPipesTest.java,org.junit.jupiter.api.BeforeEach,Static Dependency
tika-server,TikaPipesTest.java,java.io.StringWriter,Static Dependency
tika-server,TikaPipesTest.java,org.apache.tika.server.core.writer.JSONObjWriter,Static Dependency
tika-server,TikaPipesTest.java,org.apache.tika.pipes.api.emitter.EmitKey,Static Dependency
tika-server,TikaPipesTest.java,org.apache.tika.sax.ContentHandlerFactory,Static Dependency
tika-server,TikaPipesTest.java,org.apache.tika.serialization.JsonMetadataList,Static Dependency
tika-server,TikaPipesTest.java,org.apache.cxf.jaxrs.JAXRSServerFactoryBean,Static Dependency
tika-server,TikaPipesTest.java,org.apache.tika.pipes.api.FetchEmitTuple,Static Dependency
tika-server,LanguageResourceTest.java,org.junit.jupiter.api.Test,Static Dependency
tika-server,LanguageResourceTest.java,java.util.List,Static Dependency
tika-server,LanguageResourceTest.java,org.apache.cxf.jaxrs.client.WebClient,Static Dependency
tika-server,LanguageResourceTest.java,org.apache.cxf.jaxrs.lifecycle.SingletonResourceProvider,Static Dependency
tika-server,LanguageResourceTest.java,org.apache.tika.server.core.writer.TarWriter,Static Dependency
tika-server,LanguageResourceTest.java,org.apache.tika.server.core.writer.ZipWriter,Static Dependency
tika-server,LanguageResourceTest.java,org.apache.tika.server.core.resource.LanguageResource,Static Dependency
tika-server,LanguageResourceTest.java,java.util.ArrayList,Static Dependency
tika-server,LanguageResourceTest.java,org.apache.cxf.jaxrs.JAXRSServerFactoryBean,Static Dependency
tika-server,LanguageResourceTest.java,jakarta.ws.rs.core.Response,Static Dependency
tika-server,LanguageResourceTest.java,java.io.InputStream,Static Dependency
tika-server,TranslateResourceTest.java,org.junit.jupiter.api.Test,Static Dependency
tika-server,TranslateResourceTest.java,java.util.List,Static Dependency
tika-server,TranslateResourceTest.java,org.apache.cxf.jaxrs.client.WebClient,Static Dependency
tika-server,TranslateResourceTest.java,org.apache.cxf.jaxrs.lifecycle.SingletonResourceProvider,Static Dependency
tika-server,TranslateResourceTest.java,org.apache.tika.server.core.writer.TarWriter,Static Dependency
tika-server,TranslateResourceTest.java,org.apache.tika.server.core.writer.ZipWriter,Static Dependency
tika-server,TranslateResourceTest.java,java.util.ArrayList,Static Dependency
tika-server,TranslateResourceTest.java,org.apache.tika.server.core.resource.TranslateResource,Static Dependency
tika-server,TranslateResourceTest.java,org.apache.cxf.jaxrs.JAXRSServerFactoryBean,Static Dependency
tika-server,TranslateResourceTest.java,jakarta.ws.rs.core.Response,Static Dependency
tika-server,TranslateResourceTest.java,java.io.InputStream,Static Dependency
tika-server,StackTraceOffTest.java,org.apache.cxf.jaxrs.lifecycle.SingletonResourceProvider,Static Dependency
tika-server,StackTraceOffTest.java,org.apache.tika.server.core.resource.RecursiveMetadataResource,Static Dependency
tika-server,StackTraceOffTest.java,org.apache.tika.server.core.resource.TikaResource,Static Dependency
tika-server,StackTraceOffTest.java,org.apache.tika.server.core.writer.CSVMessageBodyWriter,Static Dependency
tika-server,StackTraceOffTest.java,org.apache.tika.server.core.writer.MetadataListMessageBodyWriter,Static Dependency
tika-server,StackTraceOffTest.java,org.apache.cxf.jaxrs.client.WebClient,Static Dependency
tika-server,StackTraceOffTest.java,java.util.ArrayList,Static Dependency
tika-server,StackTraceOffTest.java,org.apache.tika.server.core.writer.TextMessageBodyWriter,Static Dependency
tika-server,StackTraceOffTest.java,jakarta.ws.rs.core.Response,Static Dependency
tika-server,StackTraceOffTest.java,java.io.InputStream,Static Dependency
tika-server,StackTraceOffTest.java,jakarta.ws.rs.core.MediaType,Static Dependency
tika-server,StackTraceOffTest.java,org.apache.tika.server.core.resource.UnpackerResource,Static Dependency
tika-server,StackTraceOffTest.java,org.apache.cxf.jaxrs.lifecycle.ResourceProvider,Static Dependency
tika-server,StackTraceOffTest.java,org.junit.jupiter.api.Test,Static Dependency
tika-server,StackTraceOffTest.java,java.util.List,Static Dependency
tika-server,StackTraceOffTest.java,org.apache.tika.server.core.resource.MetadataResource,Static Dependency
tika-server,StackTraceOffTest.java,org.apache.cxf.jaxrs.JAXRSServerFactoryBean,Static Dependency
tika-server,StackTraceOffTest.java,org.apache.tika.server.core.writer.JSONMessageBodyWriter,Static Dependency
tika-server,StackTraceOffTest.java,org.apache.tika.server.core.resource.DetectorResource,Static Dependency
tika-server,NullWebClientLogger.java,org.apache.cxf.common.logging.AbstractDelegatingLogger,Static Dependency
tika-server,NullWebClientLogger.java,java.util.logging.Level,Static Dependency
tika-server,NullWebClientLogger.java,java.util.logging.LogRecord,Static Dependency
tika-server,IntegrationTestBase.java,java.io.IOException,Static Dependency
tika-server,IntegrationTestBase.java,java.time.Duration,Static Dependency
tika-server,IntegrationTestBase.java,java.nio.file.StandardCopyOption,Static Dependency
tika-server,IntegrationTestBase.java,java.util.concurrent.TimeUnit,Static Dependency
tika-server,IntegrationTestBase.java,java.nio.file.Files,Static Dependency
tika-server,IntegrationTestBase.java,org.slf4j.Logger,Static Dependency
tika-server,IntegrationTestBase.java,org.junit.jupiter.api.BeforeAll,Static Dependency
tika-server,IntegrationTestBase.java,org.apache.cxf.jaxrs.client.WebClient,Static Dependency
tika-server,IntegrationTestBase.java,org.junit.jupiter.api.io.TempDir,Static Dependency
tika-server,IntegrationTestBase.java,java.util.ArrayList,Static Dependency
tika-server,IntegrationTestBase.java,org.apache.cxf.common.logging.LogUtils,Static Dependency
tika-server,IntegrationTestBase.java,jakarta.ws.rs.core.Response,Static Dependency
tika-server,IntegrationTestBase.java,org.slf4j.LoggerFactory,Static Dependency
tika-server,IntegrationTestBase.java,java.nio.file.Path,Static Dependency
tika-server,IntegrationTestBase.java,org.junit.jupiter.api.AfterEach,Static Dependency
tika-server,IntegrationTestBase.java,java.time.Instant,Static Dependency
tika-server,IntegrationTestBase.java,java.util.concurrent.TimeoutException,Static Dependency
tika-server,IntegrationTestBase.java,java.util.List,Static Dependency
tika-server,IntegrationTestBase.java,org.apache.tika.TikaTest,Static Dependency
tika-server,IntegrationTestBase.java,java.util.Arrays,Static Dependency
tika-server,RecursiveMetadataResourceTest.java,org.junit.jupiter.api.Test,Static Dependency
tika-server,RecursiveMetadataResourceTest.java,java.io.Reader,Static Dependency
tika-server,RecursiveMetadataResourceTest.java,java.util.List,Static Dependency
tika-server,RecursiveMetadataResourceTest.java,org.apache.cxf.jaxrs.client.WebClient,Static Dependency
tika-server,RecursiveMetadataResourceTest.java,org.apache.cxf.jaxrs.lifecycle.SingletonResourceProvider,Static Dependency
tika-server,RecursiveMetadataResourceTest.java,org.apache.tika.metadata.Metadata,Static Dependency
tika-server,RecursiveMetadataResourceTest.java,java.io.InputStreamReader,Static Dependency
tika-server,RecursiveMetadataResourceTest.java,org.apache.tika.serialization.JsonMetadataList,Static Dependency
tika-server,RecursiveMetadataResourceTest.java,org.apache.tika.server.core.resource.RecursiveMetadataResource,Static Dependency
tika-server,RecursiveMetadataResourceTest.java,java.util.ArrayList,Static Dependency
tika-server,RecursiveMetadataResourceTest.java,org.apache.cxf.jaxrs.JAXRSServerFactoryBean,Static Dependency
tika-server,RecursiveMetadataResourceTest.java,jakarta.ws.rs.core.Response,Static Dependency
tika-server,RecursiveMetadataResourceTest.java,java.io.InputStream,Static Dependency
tika-server,RecursiveMetadataResourceTest.java,org.apache.tika.metadata.TikaCoreProperties,Static Dependency
tika-server,RecursiveMetadataResourceTest.java,org.apache.tika.server.core.writer.MetadataListMessageBodyWriter,Static Dependency
tika-server,TikaServerStatusTest.java,org.junit.jupiter.api.Test,Static Dependency
tika-server,TikaServerStatusTest.java,com.fasterxml.jackson.databind.JsonNode,Static Dependency
tika-server,TikaServerStatusTest.java,java.util.List,Static Dependency
tika-server,TikaServerStatusTest.java,org.apache.tika.server.core.resource.TikaServerStatus,Static Dependency
tika-server,TikaServerStatusTest.java,org.apache.cxf.jaxrs.client.WebClient,Static Dependency
tika-server,TikaServerStatusTest.java,org.apache.cxf.jaxrs.lifecycle.SingletonResourceProvider,Static Dependency
tika-server,TikaServerStatusTest.java,org.apache.tika.server.core.writer.JSONObjWriter,Static Dependency
tika-server,TikaServerStatusTest.java,java.util.UUID,Static Dependency
tika-server,TikaServerStatusTest.java,java.util.ArrayList,Static Dependency
tika-server,TikaServerStatusTest.java,org.apache.cxf.jaxrs.JAXRSServerFactoryBean,Static Dependency
tika-server,TikaServerStatusTest.java,jakarta.ws.rs.core.Response,Static Dependency
tika-server,TikaServerStatusTest.java,java.io.InputStream,Static Dependency
tika-server,TikaServerStatusTest.java,com.fasterxml.jackson.databind.ObjectMapper,Static Dependency
tika-server,TikaResourceMetadataFilterTest.java,org.junit.jupiter.api.Test,Static Dependency
tika-server,TikaResourceMetadataFilterTest.java,java.nio.charset.StandardCharsets,Static Dependency
tika-server,TikaResourceMetadataFilterTest.java,java.util.List,Static Dependency
tika-server,TikaResourceMetadataFilterTest.java,org.apache.cxf.jaxrs.client.WebClient,Static Dependency
tika-server,TikaResourceMetadataFilterTest.java,org.apache.cxf.jaxrs.lifecycle.SingletonResourceProvider,Static Dependency
tika-server,TikaResourceMetadataFilterTest.java,org.apache.tika.metadata.Metadata,Static Dependency
tika-server,TikaResourceMetadataFilterTest.java,java.io.InputStreamReader,Static Dependency
tika-server,TikaResourceMetadataFilterTest.java,org.apache.tika.server.core.resource.TikaResource,Static Dependency
tika-server,TikaResourceMetadataFilterTest.java,java.util.ArrayList,Static Dependency
tika-server,TikaResourceMetadataFilterTest.java,org.apache.cxf.jaxrs.JAXRSServerFactoryBean,Static Dependency
tika-server,TikaResourceMetadataFilterTest.java,org.apache.tika.server.core.writer.JSONMessageBodyWriter,Static Dependency
tika-server,TikaResourceMetadataFilterTest.java,jakarta.ws.rs.core.Response,Static Dependency
tika-server,TikaResourceMetadataFilterTest.java,java.io.InputStream,Static Dependency
tika-server,TikaResourceMetadataFilterTest.java,org.apache.tika.metadata.TikaCoreProperties,Static Dependency
tika-server,TikaResourceMetadataFilterTest.java,org.apache.tika.serialization.JsonMetadata,Static Dependency
tika-server,TikaServerPipesIntegrationTest.java,java.io.IOException,Static Dependency
tika-server,TikaServerPipesIntegrationTest.java,org.apache.tika.sax.BasicContentHandlerFactory,Static Dependency
tika-server,TikaServerPipesIntegrationTest.java,org.apache.tika.metadata.Metadata,Static Dependency
tika-server,TikaServerPipesIntegrationTest.java,java.io.InputStreamReader,Static Dependency
tika-server,TikaServerPipesIntegrationTest.java,java.nio.file.Files,Static Dependency
tika-server,TikaServerPipesIntegrationTest.java,org.junit.jupiter.api.BeforeAll,Static Dependency
tika-server,TikaServerPipesIntegrationTest.java,org.apache.cxf.jaxrs.client.WebClient,Static Dependency
tika-server,TikaServerPipesIntegrationTest.java,org.apache.tika.pipes.core.serialization.JsonFetchEmitTuple,Static Dependency
tika-server,TikaServerPipesIntegrationTest.java,org.apache.tika.parser.ParseContext,Static Dependency
tika-server,TikaServerPipesIntegrationTest.java,jakarta.ws.rs.core.Response,Static Dependency
tika-server,TikaServerPipesIntegrationTest.java,java.io.InputStream,Static Dependency
tika-server,TikaServerPipesIntegrationTest.java,java.io.Reader,Static Dependency
tika-server,TikaServerPipesIntegrationTest.java,java.nio.file.Path,Static Dependency
tika-server,TikaServerPipesIntegrationTest.java,org.junit.jupiter.api.AfterEach,Static Dependency
tika-server,TikaServerPipesIntegrationTest.java,org.apache.tika.utils.ProcessUtils,Static Dependency
tika-server,TikaServerPipesIntegrationTest.java,org.apache.tika.pipes.api.ParseMode,Static Dependency
tika-server,TikaServerPipesIntegrationTest.java,com.fasterxml.jackson.databind.JsonNode,Static Dependency
tika-server,TikaServerPipesIntegrationTest.java,com.fasterxml.jackson.databind.ObjectMapper,Static Dependency
tika-server,TikaServerPipesIntegrationTest.java,org.apache.tika.pipes.api.fetcher.FetchKey,Static Dependency
tika-server,TikaServerPipesIntegrationTest.java,org.junit.jupiter.api.Test,Static Dependency
tika-server,TikaServerPipesIntegrationTest.java,org.junit.jupiter.api.BeforeEach,Static Dependency
tika-server,TikaServerPipesIntegrationTest.java,org.apache.tika.pipes.api.emitter.EmitKey,Static Dependency
tika-server,TikaServerPipesIntegrationTest.java,org.apache.tika.sax.ContentHandlerFactory,Static Dependency
tika-server,TikaServerPipesIntegrationTest.java,jakarta.ws.rs.ProcessingException,Static Dependency
tika-server,TikaServerPipesIntegrationTest.java,org.apache.tika.pipes.api.FetchEmitTuple,Static Dependency
tika-server,ServerStatusTest.java,org.junit.jupiter.api.Test,Static Dependency
tika-server,ServerStatusTest.java,java.util.Map,Static Dependency
tika-server,ServerStatusTest.java,java.util.concurrent.Future,Static Dependency
tika-server,ServerStatusTest.java,java.util.concurrent.ExecutorService,Static Dependency
tika-server,ServerStatusTest.java,java.util.concurrent.Callable,Static Dependency
tika-server,ServerStatusTest.java,java.util.concurrent.ExecutorCompletionService,Static Dependency
tika-server,ServerStatusTest.java,org.junit.jupiter.api.Timeout,Static Dependency
tika-server,ServerStatusTest.java,java.util.concurrent.Executors,Static Dependency
tika-server,ServerStatusTest.java,java.util.Random,Static Dependency
tika-server,TikaMimeTypesTest.java,org.junit.jupiter.api.Test,Static Dependency
tika-server,TikaMimeTypesTest.java,org.apache.tika.server.core.resource.TikaMimeTypes,Static Dependency
tika-server,TikaMimeTypesTest.java,org.apache.cxf.jaxrs.client.WebClient,Static Dependency
tika-server,TikaMimeTypesTest.java,org.apache.cxf.jaxrs.lifecycle.SingletonResourceProvider,Static Dependency
tika-server,TikaMimeTypesTest.java,org.apache.cxf.jaxrs.JAXRSServerFactoryBean,Static Dependency
tika-server,TikaMimeTypesTest.java,jakarta.ws.rs.core.Response,Static Dependency
tika-server,TikaMimeTypesTest.java,java.io.InputStream,Static Dependency
tika-server,TikaServerIntegrationTest.java,java.io.IOException,Static Dependency
tika-server,TikaServerIntegrationTest.java,org.apache.cxf.configuration.security.KeyStoreType,Static Dependency
tika-server,TikaServerIntegrationTest.java,org.apache.commons.io.IOUtils,Static Dependency
tika-server,TikaServerIntegrationTest.java,org.apache.tika.metadata.Metadata,Static Dependency
tika-server,TikaServerIntegrationTest.java,java.io.InputStreamReader,Static Dependency
tika-server,TikaServerIntegrationTest.java,java.nio.file.Files,Static Dependency
tika-server,TikaServerIntegrationTest.java,org.junit.jupiter.api.Timeout,Static Dependency
tika-server,TikaServerIntegrationTest.java,org.apache.cxf.configuration.jsse.TLSClientParameters,Static Dependency
tika-server,TikaServerIntegrationTest.java,org.junit.jupiter.api.BeforeAll,Static Dependency
tika-server,TikaServerIntegrationTest.java,org.apache.cxf.jaxrs.client.WebClient,Static Dependency
tika-server,TikaServerIntegrationTest.java,org.junit.jupiter.api.io.TempDir,Static Dependency
tika-server,TikaServerIntegrationTest.java,java.net.URISyntaxException,Static Dependency
tika-server,TikaServerIntegrationTest.java,jakarta.ws.rs.core.Response,Static Dependency
tika-server,TikaServerIntegrationTest.java,java.io.InputStream,Static Dependency
tika-server,TikaServerIntegrationTest.java,java.nio.file.Paths,Static Dependency
tika-server,TikaServerIntegrationTest.java,java.io.Reader,Static Dependency
tika-server,TikaServerIntegrationTest.java,org.apache.cxf.configuration.security.KeyManagersType,Static Dependency
tika-server,TikaServerIntegrationTest.java,java.nio.file.Path,Static Dependency
tika-server,TikaServerIntegrationTest.java,org.apache.cxf.configuration.jsse.TLSParameterJaxBUtils,Static Dependency
tika-server,TikaServerIntegrationTest.java,org.apache.tika.utils.ProcessUtils,Static Dependency
tika-server,TikaServerIntegrationTest.java,com.fasterxml.jackson.databind.JsonNode,Static Dependency
tika-server,TikaServerIntegrationTest.java,org.apache.cxf.configuration.security.TrustManagersType,Static Dependency
tika-server,TikaServerIntegrationTest.java,com.fasterxml.jackson.databind.ObjectMapper,Static Dependency
tika-server,TikaServerIntegrationTest.java,org.junit.jupiter.api.Test,Static Dependency
tika-server,TikaServerIntegrationTest.java,java.util.List,Static Dependency
tika-server,TikaServerIntegrationTest.java,org.apache.cxf.transport.http.HTTPConduit,Static Dependency
tika-server,TikaServerIntegrationTest.java,org.apache.tika.serialization.JsonMetadataList,Static Dependency
tika-server,TikaServerIntegrationTest.java,jakarta.ws.rs.ProcessingException,Static Dependency
tika-server,TikaServerIntegrationTest.java,java.security.GeneralSecurityException,Static Dependency
tika-server,StackTraceTest.java,org.apache.cxf.jaxrs.lifecycle.SingletonResourceProvider,Static Dependency
tika-server,StackTraceTest.java,org.apache.tika.server.core.resource.RecursiveMetadataResource,Static Dependency
tika-server,StackTraceTest.java,org.apache.tika.server.core.resource.TikaResource,Static Dependency
tika-server,StackTraceTest.java,org.apache.tika.server.core.writer.CSVMessageBodyWriter,Static Dependency
tika-server,StackTraceTest.java,org.apache.tika.server.core.writer.MetadataListMessageBodyWriter,Static Dependency
tika-server,StackTraceTest.java,org.apache.cxf.jaxrs.client.WebClient,Static Dependency
tika-server,StackTraceTest.java,java.util.ArrayList,Static Dependency
tika-server,StackTraceTest.java,org.apache.tika.server.core.writer.TextMessageBodyWriter,Static Dependency
tika-server,StackTraceTest.java,jakarta.ws.rs.core.Response,Static Dependency
tika-server,StackTraceTest.java,java.io.InputStream,Static Dependency
tika-server,StackTraceTest.java,jakarta.ws.rs.core.MediaType,Static Dependency
tika-server,StackTraceTest.java,org.apache.tika.server.core.resource.UnpackerResource,Static Dependency
tika-server,StackTraceTest.java,org.apache.cxf.jaxrs.lifecycle.ResourceProvider,Static Dependency
tika-server,StackTraceTest.java,org.junit.jupiter.api.Test,Static Dependency
tika-server,StackTraceTest.java,java.util.List,Static Dependency
tika-server,StackTraceTest.java,org.apache.tika.server.core.resource.MetadataResource,Static Dependency
tika-server,StackTraceTest.java,org.apache.cxf.jaxrs.JAXRSServerFactoryBean,Static Dependency
tika-server,StackTraceTest.java,org.apache.tika.server.core.writer.JSONMessageBodyWriter,Static Dependency
tika-server,StackTraceTest.java,org.apache.tika.server.core.resource.DetectorResource,Static Dependency
tika-server,TikaResourceFetcherTest.java,java.io.IOException,Static Dependency
tika-server,TikaResourceFetcherTest.java,org.junit.jupiter.api.Disabled,Static Dependency
tika-server,TikaResourceFetcherTest.java,org.apache.cxf.jaxrs.lifecycle.SingletonResourceProvider,Static Dependency
tika-server,TikaResourceFetcherTest.java,java.io.ByteArrayInputStream,Static Dependency
tika-server,TikaResourceFetcherTest.java,org.apache.tika.server.core.resource.TikaResource,Static Dependency
tika-server,TikaResourceFetcherTest.java,org.apache.tika.config.JsonConfigHelper,Static Dependency
tika-server,TikaResourceFetcherTest.java,org.apache.tika.pipes.core.fetcher.FetcherManager,Static Dependency
tika-server,TikaResourceFetcherTest.java,java.util.Map,Static Dependency
tika-server,TikaResourceFetcherTest.java,jakarta.ws.rs.core.MultivaluedHashMap,Static Dependency
tika-server,TikaResourceFetcherTest.java,org.apache.cxf.jaxrs.client.WebClient,Static Dependency
tika-server,TikaResourceFetcherTest.java,java.net.URISyntaxException,Static Dependency
tika-server,TikaResourceFetcherTest.java,org.apache.tika.io.TikaInputStream,Static Dependency
tika-server,TikaResourceFetcherTest.java,java.util.ArrayList,Static Dependency
tika-server,TikaResourceFetcherTest.java,jakarta.ws.rs.core.MultivaluedMap,Static Dependency
tika-server,TikaResourceFetcherTest.java,jakarta.ws.rs.core.Response,Static Dependency
tika-server,TikaResourceFetcherTest.java,java.io.InputStream,Static Dependency
tika-server,TikaResourceFetcherTest.java,org.apache.tika.config.loader.TikaJsonConfig,Static Dependency
tika-server,TikaResourceFetcherTest.java,java.nio.file.Paths,Static Dependency
tika-server,TikaResourceFetcherTest.java,java.nio.charset.StandardCharsets,Static Dependency
tika-server,TikaResourceFetcherTest.java,java.nio.file.Path,Static Dependency
tika-server,TikaResourceFetcherTest.java,org.apache.tika.plugins.TikaPluginManager,Static Dependency
tika-server,TikaResourceFetcherTest.java,org.apache.tika.exception.TikaConfigException,Static Dependency
tika-server,TikaResourceFetcherTest.java,java.util.HashMap,Static Dependency
tika-server,TikaResourceFetcherTest.java,com.fasterxml.jackson.databind.JsonNode,Static Dependency
tika-server,TikaResourceFetcherTest.java,com.fasterxml.jackson.databind.ObjectMapper,Static Dependency
tika-server,TikaResourceFetcherTest.java,org.junit.jupiter.api.Test,Static Dependency
tika-server,TikaResourceFetcherTest.java,java.util.List,Static Dependency
tika-server,TikaResourceFetcherTest.java,org.apache.cxf.jaxrs.JAXRSServerFactoryBean,Static Dependency
tika-server,TikaResourceFetcherTest.java,org.apache.tika.server.core.writer.JSONMessageBodyWriter,Static Dependency
tika-server,TikaServerConfigTest.java,org.junit.jupiter.api.Test,Static Dependency
tika-server,TikaServerConfigTest.java,org.apache.tika.TikaTest,Static Dependency
tika-server,TikaServerConfigTest.java,java.nio.file.Path,Static Dependency
tika-server,TikaServerConfigTest.java,org.apache.commons.cli.DefaultParser,Static Dependency
tika-server,TikaServerConfigTest.java,org.apache.commons.cli.CommandLineParser,Static Dependency
tika-server,TikaServerConfigTest.java,org.apache.commons.cli.Options,Static Dependency
tika-server,TikaServerConfigTest.java,org.apache.tika.utils.ProcessUtils,Static Dependency
tika-server,TikaServerConfigTest.java,java.util.HashSet,Static Dependency
tika-server,TikaServerConfigTest.java,org.apache.commons.cli.CommandLine,Static Dependency
tika-server,TikaServerConfigTest.java,org.apache.commons.cli.Option,Static Dependency
tika-server,TikaServerConfigTest.java,java.util.Set,Static Dependency
tika-server,CXFTestBase.java,java.io.IOException,Static Dependency
tika-server,CXFTestBase.java,org.apache.cxf.jaxrs.JAXRSServerFactoryBean,Static Dependency
tika-server,CXFTestBase.java,java.awt.image.BufferedImage,Static Dependency
tika-server,CXFTestBase.java,org.apache.commons.codec.digest.DigestUtils,Static Dependency
tika-server,CXFTestBase.java,org.apache.commons.io.IOUtils,Static Dependency
tika-server,CXFTestBase.java,java.nio.file.StandardCopyOption,Static Dependency
tika-server,CXFTestBase.java,java.io.ByteArrayInputStream,Static Dependency
tika-server,CXFTestBase.java,org.apache.tika.server.core.resource.TikaResource,Static Dependency
tika-server,CXFTestBase.java,org.apache.cxf.jaxrs.JAXRSBindingFactory,Static Dependency
tika-server,CXFTestBase.java,java.nio.file.Files,Static Dependency
tika-server,CXFTestBase.java,org.apache.tika.config.JsonConfigHelper,Static Dependency
tika-server,CXFTestBase.java,org.slf4j.Logger,Static Dependency
tika-server,CXFTestBase.java,java.util.Map,Static Dependency
tika-server,CXFTestBase.java,java.io.ByteArrayOutputStream,Static Dependency
tika-server,CXFTestBase.java,org.apache.commons.compress.archivers.ArchiveEntry,Static Dependency
tika-server,CXFTestBase.java,org.apache.cxf.transport.common.gzip.GZIPInInterceptor,Static Dependency
tika-server,CXFTestBase.java,org.apache.commons.compress.archivers.zip.ZipFile,Static Dependency
tika-server,CXFTestBase.java,java.io.InputStream,Static Dependency
tika-server,CXFTestBase.java,org.slf4j.LoggerFactory,Static Dependency
tika-server,CXFTestBase.java,org.apache.tika.config.loader.TikaLoader,Static Dependency
tika-server,CXFTestBase.java,org.apache.commons.compress.compressors.gzip.GzipCompressorOutputStream,Static Dependency
tika-server,CXFTestBase.java,java.io.OutputStream,Static Dependency
tika-server,CXFTestBase.java,java.nio.file.Paths,Static Dependency
tika-server,CXFTestBase.java,org.apache.tika.server.core.resource.UnpackerResource,Static Dependency
tika-server,CXFTestBase.java,java.nio.file.Path,Static Dependency
tika-server,CXFTestBase.java,org.junit.jupiter.api.AfterEach,Static Dependency
tika-server,CXFTestBase.java,org.apache.commons.compress.archivers.zip.ZipArchiveEntry,Static Dependency
tika-server,CXFTestBase.java,org.apache.cxf.transport.common.gzip.GZIPOutInterceptor,Static Dependency
tika-server,CXFTestBase.java,org.apache.cxf.endpoint.Server,Static Dependency
tika-server,CXFTestBase.java,com.fasterxml.jackson.databind.JsonNode,Static Dependency
tika-server,CXFTestBase.java,com.fasterxml.jackson.databind.ObjectMapper,Static Dependency
tika-server,CXFTestBase.java,org.apache.cxf.binding.BindingFactoryManager,Static Dependency
tika-server,CXFTestBase.java,java.util.Enumeration,Static Dependency
tika-server,CXFTestBase.java,org.junit.jupiter.api.BeforeEach,Static Dependency
tika-server,CXFTestBase.java,java.util.Collections,Static Dependency
tika-server,CXFTestBase.java,org.apache.commons.compress.archivers.ArchiveInputStream,Static Dependency
tika-server,CXFTestBase.java,java.util.HashMap,Static Dependency
tika-server,TikaResourceNoStackTest.java,org.junit.jupiter.api.Test,Static Dependency
tika-server,TikaResourceNoStackTest.java,java.nio.charset.StandardCharsets,Static Dependency
tika-server,TikaResourceNoStackTest.java,java.util.List,Static Dependency
tika-server,TikaResourceNoStackTest.java,org.apache.cxf.jaxrs.client.WebClient,Static Dependency
tika-server,TikaResourceNoStackTest.java,org.apache.cxf.jaxrs.lifecycle.SingletonResourceProvider,Static Dependency
tika-server,TikaResourceNoStackTest.java,org.apache.tika.metadata.Metadata,Static Dependency
tika-server,TikaResourceNoStackTest.java,java.io.InputStreamReader,Static Dependency
tika-server,TikaResourceNoStackTest.java,org.apache.tika.server.core.resource.TikaResource,Static Dependency
tika-server,TikaResourceNoStackTest.java,java.util.ArrayList,Static Dependency
tika-server,TikaResourceNoStackTest.java,org.apache.cxf.jaxrs.JAXRSServerFactoryBean,Static Dependency
tika-server,TikaResourceNoStackTest.java,org.apache.tika.server.core.writer.JSONMessageBodyWriter,Static Dependency
tika-server,TikaResourceNoStackTest.java,jakarta.ws.rs.core.Response,Static Dependency
tika-server,TikaResourceNoStackTest.java,java.io.InputStream,Static Dependency
tika-server,TikaResourceNoStackTest.java,org.apache.tika.metadata.TikaCoreProperties,Static Dependency
tika-server,TikaResourceNoStackTest.java,org.apache.tika.serialization.JsonMetadata,Static Dependency
tika-server,TikaServerAsyncIntegrationTest.java,java.io.IOException,Static Dependency
tika-server,TikaServerAsyncIntegrationTest.java,org.apache.tika.sax.BasicContentHandlerFactory,Static Dependency
tika-server,TikaServerAsyncIntegrationTest.java,org.junit.jupiter.api.Disabled,Static Dependency
tika-server,TikaServerAsyncIntegrationTest.java,org.apache.tika.metadata.Metadata,Static Dependency
tika-server,TikaServerAsyncIntegrationTest.java,java.io.InputStreamReader,Static Dependency
tika-server,TikaServerAsyncIntegrationTest.java,java.nio.file.Files,Static Dependency
tika-server,TikaServerAsyncIntegrationTest.java,org.slf4j.Logger,Static Dependency
tika-server,TikaServerAsyncIntegrationTest.java,org.junit.jupiter.api.BeforeAll,Static Dependency
tika-server,TikaServerAsyncIntegrationTest.java,org.apache.cxf.jaxrs.client.WebClient,Static Dependency
tika-server,TikaServerAsyncIntegrationTest.java,org.junit.jupiter.api.io.TempDir,Static Dependency
tika-server,TikaServerAsyncIntegrationTest.java,org.apache.tika.parser.ParseContext,Static Dependency
tika-server,TikaServerAsyncIntegrationTest.java,java.util.ArrayList,Static Dependency
tika-server,TikaServerAsyncIntegrationTest.java,jakarta.ws.rs.core.Response,Static Dependency
tika-server,TikaServerAsyncIntegrationTest.java,java.io.InputStream,Static Dependency
tika-server,TikaServerAsyncIntegrationTest.java,org.slf4j.LoggerFactory,Static Dependency
tika-server,TikaServerAsyncIntegrationTest.java,java.io.Reader,Static Dependency
tika-server,TikaServerAsyncIntegrationTest.java,java.nio.file.Path,Static Dependency
tika-server,TikaServerAsyncIntegrationTest.java,org.apache.tika.pipes.api.ParseMode,Static Dependency
tika-server,TikaServerAsyncIntegrationTest.java,com.fasterxml.jackson.databind.JsonNode,Static Dependency
tika-server,TikaServerAsyncIntegrationTest.java,java.util.Random,Static Dependency
tika-server,TikaServerAsyncIntegrationTest.java,com.fasterxml.jackson.databind.ObjectMapper,Static Dependency
tika-server,TikaServerAsyncIntegrationTest.java,org.apache.tika.pipes.api.fetcher.FetchKey,Static Dependency
tika-server,TikaServerAsyncIntegrationTest.java,org.junit.jupiter.api.Test,Static Dependency
tika-server,TikaServerAsyncIntegrationTest.java,java.util.List,Static Dependency
tika-server,TikaServerAsyncIntegrationTest.java,org.apache.tika.pipes.core.serialization.JsonFetchEmitTupleList,Static Dependency
tika-server,TikaServerAsyncIntegrationTest.java,org.junit.jupiter.api.BeforeEach,Static Dependency
tika-server,TikaServerAsyncIntegrationTest.java,org.apache.tika.pipes.api.emitter.EmitKey,Static Dependency
tika-server,TikaServerAsyncIntegrationTest.java,org.apache.tika.sax.ContentHandlerFactory,Static Dependency
tika-server,TikaServerAsyncIntegrationTest.java,org.apache.tika.pipes.api.FetchEmitTuple,Static Dependency
tika-serialization,UppercasingContentHandlerFactory.java,org.apache.tika.config.TikaComponent,Static Dependency
tika-serialization,UppercasingContentHandlerFactory.java,org.xml.sax.ContentHandler,Static Dependency
tika-serialization,UppercasingContentHandler.java,org.xml.sax.ContentHandler,Static Dependency
tika-serialization,UppercasingContentHandler.java,org.xml.sax.SAXException,Static Dependency
tika-serialization,UppercasingContentHandler.java,org.xml.sax.Locator,Static Dependency
tika-serialization,UppercasingContentHandler.java,org.xml.sax.Attributes,Static Dependency
tika-serialization,UppercasingContentHandler.java,java.util.Locale,Static Dependency
tika-serialization,JsonConfigHelperTest.java,org.junit.jupiter.api.Test,Static Dependency
tika-serialization,JsonConfigHelperTest.java,java.util.Map,Static Dependency
tika-serialization,JsonConfigHelperTest.java,java.nio.file.Path,Static Dependency
tika-serialization,JsonConfigHelperTest.java,org.junit.jupiter.api.io.TempDir,Static Dependency
tika-serialization,JsonConfigHelperTest.java,java.nio.file.Files,Static Dependency
tika-serialization,JsonConfigHelperTest.java,com.fasterxml.jackson.databind.JsonNode,Static Dependency
tika-serialization,TikaJsonConfigTest.java,org.junit.jupiter.api.Test,Static Dependency
tika-serialization,TikaJsonConfigTest.java,java.nio.charset.StandardCharsets,Static Dependency
tika-serialization,TikaJsonConfigTest.java,java.util.List,Static Dependency
tika-serialization,TikaJsonConfigTest.java,java.util.Map,Static Dependency
tika-serialization,TikaJsonConfigTest.java,java.io.ByteArrayInputStream,Static Dependency
tika-serialization,TikaJsonConfigTest.java,com.fasterxml.jackson.databind.JsonNode,Static Dependency
tika-serialization,FallbackTestParser.java,java.io.IOException,Static Dependency
tika-serialization,FallbackTestParser.java,org.xml.sax.ContentHandler,Static Dependency
tika-serialization,FallbackTestParser.java,org.apache.tika.parser.Parser,Static Dependency
tika-serialization,FallbackTestParser.java,org.apache.tika.config.TikaComponent,Static Dependency
tika-serialization,FallbackTestParser.java,org.apache.tika.metadata.Metadata,Static Dependency
tika-serialization,FallbackTestParser.java,java.util.Set,Static Dependency
tika-serialization,FallbackTestParser.java,org.xml.sax.SAXException,Static Dependency
tika-serialization,FallbackTestParser.java,java.util.Collections,Static Dependency
tika-serialization,FallbackTestParser.java,org.apache.tika.exception.TikaConfigException,Static Dependency
tika-serialization,FallbackTestParser.java,org.apache.tika.io.TikaInputStream,Static Dependency
tika-serialization,FallbackTestParser.java,org.apache.tika.mime.MediaType,Static Dependency
tika-serialization,FallbackTestParser.java,org.apache.tika.parser.ParseContext,Static Dependency
tika-serialization,FallbackTestParser.java,org.apache.tika.exception.TikaException,Static Dependency
tika-serialization,FallbackTestParser.java,org.apache.tika.config.JsonConfig,Static Dependency
tika-serialization,FallbackTestParser.java,com.fasterxml.jackson.databind.ObjectMapper,Static Dependency
tika-serialization,ComponentRegistryTest.java,org.junit.jupiter.api.Test,Static Dependency
tika-serialization,ComponentRegistryTest.java,java.util.Map,Static Dependency
tika-serialization,ComponentRegistryTest.java,org.apache.tika.exception.TikaConfigException,Static Dependency
tika-serialization,FrameworkConfigTest.java,org.junit.jupiter.api.Test,Static Dependency
tika-serialization,FrameworkConfigTest.java,com.fasterxml.jackson.databind.JsonNode,Static Dependency
tika-serialization,FrameworkConfigTest.java,com.fasterxml.jackson.databind.ObjectMapper,Static Dependency
tika-serialization,ConfigLoaderTest.java,java.nio.file.Paths,Static Dependency
tika-serialization,ConfigLoaderTest.java,org.junit.jupiter.api.Test,Static Dependency
tika-serialization,ConfigLoaderTest.java,java.nio.file.Path,Static Dependency
tika-serialization,ConfigLoaderTest.java,org.junit.jupiter.api.BeforeEach,Static Dependency
tika-serialization,ConfigLoaderTest.java,org.apache.tika.exception.TikaConfigException,Static Dependency
tika-serialization,OptInTestParser.java,java.io.IOException,Static Dependency
tika-serialization,OptInTestParser.java,org.xml.sax.ContentHandler,Static Dependency
tika-serialization,OptInTestParser.java,org.apache.tika.config.TikaComponent,Static Dependency
tika-serialization,OptInTestParser.java,org.apache.tika.metadata.Metadata,Static Dependency
tika-serialization,OptInTestParser.java,org.xml.sax.SAXException,Static Dependency
tika-serialization,OptInTestParser.java,java.util.Collections,Static Dependency
tika-serialization,OptInTestParser.java,org.apache.tika.io.TikaInputStream,Static Dependency
tika-serialization,OptInTestParser.java,org.apache.tika.mime.MediaType,Static Dependency
tika-serialization,OptInTestParser.java,org.apache.tika.parser.ParseContext,Static Dependency
tika-serialization,OptInTestParser.java,org.apache.tika.exception.TikaException,Static Dependency
tika-serialization,OptInTestParser.java,org.apache.tika.parser.Parser,Static Dependency
tika-serialization,OptInTestParser.java,java.util.Set,Static Dependency
tika-serialization,MinimalTestParser.java,java.io.IOException,Static Dependency
tika-serialization,MinimalTestParser.java,org.xml.sax.ContentHandler,Static Dependency
tika-serialization,MinimalTestParser.java,org.apache.tika.config.TikaComponent,Static Dependency
tika-serialization,MinimalTestParser.java,org.apache.tika.metadata.Metadata,Static Dependency
tika-serialization,MinimalTestParser.java,org.xml.sax.SAXException,Static Dependency
tika-serialization,MinimalTestParser.java,java.util.Collections,Static Dependency
tika-serialization,MinimalTestParser.java,org.apache.tika.io.TikaInputStream,Static Dependency
tika-serialization,MinimalTestParser.java,org.apache.tika.mime.MediaType,Static Dependency
tika-serialization,MinimalTestParser.java,org.apache.tika.parser.ParseContext,Static Dependency
tika-serialization,MinimalTestParser.java,org.apache.tika.exception.TikaException,Static Dependency
tika-serialization,MinimalTestParser.java,org.apache.tika.parser.Parser,Static Dependency
tika-serialization,MinimalTestParser.java,java.util.Set,Static Dependency
tika-serialization,TikaLoaderTest.java,org.junit.jupiter.api.Test,Static Dependency
tika-serialization,TikaLoaderTest.java,java.nio.charset.StandardCharsets,Static Dependency
tika-serialization,TikaLoaderTest.java,java.nio.file.Path,Static Dependency
tika-serialization,TikaLoaderTest.java,org.junit.jupiter.api.Disabled,Static Dependency
tika-serialization,TikaLoaderTest.java,java.net.URL,Static Dependency
tika-serialization,TikaLoaderTest.java,org.apache.tika.metadata.Metadata,Static Dependency
tika-serialization,TikaLoaderTest.java,org.xml.sax.helpers.DefaultHandler,Static Dependency
tika-serialization,TikaLoaderTest.java,org.apache.tika.io.TikaInputStream,Static Dependency
tika-serialization,TikaLoaderTest.java,org.apache.tika.parser.ParseContext,Static Dependency
tika-serialization,TikaLoaderTest.java,java.nio.file.Files,Static Dependency
tika-serialization,TikaLoaderTest.java,org.apache.tika.parser.Parser,Static Dependency
tika-serialization,TikaLoaderTest.java,org.apache.tika.mime.MediaType,Static Dependency
tika-serialization,ConfigurableTestParser.java,java.io.IOException,Static Dependency
tika-serialization,ConfigurableTestParser.java,org.xml.sax.ContentHandler,Static Dependency
tika-serialization,ConfigurableTestParser.java,org.apache.tika.parser.Parser,Static Dependency
tika-serialization,ConfigurableTestParser.java,org.apache.tika.config.TikaComponent,Static Dependency
tika-serialization,ConfigurableTestParser.java,org.apache.tika.metadata.Metadata,Static Dependency
tika-serialization,ConfigurableTestParser.java,java.util.Set,Static Dependency
tika-serialization,ConfigurableTestParser.java,org.xml.sax.SAXException,Static Dependency
tika-serialization,ConfigurableTestParser.java,java.util.Collections,Static Dependency
tika-serialization,ConfigurableTestParser.java,org.apache.tika.exception.TikaConfigException,Static Dependency
tika-serialization,ConfigurableTestParser.java,org.apache.tika.io.TikaInputStream,Static Dependency
tika-serialization,ConfigurableTestParser.java,org.apache.tika.mime.MediaType,Static Dependency
tika-serialization,ConfigurableTestParser.java,org.apache.tika.parser.ParseContext,Static Dependency
tika-serialization,ConfigurableTestParser.java,org.apache.tika.exception.TikaException,Static Dependency
tika-serialization,ConfigurableTestParser.java,org.apache.tika.config.JsonConfig,Static Dependency
tika-serialization,ConfigurableTestParser.java,com.fasterxml.jackson.databind.ObjectMapper,Static Dependency
tika-serialization,TikaLoaderRoundTripTest.java,org.junit.jupiter.api.Test,Static Dependency
tika-serialization,TikaLoaderRoundTripTest.java,java.nio.file.Path,Static Dependency
tika-serialization,TikaLoaderRoundTripTest.java,java.net.URL,Static Dependency
tika-serialization,TikaLoaderRoundTripTest.java,org.apache.tika.parser.CompositeParser,Static Dependency
tika-serialization,TikaLoaderRoundTripTest.java,org.apache.tika.parser.ParseContext,Static Dependency
tika-serialization,TikaLoaderRoundTripTest.java,org.apache.tika.mime.MediaType,Static Dependency
tika-serialization,TikaLoaderRoundTripTest.java,java.nio.file.Files,Static Dependency
tika-serialization,TikaLoaderRoundTripTest.java,com.fasterxml.jackson.databind.JsonNode,Static Dependency
tika-serialization,TikaLoaderRoundTripTest.java,org.apache.tika.parser.Parser,Static Dependency
tika-serialization,TikaLoaderRoundTripTest.java,com.fasterxml.jackson.databind.ObjectMapper,Static Dependency
tika-serialization,CustomClassSerializationTest.java,org.junit.jupiter.api.Test,Static Dependency
tika-serialization,CustomClassSerializationTest.java,org.apache.tika.metadata.filter.MetadataFilter,Static Dependency
tika-serialization,CustomClassSerializationTest.java,org.apache.tika.metadata.Metadata,Static Dependency
tika-serialization,CustomClassSerializationTest.java,org.apache.tika.parser.ParseContext,Static Dependency
tika-serialization,CustomClassSerializationTest.java,com.fasterxml.jackson.databind.module.SimpleModule,Static Dependency
tika-serialization,CustomClassSerializationTest.java,org.apache.tika.serialization.serdes.ParseContextDeserializer,Static Dependency
tika-serialization,CustomClassSerializationTest.java,org.apache.tika.serialization.serdes.ParseContextSerializer,Static Dependency
tika-serialization,CustomClassSerializationTest.java,org.apache.tika.config.loader.TikaObjectMapperFactory,Static Dependency
tika-serialization,CustomClassSerializationTest.java,com.fasterxml.jackson.databind.ObjectMapper,Static Dependency
tika-serialization,CustomClassSerializationTest.java,java.util.Locale,Static Dependency
tika-serialization,ConfigDeserializerTest.java,org.junit.jupiter.api.Test,Static Dependency
tika-serialization,ConfigDeserializerTest.java,org.apache.tika.parser.ParseContext,Static Dependency
tika-serialization,ConfigDeserializerTest.java,org.apache.tika.config.ParseContextConfig,Static Dependency
tika-serialization,JsonMetadataListTest.java,java.nio.file.Paths,Static Dependency
tika-serialization,JsonMetadataListTest.java,org.junit.jupiter.api.Test,Static Dependency
tika-serialization,JsonMetadataListTest.java,java.util.List,Static Dependency
tika-serialization,JsonMetadataListTest.java,java.io.StringWriter,Static Dependency
tika-serialization,JsonMetadataListTest.java,org.apache.tika.metadata.Metadata,Static Dependency
tika-serialization,JsonMetadataListTest.java,com.fasterxml.jackson.databind.JsonMappingException,Static Dependency
tika-serialization,JsonMetadataListTest.java,java.util.ArrayList,Static Dependency
tika-serialization,JsonMetadataListTest.java,java.io.StringReader,Static Dependency
tika-serialization,JsonMetadataListTest.java,java.util.LinkedList,Static Dependency
tika-serialization,JsonMetadataListTest.java,org.apache.tika.metadata.TikaCoreProperties,Static Dependency
tika-serialization,JsonMetadataListTest.java,org.apache.tika.config.loader.TikaLoader,Static Dependency
tika-serialization,TestParseContextSerialization.java,com.fasterxml.jackson.databind.module.SimpleModule,Static Dependency
tika-serialization,TestParseContextSerialization.java,org.apache.tika.parser.ParseContext,Static Dependency
tika-serialization,TestParseContextSerialization.java,org.apache.tika.metadata.filter.MetadataFilter,Static Dependency
tika-serialization,TestParseContextSerialization.java,java.io.Writer,Static Dependency
tika-serialization,TestParseContextSerialization.java,com.fasterxml.jackson.core.JsonGenerator,Static Dependency
tika-serialization,TestParseContextSerialization.java,com.fasterxml.jackson.databind.JsonNode,Static Dependency
tika-serialization,TestParseContextSerialization.java,org.apache.tika.config.TikaTaskTimeout,Static Dependency
tika-serialization,TestParseContextSerialization.java,com.fasterxml.jackson.databind.ObjectMapper,Static Dependency
tika-serialization,TestParseContextSerialization.java,org.junit.jupiter.api.Test,Static Dependency
tika-serialization,TestParseContextSerialization.java,org.apache.tika.parser.PasswordProvider,Static Dependency
tika-serialization,TestParseContextSerialization.java,java.io.StringWriter,Static Dependency
tika-serialization,TestParseContextSerialization.java,org.apache.tika.metadata.filter.MockUpperCaseFilter,Static Dependency
tika-serialization,TestParseContextSerialization.java,org.apache.tika.metadata.filter.CompositeMetadataFilter,Static Dependency
tika-serialization,TestParseContextSerialization.java,org.apache.tika.extractor.DocumentSelector,Static Dependency
tika-serialization,TestParseContextSerialization.java,org.apache.tika.extractor.SkipEmbeddedDocumentSelector,Static Dependency
tika-serialization,TestParseContextSerialization.java,org.apache.tika.metadata.filter.AttachmentCountingListFilter,Static Dependency
tika-serialization,TestParseContextSerialization.java,org.apache.tika.serialization.serdes.ParseContextDeserializer,Static Dependency
tika-serialization,TestParseContextSerialization.java,org.apache.tika.parser.SimplePasswordProvider,Static Dependency
tika-serialization,TestParseContextSerialization.java,org.apache.tika.serialization.serdes.ParseContextSerializer,Static Dependency
tika-serialization,TestParseContextSerialization.java,org.apache.tika.config.loader.TikaObjectMapperFactory,Static Dependency
tika-serialization,JsonMetadataTest.java,java.nio.file.Paths,Static Dependency
tika-serialization,JsonMetadataTest.java,java.io.IOException,Static Dependency
tika-serialization,JsonMetadataTest.java,org.junit.jupiter.api.Test,Static Dependency
tika-serialization,JsonMetadataTest.java,java.io.StringWriter,Static Dependency
tika-serialization,JsonMetadataTest.java,org.apache.tika.metadata.Metadata,Static Dependency
tika-serialization,JsonMetadataTest.java,java.io.StringReader,Static Dependency
tika-serialization,JsonMetadataTest.java,org.apache.tika.metadata.TikaCoreProperties,Static Dependency
tika-serialization,JsonMetadataTest.java,org.apache.tika.config.loader.TikaLoader,Static Dependency
tika-serialization,RoundTripSerializationTest.java,org.junit.jupiter.api.Test,Static Dependency
tika-serialization,RoundTripSerializationTest.java,org.apache.tika.serialization.serdes.ParseContextSerializer,Static Dependency
tika-serialization,RoundTripSerializationTest.java,org.junit.jupiter.api.BeforeEach,Static Dependency
tika-serialization,RoundTripSerializationTest.java,org.apache.tika.parser.ParseContext,Static Dependency
tika-serialization,RoundTripSerializationTest.java,com.fasterxml.jackson.databind.module.SimpleModule,Static Dependency
tika-serialization,RoundTripSerializationTest.java,org.apache.tika.serialization.serdes.ParseContextDeserializer,Static Dependency
tika-serialization,RoundTripSerializationTest.java,com.fasterxml.jackson.databind.JsonNode,Static Dependency
tika-serialization,RoundTripSerializationTest.java,org.apache.tika.config.TikaTaskTimeout,Static Dependency
tika-serialization,RoundTripSerializationTest.java,org.apache.tika.config.loader.TikaObjectMapperFactory,Static Dependency
tika-serialization,RoundTripSerializationTest.java,com.fasterxml.jackson.databind.ObjectMapper,Static Dependency
tika-serialization,MockDigesterFactory.java,org.apache.tika.config.TikaComponent,Static Dependency
tika-serialization,AutoDetectParserConfigTest.java,org.junit.jupiter.api.Test,Static Dependency
tika-serialization,AutoDetectParserConfigTest.java,org.apache.tika.extractor.RUnpackExtractorFactory,Static Dependency
tika-serialization,AutoDetectParserConfigTest.java,org.apache.tika.utils.StringUtils,Static Dependency
tika-serialization,AutoDetectParserConfigTest.java,org.apache.tika.TikaTest,Static Dependency
tika-serialization,AutoDetectParserConfigTest.java,org.apache.tika.extractor.EmbeddedBytesSelector,Static Dependency
tika-serialization,AutoDetectParserConfigTest.java,org.apache.tika.extractor.RUnpackExtractor,Static Dependency
tika-serialization,AutoDetectParserConfigTest.java,org.apache.tika.metadata.Metadata,Static Dependency
tika-serialization,AutoDetectParserConfigTest.java,org.apache.tika.metadata.TikaCoreProperties,Static Dependency
tika-serialization,AutoDetectParserConfigTest.java,org.apache.tika.config.loader.TikaLoader,Static Dependency
tika-serialization,ExternalParserTest.java,org.junit.jupiter.api.Test,Static Dependency
tika-serialization,ExternalParserTest.java,org.xml.sax.ContentHandler,Static Dependency
tika-serialization,ExternalParserTest.java,java.nio.charset.StandardCharsets,Static Dependency
tika-serialization,ExternalParserTest.java,java.util.List,Static Dependency
tika-serialization,ExternalParserTest.java,org.apache.tika.TikaTest,Static Dependency
tika-serialization,ExternalParserTest.java,org.apache.tika.parser.ParserDecorator,Static Dependency
tika-serialization,ExternalParserTest.java,org.apache.tika.metadata.Metadata,Static Dependency
tika-serialization,ExternalParserTest.java,org.apache.tika.parser.CompositeParser,Static Dependency
tika-serialization,ExternalParserTest.java,org.xml.sax.helpers.DefaultHandler,Static Dependency
tika-serialization,ExternalParserTest.java,org.apache.tika.io.TikaInputStream,Static Dependency
tika-serialization,ExternalParserTest.java,org.apache.tika.parser.ParseContext,Static Dependency
tika-serialization,ExternalParserTest.java,org.apache.tika.parser.RegexCaptureParser,Static Dependency
tika-serialization,ExternalParserTest.java,org.apache.tika.parser.Parser,Static Dependency
tika-serialization,ExternalParserTest.java,org.apache.tika.config.loader.TikaLoader,Static Dependency
tika-serialization,StandardWriteFilterTest.java,org.apache.tika.parser.AutoDetectParserConfig,Static Dependency
tika-serialization,StandardWriteFilterTest.java,org.apache.tika.metadata.Metadata,Static Dependency
tika-serialization,StandardWriteFilterTest.java,org.apache.tika.mime.MimeTypes,Static Dependency
tika-serialization,StandardWriteFilterTest.java,org.apache.tika.io.TikaInputStream,Static Dependency
tika-serialization,StandardWriteFilterTest.java,org.apache.tika.parser.ParseContext,Static Dependency
tika-serialization,StandardWriteFilterTest.java,org.apache.tika.mime.MediaType,Static Dependency
tika-serialization,StandardWriteFilterTest.java,org.apache.tika.config.loader.TikaLoader,Static Dependency
tika-serialization,StandardWriteFilterTest.java,org.apache.tika.metadata.OfficeOpenXMLExtended,Static Dependency
tika-serialization,StandardWriteFilterTest.java,java.nio.charset.StandardCharsets,Static Dependency
tika-serialization,StandardWriteFilterTest.java,org.apache.tika.mime.MediaTypeRegistry,Static Dependency
tika-serialization,StandardWriteFilterTest.java,org.apache.tika.parser.AutoDetectParser,Static Dependency
tika-serialization,StandardWriteFilterTest.java,org.apache.tika.metadata.TikaCoreProperties,Static Dependency
tika-serialization,StandardWriteFilterTest.java,org.apache.tika.parser.Parser,Static Dependency
tika-serialization,StandardWriteFilterTest.java,java.util.Set,Static Dependency
tika-serialization,StandardWriteFilterTest.java,org.junit.jupiter.api.Test,Static Dependency
tika-serialization,StandardWriteFilterTest.java,java.util.List,Static Dependency
tika-serialization,StandardWriteFilterTest.java,org.apache.tika.TikaTest,Static Dependency
tika-serialization,StandardWriteFilterTest.java,org.apache.tika.metadata.Property,Static Dependency
tika-serialization,StandardWriteFilterTest.java,java.util.Collections,Static Dependency
tika-serialization,MockUpperCaseFilter.java,org.apache.tika.config.TikaComponent,Static Dependency
tika-serialization,MockUpperCaseFilter.java,org.apache.tika.metadata.Metadata,Static Dependency
tika-serialization,MockUpperCaseFilter.java,java.util.Locale,Static Dependency
tika-serialization,AttachmentCountingListFilter.java,org.apache.tika.config.TikaComponent,Static Dependency
tika-serialization,AttachmentCountingListFilter.java,org.apache.tika.metadata.Metadata,Static Dependency
tika-serialization,AttachmentCountingListFilter.java,java.util.List,Static Dependency
tika-serialization,AttachmentCountingListFilter.java,org.apache.tika.exception.TikaException,Static Dependency
tika-serialization,MetadataListFilterTest.java,org.junit.jupiter.api.Test,Static Dependency
tika-serialization,MetadataListFilterTest.java,org.apache.tika.TikaTest,Static Dependency
tika-serialization,MetadataListFilterTest.java,org.apache.tika.config.loader.TikaLoader,Static Dependency
tika-serialization,TestMetadataFilter.java,org.junit.jupiter.api.Test,Static Dependency
tika-serialization,TestMetadataFilter.java,java.util.List,Static Dependency
tika-serialization,TestMetadataFilter.java,org.apache.tika.TikaTest,Static Dependency
tika-serialization,TestMetadataFilter.java,java.util.Arrays,Static Dependency
tika-serialization,TestMetadataFilter.java,org.apache.tika.metadata.Metadata,Static Dependency
tika-serialization,TestMetadataFilter.java,java.util.ArrayList,Static Dependency
tika-serialization,TestMetadataFilter.java,java.util.HashSet,Static Dependency
tika-serialization,TestMetadataFilter.java,org.apache.tika.mime.MediaType,Static Dependency
tika-serialization,TestMetadataFilter.java,org.apache.tika.exception.TikaException,Static Dependency
tika-serialization,TestMetadataFilter.java,org.apache.tika.metadata.TikaCoreProperties,Static Dependency
tika-serialization,TestMetadataFilter.java,org.apache.tika.config.loader.TikaLoader,Static Dependency
tika-serialization,TestMetadataFilter.java,java.util.Set,Static Dependency
tika-e2e-tests,ExternalTestBase.java,java.io.IOException,Static Dependency
tika-e2e-tests,ExternalTestBase.java,lombok.extern.slf4j.Slf4j,Static Dependency
tika-e2e-tests,ExternalTestBase.java,org.testcontainers.containers.wait.strategy.Wait,Static Dependency
tika-e2e-tests,ExternalTestBase.java,java.nio.file.StandardCopyOption,Static Dependency
tika-e2e-tests,ExternalTestBase.java,java.time.Duration,Static Dependency
tika-e2e-tests,ExternalTestBase.java,java.util.zip.ZipEntry,Static Dependency
tika-e2e-tests,ExternalTestBase.java,java.nio.file.Files,Static Dependency
tika-e2e-tests,ExternalTestBase.java,java.util.concurrent.TimeUnit,Static Dependency
tika-e2e-tests,ExternalTestBase.java,org.apache.tika.FetchAndParseReply,Static Dependency
tika-e2e-tests,ExternalTestBase.java,java.util.regex.Pattern,Static Dependency
tika-e2e-tests,ExternalTestBase.java,org.junit.jupiter.api.AfterAll,Static Dependency
tika-e2e-tests,ExternalTestBase.java,org.testcontainers.containers.DockerComposeContainer,Static Dependency
tika-e2e-tests,ExternalTestBase.java,org.junit.jupiter.api.BeforeAll,Static Dependency
tika-e2e-tests,ExternalTestBase.java,org.junit.jupiter.api.TestInstance,Static Dependency
tika-e2e-tests,ExternalTestBase.java,org.testcontainers.junit.jupiter.Testcontainers,Static Dependency
tika-e2e-tests,ExternalTestBase.java,io.grpc.ManagedChannel,Static Dependency
tika-e2e-tests,ExternalTestBase.java,java.io.File,Static Dependency
tika-e2e-tests,ExternalTestBase.java,java.io.InputStream,Static Dependency
tika-e2e-tests,ExternalTestBase.java,java.io.FileInputStream,Static Dependency
tika-e2e-tests,ExternalTestBase.java,java.io.OutputStream,Static Dependency
tika-e2e-tests,ExternalTestBase.java,java.nio.file.Path,Static Dependency
tika-e2e-tests,ExternalTestBase.java,java.util.stream.Stream,Static Dependency
tika-e2e-tests,ExternalTestBase.java,java.util.HashSet,Static Dependency
tika-e2e-tests,ExternalTestBase.java,io.grpc.ManagedChannelBuilder,Static Dependency
tika-e2e-tests,ExternalTestBase.java,java.util.zip.ZipInputStream,Static Dependency
tika-e2e-tests,ExternalTestBase.java,org.testcontainers.containers.output.Slf4jLogConsumer,Static Dependency
tika-e2e-tests,ExternalTestBase.java,com.fasterxml.jackson.databind.ObjectMapper,Static Dependency
tika-e2e-tests,ExternalTestBase.java,java.util.Set,Static Dependency
tika-e2e-tests,ExternalTestBase.java,java.time.temporal.ChronoUnit,Static Dependency
tika-e2e-tests,ExternalTestBase.java,java.util.List,Static Dependency
tika-e2e-tests,ExternalTestBase.java,java.net.URL,Static Dependency
tika-e2e-tests,ExternalTestBase.java,org.junit.jupiter.api.Assertions,Static Dependency
tika-e2e-tests,ExternalTestBase.java,java.util.concurrent.Executors,Static Dependency
tika-e2e-tests,ExternalTestBase.java,org.junit.jupiter.api.Tag,Static Dependency
tika-e2e-tests,IgniteConfigStoreTest.java,java.io.IOException,Static Dependency
tika-e2e-tests,IgniteConfigStoreTest.java,lombok.extern.slf4j.Slf4j,Static Dependency
tika-e2e-tests,IgniteConfigStoreTest.java,io.grpc.stub.StreamObserver,Static Dependency
tika-e2e-tests,IgniteConfigStoreTest.java,org.testcontainers.containers.wait.strategy.Wait,Static Dependency
tika-e2e-tests,IgniteConfigStoreTest.java,java.nio.file.StandardCopyOption,Static Dependency
tika-e2e-tests,IgniteConfigStoreTest.java,java.time.Duration,Static Dependency
tika-e2e-tests,IgniteConfigStoreTest.java,java.util.zip.ZipEntry,Static Dependency
tika-e2e-tests,IgniteConfigStoreTest.java,java.nio.file.Files,Static Dependency
tika-e2e-tests,IgniteConfigStoreTest.java,java.util.concurrent.TimeUnit,Static Dependency
tika-e2e-tests,IgniteConfigStoreTest.java,org.apache.tika.FetchAndParseReply,Static Dependency
tika-e2e-tests,IgniteConfigStoreTest.java,org.junit.jupiter.api.AfterAll,Static Dependency
tika-e2e-tests,IgniteConfigStoreTest.java,org.testcontainers.containers.DockerComposeContainer,Static Dependency
tika-e2e-tests,IgniteConfigStoreTest.java,org.junit.jupiter.api.BeforeAll,Static Dependency
tika-e2e-tests,IgniteConfigStoreTest.java,org.junit.jupiter.api.TestInstance,Static Dependency
tika-e2e-tests,IgniteConfigStoreTest.java,org.apache.tika.SaveFetcherReply,Static Dependency
tika-e2e-tests,IgniteConfigStoreTest.java,org.testcontainers.junit.jupiter.Testcontainers,Static Dependency
tika-e2e-tests,IgniteConfigStoreTest.java,io.grpc.ManagedChannel,Static Dependency
tika-e2e-tests,IgniteConfigStoreTest.java,java.io.File,Static Dependency
tika-e2e-tests,IgniteConfigStoreTest.java,java.util.ArrayList,Static Dependency
tika-e2e-tests,IgniteConfigStoreTest.java,java.io.InputStream,Static Dependency
tika-e2e-tests,IgniteConfigStoreTest.java,java.io.FileInputStream,Static Dependency
tika-e2e-tests,IgniteConfigStoreTest.java,org.apache.tika.pipes.fetcher.fs.FileSystemFetcherConfig,Static Dependency
tika-e2e-tests,IgniteConfigStoreTest.java,java.io.OutputStream,Static Dependency
tika-e2e-tests,IgniteConfigStoreTest.java,org.apache.tika.FetchAndParseRequest,Static Dependency
tika-e2e-tests,IgniteConfigStoreTest.java,org.apache.tika.TikaGrpc,Static Dependency
tika-e2e-tests,IgniteConfigStoreTest.java,java.nio.file.Path,Static Dependency
tika-e2e-tests,IgniteConfigStoreTest.java,java.util.concurrent.CountDownLatch,Static Dependency
tika-e2e-tests,IgniteConfigStoreTest.java,java.util.stream.Stream,Static Dependency
tika-e2e-tests,IgniteConfigStoreTest.java,io.grpc.ManagedChannelBuilder,Static Dependency
tika-e2e-tests,IgniteConfigStoreTest.java,java.util.zip.ZipInputStream,Static Dependency
tika-e2e-tests,IgniteConfigStoreTest.java,org.testcontainers.containers.output.Slf4jLogConsumer,Static Dependency
tika-e2e-tests,IgniteConfigStoreTest.java,com.fasterxml.jackson.databind.ObjectMapper,Static Dependency
tika-e2e-tests,IgniteConfigStoreTest.java,org.junit.jupiter.api.Test,Static Dependency
tika-e2e-tests,IgniteConfigStoreTest.java,java.time.temporal.ChronoUnit,Static Dependency
tika-e2e-tests,IgniteConfigStoreTest.java,java.util.List,Static Dependency
tika-e2e-tests,IgniteConfigStoreTest.java,java.net.URL,Static Dependency
tika-e2e-tests,IgniteConfigStoreTest.java,java.util.Collections,Static Dependency
tika-e2e-tests,IgniteConfigStoreTest.java,org.junit.jupiter.api.Assertions,Static Dependency
tika-e2e-tests,IgniteConfigStoreTest.java,org.apache.tika.SaveFetcherRequest,Static Dependency
tika-e2e-tests,IgniteConfigStoreTest.java,java.util.concurrent.Executors,Static Dependency
tika-e2e-tests,IgniteConfigStoreTest.java,org.junit.jupiter.api.Tag,Static Dependency
tika-e2e-tests,FileSystemFetcherTest.java,lombok.extern.slf4j.Slf4j,Static Dependency
tika-e2e-tests,FileSystemFetcherTest.java,io.grpc.stub.StreamObserver,Static Dependency
tika-e2e-tests,FileSystemFetcherTest.java,java.nio.file.Files,Static Dependency
tika-e2e-tests,FileSystemFetcherTest.java,java.util.concurrent.TimeUnit,Static Dependency
tika-e2e-tests,FileSystemFetcherTest.java,org.apache.tika.FetchAndParseReply,Static Dependency
tika-e2e-tests,FileSystemFetcherTest.java,org.apache.tika.SaveFetcherReply,Static Dependency
tika-e2e-tests,FileSystemFetcherTest.java,com.fasterxml.jackson.core.JsonProcessingException,Static Dependency
tika-e2e-tests,FileSystemFetcherTest.java,org.apache.tika.GetFetcherReply,Static Dependency
tika-e2e-tests,FileSystemFetcherTest.java,io.grpc.ManagedChannel,Static Dependency
tika-e2e-tests,FileSystemFetcherTest.java,org.apache.tika.GetFetcherRequest,Static Dependency
tika-e2e-tests,FileSystemFetcherTest.java,java.util.ArrayList,Static Dependency
tika-e2e-tests,FileSystemFetcherTest.java,org.apache.tika.pipes.fetcher.fs.FileSystemFetcherConfig,Static Dependency
tika-e2e-tests,FileSystemFetcherTest.java,org.apache.tika.FetchAndParseRequest,Static Dependency
tika-e2e-tests,FileSystemFetcherTest.java,org.apache.tika.TikaGrpc,Static Dependency
tika-e2e-tests,FileSystemFetcherTest.java,java.nio.file.Path,Static Dependency
tika-e2e-tests,FileSystemFetcherTest.java,java.util.concurrent.CountDownLatch,Static Dependency
tika-e2e-tests,FileSystemFetcherTest.java,java.util.stream.Stream,Static Dependency
tika-e2e-tests,FileSystemFetcherTest.java,org.junit.jupiter.api.Test,Static Dependency
tika-e2e-tests,FileSystemFetcherTest.java,java.util.List,Static Dependency
tika-e2e-tests,FileSystemFetcherTest.java,java.util.UUID,Static Dependency
tika-e2e-tests,FileSystemFetcherTest.java,java.util.Collections,Static Dependency
tika-e2e-tests,FileSystemFetcherTest.java,org.junit.jupiter.api.Assertions,Static Dependency
tika-e2e-tests,FileSystemFetcherTest.java,org.apache.tika.SaveFetcherRequest,Static Dependency
tika-e2e-tests,FileSystemFetcherTest.java,org.apache.tika.pipes.ExternalTestBase,Static Dependency
tika-pipes,TikaPipesConfigTest.java,org.apache.tika.TikaTest,Static Dependency
tika-pipes,ConfigStoreTest.java,org.junit.jupiter.api.Test,Static Dependency
tika-pipes,ConfigStoreTest.java,org.apache.tika.plugins.ExtensionConfig,Static Dependency
tika-pipes,LoggingConfigStore.java,org.slf4j.Logger,Static Dependency
tika-pipes,LoggingConfigStore.java,java.util.Map,Static Dependency
tika-pipes,LoggingConfigStore.java,org.apache.tika.plugins.ExtensionConfig,Static Dependency
tika-pipes,LoggingConfigStore.java,java.util.HashMap,Static Dependency
tika-pipes,LoggingConfigStore.java,org.slf4j.LoggerFactory,Static Dependency
tika-pipes,LoggingConfigStore.java,java.util.Set,Static Dependency
tika-pipes,JsonFetchEmitTupleTest.java,org.junit.jupiter.api.Test,Static Dependency
tika-pipes,JsonFetchEmitTupleTest.java,java.io.Reader,Static Dependency
tika-pipes,JsonFetchEmitTupleTest.java,org.apache.tika.sax.BasicContentHandlerFactory,Static Dependency
tika-pipes,JsonFetchEmitTupleTest.java,org.apache.tika.metadata.Metadata,Static Dependency
tika-pipes,JsonFetchEmitTupleTest.java,java.io.StringWriter,Static Dependency
tika-pipes,JsonFetchEmitTupleTest.java,org.apache.tika.pipes.api.emitter.EmitKey,Static Dependency
tika-pipes,JsonFetchEmitTupleTest.java,org.apache.tika.sax.ContentHandlerFactory,Static Dependency
tika-pipes,JsonFetchEmitTupleTest.java,org.apache.tika.parser.ParseContext,Static Dependency
tika-pipes,JsonFetchEmitTupleTest.java,java.io.StringReader,Static Dependency
tika-pipes,JsonFetchEmitTupleTest.java,org.apache.tika.pipes.api.ParseMode,Static Dependency
tika-pipes,JsonFetchEmitTupleTest.java,org.apache.tika.pipes.api.FetchEmitTuple,Static Dependency
tika-pipes,JsonFetchEmitTupleTest.java,org.apache.tika.pipes.api.fetcher.FetchKey,Static Dependency
tika-pipes,JsonFetchEmitTupleListTest.java,org.junit.jupiter.api.Test,Static Dependency
tika-pipes,JsonFetchEmitTupleListTest.java,java.io.Reader,Static Dependency
tika-pipes,JsonFetchEmitTupleListTest.java,java.util.List,Static Dependency
tika-pipes,JsonFetchEmitTupleListTest.java,java.io.StringWriter,Static Dependency
tika-pipes,JsonFetchEmitTupleListTest.java,org.apache.tika.metadata.Metadata,Static Dependency
tika-pipes,JsonFetchEmitTupleListTest.java,org.apache.tika.pipes.api.emitter.EmitKey,Static Dependency
tika-pipes,JsonFetchEmitTupleListTest.java,java.util.ArrayList,Static Dependency
tika-pipes,JsonFetchEmitTupleListTest.java,java.io.StringReader,Static Dependency
tika-pipes,JsonFetchEmitTupleListTest.java,org.apache.tika.pipes.api.FetchEmitTuple,Static Dependency
tika-pipes,JsonFetchEmitTupleListTest.java,org.apache.tika.pipes.api.fetcher.FetchKey,Static Dependency
tika-pipes,PipesForkParserTest.java,java.io.OutputStream,Static Dependency
tika-pipes,PipesForkParserTest.java,java.io.IOException,Static Dependency
tika-pipes,PipesForkParserTest.java,java.nio.charset.StandardCharsets,Static Dependency
tika-pipes,PipesForkParserTest.java,java.nio.file.Paths,Static Dependency
tika-pipes,PipesForkParserTest.java,java.util.List,Static Dependency
tika-pipes,PipesForkParserTest.java,org.junit.jupiter.api.Test,Static Dependency
tika-pipes,PipesForkParserTest.java,org.apache.tika.sax.BasicContentHandlerFactory,Static Dependency
tika-pipes,PipesForkParserTest.java,java.nio.file.Path,Static Dependency
tika-pipes,PipesForkParserTest.java,org.junit.jupiter.api.BeforeAll,Static Dependency
tika-pipes,PipesForkParserTest.java,org.junit.jupiter.api.io.TempDir,Static Dependency
tika-pipes,PipesForkParserTest.java,org.apache.tika.metadata.Metadata,Static Dependency
tika-pipes,PipesForkParserTest.java,java.util.zip.ZipEntry,Static Dependency
tika-pipes,PipesForkParserTest.java,org.apache.tika.pipes.api.PipesResult,Static Dependency
tika-pipes,PipesForkParserTest.java,org.apache.tika.io.TikaInputStream,Static Dependency
tika-pipes,PipesForkParserTest.java,java.util.zip.ZipOutputStream,Static Dependency
tika-pipes,PipesForkParserTest.java,org.apache.tika.pipes.api.ParseMode,Static Dependency
tika-pipes,PipesForkParserTest.java,java.nio.file.Files,Static Dependency
tika-pipes,IgniteConfigStoreTest.java,org.junit.jupiter.api.Test,Static Dependency
tika-pipes,IgniteConfigStoreTest.java,java.nio.file.Path,Static Dependency
tika-pipes,IgniteConfigStoreTest.java,org.junit.jupiter.api.BeforeEach,Static Dependency
tika-pipes,IgniteConfigStoreTest.java,org.junit.jupiter.api.io.TempDir,Static Dependency
tika-pipes,IgniteConfigStoreTest.java,org.junit.jupiter.api.AfterEach,Static Dependency
tika-pipes,IgniteConfigStoreTest.java,org.apache.tika.plugins.ExtensionConfig,Static Dependency
tika-pipes,TestCSVPipesIterator.java,java.nio.file.Paths,Static Dependency
tika-pipes,TestCSVPipesIterator.java,org.junit.jupiter.api.Test,Static Dependency
tika-pipes,TestCSVPipesIterator.java,org.apache.tika.pipes.api.FetchEmitTuple,Static Dependency
tika-pipes,TestCSVPipesIterator.java,java.util.List,Static Dependency
tika-pipes,TestCSVPipesIterator.java,java.util.concurrent.Future,Static Dependency
tika-pipes,TestCSVPipesIterator.java,java.nio.file.Path,Static Dependency
tika-pipes,TestCSVPipesIterator.java,java.util.concurrent.ExecutorService,Static Dependency
tika-pipes,TestCSVPipesIterator.java,java.util.concurrent.ArrayBlockingQueue,Static Dependency
tika-pipes,TestCSVPipesIterator.java,org.apache.tika.plugins.ExtensionConfig,Static Dependency
tika-pipes,TestCSVPipesIterator.java,java.util.concurrent.Callable,Static Dependency
tika-pipes,TestCSVPipesIterator.java,java.util.ArrayList,Static Dependency
tika-pipes,TestCSVPipesIterator.java,java.util.concurrent.ExecutorCompletionService,Static Dependency
tika-pipes,TestCSVPipesIterator.java,com.fasterxml.jackson.databind.node.ObjectNode,Static Dependency
tika-pipes,TestCSVPipesIterator.java,java.util.concurrent.TimeUnit,Static Dependency
tika-pipes,TestCSVPipesIterator.java,java.util.concurrent.Executors,Static Dependency
tika-pipes,TestCSVPipesIterator.java,com.fasterxml.jackson.databind.ObjectMapper,Static Dependency
tika-pipes,HttpFetcherTest.java,org.apache.http.HttpEntity,Static Dependency
tika-pipes,HttpFetcherTest.java,java.io.IOException,Static Dependency
tika-pipes,HttpFetcherTest.java,java.util.Collection,Static Dependency
tika-pipes,HttpFetcherTest.java,org.apache.http.Header,Static Dependency
tika-pipes,HttpFetcherTest.java,org.junit.jupiter.api.Disabled,Static Dependency
tika-pipes,HttpFetcherTest.java,org.apache.http.StatusLine,Static Dependency
tika-pipes,HttpFetcherTest.java,org.apache.commons.io.IOUtils,Static Dependency
tika-pipes,HttpFetcherTest.java,org.apache.tika.metadata.Metadata,Static Dependency
tika-pipes,HttpFetcherTest.java,java.nio.file.StandardCopyOption,Static Dependency
tika-pipes,HttpFetcherTest.java,org.apache.http.client.methods.CloseableHttpResponse,Static Dependency
tika-pipes,HttpFetcherTest.java,org.apache.tika.plugins.ExtensionConfig,Static Dependency
tika-pipes,HttpFetcherTest.java,org.apache.http.ProtocolVersion,Static Dependency
tika-pipes,HttpFetcherTest.java,java.util.stream.Collectors,Static Dependency
tika-pipes,HttpFetcherTest.java,java.nio.charset.Charset,Static Dependency
tika-pipes,HttpFetcherTest.java,org.apache.tika.pipes.fetcher.http.config.HttpFetcherConfig,Static Dependency
tika-pipes,HttpFetcherTest.java,java.nio.file.Files,Static Dependency
tika-pipes,HttpFetcherTest.java,org.apache.http.client.HttpClient,Static Dependency
tika-pipes,HttpFetcherTest.java,org.apache.tika.pipes.core.fetcher.FetcherManager,Static Dependency
tika-pipes,HttpFetcherTest.java,org.apache.tika.io.TemporaryResources,Static Dependency
tika-pipes,HttpFetcherTest.java,org.apache.http.entity.StringEntity,Static Dependency
tika-pipes,HttpFetcherTest.java,org.apache.http.protocol.HttpContext,Static Dependency
tika-pipes,HttpFetcherTest.java,org.apache.http.HttpStatus,Static Dependency
tika-pipes,HttpFetcherTest.java,java.io.ByteArrayOutputStream,Static Dependency
tika-pipes,HttpFetcherTest.java,org.apache.http.HttpResponse,Static Dependency
tika-pipes,HttpFetcherTest.java,org.apache.tika.client.HttpClientFactory,Static Dependency
tika-pipes,HttpFetcherTest.java,org.apache.http.client.methods.HttpUriRequest,Static Dependency
tika-pipes,HttpFetcherTest.java,org.apache.tika.parser.ParseContext,Static Dependency
tika-pipes,HttpFetcherTest.java,java.util.ArrayList,Static Dependency
tika-pipes,HttpFetcherTest.java,org.apache.http.client.methods.HttpGet,Static Dependency
tika-pipes,HttpFetcherTest.java,java.io.InputStream,Static Dependency
tika-pipes,HttpFetcherTest.java,org.apache.tika.config.loader.TikaJsonConfig,Static Dependency
tika-pipes,HttpFetcherTest.java,java.nio.file.Paths,Static Dependency
tika-pipes,HttpFetcherTest.java,org.mockito.ArgumentCaptor,Static Dependency
tika-pipes,HttpFetcherTest.java,java.nio.file.Path,Static Dependency
tika-pipes,HttpFetcherTest.java,org.apache.tika.exception.TikaException,Static Dependency
tika-pipes,HttpFetcherTest.java,org.apache.tika.plugins.TikaPluginManager,Static Dependency
tika-pipes,HttpFetcherTest.java,org.mockito.Mockito,Static Dependency
tika-pipes,HttpFetcherTest.java,org.mockito.ArgumentMatchers,Static Dependency
tika-pipes,HttpFetcherTest.java,org.apache.tika.metadata.TikaCoreProperties,Static Dependency
tika-pipes,HttpFetcherTest.java,org.apache.tika.pipes.fetcher.http.jwt.JwtGenerator,Static Dependency
tika-pipes,HttpFetcherTest.java,com.fasterxml.jackson.databind.ObjectMapper,Static Dependency
tika-pipes,HttpFetcherTest.java,org.junit.jupiter.api.Test,Static Dependency
tika-pipes,HttpFetcherTest.java,java.util.List,Static Dependency
tika-pipes,HttpFetcherTest.java,org.apache.tika.TikaTest,Static Dependency
tika-pipes,HttpFetcherTest.java,java.util.Arrays,Static Dependency
tika-pipes,HttpFetcherTest.java,org.junit.jupiter.api.BeforeEach,Static Dependency
tika-pipes,HttpFetcherTest.java,org.apache.tika.metadata.Property,Static Dependency
tika-pipes,HttpFetcherTest.java,java.util.zip.GZIPInputStream,Static Dependency
tika-pipes,HttpFetcherTest.java,org.junit.jupiter.api.Assertions,Static Dependency
tika-pipes,HttpFetcherTest.java,java.util.HashMap,Static Dependency
tika-pipes,HttpFetcherTest.java,org.apache.tika.pipes.fetcher.http.config.HttpHeaders,Static Dependency
tika-pipes,HttpFetcherTest.java,java.security.SecureRandom,Static Dependency
tika-pipes,JwtGeneratorTest.java,org.junit.jupiter.api.Test,Static Dependency
tika-pipes,JwtGeneratorTest.java,com.nimbusds.jose.JWSVerifier,Static Dependency
tika-pipes,JwtGeneratorTest.java,com.nimbusds.jose.crypto.MACVerifier,Static Dependency
tika-pipes,JwtGeneratorTest.java,java.security.KeyPair,Static Dependency
tika-pipes,JwtGeneratorTest.java,org.junit.jupiter.api.Assertions,Static Dependency
tika-pipes,JwtGeneratorTest.java,com.nimbusds.jose.crypto.RSASSAVerifier,Static Dependency
tika-pipes,JwtGeneratorTest.java,java.security.interfaces.RSAPublicKey,Static Dependency
tika-pipes,JwtGeneratorTest.java,java.security.KeyPairGenerator,Static Dependency
tika-pipes,JwtGeneratorTest.java,com.nimbusds.jwt.SignedJWT,Static Dependency
tika-pipes,JwtGeneratorTest.java,java.security.SecureRandom,Static Dependency
tika-pipes,HttpHeadersTest.java,org.junit.jupiter.api.Test,Static Dependency
tika-pipes,HttpHeadersTest.java,com.fasterxml.jackson.databind.ObjectMapper,Static Dependency
tika-pipes,HttpHeadersTest.java,com.fasterxml.jackson.core.JsonProcessingException,Static Dependency
tika-pipes,JDBCEmitterTest.java,java.time.ZoneId,Static Dependency
tika-pipes,JDBCEmitterTest.java,org.apache.tika.metadata.Metadata,Static Dependency
tika-pipes,JDBCEmitterTest.java,org.apache.tika.plugins.ExtensionConfig,Static Dependency
tika-pipes,JDBCEmitterTest.java,java.nio.file.Files,Static Dependency
tika-pipes,JDBCEmitterTest.java,java.sql.Connection,Static Dependency
tika-pipes,JDBCEmitterTest.java,java.util.Locale,Static Dependency
tika-pipes,JDBCEmitterTest.java,java.util.Map,Static Dependency
tika-pipes,JDBCEmitterTest.java,org.junit.jupiter.api.io.TempDir,Static Dependency
tika-pipes,JDBCEmitterTest.java,java.sql.Statement,Static Dependency
tika-pipes,JDBCEmitterTest.java,org.apache.tika.parser.ParseContext,Static Dependency
tika-pipes,JDBCEmitterTest.java,java.util.ArrayList,Static Dependency
tika-pipes,JDBCEmitterTest.java,com.fasterxml.jackson.databind.node.ObjectNode,Static Dependency
tika-pipes,JDBCEmitterTest.java,java.nio.file.Path,Static Dependency
tika-pipes,JDBCEmitterTest.java,java.sql.Timestamp,Static Dependency
tika-pipes,JDBCEmitterTest.java,com.fasterxml.jackson.databind.ObjectMapper,Static Dependency
tika-pipes,JDBCEmitterTest.java,org.junit.jupiter.api.Test,Static Dependency
tika-pipes,JDBCEmitterTest.java,java.util.List,Static Dependency
tika-pipes,JDBCEmitterTest.java,java.sql.ResultSet,Static Dependency
tika-pipes,JDBCEmitterTest.java,java.util.Collections,Static Dependency
tika-pipes,JDBCEmitterTest.java,java.sql.DriverManager,Static Dependency
tika-pipes,JDBCEmitterTest.java,java.util.LinkedHashMap,Static Dependency
tika-pipes,TestJDBCPipesReporter.java,java.sql.SQLException,Static Dependency
tika-pipes,TestJDBCPipesReporter.java,java.util.concurrent.Future,Static Dependency
tika-pipes,TestJDBCPipesReporter.java,java.util.concurrent.ExecutorService,Static Dependency
tika-pipes,TestJDBCPipesReporter.java,org.apache.tika.plugins.ExtensionConfig,Static Dependency
tika-pipes,TestJDBCPipesReporter.java,java.nio.file.Files,Static Dependency
tika-pipes,TestJDBCPipesReporter.java,java.sql.Connection,Static Dependency
tika-pipes,TestJDBCPipesReporter.java,java.util.concurrent.ExecutionException,Static Dependency
tika-pipes,TestJDBCPipesReporter.java,java.util.Map,Static Dependency
tika-pipes,TestJDBCPipesReporter.java,java.util.concurrent.atomic.AtomicInteger,Static Dependency
tika-pipes,TestJDBCPipesReporter.java,org.junit.jupiter.api.io.TempDir,Static Dependency
tika-pipes,TestJDBCPipesReporter.java,java.sql.Statement,Static Dependency
tika-pipes,TestJDBCPipesReporter.java,java.util.ArrayList,Static Dependency
tika-pipes,TestJDBCPipesReporter.java,java.nio.file.Path,Static Dependency
tika-pipes,TestJDBCPipesReporter.java,org.apache.tika.pipes.api.PipesResult,Static Dependency
tika-pipes,TestJDBCPipesReporter.java,java.util.concurrent.ExecutorCompletionService,Static Dependency
tika-pipes,TestJDBCPipesReporter.java,java.util.Random,Static Dependency
tika-pipes,TestJDBCPipesReporter.java,com.fasterxml.jackson.databind.ObjectMapper,Static Dependency
tika-pipes,TestJDBCPipesReporter.java,org.apache.tika.pipes.api.fetcher.FetchKey,Static Dependency
tika-pipes,TestJDBCPipesReporter.java,org.junit.jupiter.api.Test,Static Dependency
tika-pipes,TestJDBCPipesReporter.java,org.apache.tika.pipes.api.reporter.PipesReporter,Static Dependency
tika-pipes,TestJDBCPipesReporter.java,java.util.List,Static Dependency
tika-pipes,TestJDBCPipesReporter.java,java.sql.ResultSet,Static Dependency
tika-pipes,TestJDBCPipesReporter.java,org.apache.tika.pipes.api.emitter.EmitKey,Static Dependency
tika-pipes,TestJDBCPipesReporter.java,java.util.concurrent.Callable,Static Dependency
tika-pipes,TestJDBCPipesReporter.java,java.sql.DriverManager,Static Dependency
tika-pipes,TestJDBCPipesReporter.java,org.apache.tika.pipes.api.pipesiterator.TotalCountResult,Static Dependency
tika-pipes,TestJDBCPipesReporter.java,java.util.HashMap,Static Dependency
tika-pipes,TestJDBCPipesReporter.java,java.util.concurrent.Executors,Static Dependency
tika-pipes,TestJDBCPipesReporter.java,org.apache.tika.pipes.api.FetchEmitTuple,Static Dependency
tika-pipes,TestJDBCPipesIterator.java,java.util.concurrent.Future,Static Dependency
tika-pipes,TestJDBCPipesIterator.java,org.apache.tika.pipes.pipesiterator.PipesIteratorBase,Static Dependency
tika-pipes,TestJDBCPipesIterator.java,java.util.concurrent.ExecutorService,Static Dependency
tika-pipes,TestJDBCPipesIterator.java,org.apache.tika.plugins.ExtensionConfig,Static Dependency
tika-pipes,TestJDBCPipesIterator.java,java.util.concurrent.TimeUnit,Static Dependency
tika-pipes,TestJDBCPipesIterator.java,java.sql.Connection,Static Dependency
tika-pipes,TestJDBCPipesIterator.java,java.util.regex.Pattern,Static Dependency
tika-pipes,TestJDBCPipesIterator.java,org.junit.jupiter.api.AfterAll,Static Dependency
tika-pipes,TestJDBCPipesIterator.java,org.junit.jupiter.api.BeforeAll,Static Dependency
tika-pipes,TestJDBCPipesIterator.java,org.junit.jupiter.api.io.TempDir,Static Dependency
tika-pipes,TestJDBCPipesIterator.java,java.util.ArrayList,Static Dependency
tika-pipes,TestJDBCPipesIterator.java,java.util.regex.Matcher,Static Dependency
tika-pipes,TestJDBCPipesIterator.java,com.fasterxml.jackson.databind.node.ObjectNode,Static Dependency
tika-pipes,TestJDBCPipesIterator.java,java.nio.file.Path,Static Dependency
tika-pipes,TestJDBCPipesIterator.java,java.util.concurrent.ExecutorCompletionService,Static Dependency
tika-pipes,TestJDBCPipesIterator.java,com.fasterxml.jackson.databind.ObjectMapper,Static Dependency
tika-pipes,TestJDBCPipesIterator.java,org.junit.jupiter.api.Test,Static Dependency
tika-pipes,TestJDBCPipesIterator.java,java.util.List,Static Dependency
tika-pipes,TestJDBCPipesIterator.java,java.sql.ResultSet,Static Dependency
tika-pipes,TestJDBCPipesIterator.java,java.util.concurrent.ArrayBlockingQueue,Static Dependency
tika-pipes,TestJDBCPipesIterator.java,java.util.concurrent.Callable,Static Dependency
tika-pipes,TestJDBCPipesIterator.java,java.sql.DriverManager,Static Dependency
tika-pipes,TestJDBCPipesIterator.java,java.util.concurrent.Executors,Static Dependency
tika-pipes,TestJDBCPipesIterator.java,org.apache.tika.pipes.api.FetchEmitTuple,Static Dependency
tika-pipes,SolrEmitterDevTest.java,org.junit.jupiter.api.Test,Static Dependency
tika-pipes,SolrEmitterDevTest.java,java.util.List,Static Dependency
tika-pipes,SolrEmitterDevTest.java,java.util.Map,Static Dependency
tika-pipes,SolrEmitterDevTest.java,org.junit.jupiter.api.Disabled,Static Dependency
tika-pipes,SolrEmitterDevTest.java,org.apache.tika.metadata.Metadata,Static Dependency
tika-pipes,SolrEmitterDevTest.java,org.apache.tika.plugins.ExtensionConfig,Static Dependency
tika-pipes,SolrEmitterDevTest.java,java.util.Collections,Static Dependency
tika-pipes,SolrEmitterDevTest.java,com.fasterxml.jackson.databind.node.ArrayNode,Static Dependency
tika-pipes,SolrEmitterDevTest.java,java.util.Date,Static Dependency
tika-pipes,SolrEmitterDevTest.java,java.util.ArrayList,Static Dependency
tika-pipes,SolrEmitterDevTest.java,com.fasterxml.jackson.databind.node.ObjectNode,Static Dependency
tika-pipes,SolrEmitterDevTest.java,org.apache.tika.parser.ParseContext,Static Dependency
tika-pipes,SolrEmitterDevTest.java,java.util.HashMap,Static Dependency
tika-pipes,SolrEmitterDevTest.java,org.apache.tika.metadata.filter.FieldNameMappingFilter,Static Dependency
tika-pipes,SolrEmitterDevTest.java,org.apache.tika.metadata.TikaCoreProperties,Static Dependency
tika-pipes,SolrEmitterDevTest.java,com.fasterxml.jackson.databind.ObjectMapper,Static Dependency
tika-pipes,TestJsonPipesIterator.java,java.nio.file.Paths,Static Dependency
tika-pipes,TestJsonPipesIterator.java,org.junit.jupiter.api.Test,Static Dependency
tika-pipes,TestJsonPipesIterator.java,org.apache.tika.pipes.api.FetchEmitTuple,Static Dependency
tika-pipes,TestJsonPipesIterator.java,com.fasterxml.jackson.databind.ObjectMapper,Static Dependency
tika-pipes,TestJsonPipesIterator.java,java.nio.file.Path,Static Dependency
tika-pipes,TestJsonPipesIterator.java,org.junit.jupiter.api.Disabled,Static Dependency
tika-pipes,TestJsonPipesIterator.java,java.util.Iterator,Static Dependency
tika-pipes,TestJsonPipesIterator.java,org.apache.tika.plugins.ExtensionConfig,Static Dependency
tika-pipes,TestJsonPipesIterator.java,com.fasterxml.jackson.databind.node.ObjectNode,Static Dependency
tika-pipes,TestKafkaPipesIterator.java,org.junit.jupiter.api.Test,Static Dependency
tika-pipes,TestKafkaPipesIterator.java,org.apache.tika.pipes.api.FetchEmitTuple,Static Dependency
tika-pipes,TestKafkaPipesIterator.java,java.util.List,Static Dependency
tika-pipes,TestKafkaPipesIterator.java,java.util.concurrent.Future,Static Dependency
tika-pipes,TestKafkaPipesIterator.java,org.junit.jupiter.api.Disabled,Static Dependency
tika-pipes,TestKafkaPipesIterator.java,org.apache.tika.pipes.pipesiterator.PipesIteratorBase,Static Dependency
tika-pipes,TestKafkaPipesIterator.java,java.util.concurrent.ExecutorService,Static Dependency
tika-pipes,TestKafkaPipesIterator.java,java.util.concurrent.ArrayBlockingQueue,Static Dependency
tika-pipes,TestKafkaPipesIterator.java,org.apache.tika.plugins.ExtensionConfig,Static Dependency
tika-pipes,TestKafkaPipesIterator.java,java.util.concurrent.Callable,Static Dependency
tika-pipes,TestKafkaPipesIterator.java,java.util.ArrayList,Static Dependency
tika-pipes,TestKafkaPipesIterator.java,java.util.concurrent.ExecutorCompletionService,Static Dependency
tika-pipes,TestKafkaPipesIterator.java,com.fasterxml.jackson.databind.node.ObjectNode,Static Dependency
tika-pipes,TestKafkaPipesIterator.java,java.util.concurrent.TimeUnit,Static Dependency
tika-pipes,TestKafkaPipesIterator.java,java.util.concurrent.Executors,Static Dependency
tika-pipes,TestKafkaPipesIterator.java,com.fasterxml.jackson.databind.ObjectMapper,Static Dependency
tika-pipes,TestS3PipesIterator.java,org.junit.jupiter.api.Test,Static Dependency
tika-pipes,TestS3PipesIterator.java,org.apache.tika.pipes.api.FetchEmitTuple,Static Dependency
tika-pipes,TestS3PipesIterator.java,java.util.List,Static Dependency
tika-pipes,TestS3PipesIterator.java,java.util.concurrent.Future,Static Dependency
tika-pipes,TestS3PipesIterator.java,org.junit.jupiter.api.Disabled,Static Dependency
tika-pipes,TestS3PipesIterator.java,org.apache.tika.pipes.pipesiterator.PipesIteratorBase,Static Dependency
tika-pipes,TestS3PipesIterator.java,java.util.concurrent.ExecutorService,Static Dependency
tika-pipes,TestS3PipesIterator.java,java.util.concurrent.ArrayBlockingQueue,Static Dependency
tika-pipes,TestS3PipesIterator.java,org.apache.tika.plugins.ExtensionConfig,Static Dependency
tika-pipes,TestS3PipesIterator.java,java.util.concurrent.Callable,Static Dependency
tika-pipes,TestS3PipesIterator.java,java.util.ArrayList,Static Dependency
tika-pipes,TestS3PipesIterator.java,java.util.concurrent.ExecutorCompletionService,Static Dependency
tika-pipes,TestS3PipesIterator.java,com.fasterxml.jackson.databind.node.ObjectNode,Static Dependency
tika-pipes,TestS3PipesIterator.java,java.util.concurrent.TimeUnit,Static Dependency
tika-pipes,TestS3PipesIterator.java,java.util.concurrent.Executors,Static Dependency
tika-pipes,TestS3PipesIterator.java,com.fasterxml.jackson.databind.ObjectMapper,Static Dependency
tika-pipes,TestS3Fetcher.java,java.nio.file.Paths,Static Dependency
tika-pipes,TestS3Fetcher.java,org.junit.jupiter.api.Test,Static Dependency
tika-pipes,TestS3Fetcher.java,java.nio.file.Path,Static Dependency
tika-pipes,TestS3Fetcher.java,org.junit.jupiter.api.Disabled,Static Dependency
tika-pipes,TestS3Fetcher.java,org.apache.tika.metadata.Metadata,Static Dependency
tika-pipes,TestS3Fetcher.java,java.nio.file.StandardCopyOption,Static Dependency
tika-pipes,TestS3Fetcher.java,org.apache.tika.plugins.ExtensionConfig,Static Dependency
tika-pipes,TestS3Fetcher.java,org.apache.tika.parser.ParseContext,Static Dependency
tika-pipes,TestS3Fetcher.java,com.fasterxml.jackson.databind.node.ObjectNode,Static Dependency
tika-pipes,TestS3Fetcher.java,java.nio.file.Files,Static Dependency
tika-pipes,TestS3Fetcher.java,java.io.InputStream,Static Dependency
tika-pipes,TestS3Fetcher.java,com.fasterxml.jackson.databind.ObjectMapper,Static Dependency
tika-pipes,TestGCSEmitter.java,org.junit.jupiter.api.Test,Static Dependency
tika-pipes,TestGCSEmitter.java,java.util.List,Static Dependency
tika-pipes,TestGCSEmitter.java,com.fasterxml.jackson.databind.ObjectMapper,Static Dependency
tika-pipes,TestGCSEmitter.java,org.junit.jupiter.api.Disabled,Static Dependency
tika-pipes,TestGCSEmitter.java,org.apache.tika.metadata.Metadata,Static Dependency
tika-pipes,TestGCSEmitter.java,org.apache.tika.plugins.ExtensionConfig,Static Dependency
tika-pipes,TestGCSEmitter.java,org.apache.tika.parser.ParseContext,Static Dependency
tika-pipes,TestGCSEmitter.java,java.util.ArrayList,Static Dependency
tika-pipes,TestGCSEmitter.java,com.fasterxml.jackson.databind.node.ObjectNode,Static Dependency
tika-pipes,TestGCSFetcher.java,org.junit.jupiter.api.Test,Static Dependency
tika-pipes,TestGCSFetcher.java,java.nio.file.Path,Static Dependency
tika-pipes,TestGCSFetcher.java,org.junit.jupiter.api.BeforeAll,Static Dependency
tika-pipes,TestGCSFetcher.java,org.junit.jupiter.api.Disabled,Static Dependency
tika-pipes,TestGCSFetcher.java,org.junit.jupiter.api.io.TempDir,Static Dependency
tika-pipes,TestGCSFetcher.java,org.apache.tika.metadata.Metadata,Static Dependency
tika-pipes,TestGCSFetcher.java,java.nio.file.StandardCopyOption,Static Dependency
tika-pipes,TestGCSFetcher.java,org.apache.tika.plugins.ExtensionConfig,Static Dependency
tika-pipes,TestGCSFetcher.java,org.apache.tika.parser.ParseContext,Static Dependency
tika-pipes,TestGCSFetcher.java,com.fasterxml.jackson.databind.node.ObjectNode,Static Dependency
tika-pipes,TestGCSFetcher.java,java.nio.file.Files,Static Dependency
tika-pipes,TestGCSFetcher.java,java.io.InputStream,Static Dependency
tika-pipes,TestGCSFetcher.java,com.fasterxml.jackson.databind.ObjectMapper,Static Dependency
tika-pipes,TestGCSPipesIterator.java,org.junit.jupiter.api.Test,Static Dependency
tika-pipes,TestGCSPipesIterator.java,org.apache.tika.pipes.api.FetchEmitTuple,Static Dependency
tika-pipes,TestGCSPipesIterator.java,java.util.List,Static Dependency
tika-pipes,TestGCSPipesIterator.java,java.util.concurrent.Future,Static Dependency
tika-pipes,TestGCSPipesIterator.java,org.junit.jupiter.api.Disabled,Static Dependency
tika-pipes,TestGCSPipesIterator.java,org.apache.tika.pipes.pipesiterator.PipesIteratorBase,Static Dependency
tika-pipes,TestGCSPipesIterator.java,java.util.concurrent.ExecutorService,Static Dependency
tika-pipes,TestGCSPipesIterator.java,java.util.concurrent.ArrayBlockingQueue,Static Dependency
tika-pipes,TestGCSPipesIterator.java,org.apache.tika.plugins.ExtensionConfig,Static Dependency
tika-pipes,TestGCSPipesIterator.java,java.util.concurrent.Callable,Static Dependency
tika-pipes,TestGCSPipesIterator.java,java.util.ArrayList,Static Dependency
tika-pipes,TestGCSPipesIterator.java,java.util.concurrent.ExecutorCompletionService,Static Dependency
tika-pipes,TestGCSPipesIterator.java,com.fasterxml.jackson.databind.node.ObjectNode,Static Dependency
tika-pipes,TestGCSPipesIterator.java,java.util.concurrent.TimeUnit,Static Dependency
tika-pipes,TestGCSPipesIterator.java,java.util.concurrent.Executors,Static Dependency
tika-pipes,TestGCSPipesIterator.java,com.fasterxml.jackson.databind.ObjectMapper,Static Dependency
tika-pipes,FileSystemEmitterRuntimeConfigTest.java,org.junit.jupiter.api.Test,Static Dependency
tika-pipes,FileSystemEmitterRuntimeConfigTest.java,java.io.IOException,Static Dependency
tika-pipes,FileSystemEmitterRuntimeConfigTest.java,java.nio.charset.StandardCharsets,Static Dependency
tika-pipes,FileSystemEmitterRuntimeConfigTest.java,java.util.List,Static Dependency
tika-pipes,FileSystemEmitterRuntimeConfigTest.java,java.nio.file.Path,Static Dependency
tika-pipes,FileSystemEmitterRuntimeConfigTest.java,org.junit.jupiter.api.io.TempDir,Static Dependency
tika-pipes,FileSystemEmitterRuntimeConfigTest.java,org.apache.tika.metadata.Metadata,Static Dependency
tika-pipes,FileSystemEmitterRuntimeConfigTest.java,org.apache.tika.plugins.ExtensionConfig,Static Dependency
tika-pipes,FileSystemEmitterRuntimeConfigTest.java,java.io.ByteArrayInputStream,Static Dependency
tika-pipes,FileSystemEmitterRuntimeConfigTest.java,org.apache.tika.parser.ParseContext,Static Dependency
tika-pipes,FileSystemEmitterRuntimeConfigTest.java,java.util.ArrayList,Static Dependency
tika-pipes,FileSystemEmitterRuntimeConfigTest.java,java.nio.file.Files,Static Dependency
tika-pipes,FileSystemEmitterRuntimeConfigTest.java,java.io.InputStream,Static Dependency
tika-pipes,FileSystemEmitterRuntimeConfigTest.java,org.apache.tika.metadata.TikaCoreProperties,Static Dependency
tika-pipes,FileSystemEmitterRuntimeConfigTest.java,java.util.Locale,Static Dependency
tika-pipes,TestFileSystemStatusReporter.java,java.io.IOException,Static Dependency
tika-pipes,TestFileSystemStatusReporter.java,java.util.concurrent.Future,Static Dependency
tika-pipes,TestFileSystemStatusReporter.java,java.util.concurrent.ExecutorService,Static Dependency
tika-pipes,TestFileSystemStatusReporter.java,com.fasterxml.jackson.datatype.jsr310.JavaTimeModule,Static Dependency
tika-pipes,TestFileSystemStatusReporter.java,org.apache.tika.plugins.ExtensionConfig,Static Dependency
tika-pipes,TestFileSystemStatusReporter.java,java.nio.file.Files,Static Dependency
tika-pipes,TestFileSystemStatusReporter.java,java.util.concurrent.ExecutionException,Static Dependency
tika-pipes,TestFileSystemStatusReporter.java,java.util.Map,Static Dependency
tika-pipes,TestFileSystemStatusReporter.java,org.junit.jupiter.api.io.TempDir,Static Dependency
tika-pipes,TestFileSystemStatusReporter.java,java.util.ArrayList,Static Dependency
tika-pipes,TestFileSystemStatusReporter.java,java.nio.file.Path,Static Dependency
tika-pipes,TestFileSystemStatusReporter.java,org.apache.tika.pipes.api.PipesResult,Static Dependency
tika-pipes,TestFileSystemStatusReporter.java,java.util.concurrent.ExecutorCompletionService,Static Dependency
tika-pipes,TestFileSystemStatusReporter.java,com.fasterxml.jackson.databind.json.JsonMapper,Static Dependency
tika-pipes,TestFileSystemStatusReporter.java,java.util.Random,Static Dependency
tika-pipes,TestFileSystemStatusReporter.java,com.fasterxml.jackson.databind.ObjectMapper,Static Dependency
tika-pipes,TestFileSystemStatusReporter.java,org.apache.tika.pipes.api.reporter.PipesReporter,Static Dependency
tika-pipes,TestFileSystemStatusReporter.java,org.junit.jupiter.api.Test,Static Dependency
tika-pipes,TestFileSystemStatusReporter.java,java.util.List,Static Dependency
tika-pipes,TestFileSystemStatusReporter.java,org.apache.tika.pipes.api.pipesiterator.PipesIterator,Static Dependency
tika-pipes,TestFileSystemStatusReporter.java,java.util.concurrent.Callable,Static Dependency
tika-pipes,TestFileSystemStatusReporter.java,org.apache.tika.pipes.api.pipesiterator.TotalCountResult,Static Dependency
tika-pipes,TestFileSystemStatusReporter.java,java.util.HashMap,Static Dependency
tika-pipes,TestFileSystemStatusReporter.java,java.util.concurrent.Executors,Static Dependency
tika-pipes,FileSystemFetcherTest.java,org.junit.jupiter.api.Test,Static Dependency
tika-pipes,FileSystemFetcherTest.java,java.io.IOException,Static Dependency
tika-pipes,FileSystemFetcherTest.java,org.apache.tika.pipes.api.fetcher.Fetcher,Static Dependency
tika-pipes,FileSystemFetcherTest.java,com.fasterxml.jackson.databind.ObjectMapper,Static Dependency
tika-pipes,FileSystemFetcherTest.java,java.nio.file.Path,Static Dependency
tika-pipes,FileSystemFetcherTest.java,org.junit.jupiter.api.io.TempDir,Static Dependency
tika-pipes,FileSystemFetcherTest.java,org.apache.tika.metadata.Metadata,Static Dependency
tika-pipes,FileSystemFetcherTest.java,org.apache.tika.plugins.ExtensionConfig,Static Dependency
tika-pipes,FileSystemFetcherTest.java,org.apache.tika.exception.TikaConfigException,Static Dependency
tika-pipes,FileSystemFetcherTest.java,org.apache.tika.io.TikaInputStream,Static Dependency
tika-pipes,FileSystemFetcherTest.java,org.apache.tika.parser.ParseContext,Static Dependency
tika-pipes,FileSystemFetcherTest.java,java.nio.file.Files,Static Dependency
tika-pipes,FileSystemFetcherTest.java,com.fasterxml.jackson.databind.node.ObjectNode,Static Dependency
tika-pipes,FileSystemFetcherConfigTest.java,org.junit.jupiter.api.Test,Static Dependency
tika-pipes,FileSystemFetcherConfigTest.java,org.apache.tika.pipes.fetcher.fs.FileSystemFetcherConfig,Static Dependency
tika-pipes,FileSystemPipesIteratorTest.java,org.junit.jupiter.api.Test,Static Dependency
tika-pipes,FileSystemPipesIteratorTest.java,java.io.IOException,Static Dependency
tika-pipes,FileSystemPipesIteratorTest.java,java.util.List,Static Dependency
tika-pipes,FileSystemPipesIteratorTest.java,java.nio.file.Path,Static Dependency
tika-pipes,FileSystemPipesIteratorTest.java,java.io.StringWriter,Static Dependency
tika-pipes,FileSystemPipesIteratorTest.java,java.util.stream.Stream,Static Dependency
tika-pipes,FileSystemPipesIteratorTest.java,java.util.stream.Collectors,Static Dependency
tika-pipes,FileSystemPipesIteratorTest.java,java.nio.file.Files,Static Dependency
tika-pipes,FileSystemPipesIteratorTest.java,com.fasterxml.jackson.databind.ObjectMapper,Static Dependency
tika-pipes,OpenSearchClientTest.java,org.junit.jupiter.api.Test,Static Dependency
tika-pipes,OpenSearchClientTest.java,org.apache.tika.metadata.Metadata,Static Dependency
tika-pipes,OpenSearchClientTest.java,org.apache.tika.TikaTest,Static Dependency
tika-pipes,MicrosoftGraphFetcherTest.java,com.microsoft.graph.drives.DrivesRequestBuilder,Static Dependency
tika-pipes,MicrosoftGraphFetcherTest.java,org.apache.commons.io.IOUtils,Static Dependency
tika-pipes,MicrosoftGraphFetcherTest.java,org.apache.tika.metadata.Metadata,Static Dependency
tika-pipes,MicrosoftGraphFetcherTest.java,java.io.ByteArrayInputStream,Static Dependency
tika-pipes,MicrosoftGraphFetcherTest.java,com.microsoft.graph.drives.item.items.ItemsRequestBuilder,Static Dependency
tika-pipes,MicrosoftGraphFetcherTest.java,org.mockito.InjectMocks,Static Dependency
tika-pipes,MicrosoftGraphFetcherTest.java,org.slf4j.Logger,Static Dependency
tika-pipes,MicrosoftGraphFetcherTest.java,org.mockito.Spy,Static Dependency
tika-pipes,MicrosoftGraphFetcherTest.java,org.apache.tika.parser.ParseContext,Static Dependency
tika-pipes,MicrosoftGraphFetcherTest.java,com.microsoft.graph.drives.item.items.item.DriveItemItemRequestBuilder,Static Dependency
tika-pipes,MicrosoftGraphFetcherTest.java,java.io.InputStream,Static Dependency
tika-pipes,MicrosoftGraphFetcherTest.java,org.slf4j.LoggerFactory,Static Dependency
tika-pipes,MicrosoftGraphFetcherTest.java,org.mockito.junit.jupiter.MockitoExtension,Static Dependency
tika-pipes,MicrosoftGraphFetcherTest.java,java.nio.charset.StandardCharsets,Static Dependency
tika-pipes,MicrosoftGraphFetcherTest.java,org.apache.tika.pipes.fetchers.microsoftgraph.config.MicrosoftGraphFetcherConfig,Static Dependency
tika-pipes,MicrosoftGraphFetcherTest.java,org.mockito.Mockito,Static Dependency
tika-pipes,MicrosoftGraphFetcherTest.java,org.mockito.Mock,Static Dependency
tika-pipes,MicrosoftGraphFetcherTest.java,org.junit.jupiter.api.Test,Static Dependency
tika-pipes,MicrosoftGraphFetcherTest.java,com.microsoft.graph.drives.item.DriveItemRequestBuilder,Static Dependency
tika-pipes,MicrosoftGraphFetcherTest.java,com.microsoft.graph.serviceclient.GraphServiceClient,Static Dependency
tika-pipes,MicrosoftGraphFetcherTest.java,org.junit.jupiter.api.extension.ExtendWith,Static Dependency
tika-pipes,MicrosoftGraphFetcherTest.java,com.microsoft.graph.drives.item.items.item.content.ContentRequestBuilder,Static Dependency
tika-pipes,MicrosoftGraphFetcherTest.java,org.mockito.MockitoAnnotations,Static Dependency
tika-pipes,MicrosoftGraphFetcherTest.java,java.util.Collections,Static Dependency
tika-pipes,MicrosoftGraphFetcherTest.java,org.junit.jupiter.api.Assertions,Static Dependency
tika-pipes,MicrosoftGraphFetcherTest.java,org.apache.tika.pipes.fetchers.microsoftgraph.config.ClientCertificateCredentialsConfig,Static Dependency
tika-pipes,TestAZBlobEmitter.java,org.junit.jupiter.api.Test,Static Dependency
tika-pipes,TestAZBlobEmitter.java,java.util.List,Static Dependency
tika-pipes,TestAZBlobEmitter.java,com.fasterxml.jackson.databind.ObjectMapper,Static Dependency
tika-pipes,TestAZBlobEmitter.java,org.junit.jupiter.api.Disabled,Static Dependency
tika-pipes,TestAZBlobEmitter.java,org.apache.tika.metadata.Metadata,Static Dependency
tika-pipes,TestAZBlobEmitter.java,org.apache.tika.plugins.ExtensionConfig,Static Dependency
tika-pipes,TestAZBlobEmitter.java,org.apache.tika.parser.ParseContext,Static Dependency
tika-pipes,TestAZBlobEmitter.java,java.util.ArrayList,Static Dependency
tika-pipes,TestAZBlobEmitter.java,com.fasterxml.jackson.databind.node.ObjectNode,Static Dependency
tika-pipes,TestAZBlobFetcher.java,org.junit.jupiter.api.Test,Static Dependency
tika-pipes,TestAZBlobFetcher.java,java.io.Reader,Static Dependency
tika-pipes,TestAZBlobFetcher.java,java.nio.charset.StandardCharsets,Static Dependency
tika-pipes,TestAZBlobFetcher.java,java.util.List,Static Dependency
tika-pipes,TestAZBlobFetcher.java,org.apache.tika.TikaTest,Static Dependency
tika-pipes,TestAZBlobFetcher.java,org.junit.jupiter.api.Disabled,Static Dependency
tika-pipes,TestAZBlobFetcher.java,org.apache.tika.metadata.Metadata,Static Dependency
tika-pipes,TestAZBlobFetcher.java,java.io.BufferedReader,Static Dependency
tika-pipes,TestAZBlobFetcher.java,java.io.InputStreamReader,Static Dependency
tika-pipes,TestAZBlobFetcher.java,org.apache.tika.plugins.ExtensionConfig,Static Dependency
tika-pipes,TestAZBlobFetcher.java,org.apache.tika.serialization.JsonMetadataList,Static Dependency
tika-pipes,TestAZBlobFetcher.java,org.apache.tika.parser.ParseContext,Static Dependency
tika-pipes,TestAZBlobFetcher.java,com.fasterxml.jackson.databind.node.ObjectNode,Static Dependency
tika-pipes,TestAZBlobFetcher.java,com.fasterxml.jackson.databind.ObjectMapper,Static Dependency
tika-pipes,TestAZBlobPipesIterator.java,org.junit.jupiter.api.Test,Static Dependency
tika-pipes,TestAZBlobPipesIterator.java,org.apache.tika.pipes.api.FetchEmitTuple,Static Dependency
tika-pipes,TestAZBlobPipesIterator.java,java.util.List,Static Dependency
tika-pipes,TestAZBlobPipesIterator.java,java.util.concurrent.Future,Static Dependency
tika-pipes,TestAZBlobPipesIterator.java,org.junit.jupiter.api.Disabled,Static Dependency
tika-pipes,TestAZBlobPipesIterator.java,org.apache.tika.pipes.pipesiterator.PipesIteratorBase,Static Dependency
tika-pipes,TestAZBlobPipesIterator.java,java.util.concurrent.ExecutorService,Static Dependency
tika-pipes,TestAZBlobPipesIterator.java,java.util.concurrent.ArrayBlockingQueue,Static Dependency
tika-pipes,TestAZBlobPipesIterator.java,org.apache.tika.plugins.ExtensionConfig,Static Dependency
tika-pipes,TestAZBlobPipesIterator.java,java.util.concurrent.Callable,Static Dependency
tika-pipes,TestAZBlobPipesIterator.java,java.util.ArrayList,Static Dependency
tika-pipes,TestAZBlobPipesIterator.java,java.util.concurrent.ExecutorCompletionService,Static Dependency
tika-pipes,TestAZBlobPipesIterator.java,com.fasterxml.jackson.databind.node.ObjectNode,Static Dependency
tika-pipes,TestAZBlobPipesIterator.java,java.util.concurrent.TimeUnit,Static Dependency
tika-pipes,TestAZBlobPipesIterator.java,org.junit.jupiter.api.Assertions,Static Dependency
tika-pipes,TestAZBlobPipesIterator.java,java.util.concurrent.Executors,Static Dependency
tika-pipes,TestAZBlobPipesIterator.java,com.fasterxml.jackson.databind.ObjectMapper,Static Dependency
tika-pipes,PipesServerTest.java,org.apache.tika.TikaTest,Static Dependency
tika-pipes,PassbackFilterTest.java,org.apache.tika.utils.StringUtils,Static Dependency
tika-pipes,PassbackFilterTest.java,org.apache.tika.metadata.Metadata,Static Dependency
tika-pipes,PassbackFilterTest.java,java.nio.file.Files,Static Dependency
tika-pipes,PassbackFilterTest.java,java.util.Locale,Static Dependency
tika-pipes,PassbackFilterTest.java,org.junit.jupiter.api.io.TempDir,Static Dependency
tika-pipes,PassbackFilterTest.java,org.apache.tika.parser.ParseContext,Static Dependency
tika-pipes,PassbackFilterTest.java,org.apache.tika.config.loader.TikaJsonConfig,Static Dependency
tika-pipes,PassbackFilterTest.java,java.nio.charset.StandardCharsets,Static Dependency
tika-pipes,PassbackFilterTest.java,java.nio.file.Path,Static Dependency
tika-pipes,PassbackFilterTest.java,org.apache.tika.pipes.api.PipesResult,Static Dependency
tika-pipes,PassbackFilterTest.java,org.apache.tika.metadata.TikaCoreProperties,Static Dependency
tika-pipes,PassbackFilterTest.java,org.apache.tika.pipes.api.fetcher.FetchKey,Static Dependency
tika-pipes,PassbackFilterTest.java,org.junit.jupiter.api.Test,Static Dependency
tika-pipes,PassbackFilterTest.java,java.util.List,Static Dependency
tika-pipes,PassbackFilterTest.java,org.apache.tika.pipes.api.emitter.EmitKey,Static Dependency
tika-pipes,PassbackFilterTest.java,org.apache.tika.serialization.JsonMetadataList,Static Dependency
tika-pipes,PassbackFilterTest.java,org.junit.jupiter.api.Assertions,Static Dependency
tika-pipes,PassbackFilterTest.java,org.apache.tika.exception.TikaException,Static Dependency
tika-pipes,PassbackFilterTest.java,org.apache.tika.pipes.api.FetchEmitTuple,Static Dependency
tika-pipes,PluginsTestHelper.java,java.nio.file.Paths,Static Dependency
tika-pipes,PluginsTestHelper.java,java.io.IOException,Static Dependency
tika-pipes,PluginsTestHelper.java,org.slf4j.Logger,Static Dependency
tika-pipes,PluginsTestHelper.java,java.util.Map,Static Dependency
tika-pipes,PluginsTestHelper.java,java.nio.file.Path,Static Dependency
tika-pipes,PluginsTestHelper.java,java.nio.file.Files,Static Dependency
tika-pipes,PluginsTestHelper.java,java.util.HashMap,Static Dependency
tika-pipes,PluginsTestHelper.java,org.slf4j.LoggerFactory,Static Dependency
tika-pipes,PluginsTestHelper.java,org.apache.tika.config.JsonConfigHelper,Static Dependency
tika-pipes,PipesClientTest.java,org.apache.tika.metadata.Metadata,Static Dependency
tika-pipes,PipesClientTest.java,java.nio.file.Files,Static Dependency
tika-pipes,PipesClientTest.java,org.junit.jupiter.api.io.TempDir,Static Dependency
tika-pipes,PipesClientTest.java,org.apache.tika.parser.ParseContext,Static Dependency
tika-pipes,PipesClientTest.java,org.apache.tika.metadata.filter.MetadataFilter,Static Dependency
tika-pipes,PipesClientTest.java,org.apache.tika.config.loader.TikaJsonConfig,Static Dependency
tika-pipes,PipesClientTest.java,java.nio.charset.StandardCharsets,Static Dependency
tika-pipes,PipesClientTest.java,java.nio.file.Path,Static Dependency
tika-pipes,PipesClientTest.java,org.apache.tika.pipes.api.PipesResult,Static Dependency
tika-pipes,PipesClientTest.java,org.apache.tika.metadata.TikaCoreProperties,Static Dependency
tika-pipes,PipesClientTest.java,org.apache.tika.config.TikaTaskTimeout,Static Dependency
tika-pipes,PipesClientTest.java,org.apache.tika.pipes.api.fetcher.FetchKey,Static Dependency
tika-pipes,PipesClientTest.java,org.junit.jupiter.api.Test,Static Dependency
tika-pipes,PipesClientTest.java,java.util.List,Static Dependency
tika-pipes,PipesClientTest.java,org.apache.tika.pipes.api.emitter.EmitKey,Static Dependency
tika-pipes,PipesClientTest.java,org.apache.tika.metadata.filter.MockUpperCaseFilter,Static Dependency
tika-pipes,PipesClientTest.java,org.apache.tika.metadata.filter.CompositeMetadataFilter,Static Dependency
tika-pipes,PipesClientTest.java,org.junit.jupiter.api.Assertions,Static Dependency
tika-pipes,PipesClientTest.java,org.apache.tika.metadata.filter.AttachmentCountingListFilter,Static Dependency
tika-pipes,PipesClientTest.java,org.apache.tika.serialization.ParseContextUtils,Static Dependency
tika-pipes,PipesClientTest.java,org.apache.tika.pipes.api.FetchEmitTuple,Static Dependency
tika-pipes,CrashingDetector.java,java.io.IOException,Static Dependency
tika-pipes,CrashingDetector.java,org.apache.tika.detect.Detector,Static Dependency
tika-pipes,CrashingDetector.java,org.apache.tika.metadata.Metadata,Static Dependency
tika-pipes,CrashingDetector.java,org.apache.tika.io.TikaInputStream,Static Dependency
tika-pipes,CrashingDetector.java,org.apache.tika.parser.ParseContext,Static Dependency
tika-pipes,CrashingDetector.java,org.apache.tika.mime.MediaType,Static Dependency
tika-pipes,PluginManagerTest.java,org.junit.jupiter.api.Test,Static Dependency
tika-pipes,PluginManagerTest.java,org.apache.tika.pipes.api.fetcher.Fetcher,Static Dependency
tika-pipes,PluginManagerTest.java,org.apache.tika.pipes.core.fetcher.FetcherManager,Static Dependency
tika-pipes,PluginManagerTest.java,java.nio.file.Path,Static Dependency
tika-pipes,PluginManagerTest.java,org.apache.tika.plugins.TikaPluginManager,Static Dependency
tika-pipes,PluginManagerTest.java,org.junit.jupiter.api.io.TempDir,Static Dependency
tika-pipes,PluginManagerTest.java,org.apache.tika.config.loader.TikaJsonConfig,Static Dependency
tika-pipes,EmitterManagerTest.java,java.util.concurrent.Future,Static Dependency
tika-pipes,EmitterManagerTest.java,java.util.concurrent.ExecutorService,Static Dependency
tika-pipes,EmitterManagerTest.java,org.apache.tika.plugins.ExtensionConfig,Static Dependency
tika-pipes,EmitterManagerTest.java,java.util.concurrent.TimeUnit,Static Dependency
tika-pipes,EmitterManagerTest.java,java.nio.file.Files,Static Dependency
tika-pipes,EmitterManagerTest.java,org.apache.tika.config.JsonConfigHelper,Static Dependency
tika-pipes,EmitterManagerTest.java,java.util.Locale,Static Dependency
tika-pipes,EmitterManagerTest.java,org.apache.tika.pipes.api.emitter.Emitter,Static Dependency
tika-pipes,EmitterManagerTest.java,org.junit.jupiter.api.io.TempDir,Static Dependency
tika-pipes,EmitterManagerTest.java,java.util.ArrayList,Static Dependency
tika-pipes,EmitterManagerTest.java,org.apache.tika.config.loader.TikaJsonConfig,Static Dependency
tika-pipes,EmitterManagerTest.java,java.nio.charset.StandardCharsets,Static Dependency
tika-pipes,EmitterManagerTest.java,java.nio.file.Path,Static Dependency
tika-pipes,EmitterManagerTest.java,java.util.concurrent.CountDownLatch,Static Dependency
tika-pipes,EmitterManagerTest.java,org.apache.tika.plugins.TikaPluginManager,Static Dependency
tika-pipes,EmitterManagerTest.java,org.apache.tika.exception.TikaConfigException,Static Dependency
tika-pipes,EmitterManagerTest.java,org.apache.tika.pipes.core.PluginsTestHelper,Static Dependency
tika-pipes,EmitterManagerTest.java,org.junit.jupiter.api.Test,Static Dependency
tika-pipes,EmitterManagerTest.java,java.util.List,Static Dependency
tika-pipes,EmitterManagerTest.java,java.util.concurrent.Executors,Static Dependency
tika-pipes,EmitterManagerTest.java,org.apache.tika.pipes.api.emitter.EmitterNotFoundException,Static Dependency
tika-pipes,MockReporter.java,java.io.IOException,Static Dependency
tika-pipes,MockReporter.java,java.util.concurrent.ArrayBlockingQueue,Static Dependency
tika-pipes,MockReporter.java,org.apache.tika.plugins.ExtensionConfig,Static Dependency
tika-pipes,MockReporter.java,org.apache.tika.pipes.api.PipesResult,Static Dependency
tika-pipes,MockReporter.java,org.apache.tika.pipes.api.pipesiterator.TotalCountResult,Static Dependency
tika-pipes,MockReporter.java,org.apache.tika.pipes.api.FetchEmitTuple,Static Dependency
tika-pipes,MockReporter.java,org.apache.tika.pipes.api.reporter.PipesReporter,Static Dependency
tika-pipes,AsyncChaosMonkeyTest.java,org.apache.tika.metadata.Metadata,Static Dependency
tika-pipes,AsyncChaosMonkeyTest.java,java.nio.file.Files,Static Dependency
tika-pipes,AsyncChaosMonkeyTest.java,org.junit.jupiter.api.io.TempDir,Static Dependency
tika-pipes,AsyncChaosMonkeyTest.java,java.io.BufferedReader,Static Dependency
tika-pipes,AsyncChaosMonkeyTest.java,java.io.File,Static Dependency
tika-pipes,AsyncChaosMonkeyTest.java,java.nio.charset.StandardCharsets,Static Dependency
tika-pipes,AsyncChaosMonkeyTest.java,java.nio.file.Path,Static Dependency
tika-pipes,AsyncChaosMonkeyTest.java,org.apache.tika.pipes.core.PluginsTestHelper,Static Dependency
tika-pipes,AsyncChaosMonkeyTest.java,java.util.HashSet,Static Dependency
tika-pipes,AsyncChaosMonkeyTest.java,org.apache.tika.metadata.TikaCoreProperties,Static Dependency
tika-pipes,AsyncChaosMonkeyTest.java,java.util.Random,Static Dependency
tika-pipes,AsyncChaosMonkeyTest.java,java.util.Set,Static Dependency
tika-pipes,AsyncChaosMonkeyTest.java,org.apache.tika.pipes.api.fetcher.FetchKey,Static Dependency
tika-pipes,AsyncChaosMonkeyTest.java,org.junit.jupiter.api.Test,Static Dependency
tika-pipes,AsyncChaosMonkeyTest.java,java.util.List,Static Dependency
tika-pipes,AsyncChaosMonkeyTest.java,org.apache.tika.pipes.api.pipesiterator.PipesIterator,Static Dependency
tika-pipes,AsyncChaosMonkeyTest.java,org.apache.tika.pipes.api.emitter.EmitKey,Static Dependency
tika-pipes,AsyncChaosMonkeyTest.java,org.apache.tika.serialization.JsonMetadataList,Static Dependency
tika-pipes,AsyncChaosMonkeyTest.java,org.apache.tika.pipes.api.FetchEmitTuple,Static Dependency
tika-pipes,FetcherManagerTest.java,org.apache.tika.pipes.api.fetcher.Fetcher,Static Dependency
tika-pipes,FetcherManagerTest.java,java.util.concurrent.Future,Static Dependency
tika-pipes,FetcherManagerTest.java,java.util.concurrent.ExecutorService,Static Dependency
tika-pipes,FetcherManagerTest.java,org.apache.tika.plugins.ExtensionConfig,Static Dependency
tika-pipes,FetcherManagerTest.java,java.util.concurrent.TimeUnit,Static Dependency
tika-pipes,FetcherManagerTest.java,java.nio.file.Files,Static Dependency
tika-pipes,FetcherManagerTest.java,org.apache.tika.config.JsonConfigHelper,Static Dependency
tika-pipes,FetcherManagerTest.java,java.util.Locale,Static Dependency
tika-pipes,FetcherManagerTest.java,org.junit.jupiter.api.io.TempDir,Static Dependency
tika-pipes,FetcherManagerTest.java,java.util.ArrayList,Static Dependency
tika-pipes,FetcherManagerTest.java,org.apache.tika.config.loader.TikaJsonConfig,Static Dependency
tika-pipes,FetcherManagerTest.java,java.nio.charset.StandardCharsets,Static Dependency
tika-pipes,FetcherManagerTest.java,java.nio.file.Path,Static Dependency
tika-pipes,FetcherManagerTest.java,java.util.concurrent.CountDownLatch,Static Dependency
tika-pipes,FetcherManagerTest.java,org.apache.tika.plugins.TikaPluginManager,Static Dependency
tika-pipes,FetcherManagerTest.java,org.apache.tika.exception.TikaConfigException,Static Dependency
tika-pipes,FetcherManagerTest.java,org.apache.tika.pipes.core.PluginsTestHelper,Static Dependency
tika-pipes,FetcherManagerTest.java,org.apache.tika.pipes.api.fetcher.FetcherNotFoundException,Static Dependency
tika-pipes,FetcherManagerTest.java,org.junit.jupiter.api.Test,Static Dependency
tika-pipes,FetcherManagerTest.java,java.util.List,Static Dependency
tika-pipes,FetcherManagerTest.java,java.util.concurrent.Executors,Static Dependency
tika-pipes,MockUpperCaseFilter.java,org.apache.tika.config.TikaComponent,Static Dependency
tika-pipes,MockUpperCaseFilter.java,org.apache.tika.metadata.Metadata,Static Dependency
tika-pipes,MockUpperCaseFilter.java,java.util.Locale,Static Dependency
tika-pipes,AttachmentCountingListFilter.java,org.apache.tika.config.TikaComponent,Static Dependency
tika-pipes,AttachmentCountingListFilter.java,org.apache.tika.metadata.Metadata,Static Dependency
tika-pipes,AttachmentCountingListFilter.java,java.util.List,Static Dependency
tika-pipes,AttachmentCountingListFilter.java,org.apache.tika.exception.TikaException,Static Dependency
tika-pipes,AsyncCliParserTest.java,org.junit.jupiter.api.Test,Static Dependency
tika-pipes,AsyncCliParserTest.java,org.apache.tika.sax.BasicContentHandlerFactory,Static Dependency
tika-pipes,AsyncProcessorTest.java,org.apache.commons.io.IOUtils,Static Dependency
tika-pipes,AsyncProcessorTest.java,org.apache.tika.metadata.Metadata,Static Dependency
tika-pipes,AsyncProcessorTest.java,org.apache.tika.pipes.core.extractor.EmbeddedDocumentBytesConfig,Static Dependency
tika-pipes,AsyncProcessorTest.java,java.nio.file.Files,Static Dependency
tika-pipes,AsyncProcessorTest.java,org.apache.tika.config.JsonConfigHelper,Static Dependency
tika-pipes,AsyncProcessorTest.java,org.apache.tika.pipes.core.PipesException,Static Dependency
tika-pipes,AsyncProcessorTest.java,org.slf4j.Logger,Static Dependency
tika-pipes,AsyncProcessorTest.java,java.util.Map,Static Dependency
tika-pipes,AsyncProcessorTest.java,org.junit.jupiter.api.io.TempDir,Static Dependency
tika-pipes,AsyncProcessorTest.java,java.io.BufferedReader,Static Dependency
tika-pipes,AsyncProcessorTest.java,org.apache.tika.parser.ParseContext,Static Dependency
tika-pipes,AsyncProcessorTest.java,org.slf4j.LoggerFactory,Static Dependency
tika-pipes,AsyncProcessorTest.java,java.io.OutputStream,Static Dependency
tika-pipes,AsyncProcessorTest.java,java.nio.file.Paths,Static Dependency
tika-pipes,AsyncProcessorTest.java,java.nio.file.Path,Static Dependency
tika-pipes,AsyncProcessorTest.java,org.apache.tika.metadata.TikaCoreProperties,Static Dependency
tika-pipes,AsyncProcessorTest.java,org.apache.tika.pipes.api.fetcher.FetchKey,Static Dependency
tika-pipes,AsyncProcessorTest.java,org.junit.jupiter.api.Test,Static Dependency
tika-pipes,AsyncProcessorTest.java,java.util.List,Static Dependency
tika-pipes,AsyncProcessorTest.java,org.apache.tika.TikaTest,Static Dependency
tika-pipes,AsyncProcessorTest.java,org.apache.tika.pipes.api.pipesiterator.PipesIterator,Static Dependency
tika-pipes,AsyncProcessorTest.java,org.junit.jupiter.api.BeforeEach,Static Dependency
tika-pipes,AsyncProcessorTest.java,org.apache.tika.pipes.api.emitter.EmitKey,Static Dependency
tika-pipes,AsyncProcessorTest.java,org.apache.tika.serialization.JsonMetadataList,Static Dependency
tika-pipes,AsyncProcessorTest.java,java.util.HashMap,Static Dependency
tika-pipes,AsyncProcessorTest.java,org.apache.tika.pipes.core.async.AsyncProcessor,Static Dependency
tika-pipes,AsyncProcessorTest.java,org.apache.tika.pipes.api.FetchEmitTuple,Static Dependency
tika-pipes,TikaConfigAsyncWriterTest.java,java.nio.file.Paths,Static Dependency
tika-pipes,TikaConfigAsyncWriterTest.java,org.junit.jupiter.api.Test,Static Dependency
tika-pipes,TikaConfigAsyncWriterTest.java,org.apache.tika.sax.BasicContentHandlerFactory,Static Dependency
tika-pipes,TikaConfigAsyncWriterTest.java,java.nio.file.Path,Static Dependency
tika-pipes,TikaConfigAsyncWriterTest.java,org.junit.jupiter.api.io.TempDir,Static Dependency
tika-pipes,TikaConfigAsyncWriterTest.java,java.nio.file.Files,Static Dependency
tika-pipes,TikaConfigAsyncWriterTest.java,org.apache.tika.pipes.core.PipesConfig,Static Dependency
tika-pipes,TikaConfigAsyncWriterTest.java,org.apache.tika.config.loader.TikaJsonConfig,Static Dependency
tika-app,TikaCLIAsyncTest.java,java.nio.file.Paths,Static Dependency
tika-app,TikaCLIAsyncTest.java,java.io.IOException,Static Dependency
tika-app,TikaCLIAsyncTest.java,org.junit.jupiter.api.Test,Static Dependency
tika-app,TikaCLIAsyncTest.java,java.util.HashMap,Static Dependency
tika-app,TikaCLIAsyncTest.java,java.util.Map,Static Dependency
tika-app,TikaCLIAsyncTest.java,org.slf4j.Logger,Static Dependency
tika-app,TikaCLIAsyncTest.java,java.nio.file.Path,Static Dependency
tika-app,TikaCLIAsyncTest.java,org.junit.jupiter.api.BeforeAll,Static Dependency
tika-app,TikaCLIAsyncTest.java,org.junit.jupiter.api.BeforeEach,Static Dependency
tika-app,TikaCLIAsyncTest.java,org.junit.jupiter.api.io.TempDir,Static Dependency
tika-app,TikaCLIAsyncTest.java,java.io.ByteArrayOutputStream,Static Dependency
tika-app,TikaCLIAsyncTest.java,org.junit.jupiter.api.AfterEach,Static Dependency
tika-app,TikaCLIAsyncTest.java,java.io.PrintStream,Static Dependency
tika-app,TikaCLIAsyncTest.java,java.io.File,Static Dependency
tika-app,TikaCLIAsyncTest.java,org.apache.commons.io.FileUtils,Static Dependency
tika-app,TikaCLIAsyncTest.java,java.nio.file.Files,Static Dependency
tika-app,TikaCLIAsyncTest.java,org.slf4j.LoggerFactory,Static Dependency
tika-app,TikaCLIAsyncTest.java,org.apache.tika.config.JsonConfigHelper,Static Dependency
tika-app,XmlToJsonConfigConverterTest.java,java.nio.file.Paths,Static Dependency
tika-app,XmlToJsonConfigConverterTest.java,org.junit.jupiter.api.Test,Static Dependency
tika-app,XmlToJsonConfigConverterTest.java,java.nio.charset.StandardCharsets,Static Dependency
tika-app,XmlToJsonConfigConverterTest.java,java.util.Map,Static Dependency
tika-app,XmlToJsonConfigConverterTest.java,java.nio.file.Path,Static Dependency
tika-app,XmlToJsonConfigConverterTest.java,org.junit.jupiter.api.io.TempDir,Static Dependency
tika-app,XmlToJsonConfigConverterTest.java,org.apache.tika.parser.pdf.PDFParser,Static Dependency
tika-app,XmlToJsonConfigConverterTest.java,org.apache.tika.parser.CompositeParser,Static Dependency
tika-app,XmlToJsonConfigConverterTest.java,org.apache.tika.parser.ParseContext,Static Dependency
tika-app,XmlToJsonConfigConverterTest.java,org.apache.tika.mime.MediaType,Static Dependency
tika-app,XmlToJsonConfigConverterTest.java,java.nio.file.Files,Static Dependency
tika-app,XmlToJsonConfigConverterTest.java,org.apache.tika.parser.html.JSoupParser,Static Dependency
tika-app,XmlToJsonConfigConverterTest.java,org.apache.tika.parser.Parser,Static Dependency
tika-app,XmlToJsonConfigConverterTest.java,org.apache.tika.config.loader.TikaLoader,Static Dependency
tika-app,AsyncHelperTest.java,org.junit.jupiter.api.Test,Static Dependency
tika-app,TikaCLITest.java,java.io.IOException,Static Dependency
tika-app,TikaCLITest.java,org.apache.tika.utils.StringUtils,Static Dependency
tika-app,TikaCLITest.java,org.junit.jupiter.api.Disabled,Static Dependency
tika-app,TikaCLITest.java,org.apache.tika.metadata.Metadata,Static Dependency
tika-app,TikaCLITest.java,java.nio.file.Files,Static Dependency
tika-app,TikaCLITest.java,org.junit.jupiter.api.io.TempDir,Static Dependency
tika-app,TikaCLITest.java,java.io.ByteArrayOutputStream,Static Dependency
tika-app,TikaCLITest.java,java.nio.file.FileVisitor,Static Dependency
tika-app,TikaCLITest.java,java.nio.file.FileVisitResult,Static Dependency
tika-app,TikaCLITest.java,java.io.File,Static Dependency
tika-app,TikaCLITest.java,java.nio.file.attribute.BasicFileAttributes,Static Dependency
tika-app,TikaCLITest.java,java.nio.file.Paths,Static Dependency
tika-app,TikaCLITest.java,java.io.Reader,Static Dependency
tika-app,TikaCLITest.java,java.nio.file.Path,Static Dependency
tika-app,TikaCLITest.java,org.junit.jupiter.api.AfterEach,Static Dependency
tika-app,TikaCLITest.java,org.apache.tika.utils.ProcessUtils,Static Dependency
tika-app,TikaCLITest.java,java.util.HashSet,Static Dependency
tika-app,TikaCLITest.java,org.apache.tika.metadata.TikaCoreProperties,Static Dependency
tika-app,TikaCLITest.java,java.util.Set,Static Dependency
tika-app,TikaCLITest.java,java.net.URI,Static Dependency
tika-app,TikaCLITest.java,org.junit.jupiter.api.Test,Static Dependency
tika-app,TikaCLITest.java,java.util.List,Static Dependency
tika-app,TikaCLITest.java,org.junit.jupiter.api.BeforeEach,Static Dependency
tika-app,TikaCLITest.java,org.apache.tika.serialization.JsonMetadataList,Static Dependency
tika-app,TikaCLITest.java,java.io.PrintStream,Static Dependency
tika-app,TikaCLITest.java,org.apache.tika.exception.TikaException,Static Dependency
