Project,Package,Class,NOF,NOPF,NOM,NOPM,LOC,WMC,NC,DIT,LCOM,Fan-In,Fan-Out,File,Line no
tika,org.apache.tika.example,DumpTikaConfigExampleTest,1,0,3,3,39,7,0,0,0.0,0,7,/Users/surabhilone/Desktop/Thesis/SoftwareSystems/tika/tika-example/src/test/java/org/apache/tika/example/DumpTikaConfigExampleTest.java,43
tika,org.apache.tika.example,TranslatorExampleTest,1,0,2,2,14,3,0,0,0.0,0,1,/Users/surabhilone/Desktop/Thesis/SoftwareSystems/tika/tika-example/src/test/java/org/apache/tika/example/TranslatorExampleTest.java,26
tika,org.apache.tika.example,LanguageDetectorExampleTest,1,0,2,2,10,2,0,0,0.0,0,1,/Users/surabhilone/Desktop/Thesis/SoftwareSystems/tika/tika-example/src/test/java/org/apache/tika/example/LanguageDetectorExampleTest.java,26
tika,org.apache.tika.example,ContentHandlerExampleTest,1,0,6,6,53,7,0,0,0.0,0,2,/Users/surabhilone/Desktop/Thesis/SoftwareSystems/tika/tika-example/src/test/java/org/apache/tika/example/ContentHandlerExampleTest.java,33
tika,org.apache.tika.example,TextStatsFromTikaEvalTest,0,0,1,1,7,1,0,0,-1.0,0,1,/Users/surabhilone/Desktop/Thesis/SoftwareSystems/tika/tika-example/src/test/java/org/apache/tika/example/TextStatsFromTikaEvalTest.java,23
tika,org.apache.tika.example,SimpleTypeDetectorTest,0,0,1,1,10,1,0,0,-1.0,0,1,/Users/surabhilone/Desktop/Thesis/SoftwareSystems/tika/tika-example/src/test/java/org/apache/tika/example/SimpleTypeDetectorTest.java,28
tika,org.apache.tika.example,AdvancedTypeDetectorTest,0,0,1,1,5,1,0,0,-1.0,0,1,/Users/surabhilone/Desktop/Thesis/SoftwareSystems/tika/tika-example/src/test/java/org/apache/tika/example/AdvancedTypeDetectorTest.java,24
tika,org.apache.tika.example,TestParsingExample,1,0,7,7,41,7,0,0,0.0,0,4,/Users/surabhilone/Desktop/Thesis/SoftwareSystems/tika/tika-example/src/test/java/org/apache/tika/example/TestParsingExample.java,35
tika,org.apache.tika.example,SimpleTextExtractorTest,0,0,1,1,14,1,0,0,-1.0,0,1,/Users/surabhilone/Desktop/Thesis/SoftwareSystems/tika/tika-example/src/test/java/org/apache/tika/example/SimpleTextExtractorTest.java,33
tika,org.apache.tika.example,ExtractEmbeddedFilesTest,2,0,3,3,20,4,0,0,0.0,0,1,/Users/surabhilone/Desktop/Thesis/SoftwareSystems/tika/tika-example/src/test/java/org/apache/tika/example/ExtractEmbeddedFilesTest.java,31
tika,org.apache.tika.example,TextStatsFromTikaEval,0,0,1,1,18,1,0,0,-1.0,1,2,/Users/surabhilone/Desktop/Thesis/SoftwareSystems/tika/tika-example/src/main/java/org/apache/tika/example/TextStatsFromTikaEval.java,29
tika,org.apache.tika.example,ParsingExample,0,0,7,7,111,8,0,0,-1.0,2,15,/Users/surabhilone/Desktop/Thesis/SoftwareSystems/tika/tika-example/src/main/java/org/apache/tika/example/ParsingExample.java,46
tika,org.apache.tika.example,TrecDocumentGenerator,3,0,1,1,59,1,0,0,0.0,0,4,/Users/surabhilone/Desktop/Thesis/SoftwareSystems/tika/tika-example/src/main/java/org/apache/tika/example/TrecDocumentGenerator.java,30
tika,org.apache.tika.example,TrecDocumentGenerator.TrecDocument,3,0,0,0,48,0,0,0,-1.0,0,0,/Users/surabhilone/Desktop/Thesis/SoftwareSystems/tika/tika-example/src/main/java/org/apache/tika/example/TrecDocumentGenerator.java,49
tika,org.apache.tika.example,InterruptableParsingExample,3,0,1,1,43,1,0,0,0.0,0,3,/Users/surabhilone/Desktop/Thesis/SoftwareSystems/tika/tika-example/src/main/java/org/apache/tika/example/InterruptableParsingExample.java,35
tika,org.apache.tika.example,InterruptableParsingExample.QueryMatchedException,0,0,0,0,2,0,0,0,-1.0,0,0,/Users/surabhilone/Desktop/Thesis/SoftwareSystems/tika/tika-example/src/main/java/org/apache/tika/example/InterruptableParsingExample.java,67
tika,org.apache.tika.example,InterruptableParsingExample.InterruptingContentHandler,2,0,0,0,19,0,0,0,-1.0,0,0,/Users/surabhilone/Desktop/Thesis/SoftwareSystems/tika/tika-example/src/main/java/org/apache/tika/example/InterruptableParsingExample.java,70
tika,org.apache.tika.example,ImportContextImpl,8,0,15,14,155,24,0,0,0.0,0,4,/Users/surabhilone/Desktop/Thesis/SoftwareSystems/tika/tika-example/src/main/java/org/apache/tika/example/ImportContextImpl.java,40
tika,org.apache.tika.example,PrescriptionParser,1,0,2,1,12,2,0,2,1.0,0,4,/Users/surabhilone/Desktop/Thesis/SoftwareSystems/tika/tika-example/src/main/java/org/apache/tika/example/PrescriptionParser.java,31
tika,org.apache.tika.example,SpringExample,0,0,1,1,7,1,0,0,-1.0,0,1,/Users/surabhilone/Desktop/Thesis/SoftwareSystems/tika/tika-example/src/main/java/org/apache/tika/example/SpringExample.java,32
tika,org.apache.tika.example,LuceneIndexerExtended,2,0,3,3,25,4,0,0,0.0,0,2,/Users/surabhilone/Desktop/Thesis/SoftwareSystems/tika/tika-example/src/main/java/org/apache/tika/example/LuceneIndexerExtended.java,33
tika,org.apache.tika.example,PickBestTextEncodingParser,7,0,6,3,110,13,0,2,0.5,0,6,/Users/surabhilone/Desktop/Thesis/SoftwareSystems/tika/tika-example/src/main/java/org/apache/tika/example/PickBestTextEncodingParser.java,43
tika,org.apache.tika.example,PickBestTextEncodingParser.CharsetContentHandlerFactory,2,0,0,0,14,0,0,1,-1.0,0,0,/Users/surabhilone/Desktop/Thesis/SoftwareSystems/tika/tika-example/src/main/java/org/apache/tika/example/PickBestTextEncodingParser.java,153
tika,org.apache.tika.example,PickBestTextEncodingParser.CharsetTester,3,0,0,0,30,0,0,0,-1.0,0,0,/Users/surabhilone/Desktop/Thesis/SoftwareSystems/tika/tika-example/src/main/java/org/apache/tika/example/PickBestTextEncodingParser.java,174
tika,org.apache.tika.example,DumpTikaConfigExample,0,0,1,1,56,9,0,0,-1.0,1,2,/Users/surabhilone/Desktop/Thesis/SoftwareSystems/tika/tika-example/src/main/java/org/apache/tika/example/DumpTikaConfigExample.java,31
tika,org.apache.tika.example,TranscribeTranslateExample,0,0,3,3,55,7,0,0,-1.0,0,2,/Users/surabhilone/Desktop/Thesis/SoftwareSystems/tika/tika-example/src/main/java/org/apache/tika/example/TranscribeTranslateExample.java,27
tika,org.apache.tika.example,StandardsExtractionExample,3,0,5,5,54,6,0,0,0.0,0,4,/Users/surabhilone/Desktop/Thesis/SoftwareSystems/tika/tika-example/src/main/java/org/apache/tika/example/StandardsExtractionExample.java,38
tika,org.apache.tika.example,MediaTypeExample,0,0,3,3,27,6,0,0,-1.0,0,2,/Users/surabhilone/Desktop/Thesis/SoftwareSystems/tika/tika-example/src/main/java/org/apache/tika/example/MediaTypeExample.java,25
tika,org.apache.tika.example,ZipListFiles,0,0,2,2,20,5,0,0,-1.0,0,0,/Users/surabhilone/Desktop/Thesis/SoftwareSystems/tika/tika-example/src/main/java/org/apache/tika/example/ZipListFiles.java,24
tika,org.apache.tika.example,DisplayMetInstance,0,0,2,2,15,2,0,0,-1.0,0,3,/Users/surabhilone/Desktop/Thesis/SoftwareSystems/tika/tika-example/src/main/java/org/apache/tika/example/DisplayMetInstance.java,30
tika,org.apache.tika.example,SimpleTypeDetector,0,0,1,1,9,2,0,0,-1.0,1,1,/Users/surabhilone/Desktop/Thesis/SoftwareSystems/tika/tika-example/src/main/java/org/apache/tika/example/SimpleTypeDetector.java,23
tika,org.apache.tika.example,DirListParser,2,0,5,4,66,10,0,1,0.4,0,5,/Users/surabhilone/Desktop/Thesis/SoftwareSystems/tika/tika-example/src/main/java/org/apache/tika/example/DirListParser.java,40
tika,org.apache.tika.example,RollbackSoftware,1,0,4,2,50,5,0,0,0.5,0,4,/Users/surabhilone/Desktop/Thesis/SoftwareSystems/tika/tika-example/src/main/java/org/apache/tika/example/RollbackSoftware.java,43
tika,org.apache.tika.example,RollbackSoftware.DeploymentAreaParser,1,0,0,0,23,0,0,1,-1.0,0,1,/Users/surabhilone/Desktop/Thesis/SoftwareSystems/tika/tika-example/src/main/java/org/apache/tika/example/RollbackSoftware.java,78
tika,org.apache.tika.example,SimpleTextExtractor,0,0,1,1,9,2,0,0,-1.0,1,1,/Users/surabhilone/Desktop/Thesis/SoftwareSystems/tika/tika-example/src/main/java/org/apache/tika/example/SimpleTextExtractor.java,23
tika,org.apache.tika.example,LuceneIndexer,2,0,2,2,14,2,0,0,0.0,1,1,/Users/surabhilone/Desktop/Thesis/SoftwareSystems/tika/tika-example/src/main/java/org/apache/tika/example/LuceneIndexer.java,28
tika,org.apache.tika.example,MyFirstTika,0,0,3,3,50,3,0,0,-1.0,0,13,/Users/surabhilone/Desktop/Thesis/SoftwareSystems/tika/tika-example/src/main/java/org/apache/tika/example/MyFirstTika.java,43
tika,org.apache.tika.example,RecentFiles,2,0,5,4,87,9,0,0,0.0,0,2,/Users/surabhilone/Desktop/Thesis/SoftwareSystems/tika/tika-example/src/main/java/org/apache/tika/example/RecentFiles.java,42
tika,org.apache.tika.example,TIAParsingExample,1,0,14,14,125,15,0,0,1.0,0,12,/Users/surabhilone/Desktop/Thesis/SoftwareSystems/tika/tika-example/src/main/java/org/apache/tika/example/TIAParsingExample.java,59
tika,org.apache.tika.example,LanguageDetectorExample,0,0,1,1,7,1,0,0,-1.0,1,3,/Users/surabhilone/Desktop/Thesis/SoftwareSystems/tika/tika-example/src/main/java/org/apache/tika/example/LanguageDetectorExample.java,25
tika,org.apache.tika.example,ExtractEmbeddedFiles,5,0,1,1,54,1,0,0,0.0,1,9,/Users/surabhilone/Desktop/Thesis/SoftwareSystems/tika/tika-example/src/main/java/org/apache/tika/example/ExtractEmbeddedFiles.java,43
tika,org.apache.tika.example,ExtractEmbeddedFiles.MyEmbeddedDocumentExtractor,2,0,0,0,40,0,0,2,-1.0,0,1,/Users/surabhilone/Desktop/Thesis/SoftwareSystems/tika/tika-example/src/main/java/org/apache/tika/example/ExtractEmbeddedFiles.java,60
tika,org.apache.tika.example,CustomMimeInfo,0,0,3,3,18,3,0,0,-1.0,0,2,/Users/surabhilone/Desktop/Thesis/SoftwareSystems/tika/tika-example/src/main/java/org/apache/tika/example/CustomMimeInfo.java,26
tika,org.apache.tika.example,EncryptedPrescriptionParser,1,0,2,2,18,2,0,1,1.0,0,5,/Users/surabhilone/Desktop/Thesis/SoftwareSystems/tika/tika-example/src/main/java/org/apache/tika/example/EncryptedPrescriptionParser.java,37
tika,org.apache.tika.example,ContentHandlerExample,1,0,6,6,82,8,0,0,0.8333333333333334,1,10,/Users/surabhilone/Desktop/Thesis/SoftwareSystems/tika/tika-example/src/main/java/org/apache/tika/example/ContentHandlerExample.java,38
tika,org.apache.tika.example,Pharmacy,1,0,2,2,9,2,0,0,0.0,2,0,/Users/surabhilone/Desktop/Thesis/SoftwareSystems/tika/tika-example/src/main/java/org/apache/tika/example/Pharmacy.java,21
tika,org.apache.tika.example,GrabPhoneNumbersExample,3,0,5,5,51,6,0,0,0.0,0,4,/Users/surabhilone/Desktop/Thesis/SoftwareSystems/tika/tika-example/src/main/java/org/apache/tika/example/GrabPhoneNumbersExample.java,38
tika,org.apache.tika.example,MetadataAwareLuceneIndexer,2,0,3,3,48,7,0,0,0.0,0,4,/Users/surabhilone/Desktop/Thesis/SoftwareSystems/tika/tika-example/src/main/java/org/apache/tika/example/MetadataAwareLuceneIndexer.java,35
tika,org.apache.tika.example,Language,0,0,3,3,24,3,0,0,-1.0,0,5,/Users/surabhilone/Desktop/Thesis/SoftwareSystems/tika/tika-example/src/main/java/org/apache/tika/example/Language.java,30
tika,org.apache.tika.example,TranslatorExample,0,0,1,1,13,1,0,0,-1.0,1,1,/Users/surabhilone/Desktop/Thesis/SoftwareSystems/tika/tika-example/src/main/java/org/apache/tika/example/TranslatorExample.java,21
tika,org.apache.tika.example,EncryptedPrescriptionDetector,1,0,1,1,19,2,0,1,0.0,0,5,/Users/surabhilone/Desktop/Thesis/SoftwareSystems/tika/tika-example/src/main/java/org/apache/tika/example/EncryptedPrescriptionDetector.java,33
tika,org.apache.tika.example,DescribeMetadata,0,0,1,1,8,1,0,0,-1.0,0,1,/Users/surabhilone/Desktop/Thesis/SoftwareSystems/tika/tika-example/src/main/java/org/apache/tika/example/DescribeMetadata.java,21
tika,org.apache.tika.example,AdvancedTypeDetector,1,0,3,3,26,5,0,0,1.0,1,4,/Users/surabhilone/Desktop/Thesis/SoftwareSystems/tika/tika-example/src/main/java/org/apache/tika/example/AdvancedTypeDetector.java,28
tika,org.apache.tika.example,LanguageDetectingParser,1,0,1,1,12,2,0,2,0.0,0,7,/Users/surabhilone/Desktop/Thesis/SoftwareSystems/tika/tika-example/src/main/java/org/apache/tika/example/LanguageDetectingParser.java,34
tika,org.apache.tika.parser.jdbc,AbstractDBParser,2,0,10,2,146,16,1,1,0.2,0,7,/Users/surabhilone/Desktop/Thesis/SoftwareSystems/tika/tika-parsers/tika-parsers-standard/tika-parsers-standard-modules/tika-parser-jdbc-commons/src/main/java/org/apache/tika/parser/jdbc/AbstractDBParser.java,40
tika,org.apache.tika.parser.jdbc,JDBCTableReader,7,0,14,4,211,40,1,0,0.0,3,9,/Users/surabhilone/Desktop/Thesis/SoftwareSystems/tika/tika-parsers/tika-parsers-standard/tika-parsers-standard-modules/tika-parser-jdbc-commons/src/main/java/org/apache/tika/parser/jdbc/JDBCTableReader.java,49
tika,org.apache.tika.parser.pdf,AccessCheckerTest,0,0,6,5,85,6,0,0,-1.0,0,4,/Users/surabhilone/Desktop/Thesis/SoftwareSystems/tika/tika-parsers/tika-parsers-standard/tika-parsers-standard-modules/tika-parser-pdf-module/src/test/java/org/apache/tika/parser/pdf/AccessCheckerTest.java,28
tika,org.apache.tika.parser.pdf,PDFRenderingTest,2,0,5,3,63,5,0,0,0.4,0,8,/Users/surabhilone/Desktop/Thesis/SoftwareSystems/tika/tika-parsers/tika-parsers-standard/tika-parsers-standard-modules/tika-parser-pdf-module/src/test/java/org/apache/tika/parser/pdf/PDFRenderingTest.java,46
tika,org.apache.tika.parser.pdf,PDFRenderingTest.RenderCaptureExtractor,2,0,0,0,18,0,0,2,-1.0,0,0,/Users/surabhilone/Desktop/Thesis/SoftwareSystems/tika/tika-parsers/tika-parsers-standard/tika-parsers-standard-modules/tika-parser-pdf-module/src/test/java/org/apache/tika/parser/pdf/PDFRenderingTest.java,109
tika,org.apache.tika.parser.pdf,PDFParserTest,2,1,69,67,959,110,0,0,0.9420289855072463,0,23,/Users/surabhilone/Desktop/Thesis/SoftwareSystems/tika/tika-parsers/tika-parsers-standard/tika-parsers-standard-modules/tika-parser-pdf-module/src/test/java/org/apache/tika/parser/pdf/PDFParserTest.java,75
tika,org.apache.tika.parser.pdf,PDFParserTest.EventCountingHandler,1,0,0,0,12,0,0,1,-1.0,0,0,/Users/surabhilone/Desktop/Thesis/SoftwareSystems/tika/tika-parsers/tika-parsers-standard/tika-parsers-standard-modules/tika-parser-pdf-module/src/test/java/org/apache/tika/parser/pdf/PDFParserTest.java,1374
tika,org.apache.tika.parser.pdf,PDFParserTest.AvoidInlineSelector,0,0,0,0,9,0,0,1,-1.0,0,1,/Users/surabhilone/Desktop/Thesis/SoftwareSystems/tika/tika-parsers/tika-parsers-standard/tika-parsers-standard-modules/tika-parser-pdf-module/src/test/java/org/apache/tika/parser/pdf/PDFParserTest.java,1391
tika,org.apache.tika.parser.pdf,PDFIncrementalUpdatesTest,0,0,12,11,84,12,0,0,-1.0,0,5,/Users/surabhilone/Desktop/Thesis/SoftwareSystems/tika/tika-parsers/tika-parsers-standard/tika-parsers-standard-modules/tika-parser-pdf-module/src/test/java/org/apache/tika/parser/pdf/PDFIncrementalUpdatesTest.java,39
tika,org.apache.tika.parser.pdf,CustomTikaXMPTest,0,0,6,5,70,6,0,0,-1.0,0,7,/Users/surabhilone/Desktop/Thesis/SoftwareSystems/tika/tika-parsers/tika-parsers-standard/tika-parsers-standard-modules/tika-parser-pdf-module/src/test/java/org/apache/tika/parser/pdf/CustomTikaXMPTest.java,38
tika,org.apache.tika.parser.pdf,MyCustomImageGraphicsEngineFactory,0,0,1,1,5,1,0,1,-1.0,0,6,/Users/surabhilone/Desktop/Thesis/SoftwareSystems/tika/tika-parsers/tika-parsers-standard/tika-parsers-standard-modules/tika-parser-pdf-module/src/test/java/org/apache/tika/parser/pdf/MyCustomImageGraphicsEngineFactory.java,32
tika,org.apache.tika.parser.pdf,PDFMarkedContent2XHTMLTest,1,0,4,4,33,4,0,0,0.0,0,3,/Users/surabhilone/Desktop/Thesis/SoftwareSystems/tika/tika-parsers/tika-parsers-standard/tika-parsers-standard-modules/tika-parser-pdf-module/src/test/java/org/apache/tika/parser/pdf/PDFMarkedContent2XHTMLTest.java,32
tika,org.apache.tika.parser.pdf,PDFParser,6,1,98,78,740,161,0,1,0.05102040816326531,6,31,/Users/surabhilone/Desktop/Thesis/SoftwareSystems/tika/tika-parsers/tika-parsers-standard/tika-parsers-standard-modules/tika-parser-pdf-module/src/main/java/org/apache/tika/parser/pdf/PDFParser.java,95
tika,org.apache.tika.parser.pdf,PDFParser.TikaAcroFormFixup,0,0,0,0,11,0,0,0,-1.0,0,0,/Users/surabhilone/Desktop/Thesis/SoftwareSystems/tika/tika-parsers/tika-parsers-standard/tika-parsers-standard-modules/tika-parser-pdf-module/src/main/java/org/apache/tika/parser/pdf/PDFParser.java,1148
tika,org.apache.tika.parser.pdf,OCRPageCounter,1,0,2,2,12,2,0,0,0.0,2,0,/Users/surabhilone/Desktop/Thesis/SoftwareSystems/tika/tika-parsers/tika-parsers-standard/tika-parsers-standard-modules/tika-parser-pdf-module/src/main/java/org/apache/tika/parser/pdf/OCRPageCounter.java,19
tika,org.apache.tika.parser.pdf,OCR2XHTML,0,0,10,5,63,12,0,1,-1.0,0,4,/Users/surabhilone/Desktop/Thesis/SoftwareSystems/tika/tika-parsers/tika-parsers-standard/tika-parsers-standard-modules/tika-parser-pdf-module/src/main/java/org/apache/tika/parser/pdf/OCR2XHTML.java,34
tika,org.apache.tika.parser.pdf,AbstractPDF2XHTML,35,2,47,3,1096,213,2,0,0.06382978723404255,0,35,/Users/surabhilone/Desktop/Thesis/SoftwareSystems/tika/tika-parsers/tika-parsers-standard/tika-parsers-standard-modules/tika-parser-pdf-module/src/main/java/org/apache/tika/parser/pdf/AbstractPDF2XHTML.java,136
tika,org.apache.tika.parser.pdf,AbstractPDF2XHTML.NameSpecTuple,2,0,0,0,14,0,0,0,-1.0,0,0,/Users/surabhilone/Desktop/Thesis/SoftwareSystems/tika/tika-parsers/tika-parsers-standard/tika-parsers-standard-modules/tika-parser-pdf-module/src/main/java/org/apache/tika/parser/pdf/AbstractPDF2XHTML.java,1505
tika,org.apache.tika.parser.pdf,AbstractPDF2XHTML.ActionTrigger,0,0,0,0,1,0,0,0,-1.0,0,0,/Users/surabhilone/Desktop/Thesis/SoftwareSystems/tika/tika-parsers/tika-parsers-standard/tika-parsers-standard-modules/tika-parser-pdf-module/src/main/java/org/apache/tika/parser/pdf/AbstractPDF2XHTML.java,1523
tika,org.apache.tika.parser.pdf,XFAExtractor,11,0,7,0,196,50,0,0,0.0,2,4,/Users/surabhilone/Desktop/Thesis/SoftwareSystems/tika/tika-parsers/tika-parsers-standard/tika-parsers-standard-modules/tika-parser-pdf-module/src/main/java/org/apache/tika/parser/pdf/XFAExtractor.java,37
tika,org.apache.tika.parser.pdf,XFAExtractor.XFAField,4,0,0,0,14,0,0,0,-1.0,0,0,/Users/surabhilone/Desktop/Thesis/SoftwareSystems/tika/tika-parsers/tika-parsers-standard/tika-parsers-standard-modules/tika-parser-pdf-module/src/main/java/org/apache/tika/parser/pdf/XFAExtractor.java,299
tika,org.apache.tika.parser.pdf,PDFEncodedStringDecoder,1,0,2,0,62,6,0,0,1.0,1,0,/Users/surabhilone/Desktop/Thesis/SoftwareSystems/tika/tika-parsers/tika-parsers-standard/tika-parsers-standard-modules/tika-parser-pdf-module/src/main/java/org/apache/tika/parser/pdf/PDFEncodedStringDecoder.java,30
tika,org.apache.tika.parser.pdf,PDFEncodedStringDecoder.COSStringParser,0,0,0,0,19,0,0,0,-1.0,0,0,/Users/surabhilone/Desktop/Thesis/SoftwareSystems/tika/tika-parsers/tika-parsers-standard/tika-parsers-standard-modules/tika-parser-pdf-module/src/main/java/org/apache/tika/parser/pdf/PDFEncodedStringDecoder.java,99
tika,org.apache.tika.parser.pdf,AccessChecker,3,0,6,6,63,13,0,0,0.0,3,3,/Users/surabhilone/Desktop/Thesis/SoftwareSystems/tika/tika-parsers/tika-parsers-standard/tika-parsers-standard-modules/tika-parser-pdf-module/src/main/java/org/apache/tika/parser/pdf/AccessChecker.java,25
tika,org.apache.tika.parser.pdf,PDFParserConfig,44,0,79,78,722,98,0,0,0.02531645569620253,17,5,/Users/surabhilone/Desktop/Thesis/SoftwareSystems/tika/tika-parsers/tika-parsers-standard/tika-parsers-standard-modules/tika-parser-pdf-module/src/main/java/org/apache/tika/parser/pdf/PDFParserConfig.java,35
tika,org.apache.tika.parser.pdf,PDFParserConfig.TikaImageType,1,0,0,0,8,0,0,0,-1.0,0,0,/Users/surabhilone/Desktop/Thesis/SoftwareSystems/tika/tika-parsers/tika-parsers-standard/tika-parsers-standard-modules/tika-parser-pdf-module/src/main/java/org/apache/tika/parser/pdf/PDFParserConfig.java,47
tika,org.apache.tika.parser.pdf,PDFParserConfig.OCR_STRATEGY,0,0,0,0,29,0,0,0,-1.0,0,0,/Users/surabhilone/Desktop/Thesis/SoftwareSystems/tika/tika-parsers/tika-parsers-standard/tika-parsers-standard-modules/tika-parser-pdf-module/src/main/java/org/apache/tika/parser/pdf/PDFParserConfig.java,919
tika,org.apache.tika.parser.pdf,PDFParserConfig.OCRStrategyAuto,2,0,0,0,27,0,0,0,-1.0,0,0,/Users/surabhilone/Desktop/Thesis/SoftwareSystems/tika/tika-parsers/tika-parsers-standard/tika-parsers-standard-modules/tika-parser-pdf-module/src/main/java/org/apache/tika/parser/pdf/PDFParserConfig.java,949
tika,org.apache.tika.parser.pdf,PDFParserConfig.OCR_RENDERING_STRATEGY,0,0,0,0,24,0,0,0,-1.0,0,0,/Users/surabhilone/Desktop/Thesis/SoftwareSystems/tika/tika-parsers/tika-parsers-standard/tika-parsers-standard-modules/tika-parser-pdf-module/src/main/java/org/apache/tika/parser/pdf/PDFParserConfig.java,993
tika,org.apache.tika.parser.pdf,PDFParserConfig.IMAGE_STRATEGY,0,0,0,0,31,0,0,0,-1.0,0,0,/Users/surabhilone/Desktop/Thesis/SoftwareSystems/tika/tika-parsers/tika-parsers-standard/tika-parsers-standard-modules/tika-parser-pdf-module/src/main/java/org/apache/tika/parser/pdf/PDFParserConfig.java,1032
tika,org.apache.tika.parser.pdf,PDFDOMUtil,0,0,2,0,48,11,0,0,-1.0,1,0,/Users/surabhilone/Desktop/Thesis/SoftwareSystems/tika/tika-parsers/tika-parsers-standard/tika-parsers-standard-modules/tika-parser-pdf-module/src/main/java/org/apache/tika/parser/pdf/PDFDOMUtil.java,31
tika,org.apache.tika.parser.pdf,PDFMarkedContent2XHTML,16,0,12,4,414,65,0,0,0.5,0,4,/Users/surabhilone/Desktop/Thesis/SoftwareSystems/tika/tika-parsers/tika-parsers-standard/tika-parsers-standard-modules/tika-parser-pdf-module/src/main/java/org/apache/tika/parser/pdf/PDFMarkedContent2XHTML.java,51
tika,org.apache.tika.parser.pdf,PDFMarkedContent2XHTML.State,6,0,0,0,8,0,0,0,-1.0,0,0,/Users/surabhilone/Desktop/Thesis/SoftwareSystems/tika/tika-parsers/tika-parsers-standard/tika-parsers-standard-modules/tika-parser-pdf-module/src/main/java/org/apache/tika/parser/pdf/PDFMarkedContent2XHTML.java,479
tika,org.apache.tika.parser.pdf,PDFMarkedContent2XHTML.HtmlTag,2,0,0,0,32,0,0,0,-1.0,0,0,/Users/surabhilone/Desktop/Thesis/SoftwareSystems/tika/tika-parsers/tika-parsers-standard/tika-parsers-standard-modules/tika-parser-pdf-module/src/main/java/org/apache/tika/parser/pdf/PDFMarkedContent2XHTML.java,488
tika,org.apache.tika.parser.pdf,PDFMarkedContent2XHTML.ObjectRef,2,0,0,0,24,0,0,0,-1.0,0,0,/Users/surabhilone/Desktop/Thesis/SoftwareSystems/tika/tika-parsers/tika-parsers-standard/tika-parsers-standard-modules/tika-parser-pdf-module/src/main/java/org/apache/tika/parser/pdf/PDFMarkedContent2XHTML.java,530
tika,org.apache.tika.parser.pdf,PDFMarkedContent2XHTML.MCID,2,0,0,0,27,0,0,0,-1.0,0,0,/Users/surabhilone/Desktop/Thesis/SoftwareSystems/tika/tika-parsers/tika-parsers-standard/tika-parsers-standard-modules/tika-parser-pdf-module/src/main/java/org/apache/tika/parser/pdf/PDFMarkedContent2XHTML.java,562
tika,org.apache.tika.parser.pdf,PDMetadataExtractor,0,0,24,2,423,79,0,0,-1.0,3,20,/Users/surabhilone/Desktop/Thesis/SoftwareSystems/tika/tika-parsers/tika-parsers-standard/tika-parsers-standard-modules/tika-parser-pdf-module/src/main/java/org/apache/tika/parser/pdf/PDMetadataExtractor.java,61
tika,org.apache.tika.parser.pdf,PDF2XHTML,3,0,15,5,254,25,1,1,0.7333333333333333,1,13,/Users/surabhilone/Desktop/Thesis/SoftwareSystems/tika/tika-parsers/tika-parsers-standard/tika-parsers-standard-modules/tika-parser-pdf-module/src/main/java/org/apache/tika/parser/pdf/PDF2XHTML.java,54
tika,org.apache.tika.parser.pdf,PDF2XHTML.AngleDetectingPDF2XHTML,0,0,0,0,61,0,0,2,-1.0,0,0,/Users/surabhilone/Desktop/Thesis/SoftwareSystems/tika/tika-parsers/tika-parsers-standard/tika-parsers-standard-modules/tika-parser-pdf-module/src/main/java/org/apache/tika/parser/pdf/PDF2XHTML.java,270
tika,org.apache.tika.parser.pdf,PDF2XHTML.AngleCollector,1,0,0,0,19,0,0,0,-1.0,0,0,/Users/surabhilone/Desktop/Thesis/SoftwareSystems/tika/tika-parsers/tika-parsers-standard/tika-parsers-standard-modules/tika-parser-pdf-module/src/main/java/org/apache/tika/parser/pdf/PDF2XHTML.java,350
tika,org.apache.tika.parser.pdf,PDFParserTest,8,6,25,23,378,44,0,0,0.92,0,20,/Users/surabhilone/Desktop/Thesis/SoftwareSystems/tika/tika-parsers/tika-parsers-standard/tika-parsers-standard-package/src/test/java/org/apache/tika/parser/pdf/PDFParserTest.java,64
tika,org.apache.tika.renderer.pdf.pdfbox,TextOnlyPDFRenderer,0,0,2,1,45,2,0,0,-1.0,1,0,/Users/surabhilone/Desktop/Thesis/SoftwareSystems/tika/tika-parsers/tika-parsers-standard/tika-parsers-standard-modules/tika-parser-pdf-module/src/main/java/org/apache/tika/renderer/pdf/pdfbox/TextOnlyPDFRenderer.java,30
tika,org.apache.tika.renderer.pdf.pdfbox,TextOnlyPDFRenderer.TextOnlyPageDrawer,0,0,0,0,29,0,0,0,-1.0,0,0,/Users/surabhilone/Desktop/Thesis/SoftwareSystems/tika/tika-parsers/tika-parsers-standard/tika-parsers-standard-modules/tika-parser-pdf-module/src/main/java/org/apache/tika/renderer/pdf/pdfbox/TextOnlyPDFRenderer.java,49
tika,org.apache.tika.renderer.pdf.pdfbox,PDDocumentRenderer,0,0,0,0,5,0,1,1,-1.0,0,0,/Users/surabhilone/Desktop/Thesis/SoftwareSystems/tika/tika-parsers/tika-parsers-standard/tika-parsers-standard-modules/tika-parser-pdf-module/src/main/java/org/apache/tika/renderer/pdf/pdfbox/PDDocumentRenderer.java,21
tika,org.apache.tika.renderer.pdf.pdfbox,PDFRenderingState,2,0,4,4,16,4,0,1,0.5,3,2,/Users/surabhilone/Desktop/Thesis/SoftwareSystems/tika/tika-parsers/tika-parsers-standard/tika-parsers-standard-modules/tika-parser-pdf-module/src/main/java/org/apache/tika/renderer/pdf/pdfbox/PDFRenderingState.java,23
tika,org.apache.tika.renderer.pdf.pdfbox,PDFBoxRenderer,7,2,13,7,137,23,0,2,0.3076923076923077,1,19,/Users/surabhilone/Desktop/Thesis/SoftwareSystems/tika/tika-parsers/tika-parsers-standard/tika-parsers-standard-modules/tika-parser-pdf-module/src/main/java/org/apache/tika/renderer/pdf/pdfbox/PDFBoxRenderer.java,62
tika,org.apache.tika.renderer.pdf.pdfbox,NoTextPDFRenderer,0,0,2,1,29,2,0,0,-1.0,1,0,/Users/surabhilone/Desktop/Thesis/SoftwareSystems/tika/tika-parsers/tika-parsers-standard/tika-parsers-standard-modules/tika-parser-pdf-module/src/main/java/org/apache/tika/renderer/pdf/pdfbox/NoTextPDFRenderer.java,30
tika,org.apache.tika.renderer.pdf.pdfbox,NoTextPDFRenderer.NoTextPageDrawer,0,0,0,0,13,0,0,0,-1.0,0,0,/Users/surabhilone/Desktop/Thesis/SoftwareSystems/tika/tika-parsers/tika-parsers-standard/tika-parsers-standard-modules/tika-parser-pdf-module/src/main/java/org/apache/tika/renderer/pdf/pdfbox/NoTextPDFRenderer.java,48
tika,org.apache.tika.renderer.pdf.pdfbox,VectorGraphicsOnlyPDFRenderer,0,0,2,1,47,2,0,0,-1.0,1,0,/Users/surabhilone/Desktop/Thesis/SoftwareSystems/tika/tika-parsers/tika-parsers-standard/tika-parsers-standard-modules/tika-parser-pdf-module/src/main/java/org/apache/tika/renderer/pdf/pdfbox/VectorGraphicsOnlyPDFRenderer.java,36
tika,org.apache.tika.renderer.pdf.pdfbox,VectorGraphicsOnlyPDFRenderer.VectorGraphicsOnlyDrawer,0,0,0,0,31,0,0,0,-1.0,0,0,/Users/surabhilone/Desktop/Thesis/SoftwareSystems/tika/tika-parsers/tika-parsers-standard/tika-parsers-standard-modules/tika-parser-pdf-module/src/main/java/org/apache/tika/renderer/pdf/pdfbox/VectorGraphicsOnlyPDFRenderer.java,56
tika,org.apache.tika.renderer.pdf.mutool,MuPDFRenderer,1,0,5,3,73,14,0,1,0.6,0,15,/Users/surabhilone/Desktop/Thesis/SoftwareSystems/tika/tika-parsers/tika-parsers-standard/tika-parsers-standard-modules/tika-parser-pdf-module/src/main/java/org/apache/tika/renderer/pdf/mutool/MuPDFRenderer.java,50
tika,org.apache.tika.parser.pdf.updates,StartXRefScanner,7,0,12,2,177,33,0,0,0.0,2,0,/Users/surabhilone/Desktop/Thesis/SoftwareSystems/tika/tika-parsers/tika-parsers-standard/tika-parsers-standard-modules/tika-parser-pdf-module/src/main/java/org/apache/tika/parser/pdf/updates/StartXRefScanner.java,26
tika,org.apache.tika.parser.pdf.updates,IsIncrementalUpdate,1,1,0,0,3,0,0,0,-1.0,1,0,/Users/surabhilone/Desktop/Thesis/SoftwareSystems/tika/tika-parsers/tika-parsers-standard/tika-parsers-standard-modules/tika-parser-pdf-module/src/main/java/org/apache/tika/parser/pdf/updates/IsIncrementalUpdate.java,19
tika,org.apache.tika.parser.pdf.updates,StartXRefOffset,4,0,6,6,36,6,0,0,0.0,1,0,/Users/surabhilone/Desktop/Thesis/SoftwareSystems/tika/tika-parsers/tika-parsers-standard/tika-parsers-standard-modules/tika-parser-pdf-module/src/main/java/org/apache/tika/parser/pdf/updates/StartXRefOffset.java,19
tika,org.apache.tika.parser.pdf.updates,IncrementalUpdateRecord,2,0,3,3,14,3,0,0,0.0,2,0,/Users/surabhilone/Desktop/Thesis/SoftwareSystems/tika/tika-parsers/tika-parsers-standard/tika-parsers-standard-modules/tika-parser-pdf-module/src/main/java/org/apache/tika/parser/pdf/updates/IncrementalUpdateRecord.java,22
tika,org.apache.tika.parser.pdf.image,ImageGraphicsEngineFactory,0,0,1,1,5,1,1,0,-1.0,2,6,/Users/surabhilone/Desktop/Thesis/SoftwareSystems/tika/tika-parsers/tika-parsers-standard/tika-parsers-standard-modules/tika-parser-pdf-module/src/main/java/org/apache/tika/parser/pdf/image/ImageGraphicsEngineFactory.java,32
tika,org.apache.tika.parser.pdf.image,ImageGraphicsEngine,15,0,25,15,326,66,0,0,0.4,3,14,/Users/surabhilone/Desktop/Thesis/SoftwareSystems/tika/tika-parsers/tika-parsers-standard/tika-parsers-standard-modules/tika-parser-pdf-module/src/main/java/org/apache/tika/parser/pdf/image/ImageGraphicsEngine.java,74
tika,org.apache.tika.parser.pdf.xmpschemas,XMPSchemaPDFVT,3,2,4,4,17,4,0,0,1.0,1,0,/Users/surabhilone/Desktop/Thesis/SoftwareSystems/tika/tika-parsers/tika-parsers-standard/tika-parsers-standard-modules/tika-parser-pdf-module/src/main/java/org/apache/tika/parser/pdf/xmpschemas/XMPSchemaPDFVT.java,26
tika,org.apache.tika.parser.pdf.xmpschemas,XMPSchemaPDFUA,2,2,3,3,13,3,0,0,1.0,1,0,/Users/surabhilone/Desktop/Thesis/SoftwareSystems/tika/tika-parsers/tika-parsers-standard/tika-parsers-standard-modules/tika-parser-pdf-module/src/main/java/org/apache/tika/parser/pdf/xmpschemas/XMPSchemaPDFUA.java,23
tika,org.apache.tika.parser.pdf.xmpschemas,XMPSchemaPDFX,2,2,4,4,19,4,0,0,1.0,1,0,/Users/surabhilone/Desktop/Thesis/SoftwareSystems/tika/tika-parsers/tika-parsers-standard/tika-parsers-standard-modules/tika-parser-pdf-module/src/main/java/org/apache/tika/parser/pdf/xmpschemas/XMPSchemaPDFX.java,23
tika,org.apache.tika.parser.pdf.xmpschemas,XMPSchemaPDFXId,2,2,3,3,13,3,0,0,1.0,1,0,/Users/surabhilone/Desktop/Thesis/SoftwareSystems/tika/tika-parsers/tika-parsers-standard/tika-parsers-standard-modules/tika-parser-pdf-module/src/main/java/org/apache/tika/parser/pdf/xmpschemas/XMPSchemaPDFXId.java,23
tika,org.apache.tika.parser.pdf.xmpschemas,XMPSchemaIllustrator,3,3,3,3,14,3,0,0,1.0,2,0,/Users/surabhilone/Desktop/Thesis/SoftwareSystems/tika/tika-parsers/tika-parsers-standard/tika-parsers-standard-modules/tika-parser-pdf-module/src/main/java/org/apache/tika/parser/pdf/xmpschemas/XMPSchemaIllustrator.java,25
tika,org.apache.tika.parser.feed,FeedParserTest,0,0,2,2,28,3,0,0,-1.0,0,4,/Users/surabhilone/Desktop/Thesis/SoftwareSystems/tika/tika-parsers/tika-parsers-standard/tika-parsers-standard-modules/tika-parser-news-module/src/test/java/org/apache/tika/parser/feed/FeedParserTest.java,32
tika,org.apache.tika.parser.feed,FeedParser,2,0,3,2,63,9,0,1,0.6666666666666666,0,5,/Users/surabhilone/Desktop/Thesis/SoftwareSystems/tika/tika-parsers/tika-parsers-standard/tika-parsers-standard-modules/tika-parser-news-module/src/main/java/org/apache/tika/parser/feed/FeedParser.java,44
tika,org.apache.tika.parser.iptc,IptcAnpaParser,39,0,14,3,579,109,0,1,0.14285714285714285,0,6,/Users/surabhilone/Desktop/Thesis/SoftwareSystems/tika/tika-parsers/tika-parsers-standard/tika-parsers-standard-modules/tika-parser-news-module/src/main/java/org/apache/tika/parser/iptc/IptcAnpaParser.java,43
tika,org.apache.tika.detect.apple,IWorkDetectorTest,0,0,2,2,18,2,0,0,-1.0,0,3,/Users/surabhilone/Desktop/Thesis/SoftwareSystems/tika/tika-parsers/tika-parsers-standard/tika-parsers-standard-modules/tika-parser-apple-module/src/test/java/org/apache/tika/detect/apple/IWorkDetectorTest.java,30
tika,org.apache.tika.detect.apple,BPListDetector,9,8,3,3,84,12,0,1,0.0,1,3,/Users/surabhilone/Desktop/Thesis/SoftwareSystems/tika/tika-parsers/tika-parsers-standard/tika-parsers-standard-modules/tika-parser-apple-module/src/main/java/org/apache/tika/detect/apple/BPListDetector.java,39
tika,org.apache.tika.detect.apple,IWorkDetector,1,0,6,3,76,20,0,1,0.3333333333333333,1,6,/Users/surabhilone/Desktop/Thesis/SoftwareSystems/tika/tika-parsers/tika-parsers-standard/tika-parsers-standard-modules/tika-parser-apple-module/src/main/java/org/apache/tika/detect/apple/IWorkDetector.java,35
tika,org.apache.tika.detect.apple,IWorkDetector.EntryNames,1,0,0,0,3,0,0,0,-1.0,0,0,/Users/surabhilone/Desktop/Thesis/SoftwareSystems/tika/tika-parsers/tika-parsers-standard/tika-parsers-standard-modules/tika-parser-apple-module/src/main/java/org/apache/tika/detect/apple/IWorkDetector.java,127
tika,org.apache.tika.parser.apple,PListParserTest,0,0,1,1,11,1,0,0,-1.0,0,2,/Users/surabhilone/Desktop/Thesis/SoftwareSystems/tika/tika-parsers/tika-parsers-standard/tika-parsers-standard-modules/tika-parser-apple-module/src/test/java/org/apache/tika/parser/apple/PListParserTest.java,30
tika,org.apache.tika.parser.apple,AppleSingleFileParser,19,0,6,2,108,17,0,1,0.3333333333333333,0,9,/Users/surabhilone/Desktop/Thesis/SoftwareSystems/tika/tika-parsers/tika-parsers-standard/tika-parsers-standard-modules/tika-parser-apple-module/src/main/java/org/apache/tika/parser/apple/AppleSingleFileParser.java,45
tika,org.apache.tika.parser.apple,AppleSingleFileParser.FieldInfo,3,0,0,0,10,0,0,0,-1.0,0,0,/Users/surabhilone/Desktop/Thesis/SoftwareSystems/tika/tika-parsers/tika-parsers-standard/tika-parsers-standard-modules/tika-parser-apple-module/src/main/java/org/apache/tika/parser/apple/AppleSingleFileParser.java,180
tika,org.apache.tika.parser.apple,PListParser,15,0,6,2,139,23,0,1,0.3333333333333333,0,9,/Users/surabhilone/Desktop/Thesis/SoftwareSystems/tika/tika-parsers/tika-parsers-standard/tika-parsers-standard-modules/tika-parser-apple-module/src/main/java/org/apache/tika/parser/apple/PListParser.java,57
tika,org.apache.tika.parser.apple,PListParser.State,4,0,0,0,12,0,0,0,-1.0,0,3,/Users/surabhilone/Desktop/Thesis/SoftwareSystems/tika/tika-parsers/tika-parsers-standard/tika-parsers-standard-modules/tika-parser-apple-module/src/main/java/org/apache/tika/parser/apple/PListParser.java,206
tika,org.apache.tika.parser.apple,AppleSingleFileParserTest,0,0,1,1,10,1,0,0,-1.0,0,1,/Users/surabhilone/Desktop/Thesis/SoftwareSystems/tika/tika-parsers/tika-parsers-standard/tika-parsers-standard-package/src/test/java/org/apache/tika/parser/apple/AppleSingleFileParserTest.java,31
tika,org.apache.tika.parser.apple,IWorkTest,0,0,1,1,5,1,0,0,-1.0,0,0,/Users/surabhilone/Desktop/Thesis/SoftwareSystems/tika/tika-parsers/tika-parsers-standard/tika-parsers-standard-package/src/test/java/org/apache/tika/parser/apple/IWorkTest.java,26
tika,org.apache.tika.parser.apple,PListParserTest,0,0,1,1,11,1,0,0,-1.0,0,2,/Users/surabhilone/Desktop/Thesis/SoftwareSystems/tika/tika-parsers/tika-parsers-standard/tika-parsers-standard-package/src/test/java/org/apache/tika/parser/apple/PListParserTest.java,29
tika,org.apache.tika.parser.iwork.iwana,IWork13ParserTest,2,0,5,5,47,5,0,0,0.4,0,5,/Users/surabhilone/Desktop/Thesis/SoftwareSystems/tika/tika-parsers/tika-parsers-standard/tika-parsers-standard-modules/tika-parser-apple-module/src/test/java/org/apache/tika/parser/iwork/iwana/IWork13ParserTest.java,35
tika,org.apache.tika.parser.iwork.iwana,IWork18PackageParser,2,0,2,2,91,11,0,1,1.0,2,5,/Users/surabhilone/Desktop/Thesis/SoftwareSystems/tika/tika-parsers/tika-parsers-standard/tika-parsers-standard-modules/tika-parser-apple-module/src/main/java/org/apache/tika/parser/iwork/iwana/IWork18PackageParser.java,40
tika,org.apache.tika.parser.iwork.iwana,IWork18PackageParser.IWork18DocumentType,1,0,0,0,40,0,0,0,-1.0,0,1,/Users/surabhilone/Desktop/Thesis/SoftwareSystems/tika/tika-parsers/tika-parsers-standard/tika-parsers-standard-modules/tika-parser-apple-module/src/main/java/org/apache/tika/parser/iwork/iwana/IWork18PackageParser.java,101
tika,org.apache.tika.parser.iwork.iwana,IWork13PackageParser,7,5,10,2,223,40,0,1,0.2,3,11,/Users/surabhilone/Desktop/Thesis/SoftwareSystems/tika/tika-parsers/tika-parsers-standard/tika-parsers-standard-modules/tika-parser-apple-module/src/main/java/org/apache/tika/parser/iwork/iwana/IWork13PackageParser.java,54
tika,org.apache.tika.parser.iwork.iwana,IWork13PackageParser.IWork13DocumentType,1,0,0,0,39,0,0,0,-1.0,0,1,/Users/surabhilone/Desktop/Thesis/SoftwareSystems/tika/tika-parsers/tika-parsers-standard/tika-parsers-standard-modules/tika-parser-apple-module/src/main/java/org/apache/tika/parser/iwork/iwana/IWork13PackageParser.java,274
tika,org.apache.tika.parser.iwork,AutoPageNumberUtilsTest,0,0,4,4,43,4,0,0,-1.0,0,1,/Users/surabhilone/Desktop/Thesis/SoftwareSystems/tika/tika-parsers/tika-parsers-standard/tika-parsers-standard-modules/tika-parser-apple-module/src/test/java/org/apache/tika/parser/iwork/AutoPageNumberUtilsTest.java,23
tika,org.apache.tika.parser.iwork,IWorkParserTest,1,0,22,22,260,24,0,0,0.22727272727272727,0,9,/Users/surabhilone/Desktop/Thesis/SoftwareSystems/tika/tika-parsers/tika-parsers-standard/tika-parsers-standard-modules/tika-parser-apple-module/src/test/java/org/apache/tika/parser/iwork/IWorkParserTest.java,44
tika,org.apache.tika.parser.iwork,PagesContentHandler,29,0,11,4,420,80,0,0,0.0,1,4,/Users/surabhilone/Desktop/Thesis/SoftwareSystems/tika/tika-parsers/tika-parsers-standard/tika-parsers-standard-modules/tika-parser-apple-module/src/main/java/org/apache/tika/parser/iwork/PagesContentHandler.java,34
tika,org.apache.tika.parser.iwork,PagesContentHandler.DocumentPart,0,0,0,0,4,0,0,0,-1.0,0,0,/Users/surabhilone/Desktop/Thesis/SoftwareSystems/tika/tika-parsers/tika-parsers-standard/tika-parsers-standard-modules/tika-parser-apple-module/src/main/java/org/apache/tika/parser/iwork/PagesContentHandler.java,334
tika,org.apache.tika.parser.iwork,PagesContentHandler.Footnotes,2,0,0,0,24,0,0,0,-1.0,0,0,/Users/surabhilone/Desktop/Thesis/SoftwareSystems/tika/tika-parsers/tika-parsers-standard/tika-parsers-standard-modules/tika-parser-apple-module/src/main/java/org/apache/tika/parser/iwork/PagesContentHandler.java,342
tika,org.apache.tika.parser.iwork,PagesContentHandler.HeaderFooter,6,0,0,0,69,0,0,0,-1.0,0,0,/Users/surabhilone/Desktop/Thesis/SoftwareSystems/tika/tika-parsers/tika-parsers-standard/tika-parsers-standard-modules/tika-parser-apple-module/src/main/java/org/apache/tika/parser/iwork/PagesContentHandler.java,370
tika,org.apache.tika.parser.iwork,PagesContentHandler.Annotations,3,0,0,0,27,0,0,0,-1.0,0,0,/Users/surabhilone/Desktop/Thesis/SoftwareSystems/tika/tika-parsers/tika-parsers-standard/tika-parsers-standard-modules/tika-parser-apple-module/src/main/java/org/apache/tika/parser/iwork/PagesContentHandler.java,442
tika,org.apache.tika.parser.iwork,NumbersContentHandler,14,0,6,4,159,38,0,0,0.0,1,5,/Users/surabhilone/Desktop/Thesis/SoftwareSystems/tika/tika-parsers/tika-parsers-standard/tika-parsers-standard-modules/tika-parser-apple-module/src/main/java/org/apache/tika/parser/iwork/NumbersContentHandler.java,32
tika,org.apache.tika.parser.iwork,AutoPageNumberUtils,2,0,5,4,62,14,0,0,0.4,1,0,/Users/surabhilone/Desktop/Thesis/SoftwareSystems/tika/tika-parsers/tika-parsers-standard/tika-parsers-standard-modules/tika-parser-apple-module/src/main/java/org/apache/tika/parser/iwork/AutoPageNumberUtils.java,21
tika,org.apache.tika.parser.iwork,KeynoteContentHandler,16,2,6,4,158,41,0,0,0.0,2,4,/Users/surabhilone/Desktop/Thesis/SoftwareSystems/tika/tika-parsers/tika-parsers-standard/tika-parsers-standard-modules/tika-parser-apple-module/src/main/java/org/apache/tika/parser/iwork/KeynoteContentHandler.java,28
tika,org.apache.tika.parser.iwork,IWorkPackageParser,8,2,3,2,126,11,0,1,0.6666666666666666,2,9,/Users/surabhilone/Desktop/Thesis/SoftwareSystems/tika/tika-parsers/tika-parsers-standard/tika-parsers-standard-modules/tika-parser-apple-module/src/main/java/org/apache/tika/parser/iwork/IWorkPackageParser.java,47
tika,org.apache.tika.parser.iwork,IWorkPackageParser.IWORKDocumentType,3,0,0,0,53,0,0,0,-1.0,0,1,/Users/surabhilone/Desktop/Thesis/SoftwareSystems/tika/tika-parsers/tika-parsers-standard/tika-parsers-standard-modules/tika-parser-apple-module/src/main/java/org/apache/tika/parser/iwork/IWorkPackageParser.java,157
tika,org.apache.tika.parser.pkg,CompressParserTest,0,0,2,2,30,2,0,1,-1.0,0,2,/Users/surabhilone/Desktop/Thesis/SoftwareSystems/tika/tika-parsers/tika-parsers-standard/tika-parsers-standard-modules/tika-parser-pkg-module/src/test/java/org/apache/tika/parser/pkg/CompressParserTest.java,32
tika,org.apache.tika.parser.pkg,CompressorParserTest,1,0,4,4,36,8,0,0,0.75,0,5,/Users/surabhilone/Desktop/Thesis/SoftwareSystems/tika/tika-parsers/tika-parsers-standard/tika-parsers-standard-modules/tika-parser-pkg-module/src/test/java/org/apache/tika/parser/pkg/CompressorParserTest.java,37
tika,org.apache.tika.parser.pkg,TarParserTest,0,0,1,1,37,4,0,1,-1.0,0,2,/Users/surabhilone/Desktop/Thesis/SoftwareSystems/tika/tika-parsers/tika-parsers-standard/tika-parsers-standard-modules/tika-parser-pkg-module/src/test/java/org/apache/tika/parser/pkg/TarParserTest.java,32
tika,org.apache.tika.parser.pkg,ZipParserTest,0,0,6,6,82,9,0,1,-1.0,0,5,/Users/surabhilone/Desktop/Thesis/SoftwareSystems/tika/tika-parsers/tika-parsers-standard/tika-parsers-standard-modules/tika-parser-pkg-module/src/test/java/org/apache/tika/parser/pkg/ZipParserTest.java,40
tika,org.apache.tika.parser.pkg,Seven7ParserTest,0,0,1,1,34,3,0,1,-1.0,0,2,/Users/surabhilone/Desktop/Thesis/SoftwareSystems/tika/tika-parsers/tika-parsers-standard/tika-parsers-standard-modules/tika-parser-pkg-module/src/test/java/org/apache/tika/parser/pkg/Seven7ParserTest.java,32
tika,org.apache.tika.parser.pkg,ArParserTest,0,0,1,1,40,5,0,1,-1.0,0,2,/Users/surabhilone/Desktop/Thesis/SoftwareSystems/tika/tika-parsers/tika-parsers-standard/tika-parsers-standard-modules/tika-parser-pkg-module/src/test/java/org/apache/tika/parser/pkg/ArParserTest.java,31
tika,org.apache.tika.parser.pkg,UnrarParserTest,0,0,1,1,20,1,0,1,-1.0,0,5,/Users/surabhilone/Desktop/Thesis/SoftwareSystems/tika/tika-parsers/tika-parsers-standard/tika-parsers-standard-modules/tika-parser-pkg-module/src/test/java/org/apache/tika/parser/pkg/UnrarParserTest.java,33
tika,org.apache.tika.parser.pkg,ZlibParserTest,0,0,1,1,22,1,0,1,-1.0,0,2,/Users/surabhilone/Desktop/Thesis/SoftwareSystems/tika/tika-parsers/tika-parsers-standard/tika-parsers-standard-modules/tika-parser-pkg-module/src/test/java/org/apache/tika/parser/pkg/ZlibParserTest.java,29
tika,org.apache.tika.parser.pkg,PackageParserTest,0,0,2,2,31,8,0,0,-1.0,0,6,/Users/surabhilone/Desktop/Thesis/SoftwareSystems/tika/tika-parsers/tika-parsers-standard/tika-parsers-standard-modules/tika-parser-pkg-module/src/test/java/org/apache/tika/parser/pkg/PackageParserTest.java,37
tika,org.apache.tika.parser.pkg,Bzip2ParserTest,0,0,1,1,23,1,0,1,-1.0,0,2,/Users/surabhilone/Desktop/Thesis/SoftwareSystems/tika/tika-parsers/tika-parsers-standard/tika-parsers-standard-modules/tika-parser-pkg-module/src/test/java/org/apache/tika/parser/pkg/Bzip2ParserTest.java,30
tika,org.apache.tika.parser.pkg,RarParserTest,0,0,3,3,68,6,0,1,-1.0,0,5,/Users/surabhilone/Desktop/Thesis/SoftwareSystems/tika/tika-parsers/tika-parsers-standard/tika-parsers-standard-modules/tika-parser-pkg-module/src/test/java/org/apache/tika/parser/pkg/RarParserTest.java,37
tika,org.apache.tika.parser.pkg,ZipBenchmark,1,0,4,1,84,9,0,0,0.0,0,6,/Users/surabhilone/Desktop/Thesis/SoftwareSystems/tika/tika-parsers/tika-parsers-standard/tika-parsers-standard-modules/tika-parser-pkg-module/src/test/java/org/apache/tika/parser/pkg/ZipBenchmark.java,37
tika,org.apache.tika.parser.pkg,AbstractPkgTest,13,0,1,1,64,1,19,0,0.0,0,4,/Users/surabhilone/Desktop/Thesis/SoftwareSystems/tika/tika-parsers/tika-parsers-standard/tika-parsers-standard-modules/tika-parser-pkg-module/src/test/java/org/apache/tika/parser/pkg/AbstractPkgTest.java,37
tika,org.apache.tika.parser.pkg,AbstractPkgTest.EmbeddedMonitoringParser,3,0,0,0,20,0,0,1,-1.0,0,3,/Users/surabhilone/Desktop/Thesis/SoftwareSystems/tika/tika-parsers/tika-parsers-standard/tika-parsers-standard-modules/tika-parser-pkg-module/src/test/java/org/apache/tika/parser/pkg/AbstractPkgTest.java,62
tika,org.apache.tika.parser.pkg,AbstractPkgTest.EmbeddedTrackingParser,5,0,0,0,24,0,0,1,-1.0,0,2,/Users/surabhilone/Desktop/Thesis/SoftwareSystems/tika/tika-parsers/tika-parsers-standard/tika-parsers-standard-modules/tika-parser-pkg-module/src/test/java/org/apache/tika/parser/pkg/AbstractPkgTest.java,89
tika,org.apache.tika.parser.pkg,GzipParserTest,0,0,2,2,21,2,0,0,-1.0,0,2,/Users/surabhilone/Desktop/Thesis/SoftwareSystems/tika/tika-parsers/tika-parsers-standard/tika-parsers-standard-modules/tika-parser-pkg-module/src/test/java/org/apache/tika/parser/pkg/GzipParserTest.java,30
tika,org.apache.tika.parser.pkg,CompressorParser,5,0,10,6,183,32,0,1,0.2,1,10,/Users/surabhilone/Desktop/Thesis/SoftwareSystems/tika/tika-parsers/tika-parsers-standard/tika-parsers-standard-modules/tika-parser-pkg-module/src/main/java/org/apache/tika/parser/pkg/CompressorParser.java,77
tika,org.apache.tika.parser.pkg,CompressorParserOptions,0,0,1,0,10,1,0,0,-1.0,1,1,/Users/surabhilone/Desktop/Thesis/SoftwareSystems/tika/tika-parsers/tika-parsers-standard/tika-parsers-standard-modules/tika-parser-pkg-module/src/main/java/org/apache/tika/parser/pkg/CompressorParserOptions.java,21
tika,org.apache.tika.parser.pkg,RarParser,2,0,2,2,49,8,0,1,1.0,1,9,/Users/surabhilone/Desktop/Thesis/SoftwareSystems/tika/tika-parsers/tika-parsers-standard/tika-parsers-standard-modules/tika-parser-pkg-module/src/main/java/org/apache/tika/parser/pkg/RarParser.java,43
tika,org.apache.tika.parser.pkg,UnrarParser,3,0,5,2,75,12,0,1,0.4,1,11,/Users/surabhilone/Desktop/Thesis/SoftwareSystems/tika/tika-parsers/tika-parsers-standard/tika-parsers-standard-modules/tika-parser-pkg-module/src/main/java/org/apache/tika/parser/pkg/UnrarParser.java,50
tika,org.apache.tika.parser.pkg,PackageParser,7,0,15,6,375,65,0,2,0.3333333333333333,2,12,/Users/surabhilone/Desktop/Thesis/SoftwareSystems/tika/tika-parsers/tika-parsers-standard/tika-parsers-standard-modules/tika-parser-pkg-module/src/main/java/org/apache/tika/parser/pkg/PackageParser.java,80
tika,org.apache.tika.parser.pkg,PackageParser.SevenZWrapper,1,0,0,0,21,0,0,0,-1.0,0,0,/Users/surabhilone/Desktop/Thesis/SoftwareSystems/tika/tika-parsers/tika-parsers-standard/tika-parsers-standard-modules/tika-parser-pkg-module/src/main/java/org/apache/tika/parser/pkg/PackageParser.java,618
tika,org.apache.tika.parser.pkg,CompressParserTest,0,0,2,2,38,2,0,1,-1.0,0,3,/Users/surabhilone/Desktop/Thesis/SoftwareSystems/tika/tika-parsers/tika-parsers-standard/tika-parsers-standard-package/src/test/java/org/apache/tika/parser/pkg/CompressParserTest.java,31
tika,org.apache.tika.parser.pkg,CompressorParserTest,0,0,4,4,23,4,0,0,-1.0,0,2,/Users/surabhilone/Desktop/Thesis/SoftwareSystems/tika/tika-parsers/tika-parsers-standard/tika-parsers-standard-package/src/test/java/org/apache/tika/parser/pkg/CompressorParserTest.java,29
tika,org.apache.tika.parser.pkg,CompositeZipContainerDetectorTest,4,0,4,3,96,10,0,0,0.5,0,9,/Users/surabhilone/Desktop/Thesis/SoftwareSystems/tika/tika-parsers/tika-parsers-standard/tika-parsers-standard-package/src/test/java/org/apache/tika/parser/pkg/CompositeZipContainerDetectorTest.java,45
tika,org.apache.tika.parser.pkg,TarParserTest,0,0,1,1,32,1,0,1,-1.0,0,2,/Users/surabhilone/Desktop/Thesis/SoftwareSystems/tika/tika-parsers/tika-parsers-standard/tika-parsers-standard-package/src/test/java/org/apache/tika/parser/pkg/TarParserTest.java,29
tika,org.apache.tika.parser.pkg,ZipParserTest,1,1,4,4,74,4,0,1,1.0,0,4,/Users/surabhilone/Desktop/Thesis/SoftwareSystems/tika/tika-parsers/tika-parsers-standard/tika-parsers-standard-package/src/test/java/org/apache/tika/parser/pkg/ZipParserTest.java,37
tika,org.apache.tika.parser.pkg,ZipParserTest.GatherRelIDsDocumentExtractor,1,1,0,0,13,0,0,1,-1.0,0,1,/Users/surabhilone/Desktop/Thesis/SoftwareSystems/tika/tika-parsers/tika-parsers-standard/tika-parsers-standard-package/src/test/java/org/apache/tika/parser/pkg/ZipParserTest.java,126
tika,org.apache.tika.parser.pkg,Seven7ParserTest,1,0,3,2,102,5,0,1,0.6666666666666666,0,5,/Users/surabhilone/Desktop/Thesis/SoftwareSystems/tika/tika-parsers/tika-parsers-standard/tika-parsers-standard-package/src/test/java/org/apache/tika/parser/pkg/Seven7ParserTest.java,39
tika,org.apache.tika.parser.pkg,ArParserTest,0,0,1,1,20,1,0,1,-1.0,0,2,/Users/surabhilone/Desktop/Thesis/SoftwareSystems/tika/tika-parsers/tika-parsers-standard/tika-parsers-standard-package/src/test/java/org/apache/tika/parser/pkg/ArParserTest.java,30
tika,org.apache.tika.parser.pkg,UnrarParserTest,0,0,1,1,23,2,0,1,-1.0,0,5,/Users/surabhilone/Desktop/Thesis/SoftwareSystems/tika/tika-parsers/tika-parsers-standard/tika-parsers-standard-package/src/test/java/org/apache/tika/parser/pkg/UnrarParserTest.java,35
tika,org.apache.tika.parser.pkg,ZlibParserTest,0,0,1,1,16,1,0,1,-1.0,0,2,/Users/surabhilone/Desktop/Thesis/SoftwareSystems/tika/tika-parsers/tika-parsers-standard/tika-parsers-standard-package/src/test/java/org/apache/tika/parser/pkg/ZlibParserTest.java,29
tika,org.apache.tika.parser.pkg,PackageParserTest,0,0,2,2,11,2,0,0,-1.0,0,1,/Users/surabhilone/Desktop/Thesis/SoftwareSystems/tika/tika-parsers/tika-parsers-standard/tika-parsers-standard-package/src/test/java/org/apache/tika/parser/pkg/PackageParserTest.java,27
tika,org.apache.tika.parser.pkg,Bzip2ParserTest,0,0,1,1,32,1,0,1,-1.0,0,2,/Users/surabhilone/Desktop/Thesis/SoftwareSystems/tika/tika-parsers/tika-parsers-standard/tika-parsers-standard-package/src/test/java/org/apache/tika/parser/pkg/Bzip2ParserTest.java,29
tika,org.apache.tika.parser.pkg,RarParserTest,0,0,1,1,32,1,0,1,-1.0,0,2,/Users/surabhilone/Desktop/Thesis/SoftwareSystems/tika/tika-parsers/tika-parsers-standard/tika-parsers-standard-package/src/test/java/org/apache/tika/parser/pkg/RarParserTest.java,30
tika,org.apache.tika.parser.pkg,GzipParserTest,0,0,6,6,68,6,0,1,-1.0,0,7,/Users/surabhilone/Desktop/Thesis/SoftwareSystems/tika/tika-parsers/tika-parsers-standard/tika-parsers-standard-package/src/test/java/org/apache/tika/parser/pkg/GzipParserTest.java,34
tika,org.apache.tika.detect.gzip,GZipSpecializationDetector,3,3,2,1,56,7,0,1,0.0,0,2,/Users/surabhilone/Desktop/Thesis/SoftwareSystems/tika/tika-parsers/tika-parsers-standard/tika-parsers-standard-modules/tika-parser-pkg-module/src/main/java/org/apache/tika/detect/gzip/GZipSpecializationDetector.java,33
tika,org.apache.tika.parser.mailcommons,MailDateParserTest,0,0,7,6,67,13,0,0,-1.0,0,1,/Users/surabhilone/Desktop/Thesis/SoftwareSystems/tika/tika-parsers/tika-parsers-standard/tika-parsers-standard-modules/tika-parser-mail-commons/src/test/java/org/apache/tika/parser/mailcommons/MailDateParserTest.java,33
tika,org.apache.tika.parser.mailcommons,MailUtilTest,0,0,2,1,18,2,0,0,-1.0,0,3,/Users/surabhilone/Desktop/Thesis/SoftwareSystems/tika/tika-parsers/tika-parsers-standard/tika-parsers-standard-modules/tika-parser-mail-commons/src/test/java/org/apache/tika/parser/mailcommons/MailUtilTest.java,26
tika,org.apache.tika.parser.mailcommons,MailDateParser,22,14,7,2,153,17,0,0,0.7142857142857143,4,0,/Users/surabhilone/Desktop/Thesis/SoftwareSystems/tika/tika-parsers/tika-parsers-standard/tika-parsers-standard-modules/tika-parser-mail-commons/src/main/java/org/apache/tika/parser/mailcommons/MailDateParser.java,57
tika,org.apache.tika.parser.mailcommons,MailUtil,1,0,5,3,68,12,0,0,0.0,3,2,/Users/surabhilone/Desktop/Thesis/SoftwareSystems/tika/tika-parsers/tika-parsers-standard/tika-parsers-standard-modules/tika-parser-mail-commons/src/main/java/org/apache/tika/parser/mailcommons/MailUtil.java,25
tika,org.apache.tika.detect,MatroskaDetectorTest,1,0,4,3,20,4,0,0,0.0,0,2,/Users/surabhilone/Desktop/Thesis/SoftwareSystems/tika/tika-parsers/tika-parsers-standard/tika-parsers-standard-modules/tika-parser-audiovideo-module/src/test/java/org/apache/tika/detect/MatroskaDetectorTest.java,31
tika,org.apache.tika.detect,MatroskaDetector,4,0,1,1,50,8,0,1,0.0,1,2,/Users/surabhilone/Desktop/Thesis/SoftwareSystems/tika/tika-parsers/tika-parsers-standard/tika-parsers-standard-modules/tika-parser-audiovideo-module/src/main/java/org/apache/tika/detect/MatroskaDetector.java,27
tika,org.apache.tika.detect,TestFileCommandDetector,3,0,2,2,25,6,0,0,0.0,0,3,/Users/surabhilone/Desktop/Thesis/SoftwareSystems/tika/tika-parsers/tika-parsers-standard/tika-parsers-standard-package/src/test/java/org/apache/tika/detect/TestFileCommandDetector.java,30
tika,org.apache.tika.detect,TestZipDetector,4,0,6,6,59,6,0,0,0.3333333333333333,0,4,/Users/surabhilone/Desktop/Thesis/SoftwareSystems/tika/tika-parsers/tika-parsers-standard/tika-parsers-standard-package/src/test/java/org/apache/tika/detect/TestZipDetector.java,39
tika,org.apache.tika.detect,TestDetectorLoading,0,0,1,1,11,1,0,0,-1.0,0,2,/Users/surabhilone/Desktop/Thesis/SoftwareSystems/tika/tika-parsers/tika-parsers-standard/tika-parsers-standard-package/src/test/java/org/apache/tika/detect/TestDetectorLoading.java,27
tika,org.apache.tika.detect,TestContainerAwareDetector,8,0,43,32,378,53,0,0,0.16279069767441862,0,16,/Users/surabhilone/Desktop/Thesis/SoftwareSystems/tika/tika-parsers/tika-parsers-standard/tika-parsers-standard-package/src/test/java/org/apache/tika/detect/TestContainerAwareDetector.java,61
tika,org.apache.tika.detect,MimeDetectionWithNNTest,1,0,6,3,68,7,0,0,0.0,0,4,/Users/surabhilone/Desktop/Thesis/SoftwareSystems/tika/tika-core/src/test/java/org/apache/tika/detect/MimeDetectionWithNNTest.java,33
tika,org.apache.tika.detect,TypeDetectorTest,3,0,2,1,37,2,0,0,0.0,0,3,/Users/surabhilone/Desktop/Thesis/SoftwareSystems/tika/tika-core/src/test/java/org/apache/tika/detect/TypeDetectorTest.java,31
tika,org.apache.tika.detect,FileCommandDetectorTest,1,0,2,2,26,4,0,0,0.0,0,5,/Users/surabhilone/Desktop/Thesis/SoftwareSystems/tika/tika-core/src/test/java/org/apache/tika/detect/FileCommandDetectorTest.java,32
tika,org.apache.tika.detect,TextDetectorTest,1,0,5,3,63,6,0,0,0.0,0,2,/Users/surabhilone/Desktop/Thesis/SoftwareSystems/tika/tika-core/src/test/java/org/apache/tika/detect/TextDetectorTest.java,33
tika,org.apache.tika.detect,NameDetectorTest,1,0,3,2,59,3,0,0,0.0,0,5,/Users/surabhilone/Desktop/Thesis/SoftwareSystems/tika/tika-core/src/test/java/org/apache/tika/detect/NameDetectorTest.java,34
tika,org.apache.tika.detect,MagicDetectorTest,0,0,14,11,152,16,0,0,-1.0,0,3,/Users/surabhilone/Desktop/Thesis/SoftwareSystems/tika/tika-core/src/test/java/org/apache/tika/detect/MagicDetectorTest.java,37
tika,org.apache.tika.detect,MagicDetectorTest.RestrictiveInputStream,0,0,0,0,19,0,0,0,-1.0,0,0,/Users/surabhilone/Desktop/Thesis/SoftwareSystems/tika/tika-core/src/test/java/org/apache/tika/detect/MagicDetectorTest.java,228
tika,org.apache.tika.detect,ZeroSizeFileDetectorTest,1,0,4,3,23,4,0,0,0.0,0,3,/Users/surabhilone/Desktop/Thesis/SoftwareSystems/tika/tika-core/src/test/java/org/apache/tika/detect/ZeroSizeFileDetectorTest.java,33
tika,org.apache.tika.detect,NonDetectingEncodingDetector,1,0,5,4,23,5,0,1,0.4,0,1,/Users/surabhilone/Desktop/Thesis/SoftwareSystems/tika/tika-core/src/main/java/org/apache/tika/detect/NonDetectingEncodingDetector.java,27
tika,org.apache.tika.detect,Detector,0,0,1,0,14,1,24,0,-1.0,42,2,/Users/surabhilone/Desktop/Thesis/SoftwareSystems/tika/tika-core/src/main/java/org/apache/tika/detect/Detector.java,26
tika,org.apache.tika.detect,NNTrainedModelBuilder,5,0,11,11,40,11,0,0,0.18181818181818182,1,2,/Users/surabhilone/Desktop/Thesis/SoftwareSystems/tika/tika-core/src/main/java/org/apache/tika/detect/NNTrainedModelBuilder.java,21
tika,org.apache.tika.detect,DefaultEncodingDetector,0,0,3,3,15,3,0,2,-1.0,1,1,/Users/surabhilone/Desktop/Thesis/SoftwareSystems/tika/tika-core/src/main/java/org/apache/tika/detect/DefaultEncodingDetector.java,24
tika,org.apache.tika.detect,CompositeEncodingDetector,2,0,6,4,52,13,1,1,0.0,1,2,/Users/surabhilone/Desktop/Thesis/SoftwareSystems/tika/tika-core/src/main/java/org/apache/tika/detect/CompositeEncodingDetector.java,31
tika,org.apache.tika.detect,TrainedModelDetector,2,0,10,7,103,18,1,1,0.6,0,4,/Users/surabhilone/Desktop/Thesis/SoftwareSystems/tika/tika-core/src/main/java/org/apache/tika/detect/TrainedModelDetector.java,38
tika,org.apache.tika.detect,CompositeDetector,3,0,9,6,86,21,2,1,0.0,4,6,/Users/surabhilone/Desktop/Thesis/SoftwareSystems/tika/tika-core/src/main/java/org/apache/tika/detect/CompositeDetector.java,33
tika,org.apache.tika.detect,EmptyDetector,1,1,1,1,12,1,0,1,0.0,1,2,/Users/surabhilone/Desktop/Thesis/SoftwareSystems/tika/tika-core/src/main/java/org/apache/tika/detect/EmptyDetector.java,25
tika,org.apache.tika.detect,ZeroSizeFileDetector,0,0,1,1,19,3,0,1,-1.0,1,2,/Users/surabhilone/Desktop/Thesis/SoftwareSystems/tika/tika-core/src/main/java/org/apache/tika/detect/ZeroSizeFileDetector.java,25
tika,org.apache.tika.detect,TextStatistics,2,0,10,8,93,13,0,0,0.0,2,0,/Users/surabhilone/Desktop/Thesis/SoftwareSystems/tika/tika-core/src/main/java/org/apache/tika/detect/TextStatistics.java,19
tika,org.apache.tika.detect,NNTrainedModel,5,0,4,3,67,12,0,1,0.5,1,0,/Users/surabhilone/Desktop/Thesis/SoftwareSystems/tika/tika-core/src/main/java/org/apache/tika/detect/NNTrainedModel.java,19
tika,org.apache.tika.detect,TextDetector,4,0,3,3,72,6,0,1,0.6666666666666666,1,3,/Users/surabhilone/Desktop/Thesis/SoftwareSystems/tika/tika-core/src/main/java/org/apache/tika/detect/TextDetector.java,26
tika,org.apache.tika.detect,TrainedModel,0,0,2,2,4,2,1,0,-1.0,1,0,/Users/surabhilone/Desktop/Thesis/SoftwareSystems/tika/tika-core/src/main/java/org/apache/tika/detect/TrainedModel.java,20
tika,org.apache.tika.detect,TypeDetector,0,0,1,1,22,3,0,1,-1.0,2,2,/Users/surabhilone/Desktop/Thesis/SoftwareSystems/tika/tika-core/src/main/java/org/apache/tika/detect/TypeDetector.java,24
tika,org.apache.tika.detect,NameDetector,1,0,2,2,65,12,0,1,0.0,1,3,/Users/surabhilone/Desktop/Thesis/SoftwareSystems/tika/tika-core/src/main/java/org/apache/tika/detect/NameDetector.java,31
tika,org.apache.tika.detect,DefaultDetector,2,0,8,7,69,13,0,2,0.375,7,3,/Users/surabhilone/Desktop/Thesis/SoftwareSystems/tika/tika-core/src/main/java/org/apache/tika/detect/DefaultDetector.java,28
tika,org.apache.tika.detect,NNExampleModelDetector,3,0,7,5,96,11,0,2,0.5714285714285714,1,2,/Users/surabhilone/Desktop/Thesis/SoftwareSystems/tika/tika-core/src/main/java/org/apache/tika/detect/NNExampleModelDetector.java,35
tika,org.apache.tika.detect,EncodingDetector,0,0,1,0,14,1,7,0,-1.0,18,1,/Users/surabhilone/Desktop/Thesis/SoftwareSystems/tika/tika-core/src/main/java/org/apache/tika/detect/EncodingDetector.java,26
tika,org.apache.tika.detect,MagicDetector,9,0,11,9,330,65,0,1,0.0,2,2,/Users/surabhilone/Desktop/Thesis/SoftwareSystems/tika/tika-core/src/main/java/org/apache/tika/detect/MagicDetector.java,35
tika,org.apache.tika.detect,XmlRootExtractor,2,0,3,2,60,7,0,0,0.0,3,2,/Users/surabhilone/Desktop/Thesis/SoftwareSystems/tika/tika-core/src/main/java/org/apache/tika/detect/XmlRootExtractor.java,33
tika,org.apache.tika.detect,XmlRootExtractor.ExtractorHandler,1,0,0,0,7,0,0,0,-1.0,0,0,/Users/surabhilone/Desktop/Thesis/SoftwareSystems/tika/tika-core/src/main/java/org/apache/tika/detect/XmlRootExtractor.java,86
tika,org.apache.tika.detect,XmlRootExtractor.MalformedCharException,0,0,0,0,5,0,0,0,-1.0,0,0,/Users/surabhilone/Desktop/Thesis/SoftwareSystems/tika/tika-core/src/main/java/org/apache/tika/detect/XmlRootExtractor.java,99
tika,org.apache.tika.detect,DefaultProbDetector,2,0,7,6,39,8,0,2,0.42857142857142855,1,3,/Users/surabhilone/Desktop/Thesis/SoftwareSystems/tika/tika-core/src/main/java/org/apache/tika/detect/DefaultProbDetector.java,26
tika,org.apache.tika.detect,FileCommandDetector,10,1,9,8,101,18,0,1,0.0,4,9,/Users/surabhilone/Desktop/Thesis/SoftwareSystems/tika/tika-core/src/main/java/org/apache/tika/detect/FileCommandDetector.java,42
tika,org.apache.tika.detect,OverrideDetector,0,0,1,1,19,3,0,1,-1.0,0,3,/Users/surabhilone/Desktop/Thesis/SoftwareSystems/tika/tika-core/src/main/java/org/apache/tika/detect/OverrideDetector.java,26
tika,org.apache.tika.detect,AutoDetectReader,3,0,10,6,83,15,0,0,0.5,7,8,/Users/surabhilone/Desktop/Thesis/SoftwareSystems/tika/tika-core/src/main/java/org/apache/tika/detect/AutoDetectReader.java,36
tika,org.apache.tika.parser.video,FLVParserTest,0,0,1,1,14,1,0,0,-1.0,0,2,/Users/surabhilone/Desktop/Thesis/SoftwareSystems/tika/tika-parsers/tika-parsers-standard/tika-parsers-standard-modules/tika-parser-audiovideo-module/src/test/java/org/apache/tika/parser/video/FLVParserTest.java,26
tika,org.apache.tika.parser.video,FLVParser,5,0,10,2,152,38,0,1,0.2,0,4,/Users/surabhilone/Desktop/Thesis/SoftwareSystems/tika/tika-parsers/tika-parsers-standard/tika-parsers-standard-modules/tika-parser-audiovideo-module/src/main/java/org/apache/tika/parser/video/FLVParser.java,43
tika,org.apache.tika.parser.audio,AudioParserTest,0,0,3,3,35,3,0,0,-1.0,0,2,/Users/surabhilone/Desktop/Thesis/SoftwareSystems/tika/tika-parsers/tika-parsers-standard/tika-parsers-standard-modules/tika-parser-audiovideo-module/src/test/java/org/apache/tika/parser/audio/AudioParserTest.java,26
tika,org.apache.tika.parser.audio,MidiParserTest,0,0,1,1,12,1,0,0,-1.0,0,2,/Users/surabhilone/Desktop/Thesis/SoftwareSystems/tika/tika-parsers/tika-parsers-standard/tika-parsers-standard-modules/tika-parser-audiovideo-module/src/test/java/org/apache/tika/parser/audio/MidiParserTest.java,25
tika,org.apache.tika.parser.audio,MidiParser,2,0,2,2,57,12,0,1,1.0,0,4,/Users/surabhilone/Desktop/Thesis/SoftwareSystems/tika/tika-parsers/tika-parsers-standard/tika-parsers-standard-modules/tika-parser-audiovideo-module/src/main/java/org/apache/tika/parser/audio/MidiParser.java,46
tika,org.apache.tika.parser.audio,AudioParser,3,0,3,2,81,16,0,1,0.6666666666666666,0,6,/Users/surabhilone/Desktop/Thesis/SoftwareSystems/tika/tika-parsers/tika-parsers-standard/tika-parsers-standard-modules/tika-parser-audiovideo-module/src/main/java/org/apache/tika/parser/audio/AudioParser.java,48
tika,org.apache.tika.parser.audio,AudioParser.SkipFullyInputStream,0,0,0,0,9,0,0,0,-1.0,0,0,/Users/surabhilone/Desktop/Thesis/SoftwareSystems/tika/tika-parsers/tika-parsers-standard/tika-parsers-standard-modules/tika-parser-audiovideo-module/src/main/java/org/apache/tika/parser/audio/AudioParser.java,150
tika,org.apache.tika.parser.mp3,Mp3ParserTest,0,0,14,13,235,14,0,0,-1.0,0,4,/Users/surabhilone/Desktop/Thesis/SoftwareSystems/tika/tika-parsers/tika-parsers-standard/tika-parsers-standard-modules/tika-parser-audiovideo-module/src/test/java/org/apache/tika/parser/mp3/Mp3ParserTest.java,31
tika,org.apache.tika.parser.mp3,MpegStreamTest,1,0,8,5,104,10,0,0,0.0,0,2,/Users/surabhilone/Desktop/Thesis/SoftwareSystems/tika/tika-parsers/tika-parsers-standard/tika-parsers-standard-modules/tika-parser-audiovideo-module/src/test/java/org/apache/tika/parser/mp3/MpegStreamTest.java,33
tika,org.apache.tika.parser.mp3,ID3v24Handler,11,0,15,13,99,29,0,1,0.13333333333333333,1,3,/Users/surabhilone/Desktop/Thesis/SoftwareSystems/tika/tika-parsers/tika-parsers-standard/tika-parsers-standard-modules/tika-parser-audiovideo-module/src/main/java/org/apache/tika/parser/mp3/ID3v24Handler.java,29
tika,org.apache.tika.parser.mp3,ID3v24Handler.RawV24TagIterator,0,0,0,0,5,0,0,0,-1.0,0,0,/Users/surabhilone/Desktop/Thesis/SoftwareSystems/tika/tika-parsers/tika-parsers-standard/tika-parsers-standard-modules/tika-parser-audiovideo-module/src/main/java/org/apache/tika/parser/mp3/ID3v24Handler.java,152
tika,org.apache.tika.parser.mp3,ID3v2Frame,19,2,21,9,294,43,0,1,0.09523809523809523,5,1,/Users/surabhilone/Desktop/Thesis/SoftwareSystems/tika/tika-parsers/tika-parsers-standard/tika-parsers-standard-modules/tika-parser-audiovideo-module/src/main/java/org/apache/tika/parser/mp3/ID3v2Frame.java,29
tika,org.apache.tika.parser.mp3,ID3v2Frame.TextEncoding,2,2,0,0,8,0,0,0,-1.0,0,0,/Users/surabhilone/Desktop/Thesis/SoftwareSystems/tika/tika-parsers/tika-parsers-standard/tika-parsers-standard-modules/tika-parser-audiovideo-module/src/main/java/org/apache/tika/parser/mp3/ID3v2Frame.java,343
tika,org.apache.tika.parser.mp3,ID3v2Frame.RawTag,4,0,0,0,33,0,0,0,-1.0,0,0,/Users/surabhilone/Desktop/Thesis/SoftwareSystems/tika/tika-parsers/tika-parsers-standard/tika-parsers-standard-modules/tika-parser-audiovideo-module/src/main/java/org/apache/tika/parser/mp3/ID3v2Frame.java,353
tika,org.apache.tika.parser.mp3,ID3v2Frame.RawTagIterator,5,0,0,0,26,0,0,0,-1.0,0,0,/Users/surabhilone/Desktop/Thesis/SoftwareSystems/tika/tika-parsers/tika-parsers-standard/tika-parsers-standard-modules/tika-parser-audiovideo-module/src/main/java/org/apache/tika/parser/mp3/ID3v2Frame.java,398
tika,org.apache.tika.parser.mp3,MP3Frame,0,0,0,0,5,0,2,0,-1.0,2,0,/Users/surabhilone/Desktop/Thesis/SoftwareSystems/tika/tika-parsers/tika-parsers-standard/tika-parsers-standard-modules/tika-parser-audiovideo-module/src/main/java/org/apache/tika/parser/mp3/MP3Frame.java,20
tika,org.apache.tika.parser.mp3,MpegStream,15,0,14,3,308,32,0,0,0.14285714285714285,2,1,/Users/surabhilone/Desktop/Thesis/SoftwareSystems/tika/tika-parsers/tika-parsers-standard/tika-parsers-standard-modules/tika-parser-audiovideo-module/src/main/java/org/apache/tika/parser/mp3/MpegStream.java,25
tika,org.apache.tika.parser.mp3,MpegStream.HeaderBitField,1,0,0,0,47,0,0,0,-1.0,0,0,/Users/surabhilone/Desktop/Thesis/SoftwareSystems/tika/tika-parsers/tika-parsers-standard/tika-parsers-standard-modules/tika-parser-audiovideo-module/src/main/java/org/apache/tika/parser/mp3/MpegStream.java,367
tika,org.apache.tika.parser.mp3,ID3v22Handler,10,0,16,13,114,29,0,1,0.1875,3,3,/Users/surabhilone/Desktop/Thesis/SoftwareSystems/tika/tika-parsers/tika-parsers-standard/tika-parsers-standard-modules/tika-parser-audiovideo-module/src/main/java/org/apache/tika/parser/mp3/ID3v22Handler.java,29
tika,org.apache.tika.parser.mp3,ID3v22Handler.RawV22TagIterator,0,0,0,0,5,0,0,0,-1.0,0,0,/Users/surabhilone/Desktop/Thesis/SoftwareSystems/tika/tika-parsers/tika-parsers-standard/tika-parsers-standard-modules/tika-parser-audiovideo-module/src/main/java/org/apache/tika/parser/mp3/ID3v22Handler.java,164
tika,org.apache.tika.parser.mp3,LyricsHandler,3,0,5,3,84,16,0,0,0.4,3,2,/Users/surabhilone/Desktop/Thesis/SoftwareSystems/tika/tika-parsers/tika-parsers-standard/tika-parsers-standard-modules/tika-parser-audiovideo-module/src/main/java/org/apache/tika/parser/mp3/LyricsHandler.java,30
tika,org.apache.tika.parser.mp3,AudioFrame,14,6,13,12,206,28,0,1,0.15384615384615385,4,1,/Users/surabhilone/Desktop/Thesis/SoftwareSystems/tika/tika-parsers/tika-parsers-standard/tika-parsers-standard-modules/tika-parser-audiovideo-module/src/main/java/org/apache/tika/parser/mp3/AudioFrame.java,27
tika,org.apache.tika.parser.mp3,ID3v1Handler,8,0,15,13,108,20,0,1,0.4,2,2,/Users/surabhilone/Desktop/Thesis/SoftwareSystems/tika/tika-parsers/tika-parsers-standard/tika-parsers-standard-modules/tika-parser-audiovideo-module/src/main/java/org/apache/tika/parser/mp3/ID3v1Handler.java,31
tika,org.apache.tika.parser.mp3,CompositeTagHandler,1,0,13,13,106,37,0,1,0.0,1,0,/Users/surabhilone/Desktop/Thesis/SoftwareSystems/tika/tika-parsers/tika-parsers-standard/tika-parsers-standard-modules/tika-parser-audiovideo-module/src/main/java/org/apache/tika/parser/mp3/CompositeTagHandler.java,22
tika,org.apache.tika.parser.mp3,ID3Tags,4,0,12,0,79,12,5,0,-1.0,1,0,/Users/surabhilone/Desktop/Thesis/SoftwareSystems/tika/tika-parsers/tika-parsers-standard/tika-parsers-standard-modules/tika-parser-audiovideo-module/src/main/java/org/apache/tika/parser/mp3/ID3Tags.java,21
tika,org.apache.tika.parser.mp3,ID3Tags.ID3Comment,3,0,0,0,40,0,0,0,-1.0,0,0,/Users/surabhilone/Desktop/Thesis/SoftwareSystems/tika/tika-parsers/tika-parsers-standard/tika-parsers-standard-modules/tika-parser-audiovideo-module/src/main/java/org/apache/tika/parser/mp3/ID3Tags.java,210
tika,org.apache.tika.parser.mp3,ID3v23Handler,11,0,15,13,94,27,0,1,0.13333333333333333,1,3,/Users/surabhilone/Desktop/Thesis/SoftwareSystems/tika/tika-parsers/tika-parsers-standard/tika-parsers-standard-modules/tika-parser-audiovideo-module/src/main/java/org/apache/tika/parser/mp3/ID3v23Handler.java,29
tika,org.apache.tika.parser.mp3,ID3v23Handler.RawV23TagIterator,0,0,0,0,5,0,0,0,-1.0,0,0,/Users/surabhilone/Desktop/Thesis/SoftwareSystems/tika/tika-parsers/tika-parsers-standard/tika-parsers-standard-modules/tika-parser-audiovideo-module/src/main/java/org/apache/tika/parser/mp3/ID3v23Handler.java,146
tika,org.apache.tika.parser.mp3,Mp3Parser,6,0,5,4,181,33,0,1,0.8,0,17,/Users/surabhilone/Desktop/Thesis/SoftwareSystems/tika/tika-parsers/tika-parsers-standard/tika-parsers-standard-modules/tika-parser-audiovideo-module/src/main/java/org/apache/tika/parser/mp3/Mp3Parser.java,41
tika,org.apache.tika.parser.mp3,Mp3Parser.ID3TagsAndAudio,4,0,0,0,9,0,0,0,-1.0,0,2,/Users/surabhilone/Desktop/Thesis/SoftwareSystems/tika/tika-parsers/tika-parsers-standard/tika-parsers-standard-modules/tika-parser-audiovideo-module/src/main/java/org/apache/tika/parser/mp3/Mp3Parser.java,260
tika,org.apache.tika.parser.mp4,MP4ParserTest,2,0,7,7,73,7,0,0,1.0,0,7,/Users/surabhilone/Desktop/Thesis/SoftwareSystems/tika/tika-parsers/tika-parsers-standard/tika-parsers-standard-modules/tika-parser-audiovideo-module/src/test/java/org/apache/tika/parser/mp4/MP4ParserTest.java,48
tika,org.apache.tika.parser.mp4,MP4Parser,6,0,12,2,206,35,0,1,0.16666666666666666,1,12,/Users/surabhilone/Desktop/Thesis/SoftwareSystems/tika/tika-parsers/tika-parsers-standard/tika-parsers-standard-modules/tika-parser-audiovideo-module/src/main/java/org/apache/tika/parser/mp4/MP4Parser.java,60
tika,org.apache.tika.parser.mp4,TikaMp4BoxHandler,2,0,5,4,36,8,0,0,0.6,1,2,/Users/surabhilone/Desktop/Thesis/SoftwareSystems/tika/tika-parsers/tika-parsers-standard/tika-parsers-standard-modules/tika-parser-audiovideo-module/src/main/java/org/apache/tika/parser/mp4/TikaMp4BoxHandler.java,32
tika,org.apache.tika.parser.mp4.boxes,TikaUserDataBox,11,0,5,2,189,43,0,0,0.0,0,5,/Users/surabhilone/Desktop/Thesis/SoftwareSystems/tika/tika-parsers/tika-parsers-standard/tika-parsers-standard-modules/tika-parser-audiovideo-module/src/main/java/org/apache/tika/parser/mp4/boxes/TikaUserDataBox.java,38
tika,org.apache.tika.parser.hwp,HwpV5ParserTest,0,0,4,4,36,5,0,0,-1.0,0,2,/Users/surabhilone/Desktop/Thesis/SoftwareSystems/tika/tika-parsers/tika-parsers-standard/tika-parsers-standard-modules/tika-parser-miscoffice-module/src/test/java/org/apache/tika/parser/hwp/HwpV5ParserTest.java,32
tika,org.apache.tika.parser.hwp,HwpV5Parser,4,1,3,3,23,3,0,1,0.6666666666666666,0,5,/Users/surabhilone/Desktop/Thesis/SoftwareSystems/tika/tika-parsers/tika-parsers-standard/tika-parsers-standard-modules/tika-parser-miscoffice-module/src/main/java/org/apache/tika/parser/hwp/HwpV5Parser.java,34
tika,org.apache.tika.parser.hwp,HwpStreamReader,3,0,6,6,66,11,0,0,0.0,1,1,/Users/surabhilone/Desktop/Thesis/SoftwareSystems/tika/tika-parsers/tika-parsers-standard/tika-parsers-standard-modules/tika-parser-miscoffice-module/src/main/java/org/apache/tika/parser/hwp/HwpStreamReader.java,26
tika,org.apache.tika.parser.hwp,HwpTextExtractorV5,21,0,12,2,335,53,0,0,0.0,1,8,/Users/surabhilone/Desktop/Thesis/SoftwareSystems/tika/tika-parsers/tika-parsers-standard/tika-parsers-standard-modules/tika-parser-miscoffice-module/src/main/java/org/apache/tika/parser/hwp/HwpTextExtractorV5.java,64
tika,org.apache.tika.parser.hwp,HwpTextExtractorV5.SRand,1,0,0,0,10,0,0,0,-1.0,0,0,/Users/surabhilone/Desktop/Thesis/SoftwareSystems/tika/tika-parsers/tika-parsers-standard/tika-parsers-standard-modules/tika-parser-miscoffice-module/src/main/java/org/apache/tika/parser/hwp/HwpTextExtractorV5.java,449
tika,org.apache.tika.parser.hwp,HwpTextExtractorV5.FileHeader,4,0,0,0,6,0,0,0,-1.0,0,0,/Users/surabhilone/Desktop/Thesis/SoftwareSystems/tika/tika-parsers/tika-parsers-standard/tika-parsers-standard-modules/tika-parser-miscoffice-module/src/main/java/org/apache/tika/parser/hwp/HwpTextExtractorV5.java,462
tika,org.apache.tika.parser.hwp,HwpTextExtractorV5.TagInfo,3,0,0,0,5,0,0,0,-1.0,0,0,/Users/surabhilone/Desktop/Thesis/SoftwareSystems/tika/tika-parsers/tika-parsers-standard/tika-parsers-standard-modules/tika-parser-miscoffice-module/src/main/java/org/apache/tika/parser/hwp/HwpTextExtractorV5.java,469
tika,org.apache.tika.parser.hwp,HwpTextExtractorV5.HwpVersion,4,0,0,0,17,0,0,0,-1.0,0,0,/Users/surabhilone/Desktop/Thesis/SoftwareSystems/tika/tika-parsers/tika-parsers-standard/tika-parsers-standard-modules/tika-parser-miscoffice-module/src/main/java/org/apache/tika/parser/hwp/HwpTextExtractorV5.java,475
tika,org.apache.tika.parser.ibooks,iBooksParserTest,0,0,1,1,13,1,0,0,-1.0,0,2,/Users/surabhilone/Desktop/Thesis/SoftwareSystems/tika/tika-parsers/tika-parsers-standard/tika-parsers-standard-modules/tika-parser-miscoffice-module/src/test/java/org/apache/tika/parser/ibooks/iBooksParserTest.java,27
tika,org.apache.tika.parser.wordperfect,QuattroProTest,0,0,2,2,17,2,0,0,-1.0,0,3,/Users/surabhilone/Desktop/Thesis/SoftwareSystems/tika/tika-parsers/tika-parsers-standard/tika-parsers-standard-modules/tika-parser-miscoffice-module/src/test/java/org/apache/tika/parser/wordperfect/QuattroProTest.java,27
tika,org.apache.tika.parser.wordperfect,WordPerfectTest,0,0,4,4,37,4,0,0,-1.0,0,4,/Users/surabhilone/Desktop/Thesis/SoftwareSystems/tika/tika-parsers/tika-parsers-standard/tika-parsers-standard-modules/tika-parser-miscoffice-module/src/test/java/org/apache/tika/parser/wordperfect/WordPerfectTest.java,31
tika,org.apache.tika.parser.wordperfect,WPInputStreamTest,0,0,10,9,79,10,0,0,-1.0,0,1,/Users/surabhilone/Desktop/Thesis/SoftwareSystems/tika/tika-parsers/tika-parsers-standard/tika-parsers-standard-modules/tika-parser-miscoffice-module/src/test/java/org/apache/tika/parser/wordperfect/WPInputStreamTest.java,26
tika,org.apache.tika.parser.wordperfect,WPPrefixArea,18,9,22,22,143,36,0,0,0.09090909090909091,2,0,/Users/surabhilone/Desktop/Thesis/SoftwareSystems/tika/tika-parsers/tika-parsers-standard/tika-parsers-standard-modules/tika-parser-miscoffice-module/src/main/java/org/apache/tika/parser/wordperfect/WPPrefixArea.java,20
tika,org.apache.tika.parser.wordperfect,WP6Charsets,3,2,2,1,30,4,0,0,1.0,2,0,/Users/surabhilone/Desktop/Thesis/SoftwareSystems/tika/tika-parsers/tika-parsers-standard/tika-parsers-standard-modules/tika-parser-miscoffice-module/src/main/java/org/apache/tika/parser/wordperfect/WP6Charsets.java,22
tika,org.apache.tika.parser.wordperfect,WP5DocumentAreaExtractor,1,0,1,0,55,15,0,1,0.0,0,3,/Users/surabhilone/Desktop/Thesis/SoftwareSystems/tika/tika-parsers/tika-parsers-standard/tika-parsers-standard-modules/tika-parser-miscoffice-module/src/main/java/org/apache/tika/parser/wordperfect/WP5DocumentAreaExtractor.java,28
tika,org.apache.tika.parser.wordperfect,WPPrefixAreaExtractor,0,0,2,1,32,3,0,0,-1.0,1,2,/Users/surabhilone/Desktop/Thesis/SoftwareSystems/tika/tika-parsers/tika-parsers-standard/tika-parsers-standard-modules/tika-parser-miscoffice-module/src/main/java/org/apache/tika/parser/wordperfect/WPPrefixAreaExtractor.java,21
tika,org.apache.tika.parser.wordperfect,WP5Charsets,2,1,2,1,29,4,0,0,1.0,1,1,/Users/surabhilone/Desktop/Thesis/SoftwareSystems/tika/tika-parsers/tika-parsers-standard/tika-parsers-standard-modules/tika-parser-miscoffice-module/src/main/java/org/apache/tika/parser/wordperfect/WP5Charsets.java,22
tika,org.apache.tika.parser.wordperfect,WPDocumentAreaExtractor,1,0,5,1,50,10,2,0,0.4,1,2,/Users/surabhilone/Desktop/Thesis/SoftwareSystems/tika/tika-parsers/tika-parsers-standard/tika-parsers-standard-modules/tika-parser-miscoffice-module/src/main/java/org/apache/tika/parser/wordperfect/WPDocumentAreaExtractor.java,25
tika,org.apache.tika.parser.wordperfect,WordPerfectParser,8,0,8,4,82,17,0,1,0.25,1,12,/Users/surabhilone/Desktop/Thesis/SoftwareSystems/tika/tika-parsers/tika-parsers-standard/tika-parsers-standard-modules/tika-parser-miscoffice-module/src/main/java/org/apache/tika/parser/wordperfect/WordPerfectParser.java,40
tika,org.apache.tika.parser.wordperfect,QuattroProParser,5,2,2,2,24,3,0,1,1.0,1,6,/Users/surabhilone/Desktop/Thesis/SoftwareSystems/tika/tika-parsers/tika-parsers-standard/tika-parsers-standard-modules/tika-parser-miscoffice-module/src/main/java/org/apache/tika/parser/wordperfect/QuattroProParser.java,34
tika,org.apache.tika.parser.wordperfect,QPWTextExtractor,8,0,3,1,169,7,0,0,0.0,1,7,/Users/surabhilone/Desktop/Thesis/SoftwareSystems/tika/tika-parsers/tika-parsers-standard/tika-parsers-standard-modules/tika-parser-miscoffice-module/src/main/java/org/apache/tika/parser/wordperfect/QPWTextExtractor.java,38
tika,org.apache.tika.parser.wordperfect,QPWTextExtractor.Extractor,0,0,0,0,93,0,0,0,-1.0,0,3,/Users/surabhilone/Desktop/Thesis/SoftwareSystems/tika/tika-parsers/tika-parsers-standard/tika-parsers-standard-modules/tika-parser-miscoffice-module/src/main/java/org/apache/tika/parser/wordperfect/QPWTextExtractor.java,130
tika,org.apache.tika.parser.wordperfect,QPWTextExtractor.Context,5,0,0,0,13,0,0,0,-1.0,0,3,/Users/surabhilone/Desktop/Thesis/SoftwareSystems/tika/tika-parsers/tika-parsers-standard/tika-parsers-standard-modules/tika-parser-miscoffice-module/src/main/java/org/apache/tika/parser/wordperfect/QPWTextExtractor.java,228
tika,org.apache.tika.parser.wordperfect,WP6DocumentAreaExtractor,7,0,2,1,103,29,0,1,0.0,0,3,/Users/surabhilone/Desktop/Thesis/SoftwareSystems/tika/tika-parsers/tika-parsers-standard/tika-parsers-standard-modules/tika-parser-miscoffice-module/src/main/java/org/apache/tika/parser/wordperfect/WP6DocumentAreaExtractor.java,28
tika,org.apache.tika.parser.wordperfect,WPInputStream,1,0,19,19,161,28,0,0,0.0,8,0,/Users/surabhilone/Desktop/Thesis/SoftwareSystems/tika/tika-parsers/tika-parsers-standard/tika-parsers-standard-modules/tika-parser-miscoffice-module/src/main/java/org/apache/tika/parser/wordperfect/WPInputStream.java,27
tika,org.apache.tika.parser.odf,ODFParserTest,0,0,25,23,335,33,0,0,-1.0,0,14,/Users/surabhilone/Desktop/Thesis/SoftwareSystems/tika/tika-parsers/tika-parsers-standard/tika-parsers-standard-modules/tika-parser-miscoffice-module/src/test/java/org/apache/tika/parser/odf/ODFParserTest.java,57
tika,org.apache.tika.parser.odf,OpenDocumentContentParserTest,0,0,1,1,24,2,0,0,-1.0,0,4,/Users/surabhilone/Desktop/Thesis/SoftwareSystems/tika/tika-parsers/tika-parsers-standard/tika-parsers-standard-modules/tika-parser-miscoffice-module/src/test/java/org/apache/tika/parser/odf/OpenDocumentContentParserTest.java,38
tika,org.apache.tika.parser.odf,FlatOpenDocumentMacroHandler,9,0,6,3,66,13,1,1,0.0,0,7,/Users/surabhilone/Desktop/Thesis/SoftwareSystems/tika/tika-parsers/tika-parsers-standard/tika-parsers-standard-modules/tika-parser-miscoffice-module/src/main/java/org/apache/tika/parser/odf/FlatOpenDocumentMacroHandler.java,37
tika,org.apache.tika.parser.odf,FlatOpenDocumentParser,21,0,5,4,107,6,0,1,0.4,0,6,/Users/surabhilone/Desktop/Thesis/SoftwareSystems/tika/tika-parsers/tika-parsers-standard/tika-parsers-standard-modules/tika-parser-miscoffice-module/src/main/java/org/apache/tika/parser/odf/FlatOpenDocumentParser.java,43
tika,org.apache.tika.parser.odf,FlatOpenDocumentParser.FlatOpenDocumentParserHandler,11,0,0,0,68,0,0,1,-1.0,0,1,/Users/surabhilone/Desktop/Thesis/SoftwareSystems/tika/tika-parsers/tika-parsers-standard/tika-parsers-standard-modules/tika-parser-miscoffice-module/src/main/java/org/apache/tika/parser/odf/FlatOpenDocumentParser.java,100
tika,org.apache.tika.parser.odf,OpenDocumentMacroHandler,0,0,3,2,24,5,0,2,-1.0,1,2,/Users/surabhilone/Desktop/Thesis/SoftwareSystems/tika/tika-parsers/tika-parsers-standard/tika-parsers-standard-modules/tika-parser-miscoffice-module/src/main/java/org/apache/tika/parser/odf/OpenDocumentMacroHandler.java,29
tika,org.apache.tika.parser.odf,NSNormalizerContentHandler,3,0,6,5,43,9,0,1,0.5,1,0,/Users/surabhilone/Desktop/Thesis/SoftwareSystems/tika/tika-parsers/tika-parsers-standard/tika-parsers-standard-modules/tika-parser-miscoffice-module/src/main/java/org/apache/tika/parser/odf/NSNormalizerContentHandler.java,31
tika,org.apache.tika.parser.odf,OpenDocumentContentParser,0,0,3,2,15,3,0,1,-1.0,1,5,/Users/surabhilone/Desktop/Thesis/SoftwareSystems/tika/tika-parsers/tika-parsers-standard/tika-parsers-standard-modules/tika-parser-miscoffice-module/src/main/java/org/apache/tika/parser/odf/OpenDocumentContentParser.java,37
tika,org.apache.tika.parser.odf,OpenDocumentMetaParser,6,1,9,1,91,14,0,2,0.3333333333333333,1,16,/Users/surabhilone/Desktop/Thesis/SoftwareSystems/tika/tika-parsers/tika-parsers-standard/tika-parsers-standard-modules/tika-parser-miscoffice-module/src/main/java/org/apache/tika/parser/odf/OpenDocumentMetaParser.java,49
tika,org.apache.tika.parser.odf,OpenDocumentManifestHandler,0,0,1,1,10,2,0,1,-1.0,0,0,/Users/surabhilone/Desktop/Thesis/SoftwareSystems/tika/tika-parsers/tika-parsers-standard/tika-parsers-standard-modules/tika-parser-miscoffice-module/src/main/java/org/apache/tika/parser/odf/OpenDocumentManifestHandler.java,25
tika,org.apache.tika.parser.odf,OpenDocumentParser,7,0,13,8,187,41,0,1,0.15384615384615385,1,13,/Users/surabhilone/Desktop/Thesis/SoftwareSystems/tika/tika-parsers/tika-parsers-standard/tika-parsers-standard-modules/tika-parser-miscoffice-module/src/main/java/org/apache/tika/parser/odf/OpenDocumentParser.java,52
tika,org.apache.tika.parser.odf,OpenDocumentBodyHandler,45,13,19,5,440,87,0,2,0.21052631578947367,1,6,/Users/surabhilone/Desktop/Thesis/SoftwareSystems/tika/tika-parsers/tika-parsers-standard/tika-parsers-standard-modules/tika-parser-miscoffice-module/src/main/java/org/apache/tika/parser/odf/OpenDocumentBodyHandler.java,48
tika,org.apache.tika.parser.odf,OpenDocumentBodyHandler.Style,0,0,0,0,2,0,0,0,-1.0,0,0,/Users/surabhilone/Desktop/Thesis/SoftwareSystems/tika/tika-parsers/tika-parsers-standard/tika-parsers-standard-modules/tika-parser-miscoffice-module/src/main/java/org/apache/tika/parser/odf/OpenDocumentBodyHandler.java,548
tika,org.apache.tika.parser.odf,OpenDocumentBodyHandler.TextStyle,3,3,0,0,8,0,0,0,-1.0,0,0,/Users/surabhilone/Desktop/Thesis/SoftwareSystems/tika/tika-parsers/tika-parsers-standard/tika-parsers-standard-modules/tika-parser-miscoffice-module/src/main/java/org/apache/tika/parser/odf/OpenDocumentBodyHandler.java,551
tika,org.apache.tika.parser.odf,OpenDocumentBodyHandler.ListStyle,1,1,0,0,6,0,0,0,-1.0,0,0,/Users/surabhilone/Desktop/Thesis/SoftwareSystems/tika/tika-parsers/tika-parsers-standard/tika-parsers-standard-modules/tika-parser-miscoffice-module/src/main/java/org/apache/tika/parser/odf/OpenDocumentBodyHandler.java,563
tika,org.apache.tika.parser.odf,OpenDocumentBodyHandler.NullListStyle,0,0,0,0,8,0,0,0,-1.0,0,0,/Users/surabhilone/Desktop/Thesis/SoftwareSystems/tika/tika-parsers/tika-parsers-standard/tika-parsers-standard-modules/tika-parser-miscoffice-module/src/main/java/org/apache/tika/parser/odf/OpenDocumentBodyHandler.java,570
tika,org.apache.tika.parser.odf,ODFParserTest,1,0,10,10,110,10,0,0,0.2,0,6,/Users/surabhilone/Desktop/Thesis/SoftwareSystems/tika/tika-parsers/tika-parsers-standard/tika-parsers-standard-package/src/test/java/org/apache/tika/parser/odf/ODFParserTest.java,37
tika,org.apache.tika.parser.dbf,DBFParserTest,0,0,5,5,80,9,0,0,-1.0,0,7,/Users/surabhilone/Desktop/Thesis/SoftwareSystems/tika/tika-parsers/tika-parsers-standard/tika-parsers-standard-modules/tika-parser-miscoffice-module/src/test/java/org/apache/tika/parser/dbf/DBFParserTest.java,36
tika,org.apache.tika.parser.dbf,DBFRow,2,0,6,1,31,8,0,0,0.3333333333333333,2,3,/Users/surabhilone/Desktop/Thesis/SoftwareSystems/tika/tika-parsers/tika-parsers-standard/tika-parsers-standard-modules/tika-parser-miscoffice-module/src/main/java/org/apache/tika/parser/dbf/DBFRow.java,21
tika,org.apache.tika.parser.dbf,DBFParser,4,0,4,2,83,15,0,1,0.5,1,11,/Users/surabhilone/Desktop/Thesis/SoftwareSystems/tika/tika-parsers/tika-parsers-standard/tika-parsers-standard-modules/tika-parser-miscoffice-module/src/main/java/org/apache/tika/parser/dbf/DBFParser.java,45
tika,org.apache.tika.parser.dbf,DBFReader,10,2,8,3,125,20,0,0,0.5,4,3,/Users/surabhilone/Desktop/Thesis/SoftwareSystems/tika/tika-parsers/tika-parsers-standard/tika-parsers-standard-modules/tika-parser-miscoffice-module/src/main/java/org/apache/tika/parser/dbf/DBFReader.java,28
tika,org.apache.tika.parser.dbf,DBFReader.Version,3,0,0,0,26,0,0,0,-1.0,0,0,/Users/surabhilone/Desktop/Thesis/SoftwareSystems/tika/tika-parsers/tika-parsers-standard/tika-parsers-standard-modules/tika-parser-miscoffice-module/src/main/java/org/apache/tika/parser/dbf/DBFReader.java,155
tika,org.apache.tika.parser.dbf,DBFColumnHeader,5,0,4,2,39,5,0,0,0.0,4,1,/Users/surabhilone/Desktop/Thesis/SoftwareSystems/tika/tika-parsers/tika-parsers-standard/tika-parsers-standard-modules/tika-parser-miscoffice-module/src/main/java/org/apache/tika/parser/dbf/DBFColumnHeader.java,31
tika,org.apache.tika.parser.dbf,DBFColumnHeader.ColType,0,0,0,0,1,0,0,0,-1.0,0,0,/Users/surabhilone/Desktop/Thesis/SoftwareSystems/tika/tika-parsers/tika-parsers-standard/tika-parsers-standard-modules/tika-parser-miscoffice-module/src/main/java/org/apache/tika/parser/dbf/DBFColumnHeader.java,78
tika,org.apache.tika.parser.dbf,DBFCell,4,0,9,2,80,17,0,0,0.0,1,4,/Users/surabhilone/Desktop/Thesis/SoftwareSystems/tika/tika-parsers/tika-parsers-standard/tika-parsers-standard-modules/tika-parser-miscoffice-module/src/main/java/org/apache/tika/parser/dbf/DBFCell.java,36
tika,org.apache.tika.parser.dbf,DBFFileHeader,6,0,7,2,90,15,0,0,0.0,3,5,/Users/surabhilone/Desktop/Thesis/SoftwareSystems/tika/tika-parsers/tika-parsers-standard/tika-parsers-standard-modules/tika-parser-miscoffice-module/src/main/java/org/apache/tika/parser/dbf/DBFFileHeader.java,35
tika,org.apache.tika.parser.indesign,IDMLParserTest,1,0,2,2,29,2,0,0,0.0,0,3,/Users/surabhilone/Desktop/Thesis/SoftwareSystems/tika/tika-parsers/tika-parsers-standard/tika-parsers-standard-modules/tika-parser-miscoffice-module/src/test/java/org/apache/tika/parser/indesign/IDMLParserTest.java,29
tika,org.apache.tika.parser.indesign,IDMLParser,5,0,5,2,125,21,0,1,0.4,0,10,/Users/surabhilone/Desktop/Thesis/SoftwareSystems/tika/tika-parsers/tika-parsers-standard/tika-parsers-standard-modules/tika-parser-miscoffice-module/src/main/java/org/apache/tika/parser/indesign/IDMLParser.java,45
tika,org.apache.tika.parser.indesign,ContentAndMetadataExtractor,4,0,1,0,51,1,0,0,0.0,1,5,/Users/surabhilone/Desktop/Thesis/SoftwareSystems/tika/tika-parsers/tika-parsers-standard/tika-parsers-standard-modules/tika-parser-miscoffice-module/src/main/java/org/apache/tika/parser/indesign/ContentAndMetadataExtractor.java,36
tika,org.apache.tika.parser.indesign,ContentAndMetadataExtractor.ContentAndMetadataHandler,3,0,0,0,32,0,0,0,-1.0,0,2,/Users/surabhilone/Desktop/Thesis/SoftwareSystems/tika/tika-parsers/tika-parsers-standard/tika-parsers-standard-modules/tika-parser-miscoffice-module/src/main/java/org/apache/tika/parser/indesign/ContentAndMetadataExtractor.java,63
tika,org.apache.tika.parser.dif,DIFParserTest,0,0,1,1,18,1,0,0,-1.0,0,4,/Users/surabhilone/Desktop/Thesis/SoftwareSystems/tika/tika-parsers/tika-parsers-standard/tika-parsers-standard-modules/tika-parser-miscoffice-module/src/test/java/org/apache/tika/parser/dif/DIFParserTest.java,32
tika,org.apache.tika.parser.dif,DIFContentHandler,8,0,9,9,98,16,0,0,0.0,0,1,/Users/surabhilone/Desktop/Thesis/SoftwareSystems/tika/tika-parsers/tika-parsers-standard/tika-parsers-standard-modules/tika-parser-miscoffice-module/src/main/java/org/apache/tika/parser/dif/DIFContentHandler.java,29
tika,org.apache.tika.parser.dif,DIFParser,2,0,3,2,29,3,0,1,0.6666666666666666,1,6,/Users/surabhilone/Desktop/Thesis/SoftwareSystems/tika/tika-parsers/tika-parsers-standard/tika-parsers-standard-modules/tika-parser-miscoffice-module/src/main/java/org/apache/tika/parser/dif/DIFParser.java,39
tika,org.apache.tika.parser.epub,EpubParserTest,0,0,7,6,97,7,0,0,-1.0,0,7,/Users/surabhilone/Desktop/Thesis/SoftwareSystems/tika/tika-parsers/tika-parsers-standard/tika-parsers-standard-modules/tika-parser-miscoffice-module/src/test/java/org/apache/tika/parser/epub/EpubParserTest.java,41
tika,org.apache.tika.parser.epub,EpubParser,15,0,19,7,483,78,0,1,0.10526315789473684,1,19,/Users/surabhilone/Desktop/Thesis/SoftwareSystems/tika/tika-parsers/tika-parsers-standard/tika-parsers-standard-modules/tika-parser-miscoffice-module/src/main/java/org/apache/tika/parser/epub/EpubParser.java,72
tika,org.apache.tika.parser.epub,EpubParser.RootFinder,1,0,0,0,8,0,0,0,-1.0,0,0,/Users/surabhilone/Desktop/Thesis/SoftwareSystems/tika/tika-parsers/tika-parsers-standard/tika-parsers-standard-modules/tika-parser-miscoffice-module/src/main/java/org/apache/tika/parser/epub/EpubParser.java,506
tika,org.apache.tika.parser.epub,EpubParser.ContentOrderScraper,4,0,0,0,45,0,0,0,-1.0,0,0,/Users/surabhilone/Desktop/Thesis/SoftwareSystems/tika/tika-parsers/tika-parsers-standard/tika-parsers-standard-modules/tika-parser-miscoffice-module/src/main/java/org/apache/tika/parser/epub/EpubParser.java,518
tika,org.apache.tika.parser.epub,EpubParser.HRefMediaPair,2,0,0,0,11,0,0,0,-1.0,0,0,/Users/surabhilone/Desktop/Thesis/SoftwareSystems/tika/tika-parsers/tika-parsers-standard/tika-parsers-standard-modules/tika-parser-miscoffice-module/src/main/java/org/apache/tika/parser/epub/EpubParser.java,569
tika,org.apache.tika.parser.epub,EpubParser.EncryptionHandler,1,0,0,0,17,0,0,0,-1.0,0,0,/Users/surabhilone/Desktop/Thesis/SoftwareSystems/tika/tika-parsers/tika-parsers-standard/tika-parsers-standard-modules/tika-parser-miscoffice-module/src/main/java/org/apache/tika/parser/epub/EpubParser.java,585
tika,org.apache.tika.parser.epub,EpubParser.EpubZipException,0,0,0,0,2,0,0,0,-1.0,0,0,/Users/surabhilone/Desktop/Thesis/SoftwareSystems/tika/tika-parsers/tika-parsers-standard/tika-parsers-standard-modules/tika-parser-miscoffice-module/src/main/java/org/apache/tika/parser/epub/EpubParser.java,608
tika,org.apache.tika.parser.epub,EpubParser.EpubNormalizingHandler,0,0,0,0,27,0,0,1,-1.0,0,0,/Users/surabhilone/Desktop/Thesis/SoftwareSystems/tika/tika-parsers/tika-parsers-standard/tika-parsers-standard-modules/tika-parser-miscoffice-module/src/main/java/org/apache/tika/parser/epub/EpubParser.java,615
tika,org.apache.tika.parser.epub,EpubContentParser,0,0,2,2,11,2,0,1,-1.0,0,4,/Users/surabhilone/Desktop/Thesis/SoftwareSystems/tika/tika-parsers/tika-parsers-standard/tika-parsers-standard-modules/tika-parser-miscoffice-module/src/main/java/org/apache/tika/parser/epub/EpubContentParser.java,35
tika,org.apache.tika.parser.epub,OPFParser,3,0,1,0,52,1,0,3,0.0,0,3,/Users/surabhilone/Desktop/Thesis/SoftwareSystems/tika/tika-parsers/tika-parsers-standard/tika-parsers-standard-modules/tika-parser-miscoffice-module/src/main/java/org/apache/tika/parser/epub/OPFParser.java,32
tika,org.apache.tika.parser.epub,OPFParser.OPFHandler,3,0,0,0,43,0,0,0,-1.0,0,2,/Users/surabhilone/Desktop/Thesis/SoftwareSystems/tika/tika-parsers/tika-parsers-standard/tika-parsers-standard-modules/tika-parser-miscoffice-module/src/main/java/org/apache/tika/parser/epub/OPFParser.java,46
tika,org.apache.tika.parser.mif,MIFParserTest,1,0,2,2,23,2,0,0,0.0,0,2,/Users/surabhilone/Desktop/Thesis/SoftwareSystems/tika/tika-parsers/tika-parsers-standard/tika-parsers-standard-modules/tika-parser-miscoffice-module/src/test/java/org/apache/tika/parser/mif/MIFParserTest.java,27
tika,org.apache.tika.parser.mif,MIFContentHandler,8,0,5,4,66,18,0,0,0.0,0,2,/Users/surabhilone/Desktop/Thesis/SoftwareSystems/tika/tika-parsers/tika-parsers-standard/tika-parsers-standard-modules/tika-parser-miscoffice-module/src/main/java/org/apache/tika/parser/mif/MIFContentHandler.java,28
tika,org.apache.tika.parser.mif,MIFExtractor,10,0,2,0,129,11,0,0,0.0,1,1,/Users/surabhilone/Desktop/Thesis/SoftwareSystems/tika/tika-parsers/tika-parsers-standard/tika-parsers-standard-modules/tika-parser-miscoffice-module/src/main/java/org/apache/tika/parser/mif/MIFExtractor.java,37
tika,org.apache.tika.parser.mif,MIFExtractor.Tag,4,0,0,0,39,0,0,0,-1.0,0,0,/Users/surabhilone/Desktop/Thesis/SoftwareSystems/tika/tika-parsers/tika-parsers-standard/tika-parsers-standard-modules/tika-parser-miscoffice-module/src/main/java/org/apache/tika/parser/mif/MIFExtractor.java,132
tika,org.apache.tika.parser.mif,MIFParser,1,0,5,5,37,6,0,2,0.6,0,8,/Users/surabhilone/Desktop/Thesis/SoftwareSystems/tika/tika-parsers/tika-parsers-standard/tika-parsers-standard-modules/tika-parser-miscoffice-module/src/main/java/org/apache/tika/parser/mif/MIFParser.java,42
tika,org.apache.tika.detect.ole,MiscOLEDetector,4,3,6,2,121,22,0,1,0.0,0,3,/Users/surabhilone/Desktop/Thesis/SoftwareSystems/tika/tika-parsers/tika-parsers-standard/tika-parsers-standard-modules/tika-parser-miscoffice-module/src/main/java/org/apache/tika/detect/ole/MiscOLEDetector.java,42
tika,org.apache.tika.parser.image,JpegParserTest,2,0,9,9,162,9,0,0,0.0,0,6,/Users/surabhilone/Desktop/Thesis/SoftwareSystems/tika/tika-parsers/tika-parsers-standard/tika-parsers-standard-modules/tika-parser-image-module/src/test/java/org/apache/tika/parser/image/JpegParserTest.java,40
tika,org.apache.tika.parser.image,JXLTest,0,0,1,1,7,1,0,0,-1.0,0,3,/Users/surabhilone/Desktop/Thesis/SoftwareSystems/tika/tika-parsers/tika-parsers-standard/tika-parsers-standard-modules/tika-parser-image-module/src/test/java/org/apache/tika/parser/image/JXLTest.java,28
tika,org.apache.tika.parser.image,ImageMetadataExtractorTest,0,0,6,6,70,6,0,0,-1.0,0,3,/Users/surabhilone/Desktop/Thesis/SoftwareSystems/tika/tika-parsers/tika-parsers-standard/tika-parsers-standard-modules/tika-parser-image-module/src/test/java/org/apache/tika/parser/image/ImageMetadataExtractorTest.java,43
tika,org.apache.tika.parser.image,ICNSParserTest,1,0,2,2,32,2,0,0,0.0,0,2,/Users/surabhilone/Desktop/Thesis/SoftwareSystems/tika/tika-parsers/tika-parsers-standard/tika-parsers-standard-modules/tika-parser-image-module/src/test/java/org/apache/tika/parser/image/ICNSParserTest.java,28
tika,org.apache.tika.parser.image,WebPParserTest,0,0,1,1,12,1,0,0,-1.0,0,1,/Users/surabhilone/Desktop/Thesis/SoftwareSystems/tika/tika-parsers/tika-parsers-standard/tika-parsers-standard-modules/tika-parser-image-module/src/test/java/org/apache/tika/parser/image/WebPParserTest.java,27
tika,org.apache.tika.parser.image,ImageParserTest,1,0,7,7,141,7,0,0,0.2857142857142857,0,5,/Users/surabhilone/Desktop/Thesis/SoftwareSystems/tika/tika-parsers/tika-parsers-standard/tika-parsers-standard-modules/tika-parser-image-module/src/test/java/org/apache/tika/parser/image/ImageParserTest.java,33
tika,org.apache.tika.parser.image,PSDParserTest,1,0,4,4,43,4,0,0,0.75,0,5,/Users/surabhilone/Desktop/Thesis/SoftwareSystems/tika/tika-parsers/tika-parsers-standard/tika-parsers-standard-modules/tika-parser-image-module/src/test/java/org/apache/tika/parser/image/PSDParserTest.java,35
tika,org.apache.tika.parser.image,HeifParserTest,1,0,1,1,16,1,0,0,0.0,0,3,/Users/surabhilone/Desktop/Thesis/SoftwareSystems/tika/tika-parsers/tika-parsers-standard/tika-parsers-standard-modules/tika-parser-image-module/src/test/java/org/apache/tika/parser/image/HeifParserTest.java,34
tika,org.apache.tika.parser.image,BPGParser,8,0,5,3,95,20,0,2,0.4,0,8,/Users/surabhilone/Desktop/Thesis/SoftwareSystems/tika/tika-parsers/tika-parsers-standard/tika-parsers-standard-modules/tika-parser-image-module/src/main/java/org/apache/tika/parser/image/BPGParser.java,40
tika,org.apache.tika.parser.image,ICNSParser,4,1,2,2,86,13,0,1,1.0,0,5,/Users/surabhilone/Desktop/Thesis/SoftwareSystems/tika/tika-parsers/tika-parsers-standard/tika-parsers-standard-modules/tika-parser-image-module/src/main/java/org/apache/tika/parser/image/ICNSParser.java,39
tika,org.apache.tika.parser.image,AbstractImageParser,1,1,4,1,58,7,5,1,0.0,1,10,/Users/surabhilone/Desktop/Thesis/SoftwareSystems/tika/tika-parsers/tika-parsers-standard/tika-parsers-standard-modules/tika-parser-image-module/src/main/java/org/apache/tika/parser/image/AbstractImageParser.java,40
tika,org.apache.tika.parser.image,ICNSType,39,32,9,8,91,12,0,0,0.0,1,0,/Users/surabhilone/Desktop/Thesis/SoftwareSystems/tika/tika-parsers/tika-parsers-standard/tika-parsers-standard-modules/tika-parser-image-module/src/main/java/org/apache/tika/parser/image/ICNSType.java,21
tika,org.apache.tika.parser.image,MetadataFields,2,0,3,2,55,9,0,0,0.0,0,1,/Users/surabhilone/Desktop/Thesis/SoftwareSystems/tika/tika-parsers/tika-parsers-standard/tika-parsers-standard-modules/tika-parser-image-module/src/main/java/org/apache/tika/parser/image/MetadataFields.java,30
tika,org.apache.tika.parser.image,WebPParser,2,0,2,2,23,2,0,1,1.0,0,6,/Users/surabhilone/Desktop/Thesis/SoftwareSystems/tika/tika-parsers/tika-parsers-standard/tika-parsers-standard-modules/tika-parser-image-module/src/main/java/org/apache/tika/parser/image/WebPParser.java,37
tika,org.apache.tika.parser.image,ImageMetadataExtractor,7,0,12,9,462,19,0,0,0.16666666666666666,2,9,/Users/surabhilone/Desktop/Thesis/SoftwareSystems/tika/tika-parsers/tika-parsers-standard/tika-parsers-standard-modules/tika-parser-image-module/src/main/java/org/apache/tika/parser/image/ImageMetadataExtractor.java,72
tika,org.apache.tika.parser.image,ImageMetadataExtractor.DirectoryHandler,0,0,0,0,16,0,0,0,-1.0,0,0,/Users/surabhilone/Desktop/Thesis/SoftwareSystems/tika/tika-parsers/tika-parsers-standard/tika-parsers-standard-modules/tika-parser-image-module/src/main/java/org/apache/tika/parser/image/ImageMetadataExtractor.java,232
tika,org.apache.tika.parser.image,ImageMetadataExtractor.CopyAllFieldsHandler,0,0,0,0,20,0,0,0,-1.0,0,0,/Users/surabhilone/Desktop/Thesis/SoftwareSystems/tika/tika-parsers/tika-parsers-standard/tika-parsers-standard-modules/tika-parser-image-module/src/main/java/org/apache/tika/parser/image/ImageMetadataExtractor.java,250
tika,org.apache.tika.parser.image,ImageMetadataExtractor.CopyUnknownFieldsHandler,0,0,0,0,33,0,0,0,-1.0,0,0,/Users/surabhilone/Desktop/Thesis/SoftwareSystems/tika/tika-parsers/tika-parsers-standard/tika-parsers-standard-modules/tika-parser-image-module/src/main/java/org/apache/tika/parser/image/ImageMetadataExtractor.java,273
tika,org.apache.tika.parser.image,ImageMetadataExtractor.TiffPageNumberHandler,0,0,0,0,16,0,0,0,-1.0,0,1,/Users/surabhilone/Desktop/Thesis/SoftwareSystems/tika/tika-parsers/tika-parsers-standard/tika-parsers-standard-modules/tika-parser-image-module/src/main/java/org/apache/tika/parser/image/ImageMetadataExtractor.java,307
tika,org.apache.tika.parser.image,ImageMetadataExtractor.DimensionsHandler,1,0,0,0,24,0,0,0,-1.0,0,1,/Users/surabhilone/Desktop/Thesis/SoftwareSystems/tika/tika-parsers/tika-parsers-standard/tika-parsers-standard-modules/tika-parser-image-module/src/main/java/org/apache/tika/parser/image/ImageMetadataExtractor.java,326
tika,org.apache.tika.parser.image,ImageMetadataExtractor.JpegCommentHandler,0,0,0,0,10,0,0,0,-1.0,0,1,/Users/surabhilone/Desktop/Thesis/SoftwareSystems/tika/tika-parsers/tika-parsers-standard/tika-parsers-standard-modules/tika-parser-image-module/src/main/java/org/apache/tika/parser/image/ImageMetadataExtractor.java,367
tika,org.apache.tika.parser.image,ImageMetadataExtractor.ExifHandler,1,0,0,0,158,0,0,0,-1.0,0,2,/Users/surabhilone/Desktop/Thesis/SoftwareSystems/tika/tika-parsers/tika-parsers-standard/tika-parsers-standard-modules/tika-parser-image-module/src/main/java/org/apache/tika/parser/image/ImageMetadataExtractor.java,380
tika,org.apache.tika.parser.image,ImageMetadataExtractor.IptcHandler,0,0,0,0,29,0,0,0,-1.0,0,2,/Users/surabhilone/Desktop/Thesis/SoftwareSystems/tika/tika-parsers/tika-parsers-standard/tika-parsers-standard-modules/tika-parser-image-module/src/main/java/org/apache/tika/parser/image/ImageMetadataExtractor.java,582
tika,org.apache.tika.parser.image,ImageMetadataExtractor.GeotagHandler,0,0,0,0,20,0,0,0,-1.0,0,2,/Users/surabhilone/Desktop/Thesis/SoftwareSystems/tika/tika-parsers/tika-parsers-standard/tika-parsers-standard-modules/tika-parser-image-module/src/main/java/org/apache/tika/parser/image/ImageMetadataExtractor.java,622
tika,org.apache.tika.parser.image,ImageParser,6,0,8,1,141,31,0,2,0.625,1,6,/Users/surabhilone/Desktop/Thesis/SoftwareSystems/tika/tika-parsers/tika-parsers-standard/tika-parsers-standard-modules/tika-parser-image-module/src/main/java/org/apache/tika/parser/image/ImageParser.java,47
tika,org.apache.tika.parser.image,TiffParser,2,0,2,1,21,2,0,2,1.0,0,5,/Users/surabhilone/Desktop/Thesis/SoftwareSystems/tika/tika-parsers/tika-parsers-standard/tika-parsers-standard-modules/tika-parser-image-module/src/main/java/org/apache/tika/parser/image/TiffParser.java,35
tika,org.apache.tika.parser.image,HeifParser,1,0,2,1,9,2,0,2,1.0,0,3,/Users/surabhilone/Desktop/Thesis/SoftwareSystems/tika/tika-parsers/tika-parsers-standard/tika-parsers-standard-modules/tika-parser-image-module/src/main/java/org/apache/tika/parser/image/HeifParser.java,34
tika,org.apache.tika.parser.image,PSDParser,19,0,4,4,154,13,0,1,0.5,0,10,/Users/surabhilone/Desktop/Thesis/SoftwareSystems/tika/tika-parsers/tika-parsers-standard/tika-parsers-standard-modules/tika-parser-image-module/src/main/java/org/apache/tika/parser/image/PSDParser.java,47
tika,org.apache.tika.parser.image,PSDParser.ResourceBlock,14,0,0,0,79,0,0,0,-1.0,0,0,/Users/surabhilone/Desktop/Thesis/SoftwareSystems/tika/tika-parsers/tika-parsers-standard/tika-parsers-standard-modules/tika-parser-image-module/src/main/java/org/apache/tika/parser/image/PSDParser.java,172
tika,org.apache.tika.parser.image,JpegParser,2,0,2,1,21,2,0,2,1.0,0,5,/Users/surabhilone/Desktop/Thesis/SoftwareSystems/tika/tika-parsers/tika-parsers-standard/tika-parsers-standard-modules/tika-parser-image-module/src/main/java/org/apache/tika/parser/image/JpegParser.java,35
tika,org.apache.tika.parser.image,JXLParser,1,0,2,2,13,2,0,1,1.0,0,4,/Users/surabhilone/Desktop/Thesis/SoftwareSystems/tika/tika-parsers/tika-parsers-standard/tika-parsers-standard-modules/tika-parser-image-module/src/main/java/org/apache/tika/parser/image/JXLParser.java,34
tika,org.apache.tika.parser.image,JpegParserTest,0,0,1,1,16,1,0,0,-1.0,0,7,/Users/surabhilone/Desktop/Thesis/SoftwareSystems/tika/tika-parsers/tika-parsers-standard/tika-parsers-standard-package/src/test/java/org/apache/tika/parser/image/JpegParserTest.java,36
tika,org.apache.tika.parser.crypto,Pkcs7ParserTest,0,0,1,1,15,1,0,0,-1.0,0,2,/Users/surabhilone/Desktop/Thesis/SoftwareSystems/tika/tika-parsers/tika-parsers-standard/tika-parsers-standard-modules/tika-parser-crypto-module/src/test/java/org/apache/tika/parser/crypto/Pkcs7ParserTest.java,32
tika,org.apache.tika.parser.crypto,TSDParserTest,0,0,7,7,91,7,0,0,-1.0,0,5,/Users/surabhilone/Desktop/Thesis/SoftwareSystems/tika/tika-parsers/tika-parsers-standard/tika-parsers-standard-modules/tika-parser-crypto-module/src/test/java/org/apache/tika/parser/crypto/TSDParserTest.java,35
tika,org.apache.tika.parser.crypto,TSDParser,25,1,6,2,259,10,0,1,0.3333333333333333,1,9,/Users/surabhilone/Desktop/Thesis/SoftwareSystems/tika/tika-parsers/tika-parsers-standard/tika-parsers-standard-modules/tika-parser-crypto-module/src/main/java/org/apache/tika/parser/crypto/TSDParser.java,65
tika,org.apache.tika.parser.crypto,TSDParser.OIDNameMapper,2,0,0,0,67,0,0,0,-1.0,0,0,/Users/surabhilone/Desktop/Thesis/SoftwareSystems/tika/tika-parsers/tika-parsers-standard/tika-parsers-standard-modules/tika-parser-crypto-module/src/main/java/org/apache/tika/parser/crypto/TSDParser.java,199
tika,org.apache.tika.parser.crypto,TSDParser.TSDMetas,8,0,0,0,90,0,0,0,-1.0,0,0,/Users/surabhilone/Desktop/Thesis/SoftwareSystems/tika/tika-parsers/tika-parsers-standard/tika-parsers-standard-modules/tika-parser-crypto-module/src/main/java/org/apache/tika/parser/crypto/TSDParser.java,276
tika,org.apache.tika.parser.crypto,Pkcs7Parser,4,0,2,2,40,3,0,1,1.0,0,6,/Users/surabhilone/Desktop/Thesis/SoftwareSystems/tika/tika-parsers/tika-parsers-standard/tika-parsers-standard-modules/tika-parser-crypto-module/src/main/java/org/apache/tika/parser/crypto/Pkcs7Parser.java,40
tika,org.apache.tika.parser.crypto,TSDParserTest,0,0,2,2,17,2,0,0,-1.0,0,4,/Users/surabhilone/Desktop/Thesis/SoftwareSystems/tika/tika-parsers/tika-parsers-standard/tika-parsers-standard-package/src/test/java/org/apache/tika/parser/crypto/TSDParserTest.java,32
tika,(default package),HelloWorld,0,0,1,1,8,1,0,0,-1.0,0,0,/Users/surabhilone/Desktop/Thesis/SoftwareSystems/tika/tika-parsers/tika-parsers-standard/tika-parsers-standard-modules/tika-parser-code-module/target/test-classes/test-documents/testJAVA.java,1
tika,(default package),HelloWorld,0,0,1,1,8,1,0,0,-1.0,0,0,/Users/surabhilone/Desktop/Thesis/SoftwareSystems/tika/tika-parsers/tika-parsers-standard/tika-parsers-standard-modules/tika-parser-code-module/src/test/resources/test-documents/testJAVA.java,1
tika,org.apache.tika.parser.executable,ExecutableParserTest,0,0,4,4,40,4,0,0,-1.0,0,3,/Users/surabhilone/Desktop/Thesis/SoftwareSystems/tika/tika-parsers/tika-parsers-standard/tika-parsers-standard-modules/tika-parser-code-module/src/test/java/org/apache/tika/parser/executable/ExecutableParserTest.java,28
tika,org.apache.tika.parser.executable,UniversalExecutableParserTest,0,0,1,1,13,2,0,0,-1.0,0,1,/Users/surabhilone/Desktop/Thesis/SoftwareSystems/tika/tika-parsers/tika-parsers-standard/tika-parsers-standard-modules/tika-parser-code-module/src/test/java/org/apache/tika/parser/executable/UniversalExecutableParserTest.java,28
tika,org.apache.tika.parser.executable,UniversalExecutableParser,4,0,3,3,88,15,0,1,0.6666666666666666,0,9,/Users/surabhilone/Desktop/Thesis/SoftwareSystems/tika/tika-parsers/tika-parsers-standard/tika-parsers-standard-modules/tika-parser-code-module/src/main/java/org/apache/tika/parser/executable/UniversalExecutableParser.java,43
tika,org.apache.tika.parser.executable,ExecutableParser,20,0,5,5,314,100,0,1,0.4,1,8,/Users/surabhilone/Desktop/Thesis/SoftwareSystems/tika/tika-parsers/tika-parsers-standard/tika-parsers-standard-modules/tika-parser-code-module/src/main/java/org/apache/tika/parser/executable/ExecutableParser.java,41
tika,org.apache.tika.parser.mat,MatParserTest,0,0,2,2,33,2,0,0,-1.0,0,4,/Users/surabhilone/Desktop/Thesis/SoftwareSystems/tika/tika-parsers/tika-parsers-standard/tika-parsers-standard-modules/tika-parser-code-module/src/test/java/org/apache/tika/parser/mat/MatParserTest.java,31
tika,org.apache.tika.parser.mat,MatParser,2,1,2,2,69,10,0,1,1.0,1,6,/Users/surabhilone/Desktop/Thesis/SoftwareSystems/tika/tika-parsers/tika-parsers-standard/tika-parsers-standard-modules/tika-parser-code-module/src/main/java/org/apache/tika/parser/mat/MatParser.java,48
tika,org.apache.tika.parser.asm,ClassParserTest,0,0,2,2,20,2,0,0,-1.0,0,2,/Users/surabhilone/Desktop/Thesis/SoftwareSystems/tika/tika-parsers/tika-parsers-standard/tika-parsers-standard-modules/tika-parser-code-module/src/test/java/org/apache/tika/parser/asm/ClassParserTest.java,28
tika,org.apache.tika.parser.asm,XHTMLClassVisitor,4,0,21,11,244,39,0,0,0.3333333333333333,0,5,/Users/surabhilone/Desktop/Thesis/SoftwareSystems/tika/tika-parsers/tika-parsers-standard/tika-parsers-standard-modules/tika-parser-code-module/src/main/java/org/apache/tika/parser/asm/XHTMLClassVisitor.java,40
tika,org.apache.tika.parser.asm,ClassParser,2,0,2,2,16,2,0,1,1.0,0,3,/Users/surabhilone/Desktop/Thesis/SoftwareSystems/tika/tika-parsers/tika-parsers-standard/tika-parsers-standard-modules/tika-parser-code-module/src/main/java/org/apache/tika/parser/asm/ClassParser.java,33
tika,org.apache.tika.parser.code,SourceCodeParserTest,1,0,8,7,55,8,0,0,0.0,0,6,/Users/surabhilone/Desktop/Thesis/SoftwareSystems/tika/tika-parsers/tika-parsers-standard/tika-parsers-standard-modules/tika-parser-code-module/src/test/java/org/apache/tika/parser/code/SourceCodeParserTest.java,38
tika,org.apache.tika.parser.code,SourceCodeParser,7,0,6,4,170,11,0,2,0.5,1,8,/Users/surabhilone/Desktop/Thesis/SoftwareSystems/tika/tika-parsers/tika-parsers-standard/tika-parsers-standard-modules/tika-parser-code-module/src/main/java/org/apache/tika/parser/code/SourceCodeParser.java,59
tika,org.apache.tika.parser.code,SourceCodeParser.TikaNodeFilter,2,0,0,0,76,0,0,0,-1.0,0,0,/Users/surabhilone/Desktop/Thesis/SoftwareSystems/tika/tika-parsers/tika-parsers-standard/tika-parsers-standard-modules/tika-parser-code-module/src/main/java/org/apache/tika/parser/code/SourceCodeParser.java,163
tika,org.apache.tika.parser.code,SourceCodeParser.RuntimeSAXException,1,0,0,0,9,0,0,0,-1.0,0,0,/Users/surabhilone/Desktop/Thesis/SoftwareSystems/tika/tika-parsers/tika-parsers-standard/tika-parsers-standard-modules/tika-parser-code-module/src/main/java/org/apache/tika/parser/code/SourceCodeParser.java,246
tika,org.apache.tika.parser.sas,SAS7BDATParserTest,2,0,4,4,77,4,0,0,0.75,0,9,/Users/surabhilone/Desktop/Thesis/SoftwareSystems/tika/tika-parsers/tika-parsers-standard/tika-parsers-standard-modules/tika-parser-code-module/src/test/java/org/apache/tika/parser/sas/SAS7BDATParserTest.java,41
tika,org.apache.tika.parser.sas,SAS7BDATParser,3,0,2,2,65,8,0,1,1.0,0,11,/Users/surabhilone/Desktop/Thesis/SoftwareSystems/tika/tika-parsers/tika-parsers-standard/tika-parsers-standard-modules/tika-parser-code-module/src/main/java/org/apache/tika/parser/sas/SAS7BDATParser.java,48
tika,org.apache.tika.parser.xmp,XmpboxExtractorTest,1,0,4,4,83,4,0,0,0.0,0,6,/Users/surabhilone/Desktop/Thesis/SoftwareSystems/tika/tika-parsers/tika-parsers-standard/tika-parsers-standard-modules/tika-parser-xmp-commons/src/test/java/org/apache/tika/parser/xmp/XmpboxExtractorTest.java,39
tika,org.apache.tika.parser.xmp,JempboxExtractorTest,0,0,7,7,88,7,0,0,-1.0,0,5,/Users/surabhilone/Desktop/Thesis/SoftwareSystems/tika/tika-parsers/tika-parsers-standard/tika-parsers-standard-modules/tika-parser-xmp-commons/src/test/java/org/apache/tika/parser/xmp/JempboxExtractorTest.java,36
tika,org.apache.tika.parser.xmp,JempboxExtractor,5,0,8,6,156,29,0,0,0.0,5,8,/Users/surabhilone/Desktop/Thesis/SoftwareSystems/tika/tika-parsers/tika-parsers-standard/tika-parsers-standard-modules/tika-parser-xmp-commons/src/main/java/org/apache/tika/parser/xmp/JempboxExtractor.java,45
tika,org.apache.tika.parser.xmp,XMPPacketScanner,3,0,3,1,62,12,0,0,0.0,2,0,/Users/surabhilone/Desktop/Thesis/SoftwareSystems/tika/tika-parsers/tika-parsers-standard/tika-parsers-standard-modules/tika-parser-xmp-commons/src/main/java/org/apache/tika/parser/xmp/XMPPacketScanner.java,25
tika,org.apache.tika.parser.xmp,XMPMetadataExtractor,1,0,10,6,187,29,0,0,0.4,2,6,/Users/surabhilone/Desktop/Thesis/SoftwareSystems/tika/tika-parsers/tika-parsers-standard/tika-parsers-standard-modules/tika-parser-xmp-commons/src/main/java/org/apache/tika/parser/xmp/XMPMetadataExtractor.java,44
tika,org.apache.tika.parser.dwg,DWGParserTest,0,0,15,12,133,17,0,0,-1.0,0,6,/Users/surabhilone/Desktop/Thesis/SoftwareSystems/tika/tika-parsers/tika-parsers-standard/tika-parsers-standard-modules/tika-parser-cad-module/src/test/java/org/apache/tika/parser/dwg/DWGParserTest.java,48
tika,org.apache.tika.parser.dwg,DWGReadFormatRemoverTest,0,0,6,6,38,6,0,0,-1.0,0,1,/Users/surabhilone/Desktop/Thesis/SoftwareSystems/tika/tika-parsers/tika-parsers-standard/tika-parsers-standard-modules/tika-parser-cad-module/src/test/java/org/apache/tika/parser/dwg/DWGReadFormatRemoverTest.java,24
tika,org.apache.tika.parser.dwg,AbstractDWGParser,2,0,13,13,46,13,2,1,0.0,0,2,/Users/surabhilone/Desktop/Thesis/SoftwareSystems/tika/tika-parsers/tika-parsers-standard/tika-parsers-standard-modules/tika-parser-cad-module/src/main/java/org/apache/tika/parser/dwg/AbstractDWGParser.java,25
tika,org.apache.tika.parser.dwg,DWGReadParser,3,0,5,2,194,39,0,2,0.4,1,13,/Users/surabhilone/Desktop/Thesis/SoftwareSystems/tika/tika-parsers/tika-parsers-standard/tika-parsers-standard-modules/tika-parser-cad-module/src/main/java/org/apache/tika/parser/dwg/DWGReadParser.java,64
tika,org.apache.tika.parser.dwg,DWGParser,9,1,11,2,221,47,0,2,0.0,1,11,/Users/surabhilone/Desktop/Thesis/SoftwareSystems/tika/tika-parsers/tika-parsers-standard/tika-parsers-standard-modules/tika-parser-cad-module/src/main/java/org/apache/tika/parser/dwg/DWGParser.java,38
tika,org.apache.tika.parser.dwg,DWGParserConfig,9,0,14,14,65,16,0,0,0.42857142857142855,3,2,/Users/surabhilone/Desktop/Thesis/SoftwareSystems/tika/tika-parsers/tika-parsers-standard/tika-parsers-standard-modules/tika-parser-cad-module/src/main/java/org/apache/tika/parser/dwg/DWGParserConfig.java,35
tika,org.apache.tika.parser.dwg,JulianDateUtil,4,2,3,1,17,3,0,0,0.0,1,0,/Users/surabhilone/Desktop/Thesis/SoftwareSystems/tika/tika-parsers/tika-parsers-standard/tika-parsers-standard-modules/tika-parser-cad-module/src/main/java/org/apache/tika/parser/dwg/JulianDateUtil.java,24
tika,org.apache.tika.parser.dwg,DWGReadFormatRemover,6,0,1,1,62,11,0,0,0.0,2,0,/Users/surabhilone/Desktop/Thesis/SoftwareSystems/tika/tika-parsers/tika-parsers-standard/tika-parsers-standard-modules/tika-parser-cad-module/src/main/java/org/apache/tika/parser/dwg/DWGReadFormatRemover.java,22
tika,org.apache.tika.parser.prt,PRTParserTest,0,0,2,2,60,2,0,0,-1.0,0,3,/Users/surabhilone/Desktop/Thesis/SoftwareSystems/tika/tika-parsers/tika-parsers-standard/tika-parsers-standard-modules/tika-parser-cad-module/src/test/java/org/apache/tika/parser/prt/PRTParserTest.java,32
tika,org.apache.tika.parser.prt,PRTParser,6,1,6,2,180,27,0,1,0.3333333333333333,0,7,/Users/surabhilone/Desktop/Thesis/SoftwareSystems/tika/tika-parsers/tika-parsers-standard/tika-parsers-standard-modules/tika-parser-cad-module/src/main/java/org/apache/tika/parser/prt/PRTParser.java,40
tika,org.apache.tika.parser.prt,PRTParser.Last5,2,0,0,0,43,0,0,0,-1.0,0,0,/Users/surabhilone/Desktop/Thesis/SoftwareSystems/tika/tika-parsers/tika-parsers-standard/tika-parsers-standard-modules/tika-parser-cad-module/src/main/java/org/apache/tika/parser/prt/PRTParser.java,235
tika,org.apache.tika.parser.dgn,DGN8ParserTest,0,0,1,1,11,1,0,0,-1.0,0,3,/Users/surabhilone/Desktop/Thesis/SoftwareSystems/tika/tika-parsers/tika-parsers-standard/tika-parsers-standard-modules/tika-parser-cad-module/src/test/java/org/apache/tika/parser/dgn/DGN8ParserTest.java,30
tika,org.apache.tika.parser.dgn,DGN8Parser,1,0,2,2,48,6,0,1,1.0,0,7,/Users/surabhilone/Desktop/Thesis/SoftwareSystems/tika/tika-parsers/tika-parsers-standard/tika-parsers-standard-modules/tika-parser-cad-module/src/main/java/org/apache/tika/parser/dgn/DGN8Parser.java,40
tika,org.apache.tika.parser.html,HtmlEncodingDetectorTest,0,0,14,11,46,15,0,0,-1.0,0,1,/Users/surabhilone/Desktop/Thesis/SoftwareSystems/tika/tika-parsers/tika-parsers-standard/tika-parsers-standard-modules/tika-parser-html-module/src/test/java/org/apache/tika/parser/html/HtmlEncodingDetectorTest.java,33
tika,org.apache.tika.parser.html,StandardHtmlEncodingDetectorTest,1,0,44,38,175,46,0,0,0.11363636363636363,0,1,/Users/surabhilone/Desktop/Thesis/SoftwareSystems/tika/tika-parsers/tika-parsers-standard/tika-parsers-standard-modules/tika-parser-html-module/src/test/java/org/apache/tika/parser/html/StandardHtmlEncodingDetectorTest.java,37
tika,org.apache.tika.parser.html,HtmlParserTest,5,0,71,67,722,92,0,0,0.7464788732394366,0,18,/Users/surabhilone/Desktop/Thesis/SoftwareSystems/tika/tika-parsers/tika-parsers-standard/tika-parsers-standard-modules/tika-parser-html-module/src/test/java/org/apache/tika/parser/html/HtmlParserTest.java,85
tika,org.apache.tika.parser.html,HtmlParserTest.EncodingDetectorRunner,4,0,0,0,23,0,0,0,-1.0,0,1,/Users/surabhilone/Desktop/Thesis/SoftwareSystems/tika/tika-parsers/tika-parsers-standard/tika-parsers-standard-modules/tika-parser-html-module/src/test/java/org/apache/tika/parser/html/HtmlParserTest.java,1263
tika,org.apache.tika.parser.html,SrcDocTest,0,0,1,1,9,1,0,0,-1.0,0,1,/Users/surabhilone/Desktop/Thesis/SoftwareSystems/tika/tika-parsers/tika-parsers-standard/tika-parsers-standard-modules/tika-parser-html-module/src/test/java/org/apache/tika/parser/html/SrcDocTest.java,29
tika,org.apache.tika.parser.html,DataURISchemeParserTest,1,0,4,4,33,4,0,0,0.0,0,3,/Users/surabhilone/Desktop/Thesis/SoftwareSystems/tika/tika-parsers/tika-parsers-standard/tika-parsers-standard-modules/tika-parser-html-module/src/test/java/org/apache/tika/parser/html/DataURISchemeParserTest.java,33
tika,org.apache.tika.parser.html,XHTMLDowngradeHandler,0,0,5,5,29,7,0,1,-1.0,1,0,/Users/surabhilone/Desktop/Thesis/SoftwareSystems/tika/tika-parsers/tika-parsers-standard/tika-parsers-standard-modules/tika-parser-html-module/src/main/java/org/apache/tika/parser/html/XHTMLDowngradeHandler.java,29
tika,org.apache.tika.parser.html,HtmlEncodingDetector,6,0,4,3,92,12,0,1,0.0,1,2,/Users/surabhilone/Desktop/Thesis/SoftwareSystems/tika/tika-parsers/tika-parsers-standard/tika-parsers-standard-modules/tika-parser-html-module/src/main/java/org/apache/tika/parser/html/HtmlEncodingDetector.java,38
tika,org.apache.tika.parser.html,DataURISchemeUtil,6,1,3,2,61,10,0,0,0.0,2,3,/Users/surabhilone/Desktop/Thesis/SoftwareSystems/tika/tika-parsers/tika-parsers-standard/tika-parsers-standard-modules/tika-parser-html-module/src/main/java/org/apache/tika/parser/html/DataURISchemeUtil.java,32
tika,org.apache.tika.parser.html,DataURIScheme,3,0,6,5,40,9,0,0,0.0,3,1,/Users/surabhilone/Desktop/Thesis/SoftwareSystems/tika/tika-parsers/tika-parsers-standard/tika-parsers-standard-modules/tika-parser-html-module/src/main/java/org/apache/tika/parser/html/DataURIScheme.java,27
tika,org.apache.tika.parser.html,HtmlHandler,18,0,13,5,348,77,0,1,0.0,0,14,/Users/surabhilone/Desktop/Thesis/SoftwareSystems/tika/tika-parsers/tika-parsers-standard/tika-parsers-standard-modules/tika-parser-html-module/src/main/java/org/apache/tika/parser/html/HtmlHandler.java,53
tika,org.apache.tika.parser.html,DefaultHtmlMapper,4,1,4,3,96,5,0,1,1.0,1,1,/Users/surabhilone/Desktop/Thesis/SoftwareSystems/tika/tika-parsers/tika-parsers-standard/tika-parsers-standard-modules/tika-parser-html-module/src/main/java/org/apache/tika/parser/html/DefaultHtmlMapper.java,25
tika,org.apache.tika.parser.html,DataURISchemeParseException,0,0,1,1,5,1,0,1,-1.0,1,0,/Users/surabhilone/Desktop/Thesis/SoftwareSystems/tika/tika-parsers/tika-parsers-standard/tika-parsers-standard-modules/tika-parser-html-module/src/main/java/org/apache/tika/parser/html/DataURISchemeParseException.java,21
tika,org.apache.tika.parser.html,JSoupParser,10,1,8,7,189,14,0,2,0.5,6,9,/Users/surabhilone/Desktop/Thesis/SoftwareSystems/tika/tika-parsers/tika-parsers-standard/tika-parsers-standard-modules/tika-parser-html-module/src/main/java/org/apache/tika/parser/html/JSoupParser.java,57
tika,org.apache.tika.parser.html,JSoupParser.TikaNodeFilter,1,0,0,0,63,0,0,0,-1.0,0,0,/Users/surabhilone/Desktop/Thesis/SoftwareSystems/tika/tika-parsers/tika-parsers-standard/tika-parsers-standard-modules/tika-parser-html-module/src/main/java/org/apache/tika/parser/html/JSoupParser.java,189
tika,org.apache.tika.parser.html,JSoupParser.RuntimeSAXException,1,0,0,0,9,0,0,0,-1.0,0,0,/Users/surabhilone/Desktop/Thesis/SoftwareSystems/tika/tika-parsers/tika-parsers-standard/tika-parsers-standard-modules/tika-parser-html-module/src/main/java/org/apache/tika/parser/html/JSoupParser.java,258
tika,org.apache.tika.parser.html,HtmlMapper,0,0,3,0,25,3,2,0,-1.0,4,0,/Users/surabhilone/Desktop/Thesis/SoftwareSystems/tika/tika-parsers/tika-parsers-standard/tika-parsers-standard-modules/tika-parser-html-module/src/main/java/org/apache/tika/parser/html/HtmlMapper.java,19
tika,org.apache.tika.parser.html,IdentityHtmlMapper,1,1,3,3,16,3,0,1,1.0,1,1,/Users/surabhilone/Desktop/Thesis/SoftwareSystems/tika/tika-parsers/tika-parsers-standard/tika-parsers-standard-modules/tika-parser-html-module/src/main/java/org/apache/tika/parser/html/IdentityHtmlMapper.java,21
tika,org.apache.tika.parser.html,HtmlParserTest,0,0,2,2,26,2,0,0,-1.0,0,5,/Users/surabhilone/Desktop/Thesis/SoftwareSystems/tika/tika-parsers/tika-parsers-standard/tika-parsers-standard-package/src/test/java/org/apache/tika/parser/html/HtmlParserTest.java,35
tika,org.apache.tika.parser.html.charsetdetector,PreScanner,22,0,23,0,238,57,0,0,0.21739130434782608,2,2,/Users/surabhilone/Desktop/Thesis/SoftwareSystems/tika/tika-parsers/tika-parsers-standard/tika-parsers-standard-modules/tika-parser-html-module/src/main/java/org/apache/tika/parser/html/charsetdetector/PreScanner.java,30
tika,org.apache.tika.parser.html.charsetdetector,CharsetAliases,1,0,5,0,89,9,0,0,0.6,2,0,/Users/surabhilone/Desktop/Thesis/SoftwareSystems/tika/tika-parsers/tika-parsers-standard/tika-parsers-standard-modules/tika-parser-html-module/src/main/java/org/apache/tika/parser/html/charsetdetector/CharsetAliases.java,31
tika,org.apache.tika.parser.html.charsetdetector,StandardHtmlEncodingDetector,2,0,4,3,45,7,0,1,0.0,0,4,/Users/surabhilone/Desktop/Thesis/SoftwareSystems/tika/tika-parsers/tika-parsers-standard/tika-parsers-standard-modules/tika-parser-html-module/src/main/java/org/apache/tika/parser/html/charsetdetector/StandardHtmlEncodingDetector.java,32
tika,org.apache.tika.parser.html.charsetdetector,MetaProcessor,4,0,2,0,35,9,0,0,0.0,1,2,/Users/surabhilone/Desktop/Thesis/SoftwareSystems/tika/tika-parsers/tika-parsers-standard/tika-parsers-standard-modules/tika-parser-html-module/src/main/java/org/apache/tika/parser/html/charsetdetector/MetaProcessor.java,26
tika,org.apache.tika.parser.html.charsetdetector,CharsetDetectionResult,2,0,6,4,33,8,0,0,0.5,2,1,/Users/surabhilone/Desktop/Thesis/SoftwareSystems/tika/tika-parsers/tika-parsers-standard/tika-parsers-standard-modules/tika-parser-html-module/src/main/java/org/apache/tika/parser/html/charsetdetector/CharsetDetectionResult.java,26
tika,org.apache.tika.parser.html.charsetdetector.charsets,ReplacementCharset,1,0,6,4,31,8,0,0,0.6666666666666666,0,0,/Users/surabhilone/Desktop/Thesis/SoftwareSystems/tika/tika-parsers/tika-parsers-standard/tika-parsers-standard-modules/tika-parser-html-module/src/main/java/org/apache/tika/parser/html/charsetdetector/charsets/ReplacementCharset.java,26
tika,org.apache.tika.parser.html.charsetdetector.charsets,XUserDefinedCharset,0,0,5,4,33,11,0,0,-1.0,0,0,/Users/surabhilone/Desktop/Thesis/SoftwareSystems/tika/tika-parsers/tika-parsers-standard/tika-parsers-standard-modules/tika-parser-html-module/src/main/java/org/apache/tika/parser/html/charsetdetector/charsets/XUserDefinedCharset.java,27
tika,org.apache.tika.parser.html.charsetdetector.charsets,XUserDefinedCharset.NotImplementedException,0,0,0,0,5,0,0,0,-1.0,0,0,/Users/surabhilone/Desktop/Thesis/SoftwareSystems/tika/tika-parsers/tika-parsers-standard/tika-parsers-standard-modules/tika-parser-html-module/src/main/java/org/apache/tika/parser/html/charsetdetector/charsets/XUserDefinedCharset.java,60
tika,org.apache.tika.parser.digestutils,CommonsDigester,1,0,6,3,129,21,0,0,0.5,5,2,/Users/surabhilone/Desktop/Thesis/SoftwareSystems/tika/tika-parsers/tika-parsers-standard/tika-parsers-standard-modules/tika-parser-digest-commons/src/main/java/org/apache/tika/parser/digestutils/CommonsDigester.java,32
tika,org.apache.tika.parser.digestutils,CommonsDigester.DigestAlgorithm,1,0,0,0,11,0,0,0,-1.0,0,1,/Users/surabhilone/Desktop/Thesis/SoftwareSystems/tika/tika-parsers/tika-parsers-standard/tika-parsers-standard-modules/tika-parser-digest-commons/src/main/java/org/apache/tika/parser/digestutils/CommonsDigester.java,153
tika,org.apache.tika.parser.digestutils,CommonsDigester.HexEncoder,0,0,0,0,5,0,0,0,-1.0,0,0,/Users/surabhilone/Desktop/Thesis/SoftwareSystems/tika/tika-parsers/tika-parsers-standard/tika-parsers-standard-modules/tika-parser-digest-commons/src/main/java/org/apache/tika/parser/digestutils/CommonsDigester.java,174
tika,org.apache.tika.parser.digestutils,CommonsDigester.Base32Encoder,0,0,0,0,5,0,0,0,-1.0,0,0,/Users/surabhilone/Desktop/Thesis/SoftwareSystems/tika/tika-parsers/tika-parsers-standard/tika-parsers-standard-modules/tika-parser-digest-commons/src/main/java/org/apache/tika/parser/digestutils/CommonsDigester.java,181
tika,org.apache.tika.parser.digestutils,CommonsDigester.Base64Encoder,0,0,0,0,5,0,0,0,-1.0,0,0,/Users/surabhilone/Desktop/Thesis/SoftwareSystems/tika/tika-parsers/tika-parsers-standard/tika-parsers-standard-modules/tika-parser-digest-commons/src/main/java/org/apache/tika/parser/digestutils/CommonsDigester.java,188
tika,org.apache.tika.parser.digestutils,BouncyCastleDigester,0,0,2,1,62,6,0,0,-1.0,2,1,/Users/surabhilone/Desktop/Thesis/SoftwareSystems/tika/tika-parsers/tika-parsers-standard/tika-parsers-standard-modules/tika-parser-digest-commons/src/main/java/org/apache/tika/parser/digestutils/BouncyCastleDigester.java,31
tika,org.apache.tika.parser.digestutils,BouncyCastleDigester.HexEncoder,0,0,0,0,5,0,0,0,-1.0,0,0,/Users/surabhilone/Desktop/Thesis/SoftwareSystems/tika/tika-parsers/tika-parsers-standard/tika-parsers-standard-modules/tika-parser-digest-commons/src/main/java/org/apache/tika/parser/digestutils/BouncyCastleDigester.java,73
tika,org.apache.tika.parser.digestutils,BouncyCastleDigester.Base32Encoder,0,0,0,0,5,0,0,0,-1.0,0,0,/Users/surabhilone/Desktop/Thesis/SoftwareSystems/tika/tika-parsers/tika-parsers-standard/tika-parsers-standard-modules/tika-parser-digest-commons/src/main/java/org/apache/tika/parser/digestutils/BouncyCastleDigester.java,80
tika,org.apache.tika.parser.digestutils,BouncyCastleDigester.BCInputStreamDigester,0,0,0,0,14,0,0,0,-1.0,0,0,/Users/surabhilone/Desktop/Thesis/SoftwareSystems/tika/tika-parsers/tika-parsers-standard/tika-parsers-standard-modules/tika-parser-digest-commons/src/main/java/org/apache/tika/parser/digestutils/BouncyCastleDigester.java,87
tika,org.apache.tika.parser.digestutils,CommonsDigesterFactory,3,0,5,5,23,5,0,0,0.4,0,0,/Users/surabhilone/Desktop/Thesis/SoftwareSystems/tika/tika-parsers/tika-parsers-standard/tika-parsers-standard-modules/tika-parser-digest-commons/src/main/java/org/apache/tika/parser/digestutils/CommonsDigesterFactory.java,22
tika,org.apache.tika.parser.mail,RFC822ParserTest,2,0,25,24,344,27,0,0,0.48,1,15,/Users/surabhilone/Desktop/Thesis/SoftwareSystems/tika/tika-parsers/tika-parsers-standard/tika-parsers-standard-modules/tika-parser-mail-module/src/test/java/org/apache/tika/parser/mail/RFC822ParserTest.java,61
tika,org.apache.tika.parser.mail,RFC822Parser,4,0,4,3,76,9,0,1,0.5,1,9,/Users/surabhilone/Desktop/Thesis/SoftwareSystems/tika/tika-parsers/tika-parsers-standard/tika-parsers-standard-modules/tika-parser-mail-module/src/main/java/org/apache/tika/parser/mail/RFC822Parser.java,43
tika,org.apache.tika.parser.mail,MailContentHandler,14,0,24,13,431,92,0,0,0.3333333333333333,1,16,/Users/surabhilone/Desktop/Thesis/SoftwareSystems/tika/tika-parsers/tika-parsers-standard/tika-parsers-standard-modules/tika-parser-mail-module/src/main/java/org/apache/tika/parser/mail/MailContentHandler.java,71
tika,org.apache.tika.parser.mail,MailContentHandler.Part,2,0,0,0,10,0,0,0,-1.0,0,0,/Users/surabhilone/Desktop/Thesis/SoftwareSystems/tika/tika-parsers/tika-parsers-standard/tika-parsers-standard-modules/tika-parser-mail-module/src/main/java/org/apache/tika/parser/mail/MailContentHandler.java,578
tika,org.apache.tika.parser.mail,MailContentHandler.BodyContents,2,0,0,0,9,0,0,0,-1.0,0,1,/Users/surabhilone/Desktop/Thesis/SoftwareSystems/tika/tika-parsers/tika-parsers-standard/tika-parsers-standard-modules/tika-parser-mail-module/src/main/java/org/apache/tika/parser/mail/MailContentHandler.java,592
tika,org.apache.tika.parser.mail,MboxParserTest,4,0,2,2,24,2,0,0,0.0,0,7,/Users/surabhilone/Desktop/Thesis/SoftwareSystems/tika/tika-parsers/tika-parsers-standard/tika-parsers-standard-package/src/test/java/org/apache/tika/parser/mail/MboxParserTest.java,36
tika,org.apache.tika.parser.mail,RFC822ParserTest,2,0,5,4,80,5,0,0,0.6,0,8,/Users/surabhilone/Desktop/Thesis/SoftwareSystems/tika/tika-parsers/tika-parsers-standard/tika-parsers-standard-package/src/test/java/org/apache/tika/parser/mail/RFC822ParserTest.java,40
tika,org.apache.tika.parser.mbox,MboxParserTest,4,0,8,8,97,10,0,0,0.375,0,8,/Users/surabhilone/Desktop/Thesis/SoftwareSystems/tika/tika-parsers/tika-parsers-standard/tika-parsers-standard-modules/tika-parser-mail-module/src/test/java/org/apache/tika/parser/mbox/MboxParserTest.java,39
tika,org.apache.tika.parser.mbox,MboxParser,11,3,6,5,152,29,0,1,0.3333333333333333,2,11,/Users/surabhilone/Desktop/Thesis/SoftwareSystems/tika/tika-parsers/tika-parsers-standard/tika-parsers-standard-modules/tika-parser-mail-module/src/main/java/org/apache/tika/parser/mbox/MboxParser.java,53
tika,org.apache.tika.parser.ocr,TesseractOCRConfigTest,0,0,20,20,196,22,0,0,-1.0,0,2,/Users/surabhilone/Desktop/Thesis/SoftwareSystems/tika/tika-parsers/tika-parsers-standard/tika-parsers-standard-modules/tika-parser-ocr-module/src/test/java/org/apache/tika/parser/ocr/TesseractOCRConfigTest.java,34
tika,org.apache.tika.parser.ocr,TesseractOCRParserTest,0,0,18,15,218,26,0,0,-1.0,2,10,/Users/surabhilone/Desktop/Thesis/SoftwareSystems/tika/tika-parsers/tika-parsers-standard/tika-parsers-standard-modules/tika-parser-ocr-module/src/test/java/org/apache/tika/parser/ocr/TesseractOCRParserTest.java,55
tika,org.apache.tika.parser.ocr,TesseractOCRParser,28,10,68,52,652,131,0,2,0.029411764705882353,7,18,/Users/surabhilone/Desktop/Thesis/SoftwareSystems/tika/tika-parsers/tika-parsers-standard/tika-parsers-standard-modules/tika-parser-ocr-module/src/main/java/org/apache/tika/parser/ocr/TesseractOCRParser.java,85
tika,org.apache.tika.parser.ocr,TesseractOCRParser.HOCRPassThroughHandler,2,1,0,0,32,0,0,0,-1.0,0,0,/Users/surabhilone/Desktop/Thesis/SoftwareSystems/tika/tika-parsers/tika-parsers-standard/tika-parsers-standard-modules/tika-parser-ocr-module/src/main/java/org/apache/tika/parser/ocr/TesseractOCRParser.java,945
tika,org.apache.tika.parser.ocr,ImagePreprocessor,3,0,3,0,66,10,0,0,0.0,1,5,/Users/surabhilone/Desktop/Thesis/SoftwareSystems/tika/tika-parsers/tika-parsers-standard/tika-parsers-standard-modules/tika-parser-ocr-module/src/main/java/org/apache/tika/parser/ocr/ImagePreprocessor.java,40
tika,org.apache.tika.parser.ocr,TesseractOCRConfig,23,0,40,40,407,72,0,0,0.0,7,2,/Users/surabhilone/Desktop/Thesis/SoftwareSystems/tika/tika-parsers/tika-parsers-standard/tika-parsers-standard-modules/tika-parser-ocr-module/src/main/java/org/apache/tika/parser/ocr/TesseractOCRConfig.java,36
tika,org.apache.tika.parser.ocr,TesseractOCRConfig.OUTPUT_TYPE,0,0,0,0,1,0,0,0,-1.0,0,0,/Users/surabhilone/Desktop/Thesis/SoftwareSystems/tika/tika-parsers/tika-parsers-standard/tika-parsers-standard-modules/tika-parser-ocr-module/src/main/java/org/apache/tika/parser/ocr/TesseractOCRConfig.java,577
tika,org.apache.tika.parser.ocr,TesseractOCRParserTest,0,0,14,12,141,18,0,0,-1.0,0,16,/Users/surabhilone/Desktop/Thesis/SoftwareSystems/tika/tika-parsers/tika-parsers-standard/tika-parsers-standard-package/src/test/java/org/apache/tika/parser/ocr/TesseractOCRParserTest.java,44
tika,org.apache.tika.parser.ocr,TestOCR,0,0,7,5,58,12,0,0,-1.0,0,10,/Users/surabhilone/Desktop/Thesis/SoftwareSystems/tika/tika-parsers/tika-parsers-extended/tika-parsers-extended-integration-tests/src/test/java/org/apache/tika/parser/ocr/TestOCR.java,47
tika,org.apache.tika.parser.ocr.tess4j,ImageDeskew,11,4,7,3,105,19,0,0,0.0,1,1,/Users/surabhilone/Desktop/Thesis/SoftwareSystems/tika/tika-parsers/tika-parsers-standard/tika-parsers-standard-modules/tika-parser-ocr-module/src/main/java/org/apache/tika/parser/ocr/tess4j/ImageDeskew.java,24
tika,org.apache.tika.parser.ocr.tess4j,ImageDeskew.HoughLine,4,4,0,0,8,0,0,0,-1.0,0,0,/Users/surabhilone/Desktop/Thesis/SoftwareSystems/tika/tika-parsers/tika-parsers-standard/tika-parsers-standard-modules/tika-parser-ocr-module/src/main/java/org/apache/tika/parser/ocr/tess4j/ImageDeskew.java,142
tika,org.apache.tika.parser.ocr.tess4j,ImageUtil,1,0,4,4,74,11,0,0,0.75,1,0,/Users/surabhilone/Desktop/Thesis/SoftwareSystems/tika/tika-parsers/tika-parsers-standard/tika-parsers-standard-modules/tika-parser-ocr-module/src/main/java/org/apache/tika/parser/ocr/tess4j/ImageUtil.java,29
tika,org.apache.tika.parser.wacz,WACZParserTest,0,0,1,1,8,1,0,0,-1.0,0,1,/Users/surabhilone/Desktop/Thesis/SoftwareSystems/tika/tika-parsers/tika-parsers-standard/tika-parsers-standard-modules/tika-parser-webarchive-module/src/test/java/org/apache/tika/parser/wacz/WACZParserTest.java,28
tika,org.apache.tika.parser.wacz,WACZParser,1,0,7,2,91,18,0,1,0.2857142857142857,0,9,/Users/surabhilone/Desktop/Thesis/SoftwareSystems/tika/tika-parsers/tika-parsers-standard/tika-parsers-standard-modules/tika-parser-webarchive-module/src/main/java/org/apache/tika/parser/wacz/WACZParser.java,48
tika,org.apache.tika.parser.http,HttpParserTest,0,0,1,1,8,1,0,0,-1.0,0,2,/Users/surabhilone/Desktop/Thesis/SoftwareSystems/tika/tika-parsers/tika-parsers-standard/tika-parsers-standard-modules/tika-parser-webarchive-module/src/test/java/org/apache/tika/parser/http/HttpParserTest.java,29
tika,org.apache.tika.parser.http,HttpParser,2,0,4,2,44,7,0,1,0.5,0,7,/Users/surabhilone/Desktop/Thesis/SoftwareSystems/tika/tika-parsers/tika-parsers-standard/tika-parsers-standard-modules/tika-parser-webarchive-module/src/main/java/org/apache/tika/parser/http/HttpParser.java,44
tika,org.apache.tika.parser.warc,WARCParserTest,0,0,4,4,34,4,0,0,-1.0,0,3,/Users/surabhilone/Desktop/Thesis/SoftwareSystems/tika/tika-parsers/tika-parsers-standard/tika-parsers-standard-modules/tika-parser-webarchive-module/src/test/java/org/apache/tika/parser/warc/WARCParserTest.java,32
tika,org.apache.tika.parser.warc,WARCParser,7,4,8,2,98,21,0,1,0.25,0,12,/Users/surabhilone/Desktop/Thesis/SoftwareSystems/tika/tika-parsers/tika-parsers-standard/tika-parsers-standard-modules/tika-parser-webarchive-module/src/main/java/org/apache/tika/parser/warc/WARCParser.java,52
tika,org.apache.tika.detect.zip,FrictionlessDataDetectionTest,0,0,1,1,9,1,0,0,-1.0,0,1,/Users/surabhilone/Desktop/Thesis/SoftwareSystems/tika/tika-parsers/tika-parsers-standard/tika-parsers-standard-modules/tika-parser-zip-commons/src/test/java/org/apache/tika/detect/zip/FrictionlessDataDetectionTest.java,29
tika,org.apache.tika.detect.zip,ZipDetectionTest,0,0,7,3,69,8,0,0,-1.0,0,6,/Users/surabhilone/Desktop/Thesis/SoftwareSystems/tika/tika-parsers/tika-parsers-standard/tika-parsers-standard-modules/tika-parser-zip-commons/src/test/java/org/apache/tika/detect/zip/ZipDetectionTest.java,37
tika,org.apache.tika.detect.zip,OpenDocumentDetector,1,0,3,3,34,6,0,1,1.0,0,5,/Users/surabhilone/Desktop/Thesis/SoftwareSystems/tika/tika-parsers/tika-parsers-standard/tika-parsers-standard-modules/tika-parser-zip-commons/src/main/java/org/apache/tika/detect/zip/OpenDocumentDetector.java,33
tika,org.apache.tika.detect.zip,StreamingDetectContext,2,0,4,4,49,6,0,0,0.0,10,0,/Users/surabhilone/Desktop/Thesis/SoftwareSystems/tika/tika-parsers/tika-parsers-standard/tika-parsers-standard-modules/tika-parser-zip-commons/src/main/java/org/apache/tika/detect/zip/StreamingDetectContext.java,22
tika,org.apache.tika.detect.zip,CompressorConstants,16,16,1,1,65,15,0,0,0.0,2,1,/Users/surabhilone/Desktop/Thesis/SoftwareSystems/tika/tika-parsers/tika-parsers-standard/tika-parsers-standard-modules/tika-parser-zip-commons/src/main/java/org/apache/tika/detect/zip/CompressorConstants.java,23
tika,org.apache.tika.detect.zip,PackageConstants,11,11,1,1,42,9,0,0,0.0,2,1,/Users/surabhilone/Desktop/Thesis/SoftwareSystems/tika/tika-parsers/tika-parsers-standard/tika-parsers-standard-modules/tika-parser-zip-commons/src/main/java/org/apache/tika/detect/zip/PackageConstants.java,23
tika,org.apache.tika.detect.zip,DeprecatedStreamingZipContainerDetector,2,0,1,1,11,1,0,1,0.0,1,2,/Users/surabhilone/Desktop/Thesis/SoftwareSystems/tika/tika-parsers/tika-parsers-standard/tika-parsers-standard-modules/tika-parser-zip-commons/src/main/java/org/apache/tika/detect/zip/DeprecatedStreamingZipContainerDetector.java,25
tika,org.apache.tika.detect.zip,StreamingZipContainerDetector,1,0,4,4,51,8,0,2,1.0,1,7,/Users/surabhilone/Desktop/Thesis/SoftwareSystems/tika/tika-parsers/tika-parsers-standard/tika-parsers-standard-modules/tika-parser-zip-commons/src/main/java/org/apache/tika/detect/zip/StreamingZipContainerDetector.java,32
tika,org.apache.tika.detect.zip,ZipContainerDetectorBase,2,0,3,0,64,14,1,0,1.0,0,1,/Users/surabhilone/Desktop/Thesis/SoftwareSystems/tika/tika-parsers/tika-parsers-standard/tika-parsers-standard-modules/tika-parser-zip-commons/src/main/java/org/apache/tika/detect/zip/ZipContainerDetectorBase.java,25
tika,org.apache.tika.detect.zip,ZipContainerDetector,0,0,3,0,24,3,8,0,-1.0,0,3,/Users/surabhilone/Desktop/Thesis/SoftwareSystems/tika/tika-parsers/tika-parsers-standard/tika-parsers-standard-modules/tika-parser-zip-commons/src/main/java/org/apache/tika/detect/zip/ZipContainerDetector.java,29
tika,org.apache.tika.detect.zip,FrictionlessPackageDetector,3,0,5,3,73,18,0,1,0.0,0,3,/Users/surabhilone/Desktop/Thesis/SoftwareSystems/tika/tika-parsers/tika-parsers-standard/tika-parsers-standard-modules/tika-parser-zip-commons/src/main/java/org/apache/tika/detect/zip/FrictionlessPackageDetector.java,31
tika,org.apache.tika.detect.zip,FrictionlessPackageDetector.PARTS,0,0,0,0,1,0,0,0,-1.0,0,0,/Users/surabhilone/Desktop/Thesis/SoftwareSystems/tika/tika-parsers/tika-parsers-standard/tika-parsers-standard-modules/tika-parser-zip-commons/src/main/java/org/apache/tika/detect/zip/FrictionlessPackageDetector.java,36
tika,org.apache.tika.detect.zip,FrictionlessPackageDetector.Counter,1,0,0,0,6,0,0,0,-1.0,0,0,/Users/surabhilone/Desktop/Thesis/SoftwareSystems/tika/tika-parsers/tika-parsers-standard/tika-parsers-standard-modules/tika-parser-zip-commons/src/main/java/org/apache/tika/detect/zip/FrictionlessPackageDetector.java,114
tika,org.apache.tika.detect.zip,DefaultZipContainerDetector,7,0,19,6,288,52,1,1,0.10526315789473684,5,10,/Users/surabhilone/Desktop/Thesis/SoftwareSystems/tika/tika-parsers/tika-parsers-standard/tika-parsers-standard-modules/tika-parser-zip-commons/src/main/java/org/apache/tika/detect/zip/DefaultZipContainerDetector.java,50
tika,org.apache.tika.detect.zip,DeprecatedZipContainerDetector,0,0,0,0,5,0,0,0,-1.0,0,0,/Users/surabhilone/Desktop/Thesis/SoftwareSystems/tika/tika-parsers/tika-parsers-standard/tika-parsers-standard-modules/tika-parser-zip-commons/src/main/java/org/apache/tika/detect/zip/DeprecatedZipContainerDetector.java,21
tika,org.apache.tika.detect.zip,StarOfficeDetector,4,0,4,3,71,6,0,1,0.5,0,7,/Users/surabhilone/Desktop/Thesis/SoftwareSystems/tika/tika-parsers/tika-parsers-standard/tika-parsers-standard-modules/tika-parser-zip-commons/src/main/java/org/apache/tika/detect/zip/StarOfficeDetector.java,39
tika,org.apache.tika.detect.zip,StarOfficeDetector.StarOfficeXHandler,1,0,0,0,27,0,0,0,-1.0,0,2,/Users/surabhilone/Desktop/Thesis/SoftwareSystems/tika/tika-parsers/tika-parsers-standard/tika-parsers-standard-modules/tika-parser-zip-commons/src/main/java/org/apache/tika/detect/zip/StarOfficeDetector.java,107
tika,org.apache.tika.detect.zip,IPADetector,4,0,3,3,58,9,0,1,0.0,0,3,/Users/surabhilone/Desktop/Thesis/SoftwareSystems/tika/tika-parsers/tika-parsers-standard/tika-parsers-standard-modules/tika-parser-zip-commons/src/main/java/org/apache/tika/detect/zip/IPADetector.java,32
tika,org.apache.tika.detect.zip,IPADetector.TmpPatterns,1,0,0,0,3,0,0,0,-1.0,0,0,/Users/surabhilone/Desktop/Thesis/SoftwareSystems/tika/tika-parsers/tika-parsers-standard/tika-parsers-standard-modules/tika-parser-zip-commons/src/main/java/org/apache/tika/detect/zip/IPADetector.java,106
tika,org.apache.tika.detect.zip,JarDetector,1,0,3,3,53,15,0,1,1.0,0,3,/Users/surabhilone/Desktop/Thesis/SoftwareSystems/tika/tika-parsers/tika-parsers-standard/tika-parsers-standard-modules/tika-parser-zip-commons/src/main/java/org/apache/tika/detect/zip/JarDetector.java,28
tika,org.apache.tika.detect.zip,JarDetector.SeenManifest,0,0,0,0,2,0,0,0,-1.0,0,0,/Users/surabhilone/Desktop/Thesis/SoftwareSystems/tika/tika-parsers/tika-parsers-standard/tika-parsers-standard-modules/tika-parser-zip-commons/src/main/java/org/apache/tika/detect/zip/JarDetector.java,101
tika,org.apache.tika.detect.zip,KMZDetector,1,0,3,3,57,13,0,1,1.0,0,3,/Users/surabhilone/Desktop/Thesis/SoftwareSystems/tika/tika-parsers/tika-parsers-standard/tika-parsers-standard-modules/tika-parser-zip-commons/src/main/java/org/apache/tika/detect/zip/KMZDetector.java,32
tika,org.apache.tika.detect.zip,KMZDetector.KMLCounter,1,0,0,0,9,0,0,0,-1.0,0,0,/Users/surabhilone/Desktop/Thesis/SoftwareSystems/tika/tika-parsers/tika-parsers-standard/tika-parsers-standard-modules/tika-parser-zip-commons/src/main/java/org/apache/tika/detect/zip/KMZDetector.java,93
tika,org.apache.tika.zip.utils,ZipSalvager,1,0,3,2,72,9,0,0,0.0,2,1,/Users/surabhilone/Desktop/Thesis/SoftwareSystems/tika/tika-parsers/tika-parsers-standard/tika-parsers-standard-modules/tika-parser-zip-commons/src/main/java/org/apache/tika/zip/utils/ZipSalvager.java,37
tika,org.apache.tika.parser.font,FontParsersTest,0,0,2,2,48,2,0,0,-1.0,0,5,/Users/surabhilone/Desktop/Thesis/SoftwareSystems/tika/tika-parsers/tika-parsers-standard/tika-parsers-standard-modules/tika-parser-font-module/src/test/java/org/apache/tika/parser/font/FontParsersTest.java,38
tika,org.apache.tika.parser.font,AdobeFontMetricParser,14,0,5,2,78,12,0,1,0.4,1,7,/Users/surabhilone/Desktop/Thesis/SoftwareSystems/tika/tika-parsers/tika-parsers-standard/tika-parsers-standard-modules/tika-parser-font-module/src/main/java/org/apache/tika/parser/font/AdobeFontMetricParser.java,40
tika,org.apache.tika.parser.font,TrueTypeParser,3,0,2,2,65,11,0,1,1.0,0,8,/Users/surabhilone/Desktop/Thesis/SoftwareSystems/tika/tika-parsers/tika-parsers-standard/tika-parsers-standard-modules/tika-parser-font-module/src/main/java/org/apache/tika/parser/font/TrueTypeParser.java,44
tika,org.apache.tika.parser.strings,Latin1StringsParserTest,0,0,1,1,28,1,0,0,-1.0,0,3,/Users/surabhilone/Desktop/Thesis/SoftwareSystems/tika/tika-parsers/tika-parsers-standard/tika-parsers-standard-modules/tika-parser-text-module/src/test/java/org/apache/tika/parser/strings/Latin1StringsParserTest.java,36
tika,org.apache.tika.parser.strings,StringsConfigTest,0,0,4,4,35,4,0,0,-1.0,0,4,/Users/surabhilone/Desktop/Thesis/SoftwareSystems/tika/tika-parsers/tika-parsers-standard/tika-parsers-standard-modules/tika-parser-text-module/src/test/java/org/apache/tika/parser/strings/StringsConfigTest.java,29
tika,org.apache.tika.parser.strings,StringsParserTest,0,0,2,2,29,3,0,0,-1.0,0,6,/Users/surabhilone/Desktop/Thesis/SoftwareSystems/tika/tika-parsers/tika-parsers-standard/tika-parsers-standard-modules/tika-parser-text-module/src/test/java/org/apache/tika/parser/strings/StringsParserTest.java,37
tika,org.apache.tika.parser.strings,StringsConfig,5,0,6,6,61,8,0,0,0.5,3,1,/Users/surabhilone/Desktop/Thesis/SoftwareSystems/tika/tika-parsers/tika-parsers-standard/tika-parsers-standard-modules/tika-parser-text-module/src/main/java/org/apache/tika/parser/strings/StringsConfig.java,21
tika,org.apache.tika.parser.strings,Latin1StringsParser,12,0,9,4,201,29,0,1,0.4444444444444444,1,4,/Users/surabhilone/Desktop/Thesis/SoftwareSystems/tika/tika-parsers/tika-parsers-standard/tika-parsers-standard-modules/tika-parser-text-module/src/main/java/org/apache/tika/parser/strings/Latin1StringsParser.java,34
tika,org.apache.tika.parser.strings,StringsEncoding,2,0,3,2,16,3,0,0,0.0,3,0,/Users/surabhilone/Desktop/Thesis/SoftwareSystems/tika/tika-parsers/tika-parsers-standard/tika-parsers-standard-modules/tika-parser-text-module/src/main/java/org/apache/tika/parser/strings/StringsEncoding.java,19
tika,org.apache.tika.parser.strings,StringsParser,8,0,17,13,168,24,0,1,0.17647058823529413,2,14,/Users/surabhilone/Desktop/Thesis/SoftwareSystems/tika/tika-parsers/tika-parsers-standard/tika-parsers-standard-modules/tika-parser-text-module/src/main/java/org/apache/tika/parser/strings/StringsParser.java,55
tika,org.apache.tika.parser.txt,BOMDetectorTest,0,0,3,2,41,7,0,0,-1.0,0,2,/Users/surabhilone/Desktop/Thesis/SoftwareSystems/tika/tika-parsers/tika-parsers-standard/tika-parsers-standard-modules/tika-parser-text-module/src/test/java/org/apache/tika/parser/txt/BOMDetectorTest.java,37
tika,org.apache.tika.parser.txt,TXTParserTest,1,0,14,13,147,14,0,0,0.21428571428571427,0,5,/Users/surabhilone/Desktop/Thesis/SoftwareSystems/tika/tika-parsers/tika-parsers-standard/tika-parsers-standard-modules/tika-parser-text-module/src/test/java/org/apache/tika/parser/txt/TXTParserTest.java,39
tika,org.apache.tika.parser.txt,CharsetDetectorTest,0,0,7,7,77,11,0,0,-1.0,0,6,/Users/surabhilone/Desktop/Thesis/SoftwareSystems/tika/tika-parsers/tika-parsers-standard/tika-parsers-standard-modules/tika-parser-text-module/src/test/java/org/apache/tika/parser/txt/CharsetDetectorTest.java,37
tika,org.apache.tika.parser.txt,UniversalEncodingListener,6,0,6,5,57,13,0,0,0.0,1,4,/Users/surabhilone/Desktop/Thesis/SoftwareSystems/tika/tika-parsers/tika-parsers-standard/tika-parsers-standard-modules/tika-parser-text-module/src/main/java/org/apache/tika/parser/txt/UniversalEncodingListener.java,30
tika,org.apache.tika.parser.txt,CharsetRecog_2022,3,0,1,0,83,11,3,1,0.0,1,0,/Users/surabhilone/Desktop/Thesis/SoftwareSystems/tika/tika-parsers/tika-parsers-standard/tika-parsers-standard-modules/tika-parser-text-module/src/main/java/org/apache/tika/parser/txt/CharsetRecog_2022.java,11
tika,org.apache.tika.parser.txt,CharsetRecog_2022.CharsetRecog_2022JP,1,0,0,0,10,0,0,2,-1.0,0,0,/Users/surabhilone/Desktop/Thesis/SoftwareSystems/tika/tika-parsers/tika-parsers-standard/tika-parsers-standard-modules/tika-parser-text-module/src/main/java/org/apache/tika/parser/txt/CharsetRecog_2022.java,97
tika,org.apache.tika.parser.txt,CharsetRecog_2022.CharsetRecog_2022KR,1,0,0,0,10,0,0,2,-1.0,0,0,/Users/surabhilone/Desktop/Thesis/SoftwareSystems/tika/tika-parsers/tika-parsers-standard/tika-parsers-standard-modules/tika-parser-text-module/src/main/java/org/apache/tika/parser/txt/CharsetRecog_2022.java,122
tika,org.apache.tika.parser.txt,CharsetRecog_2022.CharsetRecog_2022CN,1,0,0,0,10,0,0,2,-1.0,0,0,/Users/surabhilone/Desktop/Thesis/SoftwareSystems/tika/tika-parsers/tika-parsers-standard/tika-parsers-standard-modules/tika-parser-text-module/src/main/java/org/apache/tika/parser/txt/CharsetRecog_2022.java,135
tika,org.apache.tika.parser.txt,CharsetDetector,16,0,17,14,363,50,0,0,0.11764705882352941,9,6,/Users/surabhilone/Desktop/Thesis/SoftwareSystems/tika/tika-parsers/tika-parsers-standard/tika-parsers-standard-modules/tika-parser-text-module/src/main/java/org/apache/tika/parser/txt/CharsetDetector.java,23
tika,org.apache.tika.parser.txt,CharsetDetector.CSRecognizerInfo,2,0,0,0,8,0,0,0,-1.0,0,1,/Users/surabhilone/Desktop/Thesis/SoftwareSystems/tika/tika-parsers/tika-parsers-standard/tika-parsers-standard-modules/tika-parser-text-module/src/main/java/org/apache/tika/parser/txt/CharsetDetector.java,595
tika,org.apache.tika.parser.txt,TXTParser,2,0,4,4,45,7,0,2,1.0,0,7,/Users/surabhilone/Desktop/Thesis/SoftwareSystems/tika/tika-parsers/tika-parsers-standard/tika-parsers-standard-modules/tika-parser-text-module/src/main/java/org/apache/tika/parser/txt/TXTParser.java,38
tika,org.apache.tika.parser.txt,CharsetMatch,6,0,13,11,174,23,0,0,0.0,6,2,/Users/surabhilone/Desktop/Thesis/SoftwareSystems/tika/tika-parsers/tika-parsers-standard/tika-parsers-standard-modules/tika-parser-text-module/src/main/java/org/apache/tika/parser/txt/CharsetMatch.java,18
tika,org.apache.tika.parser.txt,Icu4jEncodingDetector,3,0,8,8,72,15,0,1,0.25,1,4,/Users/surabhilone/Desktop/Thesis/SoftwareSystems/tika/tika-parsers/tika-parsers-standard/tika-parsers-standard-modules/tika-parser-text-module/src/main/java/org/apache/tika/parser/txt/Icu4jEncodingDetector.java,34
tika,org.apache.tika.parser.txt,CharsetRecog_UTF8,0,0,2,0,74,18,0,1,-1.0,0,2,/Users/surabhilone/Desktop/Thesis/SoftwareSystems/tika/tika-parsers/tika-parsers-standard/tika-parsers-standard-modules/tika-parser-text-module/src/main/java/org/apache/tika/parser/txt/CharsetRecog_UTF8.java,11
tika,org.apache.tika.parser.txt,BOMDetector,4,0,2,1,52,9,0,1,0.0,1,1,/Users/surabhilone/Desktop/Thesis/SoftwareSystems/tika/tika-parsers/tika-parsers-standard/tika-parsers-standard-modules/tika-parser-text-module/src/main/java/org/apache/tika/parser/txt/BOMDetector.java,30
tika,org.apache.tika.parser.txt,CharsetRecog_Unicode,0,0,4,0,140,8,3,1,-1.0,1,2,/Users/surabhilone/Desktop/Thesis/SoftwareSystems/tika/tika-parsers/tika-parsers-standard/tika-parsers-standard-modules/tika-parser-text-module/src/main/java/org/apache/tika/parser/txt/CharsetRecog_Unicode.java,13
tika,org.apache.tika.parser.txt,CharsetRecog_Unicode.CharsetRecog_UTF_16_BE,0,0,0,0,28,0,0,2,-1.0,0,0,/Users/surabhilone/Desktop/Thesis/SoftwareSystems/tika/tika-parsers/tika-parsers-standard/tika-parsers-standard-modules/tika-parser-text-module/src/main/java/org/apache/tika/parser/txt/CharsetRecog_Unicode.java,52
tika,org.apache.tika.parser.txt,CharsetRecog_Unicode.CharsetRecog_UTF_16_LE,0,0,0,0,28,0,0,2,-1.0,0,0,/Users/surabhilone/Desktop/Thesis/SoftwareSystems/tika/tika-parsers/tika-parsers-standard/tika-parsers-standard-modules/tika-parser-text-module/src/main/java/org/apache/tika/parser/txt/CharsetRecog_Unicode.java,83
tika,org.apache.tika.parser.txt,CharsetRecog_Unicode.CharsetRecog_UTF_32,0,0,0,0,43,0,0,2,-1.0,0,0,/Users/surabhilone/Desktop/Thesis/SoftwareSystems/tika/tika-parsers/tika-parsers-standard/tika-parsers-standard-modules/tika-parser-text-module/src/main/java/org/apache/tika/parser/txt/CharsetRecog_Unicode.java,114
tika,org.apache.tika.parser.txt,CharsetRecog_Unicode.CharsetRecog_UTF_32_BE,0,0,0,0,8,0,0,0,-1.0,0,0,/Users/surabhilone/Desktop/Thesis/SoftwareSystems/tika/tika-parsers/tika-parsers-standard/tika-parsers-standard-modules/tika-parser-text-module/src/main/java/org/apache/tika/parser/txt/CharsetRecog_Unicode.java,164
tika,org.apache.tika.parser.txt,CharsetRecog_Unicode.CharsetRecog_UTF_32_LE,0,0,0,0,8,0,0,0,-1.0,0,0,/Users/surabhilone/Desktop/Thesis/SoftwareSystems/tika/tika-parsers/tika-parsers-standard/tika-parsers-standard-modules/tika-parser-text-module/src/main/java/org/apache/tika/parser/txt/CharsetRecog_Unicode.java,176
tika,org.apache.tika.parser.txt,CharsetRecog_mbcs,9,0,3,0,301,14,4,1,0.6666666666666666,1,1,/Users/surabhilone/Desktop/Thesis/SoftwareSystems/tika/tika-parsers/tika-parsers-standard/tika-parsers-standard-modules/tika-parser-text-module/src/main/java/org/apache/tika/parser/txt/CharsetRecog_mbcs.java,14
tika,org.apache.tika.parser.txt,CharsetRecog_mbcs.iteratedChar,4,0,0,0,19,0,0,0,-1.0,0,0,/Users/surabhilone/Desktop/Thesis/SoftwareSystems/tika/tika-parsers/tika-parsers-standard/tika-parsers-standard-modules/tika-parser-text-module/src/main/java/org/apache/tika/parser/txt/CharsetRecog_mbcs.java,158
tika,org.apache.tika.parser.txt,CharsetRecog_mbcs.CharsetRecog_sjis,1,0,0,0,36,0,0,2,-1.0,0,0,/Users/surabhilone/Desktop/Thesis/SoftwareSystems/tika/tika-parsers/tika-parsers-standard/tika-parsers-standard-modules/tika-parser-text-module/src/main/java/org/apache/tika/parser/txt/CharsetRecog_mbcs.java,180
tika,org.apache.tika.parser.txt,CharsetRecog_mbcs.CharsetRecog_big5,1,0,0,0,36,0,0,2,-1.0,0,0,/Users/surabhilone/Desktop/Thesis/SoftwareSystems/tika/tika-parsers/tika-parsers-standard/tika-parsers-standard-modules/tika-parser-text-module/src/main/java/org/apache/tika/parser/txt/CharsetRecog_mbcs.java,238
tika,org.apache.tika.parser.txt,CharsetRecog_mbcs.CharsetRecog_euc,2,0,0,0,75,0,0,2,-1.0,0,0,/Users/surabhilone/Desktop/Thesis/SoftwareSystems/tika/tika-parsers/tika-parsers-standard/tika-parsers-standard-modules/tika-parser-text-module/src/main/java/org/apache/tika/parser/txt/CharsetRecog_mbcs.java,299
tika,org.apache.tika.parser.txt,CharsetRecog_mbcs.CharsetRecog_euc_jp,1,0,0,0,16,0,0,0,-1.0,0,0,/Users/surabhilone/Desktop/Thesis/SoftwareSystems/tika/tika-parsers/tika-parsers-standard/tika-parsers-standard-modules/tika-parser-text-module/src/main/java/org/apache/tika/parser/txt/CharsetRecog_mbcs.java,370
tika,org.apache.tika.parser.txt,CharsetRecog_mbcs.CharsetRecog_euc_kr,1,0,0,0,16,0,0,0,-1.0,0,0,/Users/surabhilone/Desktop/Thesis/SoftwareSystems/tika/tika-parsers/tika-parsers-standard/tika-parsers-standard-modules/tika-parser-text-module/src/main/java/org/apache/tika/parser/txt/CharsetRecog_mbcs.java,405
tika,org.apache.tika.parser.txt,CharsetRecog_mbcs.CharsetRecog_gb_18030,1,0,0,0,53,0,0,2,-1.0,0,0,/Users/surabhilone/Desktop/Thesis/SoftwareSystems/tika/tika-parsers/tika-parsers-standard/tika-parsers-standard-modules/tika-parser-text-module/src/main/java/org/apache/tika/parser/txt/CharsetRecog_mbcs.java,441
tika,org.apache.tika.parser.txt,CharsetRecog_sbcs,43,0,4,0,493,4,14,1,0.5,1,1,/Users/surabhilone/Desktop/Thesis/SoftwareSystems/tika/tika-parsers/tika-parsers-standard/tika-parsers-standard-modules/tika-parser-text-module/src/main/java/org/apache/tika/parser/txt/CharsetRecog_sbcs.java,13
tika,org.apache.tika.parser.txt,CharsetRecog_sbcs.NGramParser,8,0,0,0,86,0,0,0,-1.0,0,0,/Users/surabhilone/Desktop/Thesis/SoftwareSystems/tika/tika-parsers/tika-parsers-standard/tika-parsers-standard-modules/tika-parser-text-module/src/main/java/org/apache/tika/parser/txt/CharsetRecog_sbcs.java,54
tika,org.apache.tika.parser.txt,CharsetRecog_sbcs.NGramParser_IBM420,2,0,0,0,58,0,0,0,-1.0,0,0,/Users/surabhilone/Desktop/Thesis/SoftwareSystems/tika/tika-parsers/tika-parsers-standard/tika-parsers-standard-modules/tika-parser-text-module/src/main/java/org/apache/tika/parser/txt/CharsetRecog_sbcs.java,186
tika,org.apache.tika.parser.txt,CharsetRecog_sbcs.NGramsPlusLang,2,0,0,0,8,0,0,0,-1.0,0,0,/Users/surabhilone/Desktop/Thesis/SoftwareSystems/tika/tika-parsers/tika-parsers-standard/tika-parsers-standard-modules/tika-parser-text-module/src/main/java/org/apache/tika/parser/txt/CharsetRecog_sbcs.java,315
tika,org.apache.tika.parser.txt,CharsetRecog_sbcs.CharsetRecog_8859_1,2,0,0,0,20,0,0,2,-1.0,0,0,/Users/surabhilone/Desktop/Thesis/SoftwareSystems/tika/tika-parsers/tika-parsers-standard/tika-parsers-standard-modules/tika-parser-text-module/src/main/java/org/apache/tika/parser/txt/CharsetRecog_sbcs.java,325
tika,org.apache.tika.parser.txt,CharsetRecog_sbcs.CharsetRecog_8859_2,2,0,0,0,20,0,0,2,-1.0,0,0,/Users/surabhilone/Desktop/Thesis/SoftwareSystems/tika/tika-parsers/tika-parsers-standard/tika-parsers-standard-modules/tika-parser-text-module/src/main/java/org/apache/tika/parser/txt/CharsetRecog_sbcs.java,538
tika,org.apache.tika.parser.txt,CharsetRecog_sbcs.CharsetRecog_8859_5,1,0,0,0,6,0,0,2,-1.0,0,0,/Users/surabhilone/Desktop/Thesis/SoftwareSystems/tika/tika-parsers/tika-parsers-standard/tika-parsers-standard-modules/tika-parser-text-module/src/main/java/org/apache/tika/parser/txt/CharsetRecog_sbcs.java,664
tika,org.apache.tika.parser.txt,CharsetRecog_sbcs.CharsetRecog_8859_5_ru,1,0,0,0,10,0,0,0,-1.0,0,0,/Users/surabhilone/Desktop/Thesis/SoftwareSystems/tika/tika-parsers/tika-parsers-standard/tika-parsers-standard-modules/tika-parser-text-module/src/main/java/org/apache/tika/parser/txt/CharsetRecog_sbcs.java,723
tika,org.apache.tika.parser.txt,CharsetRecog_sbcs.CharsetRecog_8859_6,1,0,0,0,6,0,0,2,-1.0,0,0,/Users/surabhilone/Desktop/Thesis/SoftwareSystems/tika/tika-parsers/tika-parsers-standard/tika-parsers-standard-modules/tika-parser-text-module/src/main/java/org/apache/tika/parser/txt/CharsetRecog_sbcs.java,745
tika,org.apache.tika.parser.txt,CharsetRecog_sbcs.CharsetRecog_8859_6_ar,1,0,0,0,10,0,0,0,-1.0,0,0,/Users/surabhilone/Desktop/Thesis/SoftwareSystems/tika/tika-parsers/tika-parsers-standard/tika-parsers-standard-modules/tika-parser-text-module/src/main/java/org/apache/tika/parser/txt/CharsetRecog_sbcs.java,804
tika,org.apache.tika.parser.txt,CharsetRecog_sbcs.CharsetRecog_8859_7,1,0,0,0,6,0,0,2,-1.0,0,0,/Users/surabhilone/Desktop/Thesis/SoftwareSystems/tika/tika-parsers/tika-parsers-standard/tika-parsers-standard-modules/tika-parser-text-module/src/main/java/org/apache/tika/parser/txt/CharsetRecog_sbcs.java,826
tika,org.apache.tika.parser.txt,CharsetRecog_sbcs.CharsetRecog_8859_7_el,1,0,0,0,11,0,0,0,-1.0,0,0,/Users/surabhilone/Desktop/Thesis/SoftwareSystems/tika/tika-parsers/tika-parsers-standard/tika-parsers-standard-modules/tika-parser-text-module/src/main/java/org/apache/tika/parser/txt/CharsetRecog_sbcs.java,885
tika,org.apache.tika.parser.txt,CharsetRecog_sbcs.CharsetRecog_8859_8,1,0,0,0,6,0,0,2,-1.0,0,0,/Users/surabhilone/Desktop/Thesis/SoftwareSystems/tika/tika-parsers/tika-parsers-standard/tika-parsers-standard-modules/tika-parser-text-module/src/main/java/org/apache/tika/parser/txt/CharsetRecog_sbcs.java,908
tika,org.apache.tika.parser.txt,CharsetRecog_sbcs.CharsetRecog_8859_8_I_he,1,0,0,0,14,0,0,0,-1.0,0,0,/Users/surabhilone/Desktop/Thesis/SoftwareSystems/tika/tika-parsers/tika-parsers-standard/tika-parsers-standard-modules/tika-parser-text-module/src/main/java/org/apache/tika/parser/txt/CharsetRecog_sbcs.java,967
tika,org.apache.tika.parser.txt,CharsetRecog_sbcs.CharsetRecog_8859_8_he,1,0,0,0,11,0,0,0,-1.0,0,0,/Users/surabhilone/Desktop/Thesis/SoftwareSystems/tika/tika-parsers/tika-parsers-standard/tika-parsers-standard-modules/tika-parser-text-module/src/main/java/org/apache/tika/parser/txt/CharsetRecog_sbcs.java,994
tika,org.apache.tika.parser.txt,CharsetRecog_sbcs.CharsetRecog_8859_9,1,0,0,0,6,0,0,2,-1.0,0,0,/Users/surabhilone/Desktop/Thesis/SoftwareSystems/tika/tika-parsers/tika-parsers-standard/tika-parsers-standard-modules/tika-parser-text-module/src/main/java/org/apache/tika/parser/txt/CharsetRecog_sbcs.java,1018
tika,org.apache.tika.parser.txt,CharsetRecog_sbcs.CharsetRecog_8859_9_tr,1,0,0,0,11,0,0,0,-1.0,0,0,/Users/surabhilone/Desktop/Thesis/SoftwareSystems/tika/tika-parsers/tika-parsers-standard/tika-parsers-standard-modules/tika-parser-text-module/src/main/java/org/apache/tika/parser/txt/CharsetRecog_sbcs.java,1077
tika,org.apache.tika.parser.txt,CharsetRecog_sbcs.CharsetRecog_windows_1251,2,0,0,0,14,0,0,2,-1.0,0,0,/Users/surabhilone/Desktop/Thesis/SoftwareSystems/tika/tika-parsers/tika-parsers-standard/tika-parsers-standard-modules/tika-parser-text-module/src/main/java/org/apache/tika/parser/txt/CharsetRecog_sbcs.java,1100
tika,org.apache.tika.parser.txt,CharsetRecog_sbcs.CharsetRecog_IBM866_ru,2,0,0,0,14,0,0,2,-1.0,0,0,/Users/surabhilone/Desktop/Thesis/SoftwareSystems/tika/tika-parsers/tika-parsers-standard/tika-parsers-standard-modules/tika-parser-text-module/src/main/java/org/apache/tika/parser/txt/CharsetRecog_sbcs.java,1180
tika,org.apache.tika.parser.txt,CharsetRecog_sbcs.CharsetRecog_windows_1256,2,0,0,0,14,0,0,2,-1.0,0,0,/Users/surabhilone/Desktop/Thesis/SoftwareSystems/tika/tika-parsers/tika-parsers-standard/tika-parsers-standard-modules/tika-parser-text-module/src/main/java/org/apache/tika/parser/txt/CharsetRecog_sbcs.java,1260
tika,org.apache.tika.parser.txt,CharsetRecog_sbcs.CharsetRecog_KOI8_R,2,0,0,0,14,0,0,2,-1.0,0,0,/Users/surabhilone/Desktop/Thesis/SoftwareSystems/tika/tika-parsers/tika-parsers-standard/tika-parsers-standard-modules/tika-parser-text-module/src/main/java/org/apache/tika/parser/txt/CharsetRecog_sbcs.java,1339
tika,org.apache.tika.parser.txt,CharsetRecog_sbcs.CharsetRecog_IBM424_he,1,0,0,0,6,0,0,2,-1.0,0,0,/Users/surabhilone/Desktop/Thesis/SoftwareSystems/tika/tika-parsers/tika-parsers-standard/tika-parsers-standard-modules/tika-parser-text-module/src/main/java/org/apache/tika/parser/txt/CharsetRecog_sbcs.java,1418
tika,org.apache.tika.parser.txt,CharsetRecog_sbcs.CharsetRecog_IBM424_he_rtl,1,0,0,0,10,0,0,0,-1.0,0,0,/Users/surabhilone/Desktop/Thesis/SoftwareSystems/tika/tika-parsers/tika-parsers-standard/tika-parsers-standard-modules/tika-parser-text-module/src/main/java/org/apache/tika/parser/txt/CharsetRecog_sbcs.java,1479
tika,org.apache.tika.parser.txt,CharsetRecog_sbcs.CharsetRecog_IBM424_he_ltr,1,0,0,0,10,0,0,0,-1.0,0,0,/Users/surabhilone/Desktop/Thesis/SoftwareSystems/tika/tika-parsers/tika-parsers-standard/tika-parsers-standard-modules/tika-parser-text-module/src/main/java/org/apache/tika/parser/txt/CharsetRecog_sbcs.java,1501
tika,org.apache.tika.parser.txt,CharsetRecog_sbcs.CharsetRecog_IBM420_ar,1,0,0,0,6,0,0,2,-1.0,0,0,/Users/surabhilone/Desktop/Thesis/SoftwareSystems/tika/tika-parsers/tika-parsers-standard/tika-parsers-standard-modules/tika-parser-text-module/src/main/java/org/apache/tika/parser/txt/CharsetRecog_sbcs.java,1525
tika,org.apache.tika.parser.txt,CharsetRecog_sbcs.CharsetRecog_IBM420_ar_rtl,1,0,0,0,10,0,0,0,-1.0,0,0,/Users/surabhilone/Desktop/Thesis/SoftwareSystems/tika/tika-parsers/tika-parsers-standard/tika-parsers-standard-modules/tika-parser-text-module/src/main/java/org/apache/tika/parser/txt/CharsetRecog_sbcs.java,1587
tika,org.apache.tika.parser.txt,CharsetRecog_sbcs.CharsetRecog_IBM420_ar_ltr,1,0,0,0,10,0,0,0,-1.0,0,0,/Users/surabhilone/Desktop/Thesis/SoftwareSystems/tika/tika-parsers/tika-parsers-standard/tika-parsers-standard-modules/tika-parser-text-module/src/main/java/org/apache/tika/parser/txt/CharsetRecog_sbcs.java,1610
tika,org.apache.tika.parser.txt,CharsetRecog_sbcs.CharsetRecog_EBCDIC_500,2,0,0,0,30,0,0,2,-1.0,0,0,/Users/surabhilone/Desktop/Thesis/SoftwareSystems/tika/tika-parsers/tika-parsers-standard/tika-parsers-standard-modules/tika-parser-text-module/src/main/java/org/apache/tika/parser/txt/CharsetRecog_sbcs.java,1633
tika,org.apache.tika.parser.txt,CharsetRecog_sbcs.CharsetRecog_EBCDIC_500_en,0,0,0,0,8,0,0,0,-1.0,0,0,/Users/surabhilone/Desktop/Thesis/SoftwareSystems/tika/tika-parsers/tika-parsers-standard/tika-parsers-standard-modules/tika-parser-text-module/src/main/java/org/apache/tika/parser/txt/CharsetRecog_sbcs.java,1743
tika,org.apache.tika.parser.txt,CharsetRecog_sbcs.CharsetRecog_EBCDIC_500_de,0,0,0,0,8,0,0,0,-1.0,0,0,/Users/surabhilone/Desktop/Thesis/SoftwareSystems/tika/tika-parsers/tika-parsers-standard/tika-parsers-standard-modules/tika-parser-text-module/src/main/java/org/apache/tika/parser/txt/CharsetRecog_sbcs.java,1756
tika,org.apache.tika.parser.txt,CharsetRecog_sbcs.CharsetRecog_EBCDIC_500_fr,0,0,0,0,8,0,0,0,-1.0,0,0,/Users/surabhilone/Desktop/Thesis/SoftwareSystems/tika/tika-parsers/tika-parsers-standard/tika-parsers-standard-modules/tika-parser-text-module/src/main/java/org/apache/tika/parser/txt/CharsetRecog_sbcs.java,1767
tika,org.apache.tika.parser.txt,CharsetRecog_sbcs.CharsetRecog_EBCDIC_500_es,0,0,0,0,8,0,0,0,-1.0,0,0,/Users/surabhilone/Desktop/Thesis/SoftwareSystems/tika/tika-parsers/tika-parsers-standard/tika-parsers-standard-modules/tika-parser-text-module/src/main/java/org/apache/tika/parser/txt/CharsetRecog_sbcs.java,1777
tika,org.apache.tika.parser.txt,CharsetRecog_sbcs.CharsetRecog_EBCDIC_500_it,0,0,0,0,8,0,0,0,-1.0,0,0,/Users/surabhilone/Desktop/Thesis/SoftwareSystems/tika/tika-parsers/tika-parsers-standard/tika-parsers-standard-modules/tika-parser-text-module/src/main/java/org/apache/tika/parser/txt/CharsetRecog_sbcs.java,1787
tika,org.apache.tika.parser.txt,CharsetRecog_sbcs.CharsetRecog_EBCDIC_500_nl,0,0,0,0,8,0,0,0,-1.0,0,0,/Users/surabhilone/Desktop/Thesis/SoftwareSystems/tika/tika-parsers/tika-parsers-standard/tika-parsers-standard-modules/tika-parser-text-module/src/main/java/org/apache/tika/parser/txt/CharsetRecog_sbcs.java,1797
tika,org.apache.tika.parser.txt,UniversalEncodingDetector,3,0,3,3,39,5,0,1,0.0,0,2,/Users/surabhilone/Desktop/Thesis/SoftwareSystems/tika/tika-parsers/tika-parsers-standard/tika-parsers-standard-modules/tika-parser-text-module/src/main/java/org/apache/tika/parser/txt/UniversalEncodingDetector.java,27
tika,org.apache.tika.parser.txt,CharsetRecognizer,0,0,3,1,23,3,5,0,-1.0,3,2,/Users/surabhilone/Desktop/Thesis/SoftwareSystems/tika/tika-parsers/tika-parsers-standard/tika-parsers-standard-modules/tika-parser-text-module/src/main/java/org/apache/tika/parser/txt/CharsetRecognizer.java,11
tika,org.apache.tika.parser.csv,TextAndCSVParserTest,7,0,17,13,140,20,0,0,0.17647058823529413,0,7,/Users/surabhilone/Desktop/Thesis/SoftwareSystems/tika/tika-parsers/tika-parsers-standard/tika-parsers-standard-modules/tika-parser-text-module/src/test/java/org/apache/tika/parser/csv/TextAndCSVParserTest.java,41
tika,org.apache.tika.parser.csv,CSVSnifferTest,8,0,5,4,49,5,0,0,0.4,0,2,/Users/surabhilone/Desktop/Thesis/SoftwareSystems/tika/tika-parsers/tika-parsers-standard/tika-parsers-standard-modules/tika-parser-text-module/src/test/java/org/apache/tika/parser/csv/CSVSnifferTest.java,38
tika,org.apache.tika.parser.csv,CSVSniffer,20,0,4,0,302,9,0,0,0.0,2,3,/Users/surabhilone/Desktop/Thesis/SoftwareSystems/tika/tika-parsers/tika-parsers-standard/tika-parsers-standard-modules/tika-parser-text-module/src/main/java/org/apache/tika/parser/csv/CSVSniffer.java,36
tika,org.apache.tika.parser.csv,CSVSniffer.UnsurprisingEOF,0,0,0,0,2,0,0,0,-1.0,0,0,/Users/surabhilone/Desktop/Thesis/SoftwareSystems/tika/tika-parsers/tika-parsers-standard/tika-parsers-standard-modules/tika-parser-text-module/src/main/java/org/apache/tika/parser/csv/CSVSniffer.java,103
tika,org.apache.tika.parser.csv,CSVSniffer.HitMarkLimitException,0,0,0,0,2,0,0,0,-1.0,0,0,/Users/surabhilone/Desktop/Thesis/SoftwareSystems/tika/tika-parsers/tika-parsers-standard/tika-parsers-standard-modules/tika-parser-text-module/src/main/java/org/apache/tika/parser/csv/CSVSniffer.java,107
tika,org.apache.tika.parser.csv,CSVSniffer.MutableInt,1,0,0,0,12,0,0,0,-1.0,0,0,/Users/surabhilone/Desktop/Thesis/SoftwareSystems/tika/tika-parsers/tika-parsers-standard/tika-parsers-standard-modules/tika-parser-text-module/src/main/java/org/apache/tika/parser/csv/CSVSniffer.java,111
tika,org.apache.tika.parser.csv,CSVSniffer.Snifflet,9,0,0,0,221,0,0,0,-1.0,0,1,/Users/surabhilone/Desktop/Thesis/SoftwareSystems/tika/tika-parsers/tika-parsers-standard/tika-parsers-standard-modules/tika-parser-text-module/src/main/java/org/apache/tika/parser/csv/CSVSniffer.java,131
tika,org.apache.tika.parser.csv,CSVSniffer.CloseShieldReader,0,0,0,0,7,0,0,0,-1.0,0,0,/Users/surabhilone/Desktop/Thesis/SoftwareSystems/tika/tika-parsers/tika-parsers-standard/tika-parsers-standard-modules/tika-parser-text-module/src/main/java/org/apache/tika/parser/csv/CSVSniffer.java,403
tika,org.apache.tika.parser.csv,TextAndCSVConfig,4,0,3,3,28,3,0,0,0.0,1,0,/Users/surabhilone/Desktop/Thesis/SoftwareSystems/tika/tika-parsers/tika-parsers-standard/tika-parsers-standard-modules/tika-parser-text-module/src/main/java/org/apache/tika/parser/csv/TextAndCSVConfig.java,23
tika,org.apache.tika.parser.csv,CSVParams,3,0,11,8,40,11,0,0,0.18181818181818182,1,1,/Users/surabhilone/Desktop/Thesis/SoftwareSystems/tika/tika-parsers/tika-parsers-standard/tika-parsers-standard-modules/tika-parser-text-module/src/main/java/org/apache/tika/parser/csv/CSVParams.java,23
tika,org.apache.tika.parser.csv,TextAndCSVParser,16,3,11,5,251,45,0,2,0.2727272727272727,3,14,/Users/surabhilone/Desktop/Thesis/SoftwareSystems/tika/tika-parsers/tika-parsers-standard/tika-parsers-standard-modules/tika-parser-text-module/src/main/java/org/apache/tika/parser/csv/TextAndCSVParser.java,54
tika,org.apache.tika.parser.csv,CSVResult,4,0,8,8,47,10,0,0,0.0,2,1,/Users/surabhilone/Desktop/Thesis/SoftwareSystems/tika/tika-parsers/tika-parsers-standard/tika-parsers-standard-modules/tika-parser-text-module/src/main/java/org/apache/tika/parser/csv/CSVResult.java,23
tika,org.apache.tika.detect.microsoft,POIFSContainerDetectorTest,0,0,7,1,45,9,0,0,-1.0,0,5,/Users/surabhilone/Desktop/Thesis/SoftwareSystems/tika/tika-parsers/tika-parsers-standard/tika-parsers-standard-modules/tika-parser-microsoft-module/src/test/java/org/apache/tika/detect/microsoft/POIFSContainerDetectorTest.java,32
tika,org.apache.tika.detect.microsoft,POIFSContainerDetector,63,25,14,4,492,83,0,1,0.0,5,6,/Users/surabhilone/Desktop/Thesis/SoftwareSystems/tika/tika-parsers/tika-parsers-standard/tika-parsers-standard-modules/tika-parser-microsoft-module/src/main/java/org/apache/tika/detect/microsoft/POIFSContainerDetector.java,54
tika,org.apache.tika.parser.microsoft,TNEFParserTest,1,0,4,4,46,4,0,1,0.5,0,10,/Users/surabhilone/Desktop/Thesis/SoftwareSystems/tika/tika-parsers/tika-parsers-standard/tika-parsers-standard-modules/tika-parser-microsoft-module/src/test/java/org/apache/tika/parser/microsoft/TNEFParserTest.java,35
tika,org.apache.tika.parser.microsoft,VisioParserTest,0,0,1,1,14,1,0,0,-1.0,0,3,/Users/surabhilone/Desktop/Thesis/SoftwareSystems/tika/tika-parsers/tika-parsers-standard/tika-parsers-standard-modules/tika-parser-microsoft-module/src/test/java/org/apache/tika/parser/microsoft/VisioParserTest.java,33
tika,org.apache.tika.parser.microsoft,OldExcelParserTest,1,0,5,5,54,5,0,0,0.4,0,8,/Users/surabhilone/Desktop/Thesis/SoftwareSystems/tika/tika-parsers/tika-parsers-standard/tika-parsers-standard-modules/tika-parser-microsoft-module/src/test/java/org/apache/tika/parser/microsoft/OldExcelParserTest.java,36
tika,org.apache.tika.parser.microsoft,ProjectParserTest,0,0,3,2,40,3,0,0,-1.0,0,6,/Users/surabhilone/Desktop/Thesis/SoftwareSystems/tika/tika-parsers/tika-parsers-standard/tika-parsers-standard-modules/tika-parser-microsoft-module/src/test/java/org/apache/tika/parser/microsoft/ProjectParserTest.java,37
tika,org.apache.tika.parser.microsoft,AbstractPOIContainerExtractionTest,14,14,2,0,37,3,3,0,0.0,0,3,/Users/surabhilone/Desktop/Thesis/SoftwareSystems/tika/tika-parsers/tika-parsers-standard/tika-parsers-standard-modules/tika-parser-microsoft-module/src/test/java/org/apache/tika/parser/microsoft/AbstractPOIContainerExtractionTest.java,29
tika,org.apache.tika.parser.microsoft,MSOwnerFileParserTest,0,0,1,1,6,1,0,0,-1.0,0,1,/Users/surabhilone/Desktop/Thesis/SoftwareSystems/tika/tika-parsers/tika-parsers-standard/tika-parsers-standard-modules/tika-parser-microsoft-module/src/test/java/org/apache/tika/parser/microsoft/MSOwnerFileParserTest.java,26
tika,org.apache.tika.parser.microsoft,WriteProtectedParserTest,0,0,1,1,10,1,0,0,-1.0,0,2,/Users/surabhilone/Desktop/Thesis/SoftwareSystems/tika/tika-parsers/tika-parsers-standard/tika-parsers-standard-modules/tika-parser-microsoft-module/src/test/java/org/apache/tika/parser/microsoft/WriteProtectedParserTest.java,30
tika,org.apache.tika.parser.microsoft,SolidworksParserTest,0,0,6,6,119,6,0,0,-1.0,0,3,/Users/surabhilone/Desktop/Thesis/SoftwareSystems/tika/tika-parsers/tika-parsers-standard/tika-parsers-standard-modules/tika-parser-microsoft-module/src/test/java/org/apache/tika/parser/microsoft/SolidworksParserTest.java,33
tika,org.apache.tika.parser.microsoft,EMFParserTest,0,0,3,3,25,3,0,0,-1.0,0,3,/Users/surabhilone/Desktop/Thesis/SoftwareSystems/tika/tika-parsers/tika-parsers-standard/tika-parsers-standard-modules/tika-parser-microsoft-module/src/test/java/org/apache/tika/parser/microsoft/EMFParserTest.java,29
tika,org.apache.tika.parser.microsoft,PublisherParserTest,0,0,1,1,15,1,0,0,-1.0,0,3,/Users/surabhilone/Desktop/Thesis/SoftwareSystems/tika/tika-parsers/tika-parsers-standard/tika-parsers-standard-modules/tika-parser-microsoft-module/src/test/java/org/apache/tika/parser/microsoft/PublisherParserTest.java,32
tika,org.apache.tika.parser.microsoft,OfficeParserTest,0,0,2,1,11,2,0,0,-1.0,0,4,/Users/surabhilone/Desktop/Thesis/SoftwareSystems/tika/tika-parsers/tika-parsers-standard/tika-parsers-standard-modules/tika-parser-microsoft-module/src/test/java/org/apache/tika/parser/microsoft/OfficeParserTest.java,30
tika,org.apache.tika.parser.microsoft,OLE2CasingTest,1,0,4,2,33,7,0,0,0.75,0,3,/Users/surabhilone/Desktop/Thesis/SoftwareSystems/tika/tika-parsers/tika-parsers-standard/tika-parsers-standard-modules/tika-parser-microsoft-module/src/test/java/org/apache/tika/parser/microsoft/OLE2CasingTest.java,34
tika,org.apache.tika.parser.microsoft,WordParserTest,0,0,35,35,401,41,0,0,-1.0,0,12,/Users/surabhilone/Desktop/Thesis/SoftwareSystems/tika/tika-parsers/tika-parsers-standard/tika-parsers-standard-modules/tika-parser-microsoft-module/src/test/java/org/apache/tika/parser/microsoft/WordParserTest.java,51
tika,org.apache.tika.parser.microsoft,OutlookParserTest,0,0,16,15,249,17,0,0,-1.0,0,13,/Users/surabhilone/Desktop/Thesis/SoftwareSystems/tika/tika-parsers/tika-parsers-standard/tika-parsers-standard-modules/tika-parser-microsoft-module/src/test/java/org/apache/tika/parser/microsoft/OutlookParserTest.java,50
tika,org.apache.tika.parser.microsoft,PowerPointParserTest,0,0,18,18,222,22,0,0,-1.0,0,7,/Users/surabhilone/Desktop/Thesis/SoftwareSystems/tika/tika-parsers/tika-parsers-standard/tika-parsers-standard-modules/tika-parser-microsoft-module/src/test/java/org/apache/tika/parser/microsoft/PowerPointParserTest.java,39
tika,org.apache.tika.parser.microsoft,POIContainerExtractionTest,0,0,8,8,115,18,0,1,-1.0,0,5,/Users/surabhilone/Desktop/Thesis/SoftwareSystems/tika/tika-parsers/tika-parsers-standard/tika-parsers-standard-modules/tika-parser-microsoft-module/src/test/java/org/apache/tika/parser/microsoft/POIContainerExtractionTest.java,37
tika,org.apache.tika.parser.microsoft,WMFParserTest,0,0,3,2,14,3,0,0,-1.0,0,2,/Users/surabhilone/Desktop/Thesis/SoftwareSystems/tika/tika-parsers/tika-parsers-standard/tika-parsers-standard-modules/tika-parser-microsoft-module/src/test/java/org/apache/tika/parser/microsoft/WMFParserTest.java,29
tika,org.apache.tika.parser.microsoft,JackcessParserTest,0,0,4,4,84,5,0,0,-1.0,0,7,/Users/surabhilone/Desktop/Thesis/SoftwareSystems/tika/tika-parsers/tika-parsers-standard/tika-parsers-standard-modules/tika-parser-microsoft-module/src/test/java/org/apache/tika/parser/microsoft/JackcessParserTest.java,40
tika,org.apache.tika.parser.microsoft,ExcelParserTest,0,0,23,23,392,26,0,0,-1.0,0,13,/Users/surabhilone/Desktop/Thesis/SoftwareSystems/tika/tika-parsers/tika-parsers-standard/tika-parsers-standard-modules/tika-parser-microsoft-module/src/test/java/org/apache/tika/parser/microsoft/ExcelParserTest.java,50
tika,org.apache.tika.parser.microsoft,WMFParser,2,0,2,2,52,6,0,1,1.0,0,5,/Users/surabhilone/Desktop/Thesis/SoftwareSystems/tika/tika-parsers/tika-parsers-standard/tika-parsers-standard-modules/tika-parser-microsoft-module/src/main/java/org/apache/tika/parser/microsoft/WMFParser.java,43
tika,org.apache.tika.parser.microsoft,AbstractOfficeParser,1,0,25,25,118,26,3,1,0.0,0,2,/Users/surabhilone/Desktop/Thesis/SoftwareSystems/tika/tika-parsers/tika-parsers-standard/tika-parsers-standard-modules/tika-parser-microsoft-module/src/main/java/org/apache/tika/parser/microsoft/AbstractOfficeParser.java,25
tika,org.apache.tika.parser.microsoft,OfficeParserConfig,16,0,32,32,179,32,0,0,0.5,22,0,/Users/surabhilone/Desktop/Thesis/SoftwareSystems/tika/tika-parsers/tika-parsers-standard/tika-parsers-standard-modules/tika-parser-microsoft-module/src/main/java/org/apache/tika/parser/microsoft/OfficeParserConfig.java,22
tika,org.apache.tika.parser.microsoft,TextCell,1,0,3,3,15,3,0,1,0.0,0,1,/Users/surabhilone/Desktop/Thesis/SoftwareSystems/tika/tika-parsers/tika-parsers-standard/tika-parsers-standard-modules/tika-parser-microsoft-module/src/main/java/org/apache/tika/parser/microsoft/TextCell.java,23
tika,org.apache.tika.parser.microsoft,OutlookExtractor,20,0,26,4,660,134,0,1,0.0,2,21,/Users/surabhilone/Desktop/Thesis/SoftwareSystems/tika/tika-parsers/tika-parsers-standard/tika-parsers-standard-modules/tika-parser-microsoft-module/src/main/java/org/apache/tika/parser/microsoft/OutlookExtractor.java,91
tika,org.apache.tika.parser.microsoft,OutlookExtractor.BODY_TYPES_PROCESSED,0,0,0,0,1,0,0,0,-1.0,0,0,/Users/surabhilone/Desktop/Thesis/SoftwareSystems/tika/tika-parsers/tika-parsers-standard/tika-parsers-standard-modules/tika-parser-microsoft-module/src/main/java/org/apache/tika/parser/microsoft/OutlookExtractor.java,96
tika,org.apache.tika.parser.microsoft,OutlookExtractor.RECIPIENT_TYPE,1,0,0,0,11,0,0,0,-1.0,0,0,/Users/surabhilone/Desktop/Thesis/SoftwareSystems/tika/tika-parsers/tika-parsers-standard/tika-parsers-standard-modules/tika-parser-microsoft-module/src/main/java/org/apache/tika/parser/microsoft/OutlookExtractor.java,939
tika,org.apache.tika.parser.microsoft,OutlookExtractor.ADDRESS_TYPE,0,0,0,0,1,0,0,0,-1.0,0,0,/Users/surabhilone/Desktop/Thesis/SoftwareSystems/tika/tika-parsers/tika-parsers-standard/tika-parsers-standard-modules/tika-parser-microsoft-module/src/main/java/org/apache/tika/parser/microsoft/OutlookExtractor.java,958
tika,org.apache.tika.parser.microsoft,OutlookExtractor.Recipient,5,0,0,0,7,0,0,0,-1.0,0,0,/Users/surabhilone/Desktop/Thesis/SoftwareSystems/tika/tika-parsers/tika-parsers-standard/tika-parsers-standard-modules/tika-parser-microsoft-module/src/main/java/org/apache/tika/parser/microsoft/OutlookExtractor.java,962
tika,org.apache.tika.parser.microsoft,ListManager,1,0,6,2,125,30,0,1,0.0,1,0,/Users/surabhilone/Desktop/Thesis/SoftwareSystems/tika/tika-parsers/tika-parsers-standard/tika-parsers-standard-modules/tika-parser-microsoft-module/src/main/java/org/apache/tika/parser/microsoft/ListManager.java,28
tika,org.apache.tika.parser.microsoft,TikaExcelGeneralFormat,6,0,3,3,44,7,0,0,0.6666666666666666,0,0,/Users/surabhilone/Desktop/Thesis/SoftwareSystems/tika/tika-parsers/tika-parsers-standard/tika-parsers-standard-modules/tika-parser-microsoft-module/src/main/java/org/apache/tika/parser/microsoft/TikaExcelGeneralFormat.java,32
tika,org.apache.tika.parser.microsoft,EMFParser,12,2,10,2,167,34,0,1,0.2,4,8,/Users/surabhilone/Desktop/Thesis/SoftwareSystems/tika/tika-parsers/tika-parsers-standard/tika-parsers-standard-modules/tika-parser-microsoft-module/src/main/java/org/apache/tika/parser/microsoft/EMFParser.java,50
tika,org.apache.tika.parser.microsoft,EMFParser.ParseState,6,0,0,0,8,0,0,0,-1.0,0,1,/Users/surabhilone/Desktop/Thesis/SoftwareSystems/tika/tika-parsers/tika-parsers-standard/tika-parsers-standard-modules/tika-parser-microsoft-module/src/main/java/org/apache/tika/parser/microsoft/EMFParser.java,279
tika,org.apache.tika.parser.microsoft,OfficeParser,5,0,6,4,215,37,0,2,0.6666666666666666,7,16,/Users/surabhilone/Desktop/Thesis/SoftwareSystems/tika/tika-parsers/tika-parsers-standard/tika-parsers-standard-modules/tika-parser-microsoft-module/src/main/java/org/apache/tika/parser/microsoft/OfficeParser.java,66
tika,org.apache.tika.parser.microsoft,OfficeParser.POIFSDocumentType,3,0,0,0,33,0,0,0,-1.0,0,2,/Users/surabhilone/Desktop/Thesis/SoftwareSystems/tika/tika-parsers/tika-parsers-standard/tika-parsers-standard-modules/tika-parser-microsoft-module/src/main/java/org/apache/tika/parser/microsoft/OfficeParser.java,309
tika,org.apache.tika.parser.microsoft,JackcessParser,9,4,2,2,66,7,0,1,1.0,1,11,/Users/surabhilone/Desktop/Thesis/SoftwareSystems/tika/tika-parsers/tika-parsers-standard/tika-parsers-standard-modules/tika-parser-microsoft-module/src/main/java/org/apache/tika/parser/microsoft/JackcessParser.java,46
tika,org.apache.tika.parser.microsoft,JackcessParser.IgnoreLinkResolver,0,0,0,0,5,0,0,0,-1.0,0,0,/Users/surabhilone/Desktop/Thesis/SoftwareSystems/tika/tika-parsers/tika-parsers-standard/tika-parsers-standard-modules/tika-parser-microsoft-module/src/main/java/org/apache/tika/parser/microsoft/JackcessParser.java,127
tika,org.apache.tika.parser.microsoft,FormattingUtils,0,0,4,3,60,13,0,0,-1.0,2,1,/Users/surabhilone/Desktop/Thesis/SoftwareSystems/tika/tika-parsers/tika-parsers-standard/tika-parsers-standard-modules/tika-parser-microsoft-module/src/main/java/org/apache/tika/parser/microsoft/FormattingUtils.java,30
tika,org.apache.tika.parser.microsoft,FormattingUtils.Tag,0,0,0,0,4,0,0,0,-1.0,0,0,/Users/surabhilone/Desktop/Thesis/SoftwareSystems/tika/tika-parsers/tika-parsers-standard/tika-parsers-standard-modules/tika-parser-microsoft-module/src/main/java/org/apache/tika/parser/microsoft/FormattingUtils.java,96
tika,org.apache.tika.parser.microsoft,WordExtractor,15,0,17,2,489,85,0,1,0.35294117647058826,2,8,/Users/surabhilone/Desktop/Thesis/SoftwareSystems/tika/tika-parsers/tika-parsers-standard/tika-parsers-standard-modules/tika-parser-microsoft-module/src/main/java/org/apache/tika/parser/microsoft/WordExtractor.java,68
tika,org.apache.tika.parser.microsoft,WordExtractor.TagAndStyle,2,0,0,0,17,0,0,0,-1.0,0,0,/Users/surabhilone/Desktop/Thesis/SoftwareSystems/tika/tika-parsers/tika-parsers-standard/tika-parsers-standard-modules/tika-parser-microsoft-module/src/main/java/org/apache/tika/parser/microsoft/WordExtractor.java,631
tika,org.apache.tika.parser.microsoft,WordExtractor.PicturesSource,6,0,0,0,59,0,0,0,-1.0,0,0,/Users/surabhilone/Desktop/Thesis/SoftwareSystems/tika/tika-parsers/tika-parsers-standard/tika-parsers-standard-modules/tika-parser-microsoft-module/src/main/java/org/apache/tika/parser/microsoft/WordExtractor.java,653
tika,org.apache.tika.parser.microsoft,HSLFExtractor,1,0,17,1,431,91,0,1,0.17647058823529413,0,9,/Users/surabhilone/Desktop/Thesis/SoftwareSystems/tika/tika-parsers/tika-parsers-standard/tika-parsers-standard-modules/tika-parser-microsoft-module/src/main/java/org/apache/tika/parser/microsoft/HSLFExtractor.java,67
tika,org.apache.tika.parser.microsoft,LinkedCell,1,0,2,2,16,2,0,2,0.0,0,2,/Users/surabhilone/Desktop/Thesis/SoftwareSystems/tika/tika-parsers/tika-parsers-standard/tika-parsers-standard-modules/tika-parser-microsoft-module/src/main/java/org/apache/tika/parser/microsoft/LinkedCell.java,23
tika,org.apache.tika.parser.microsoft,SummaryExtractor,4,0,15,4,178,41,0,0,0.13333333333333333,4,11,/Users/surabhilone/Desktop/Thesis/SoftwareSystems/tika/tika-parsers/tika-parsers-standard/tika-parsers-standard-modules/tika-parser-microsoft-module/src/main/java/org/apache/tika/parser/microsoft/SummaryExtractor.java,50
tika,org.apache.tika.parser.microsoft,TikaExcelDataFormatter,1,0,4,4,28,6,0,0,0.75,3,0,/Users/surabhilone/Desktop/Thesis/SoftwareSystems/tika/tika-parsers/tika-parsers-standard/tika-parsers-standard-modules/tika-parser-microsoft-module/src/main/java/org/apache/tika/parser/microsoft/TikaExcelDataFormatter.java,25
tika,org.apache.tika.parser.microsoft,OldExcelParser,2,0,3,2,30,4,0,1,0.6666666666666666,2,4,/Users/surabhilone/Desktop/Thesis/SoftwareSystems/tika/tika-parsers/tika-parsers-standard/tika-parsers-standard-modules/tika-parser-microsoft-module/src/main/java/org/apache/tika/parser/microsoft/OldExcelParser.java,39
tika,org.apache.tika.parser.microsoft,NumberCell,2,0,3,3,17,3,0,1,0.0,0,1,/Users/surabhilone/Desktop/Thesis/SoftwareSystems/tika/tika-parsers/tika-parsers-standard/tika-parsers-standard-modules/tika-parser-microsoft-module/src/main/java/org/apache/tika/parser/microsoft/NumberCell.java,25
tika,org.apache.tika.parser.microsoft,CellDecorator,1,0,2,2,12,2,1,1,0.0,0,2,/Users/surabhilone/Desktop/Thesis/SoftwareSystems/tika/tika-parsers/tika-parsers-standard/tika-parsers-standard-modules/tika-parser-microsoft-module/src/main/java/org/apache/tika/parser/microsoft/CellDecorator.java,23
tika,org.apache.tika.parser.microsoft,TNEFParser,2,0,3,2,55,12,0,1,0.6666666666666666,1,7,/Users/surabhilone/Desktop/Thesis/SoftwareSystems/tika/tika-parsers/tika-parsers-standard/tika-parsers-standard-modules/tika-parser-microsoft-module/src/main/java/org/apache/tika/parser/microsoft/TNEFParser.java,46
tika,org.apache.tika.parser.microsoft,AbstractPOIFSExtractor,6,0,19,1,302,55,5,0,0.0,2,17,/Users/surabhilone/Desktop/Thesis/SoftwareSystems/tika/tika-parsers/tika-parsers-standard/tika-parsers-standard-modules/tika-parser-microsoft-module/src/main/java/org/apache/tika/parser/microsoft/AbstractPOIFSExtractor.java,57
tika,org.apache.tika.parser.microsoft,Cell,0,0,1,0,11,1,3,0,-1.0,2,1,/Users/surabhilone/Desktop/Thesis/SoftwareSystems/tika/tika-parsers/tika-parsers-standard/tika-parsers-standard-modules/tika-parser-microsoft-module/src/main/java/org/apache/tika/parser/microsoft/Cell.java,23
tika,org.apache.tika.parser.microsoft,JackcessExtractor,11,0,10,1,281,64,0,1,0.0,1,16,/Users/surabhilone/Desktop/Thesis/SoftwareSystems/tika/tika-parsers/tika-parsers-standard/tika-parsers-standard-modules/tika-parser-microsoft-module/src/main/java/org/apache/tika/parser/microsoft/JackcessExtractor.java,60
tika,org.apache.tika.parser.microsoft,AbstractListManager,14,0,0,0,213,0,2,0,-1.0,0,0,/Users/surabhilone/Desktop/Thesis/SoftwareSystems/tika/tika-parsers/tika-parsers-standard/tika-parsers-standard-modules/tika-parser-microsoft-module/src/main/java/org/apache/tika/parser/microsoft/AbstractListManager.java,28
tika,org.apache.tika.parser.microsoft,AbstractListManager.ParagraphLevelCounter,6,0,0,0,187,0,0,0,-1.0,0,0,/Users/surabhilone/Desktop/Thesis/SoftwareSystems/tika/tika-parsers/tika-parsers-standard/tika-parsers-standard-modules/tika-parser-microsoft-module/src/main/java/org/apache/tika/parser/microsoft/AbstractListManager.java,36
tika,org.apache.tika.parser.microsoft,AbstractListManager.LevelTuple,5,0,0,0,21,0,0,0,-1.0,0,0,/Users/surabhilone/Desktop/Thesis/SoftwareSystems/tika/tika-parsers/tika-parsers-standard/tika-parsers-standard-modules/tika-parser-microsoft-module/src/main/java/org/apache/tika/parser/microsoft/AbstractListManager.java,251
tika,org.apache.tika.parser.microsoft,MSOwnerFileParser,5,0,2,2,46,5,0,1,1.0,0,6,/Users/surabhilone/Desktop/Thesis/SoftwareSystems/tika/tika-parsers/tika-parsers-standard/tika-parsers-standard-modules/tika-parser-microsoft-module/src/main/java/org/apache/tika/parser/microsoft/MSOwnerFileParser.java,37
tika,org.apache.tika.parser.microsoft,ExcelExtractor,24,0,7,3,544,22,0,1,0.42857142857142855,1,9,/Users/surabhilone/Desktop/Thesis/SoftwareSystems/tika/tika-parsers/tika-parsers-standard/tika-parsers-standard-modules/tika-parser-microsoft-module/src/main/java/org/apache/tika/parser/microsoft/ExcelExtractor.java,87
tika,org.apache.tika.parser.microsoft,ExcelExtractor.TikaHSSFListener,22,0,0,0,426,0,0,0,-1.0,0,4,/Users/surabhilone/Desktop/Thesis/SoftwareSystems/tika/tika-parsers/tika-parsers-standard/tika-parsers-standard-modules/tika-parser-microsoft-module/src/main/java/org/apache/tika/parser/microsoft/ExcelExtractor.java,244
tika,org.apache.tika.parser.microsoft,ExcelExtractor.TikaFormatTrackingHSSFListener,0,0,0,0,28,0,0,0,-1.0,0,0,/Users/surabhilone/Desktop/Thesis/SoftwareSystems/tika/tika-parsers/tika-parsers-standard/tika-parsers-standard-modules/tika-parser-microsoft-module/src/main/java/org/apache/tika/parser/microsoft/ExcelExtractor.java,757
tika,org.apache.tika.parser.microsoft,ExcelExtractor.PointComparator,0,0,0,0,12,0,0,0,-1.0,0,0,/Users/surabhilone/Desktop/Thesis/SoftwareSystems/tika/tika-parsers/tika-parsers-standard/tika-parsers-standard-modules/tika-parser-microsoft-module/src/main/java/org/apache/tika/parser/microsoft/ExcelExtractor.java,795
tika,org.apache.tika.parser.microsoft,EMFParserTest,0,0,2,2,17,2,0,0,-1.0,0,2,/Users/surabhilone/Desktop/Thesis/SoftwareSystems/tika/tika-parsers/tika-parsers-standard/tika-parsers-standard-package/src/test/java/org/apache/tika/parser/microsoft/EMFParserTest.java,29
tika,org.apache.tika.parser.microsoft,XML2003ParserTest,0,0,1,1,41,1,0,0,-1.0,0,3,/Users/surabhilone/Desktop/Thesis/SoftwareSystems/tika/tika-parsers/tika-parsers-standard/tika-parsers-standard-package/src/test/java/org/apache/tika/parser/microsoft/XML2003ParserTest.java,31
tika,org.apache.tika.parser.microsoft,PowerPointParserTest,0,0,1,1,9,1,0,0,-1.0,0,1,/Users/surabhilone/Desktop/Thesis/SoftwareSystems/tika/tika-parsers/tika-parsers-standard/tika-parsers-standard-package/src/test/java/org/apache/tika/parser/microsoft/PowerPointParserTest.java,29
tika,org.apache.tika.parser.microsoft,POIContainerExtractionTest,0,0,1,1,161,2,0,1,-1.0,0,3,/Users/surabhilone/Desktop/Thesis/SoftwareSystems/tika/tika-parsers/tika-parsers-standard/tika-parsers-standard-package/src/test/java/org/apache/tika/parser/microsoft/POIContainerExtractionTest.java,28
tika,org.apache.tika.parser.microsoft,ExcelParserTest,0,0,1,1,6,1,0,0,-1.0,0,1,/Users/surabhilone/Desktop/Thesis/SoftwareSystems/tika/tika-parsers/tika-parsers-standard/tika-parsers-standard-package/src/test/java/org/apache/tika/parser/microsoft/ExcelParserTest.java,27
tika,org.apache.tika.parser.microsoft.activemime,ActiveMimeParserTest,0,0,1,1,9,1,0,0,-1.0,0,2,/Users/surabhilone/Desktop/Thesis/SoftwareSystems/tika/tika-parsers/tika-parsers-standard/tika-parsers-standard-modules/tika-parser-microsoft-module/src/test/java/org/apache/tika/parser/microsoft/activemime/ActiveMimeParserTest.java,32
tika,org.apache.tika.parser.microsoft.activemime,ActiveMimeParser,2,0,2,2,32,2,0,1,1.0,0,8,/Users/surabhilone/Desktop/Thesis/SoftwareSystems/tika/tika-parsers/tika-parsers-standard/tika-parsers-standard-modules/tika-parser-microsoft-module/src/main/java/org/apache/tika/parser/microsoft/activemime/ActiveMimeParser.java,41
tika,org.apache.tika.parser.microsoft.rtf,RTFParserTest,0,0,41,41,293,45,0,0,-1.0,0,12,/Users/surabhilone/Desktop/Thesis/SoftwareSystems/tika/tika-parsers/tika-parsers-standard/tika-parsers-standard-modules/tika-parser-microsoft-module/src/test/java/org/apache/tika/parser/microsoft/rtf/RTFParserTest.java,47
tika,org.apache.tika.parser.microsoft.rtf,TextExtractor,121,0,39,4,1236,288,0,0,0.07692307692307693,2,14,/Users/surabhilone/Desktop/Thesis/SoftwareSystems/tika/tika-parsers/tika-parsers-standard/tika-parsers-standard-modules/tika-parser-microsoft-module/src/main/java/org/apache/tika/parser/microsoft/rtf/TextExtractor.java,63
tika,org.apache.tika.parser.microsoft.rtf,GroupState,15,15,2,2,30,2,0,0,1.0,1,0,/Users/surabhilone/Desktop/Thesis/SoftwareSystems/tika/tika-parsers/tika-parsers-standard/tika-parsers-standard-modules/tika-parser-microsoft-module/src/main/java/org/apache/tika/parser/microsoft/rtf/GroupState.java,24
tika,org.apache.tika.parser.microsoft.rtf,RTFEmbObjHandler,15,0,17,0,169,32,0,0,0.0,2,11,/Users/surabhilone/Desktop/Thesis/SoftwareSystems/tika/tika-parsers/tika-parsers-standard/tika-parsers-standard-modules/tika-parser-microsoft-module/src/main/java/org/apache/tika/parser/microsoft/rtf/RTFEmbObjHandler.java,39
tika,org.apache.tika.parser.microsoft.rtf,RTFEmbObjHandler.EMB_STATE,0,0,0,0,1,0,0,0,-1.0,0,0,/Users/surabhilone/Desktop/Thesis/SoftwareSystems/tika/tika-parsers/tika-parsers-standard/tika-parsers-standard-modules/tika-parser-microsoft-module/src/main/java/org/apache/tika/parser/microsoft/rtf/RTFEmbObjHandler.java,259
tika,org.apache.tika.parser.microsoft.rtf,RTFParser,6,0,5,5,65,7,0,1,0.4,1,6,/Users/surabhilone/Desktop/Thesis/SoftwareSystems/tika/tika-parsers/tika-parsers-standard/tika-parsers-standard-modules/tika-parser-microsoft-module/src/main/java/org/apache/tika/parser/microsoft/rtf/RTFParser.java,36
tika,org.apache.tika.parser.microsoft.rtf,RTFObjDataParser,2,0,11,0,243,33,0,0,0.0,1,9,/Users/surabhilone/Desktop/Thesis/SoftwareSystems/tika/tika-parsers/tika-parsers-standard/tika-parsers-standard-modules/tika-parser-microsoft-module/src/main/java/org/apache/tika/parser/microsoft/rtf/RTFObjDataParser.java,49
tika,org.apache.tika.parser.microsoft.rtf,ListDescriptor,5,5,1,1,13,1,0,0,0.0,1,0,/Users/surabhilone/Desktop/Thesis/SoftwareSystems/tika/tika-parsers/tika-parsers-standard/tika-parsers-standard-modules/tika-parser-microsoft-module/src/main/java/org/apache/tika/parser/microsoft/rtf/ListDescriptor.java,19
tika,org.apache.tika.parser.microsoft.rtf,RTFParserTest,2,0,2,2,75,3,0,0,1.0,0,9,/Users/surabhilone/Desktop/Thesis/SoftwareSystems/tika/tika-parsers/tika-parsers-standard/tika-parsers-standard-package/src/test/java/org/apache/tika/parser/microsoft/rtf/RTFParserTest.java,42
tika,org.apache.tika.parser.microsoft.rtf,RTFParserTest.Pair,2,0,0,0,8,0,0,0,-1.0,0,0,/Users/surabhilone/Desktop/Thesis/SoftwareSystems/tika/tika-parsers/tika-parsers-standard/tika-parsers-standard-package/src/test/java/org/apache/tika/parser/microsoft/rtf/RTFParserTest.java,142
tika,org.apache.tika.parser.microsoft.ooxml,SXWPFExtractorTest,1,0,45,45,589,55,0,0,0.15555555555555556,0,11,/Users/surabhilone/Desktop/Thesis/SoftwareSystems/tika/tika-parsers/tika-parsers-standard/tika-parsers-standard-modules/tika-parser-microsoft-module/src/test/java/org/apache/tika/parser/microsoft/ooxml/SXWPFExtractorTest.java,51
tika,org.apache.tika.parser.microsoft.ooxml,OOXMLContainerExtractionTest,1,0,8,7,202,11,0,0,0.25,0,6,/Users/surabhilone/Desktop/Thesis/SoftwareSystems/tika/tika-parsers/tika-parsers-standard/tika-parsers-standard-modules/tika-parser-microsoft-module/src/test/java/org/apache/tika/parser/microsoft/ooxml/OOXMLContainerExtractionTest.java,36
tika,org.apache.tika.parser.microsoft.ooxml,SXSLFExtractorTest,2,0,26,26,352,38,0,0,0.15384615384615385,0,9,/Users/surabhilone/Desktop/Thesis/SoftwareSystems/tika/tika-parsers/tika-parsers-standard/tika-parsers-standard-modules/tika-parser-microsoft-module/src/test/java/org/apache/tika/parser/microsoft/ooxml/SXSLFExtractorTest.java,47
tika,org.apache.tika.parser.microsoft.ooxml,OOXMLParserTest,1,0,95,95,1173,126,0,0,0.9789473684210527,0,18,/Users/surabhilone/Desktop/Thesis/SoftwareSystems/tika/tika-parsers/tika-parsers-standard/tika-parsers-standard-modules/tika-parser-microsoft-module/src/test/java/org/apache/tika/parser/microsoft/ooxml/OOXMLParserTest.java,80
tika,org.apache.tika.parser.microsoft.ooxml,TruncatedOOXMLTest,0,0,3,3,59,9,0,0,-1.0,0,2,/Users/surabhilone/Desktop/Thesis/SoftwareSystems/tika/tika-parsers/tika-parsers-standard/tika-parsers-standard-modules/tika-parser-microsoft-module/src/test/java/org/apache/tika/parser/microsoft/ooxml/TruncatedOOXMLTest.java,41
tika,org.apache.tika.parser.microsoft.ooxml,FieldHyperlinkTracker,10,0,10,0,114,21,0,0,0.0,1,0,/Users/surabhilone/Desktop/Thesis/SoftwareSystems/tika/tika-parsers/tika-parsers-standard/tika-parsers-standard-modules/tika-parser-microsoft-module/src/main/java/org/apache/tika/parser/microsoft/ooxml/FieldHyperlinkTracker.java,22
tika,org.apache.tika.parser.microsoft.ooxml,XSSFExcelExtractorDecorator,34,0,20,3,810,87,1,2,0.0,1,12,/Users/surabhilone/Desktop/Thesis/SoftwareSystems/tika/tika-parsers/tika-parsers-standard/tika-parsers-standard-modules/tika-parser-microsoft-module/src/main/java/org/apache/tika/parser/microsoft/ooxml/XSSFExcelExtractorDecorator.java,81
tika,org.apache.tika.parser.microsoft.ooxml,XSSFExcelExtractorDecorator.ExternalLinkHandler,2,0,0,0,39,0,0,0,-1.0,0,1,/Users/surabhilone/Desktop/Thesis/SoftwareSystems/tika/tika-parsers/tika-parsers-standard/tika-parsers-standard-modules/tika-parser-microsoft-module/src/main/java/org/apache/tika/parser/microsoft/ooxml/XSSFExcelExtractorDecorator.java,449
tika,org.apache.tika.parser.microsoft.ooxml,XSSFExcelExtractorDecorator.ConnectionsHandler,3,0,0,0,47,0,0,0,-1.0,0,1,/Users/surabhilone/Desktop/Thesis/SoftwareSystems/tika/tika-parsers/tika-parsers-standard/tika-parsers-standard-modules/tika-parser-microsoft-module/src/main/java/org/apache/tika/parser/microsoft/ooxml/XSSFExcelExtractorDecorator.java,501
tika,org.apache.tika.parser.microsoft.ooxml,XSSFExcelExtractorDecorator.QueryTableHandler,1,0,0,0,16,0,0,0,-1.0,0,1,/Users/surabhilone/Desktop/Thesis/SoftwareSystems/tika/tika-parsers/tika-parsers-standard/tika-parsers-standard-modules/tika-parser-microsoft-module/src/main/java/org/apache/tika/parser/microsoft/ooxml/XSSFExcelExtractorDecorator.java,559
tika,org.apache.tika.parser.microsoft.ooxml,XSSFExcelExtractorDecorator.PivotCacheHandler,2,0,0,0,32,0,0,0,-1.0,0,1,/Users/surabhilone/Desktop/Thesis/SoftwareSystems/tika/tika-parsers/tika-parsers-standard/tika-parsers-standard-modules/tika-parser-microsoft-module/src/main/java/org/apache/tika/parser/microsoft/ooxml/XSSFExcelExtractorDecorator.java,583
tika,org.apache.tika.parser.microsoft.ooxml,XSSFExcelExtractorDecorator.SheetTextAsHTML,7,0,0,0,80,0,0,0,-1.0,0,1,/Users/surabhilone/Desktop/Thesis/SoftwareSystems/tika/tika-parsers/tika-parsers-standard/tika-parsers-standard-modules/tika-parser-microsoft-module/src/main/java/org/apache/tika/parser/microsoft/ooxml/XSSFExcelExtractorDecorator.java,871
tika,org.apache.tika.parser.microsoft.ooxml,XSSFExcelExtractorDecorator.HeaderFooterFromString,1,0,0,0,21,0,0,0,-1.0,0,0,/Users/surabhilone/Desktop/Thesis/SoftwareSystems/tika/tika-parsers/tika-parsers-standard/tika-parsers-standard-modules/tika-parser-microsoft-module/src/main/java/org/apache/tika/parser/microsoft/ooxml/XSSFExcelExtractorDecorator.java,967
tika,org.apache.tika.parser.microsoft.ooxml,XSSFExcelExtractorDecorator.XSSFSheetInterestingPartsCapturer,4,0,0,0,60,0,0,0,-1.0,0,0,/Users/surabhilone/Desktop/Thesis/SoftwareSystems/tika/tika-parsers/tika-parsers-standard/tika-parsers-standard-modules/tika-parser-microsoft-module/src/main/java/org/apache/tika/parser/microsoft/ooxml/XSSFExcelExtractorDecorator.java,996
tika,org.apache.tika.parser.microsoft.ooxml,XSSFExcelExtractorDecorator.WorkbookMetadataHandler,0,0,0,0,32,0,0,0,-1.0,0,2,/Users/surabhilone/Desktop/Thesis/SoftwareSystems/tika/tika-parsers/tika-parsers-standard/tika-parsers-standard-modules/tika-parser-microsoft-module/src/main/java/org/apache/tika/parser/microsoft/ooxml/XSSFExcelExtractorDecorator.java,1071
tika,org.apache.tika.parser.microsoft.ooxml,XSSFExcelExtractorDecorator.ThreadedCommentHandler,3,0,0,0,33,0,0,0,-1.0,0,1,/Users/surabhilone/Desktop/Thesis/SoftwareSystems/tika/tika-parsers/tika-parsers-standard/tika-parsers-standard-modules/tika-parser-microsoft-module/src/main/java/org/apache/tika/parser/microsoft/ooxml/XSSFExcelExtractorDecorator.java,1105
tika,org.apache.tika.parser.microsoft.ooxml,SXSLFPowerPointExtractorDecorator,17,0,6,1,312,28,0,2,0.0,1,8,/Users/surabhilone/Desktop/Thesis/SoftwareSystems/tika/tika-parsers/tika-parsers-standard/tika-parsers-standard-modules/tika-parser-microsoft-module/src/main/java/org/apache/tika/parser/microsoft/ooxml/SXSLFPowerPointExtractorDecorator.java,52
tika,org.apache.tika.parser.microsoft.ooxml,SXSLFPowerPointExtractorDecorator.PlaceHolderSkipper,2,0,0,0,33,0,0,0,-1.0,0,0,/Users/surabhilone/Desktop/Thesis/SoftwareSystems/tika/tika-parsers/tika-parsers-standard/tika-parsers-standard-modules/tika-parser-microsoft-module/src/main/java/org/apache/tika/parser/microsoft/ooxml/SXSLFPowerPointExtractorDecorator.java,318
tika,org.apache.tika.parser.microsoft.ooxml,SXSLFPowerPointExtractorDecorator.XSLFCommentsHandler,3,0,0,0,45,0,0,0,-1.0,0,1,/Users/surabhilone/Desktop/Thesis/SoftwareSystems/tika/tika-parsers/tika-parsers-standard/tika-parsers-standard-modules/tika-parser-microsoft-module/src/main/java/org/apache/tika/parser/microsoft/ooxml/SXSLFPowerPointExtractorDecorator.java,366
tika,org.apache.tika.parser.microsoft.ooxml,SXSLFPowerPointExtractorDecorator.XSLFCommentAuthorHandler,3,0,0,0,24,0,0,0,-1.0,0,0,/Users/surabhilone/Desktop/Thesis/SoftwareSystems/tika/tika-parsers/tika-parsers-standard/tika-parsers-standard-modules/tika-parser-microsoft-module/src/main/java/org/apache/tika/parser/microsoft/ooxml/SXSLFPowerPointExtractorDecorator.java,426
tika,org.apache.tika.parser.microsoft.ooxml,SXSLFPowerPointExtractorDecorator.CommentAuthors,2,0,0,0,27,0,0,0,-1.0,0,0,/Users/surabhilone/Desktop/Thesis/SoftwareSystems/tika/tika-parsers/tika-parsers-standard/tika-parsers-standard-modules/tika-parser-microsoft-module/src/main/java/org/apache/tika/parser/microsoft/ooxml/SXSLFPowerPointExtractorDecorator.java,454
tika,org.apache.tika.parser.microsoft.ooxml,ParagraphProperties,3,0,7,7,28,7,0,0,0.0,2,0,/Users/surabhilone/Desktop/Thesis/SoftwareSystems/tika/tika-parsers/tika-parsers-standard/tika-parsers-standard-modules/tika-parser-microsoft-module/src/main/java/org/apache/tika/parser/microsoft/ooxml/ParagraphProperties.java,20
tika,org.apache.tika.parser.microsoft.ooxml,SXWPFWordExtractorDecorator,13,0,11,1,302,49,0,2,0.0,1,12,/Users/surabhilone/Desktop/Thesis/SoftwareSystems/tika/tika-parsers/tika-parsers-standard/tika-parsers-standard-modules/tika-parser-microsoft-module/src/main/java/org/apache/tika/parser/microsoft/ooxml/SXWPFWordExtractorDecorator.java,55
tika,org.apache.tika.parser.microsoft.ooxml,SXWPFWordExtractorDecorator.WordSettingsHandler,2,0,0,0,21,0,0,0,-1.0,0,1,/Users/surabhilone/Desktop/Thesis/SoftwareSystems/tika/tika-parsers/tika-parsers-standard/tika-parsers-standard-modules/tika-parser-microsoft-module/src/main/java/org/apache/tika/parser/microsoft/ooxml/SXWPFWordExtractorDecorator.java,417
tika,org.apache.tika.parser.microsoft.ooxml,SXWPFWordExtractorDecorator.WebSettingsHandler,2,0,0,0,24,0,0,0,-1.0,0,1,/Users/surabhilone/Desktop/Thesis/SoftwareSystems/tika/tika-parsers/tika-parsers-standard/tika-parsers-standard-modules/tika-parser-microsoft-module/src/main/java/org/apache/tika/parser/microsoft/ooxml/SXWPFWordExtractorDecorator.java,447
tika,org.apache.tika.parser.microsoft.ooxml,OOXMLExtractorFactory,4,0,3,1,184,39,0,0,0.0,0,21,/Users/surabhilone/Desktop/Thesis/SoftwareSystems/tika/tika-parsers/tika-parsers-standard/tika-parsers-standard-modules/tika-parser-microsoft-module/src/main/java/org/apache/tika/parser/microsoft/ooxml/OOXMLExtractorFactory.java,66
tika,org.apache.tika.parser.microsoft.ooxml,EmbeddedPartMetadata,4,0,8,8,36,8,0,0,0.5,2,0,/Users/surabhilone/Desktop/Thesis/SoftwareSystems/tika/tika-parsers/tika-parsers-standard/tika-parsers-standard-modules/tika-parser-microsoft-module/src/main/java/org/apache/tika/parser/microsoft/ooxml/EmbeddedPartMetadata.java,19
tika,org.apache.tika.parser.microsoft.ooxml,OPCPackageWrapper,3,2,3,3,17,3,0,0,0.0,1,0,/Users/surabhilone/Desktop/Thesis/SoftwareSystems/tika/tika-parsers/tika-parsers-standard/tika-parsers-standard-modules/tika-parser-microsoft-module/src/main/java/org/apache/tika/parser/microsoft/ooxml/OPCPackageWrapper.java,24
tika,org.apache.tika.parser.microsoft.ooxml,POIXMLTextExtractorDecorator,0,0,3,1,14,4,0,2,-1.0,1,2,/Users/surabhilone/Desktop/Thesis/SoftwareSystems/tika/tika-parsers/tika-parsers-standard/tika-parsers-standard-modules/tika-parser-microsoft-module/src/main/java/org/apache/tika/parser/microsoft/ooxml/POIXMLTextExtractorDecorator.java,30
tika,org.apache.tika.parser.microsoft.ooxml,AbstractOOXMLExtractor,11,0,20,4,449,80,7,1,0.1,4,18,/Users/surabhilone/Desktop/Thesis/SoftwareSystems/tika/tika-parsers/tika-parsers-standard/tika-parsers-standard-modules/tika-parser-microsoft-module/src/main/java/org/apache/tika/parser/microsoft/ooxml/AbstractOOXMLExtractor.java,73
tika,org.apache.tika.parser.microsoft.ooxml,OOXMLTikaBodyPartHandler,18,0,29,27,282,68,0,0,0.13793103448275862,0,8,/Users/surabhilone/Desktop/Thesis/SoftwareSystems/tika/tika-parsers/tika-parsers-standard/tika-parsers-standard-modules/tika-parser-microsoft-module/src/main/java/org/apache/tika/parser/microsoft/ooxml/OOXMLTikaBodyPartHandler.java,32
tika,org.apache.tika.parser.microsoft.ooxml,MetadataExtractor,1,0,13,2,223,60,0,0,0.6923076923076923,2,10,/Users/surabhilone/Desktop/Thesis/SoftwareSystems/tika/tika-parsers/tika-parsers-standard/tika-parsers-standard-modules/tika-parser-microsoft-module/src/main/java/org/apache/tika/parser/microsoft/ooxml/MetadataExtractor.java,45
tika,org.apache.tika.parser.microsoft.ooxml,XSLFPowerPointExtractorDecorator,2,0,6,1,236,51,0,2,0.3333333333333333,1,4,/Users/surabhilone/Desktop/Thesis/SoftwareSystems/tika/tika-parsers/tika-parsers-standard/tika-parsers-standard-modules/tika-parser-microsoft-module/src/main/java/org/apache/tika/parser/microsoft/ooxml/XSLFPowerPointExtractorDecorator.java,69
tika,org.apache.tika.parser.microsoft.ooxml,OOXMLParser,5,0,2,2,27,2,0,2,1.0,2,4,/Users/surabhilone/Desktop/Thesis/SoftwareSystems/tika/tika-parsers/tika-parsers-standard/tika-parsers-standard-modules/tika-parser-microsoft-module/src/main/java/org/apache/tika/parser/microsoft/ooxml/OOXMLParser.java,36
tika,org.apache.tika.parser.microsoft.ooxml,RunProperties,4,0,8,8,41,10,0,0,0.5,2,0,/Users/surabhilone/Desktop/Thesis/SoftwareSystems/tika/tika-parsers/tika-parsers-standard/tika-parsers-standard-modules/tika-parser-microsoft-module/src/main/java/org/apache/tika/parser/microsoft/ooxml/RunProperties.java,21
tika,org.apache.tika.parser.microsoft.ooxml,XWPFWordExtractorDecorator,6,0,20,1,462,105,0,2,0.1,1,13,/Users/surabhilone/Desktop/Thesis/SoftwareSystems/tika/tika-parsers/tika-parsers-standard/tika-parsers-standard-modules/tika-parser-microsoft-module/src/main/java/org/apache/tika/parser/microsoft/ooxml/XWPFWordExtractorDecorator.java,87
tika,org.apache.tika.parser.microsoft.ooxml,OOXMLExtractor,0,0,3,0,19,3,1,0,-1.0,1,4,/Users/surabhilone/Desktop/Thesis/SoftwareSystems/tika/tika-parsers/tika-parsers-standard/tika-parsers-standard-modules/tika-parser-microsoft-module/src/main/java/org/apache/tika/parser/microsoft/ooxml/OOXMLExtractor.java,30
tika,org.apache.tika.parser.microsoft.ooxml,XWPFListManager,4,1,6,3,129,21,1,1,0.0,4,0,/Users/surabhilone/Desktop/Thesis/SoftwareSystems/tika/tika-parsers/tika-parsers-standard/tika-parsers-standard-modules/tika-parser-microsoft-module/src/main/java/org/apache/tika/parser/microsoft/ooxml/XWPFListManager.java,34
tika,org.apache.tika.parser.microsoft.ooxml,XWPFListManager.EmptyListManager,0,0,0,0,11,0,0,2,-1.0,0,0,/Users/surabhilone/Desktop/Thesis/SoftwareSystems/tika/tika-parsers/tika-parsers-standard/tika-parsers-standard-modules/tika-parser-microsoft-module/src/main/java/org/apache/tika/parser/microsoft/ooxml/XWPFListManager.java,186
tika,org.apache.tika.parser.microsoft.ooxml,CommentPersonHandler,1,0,2,1,14,4,0,0,0.0,0,4,/Users/surabhilone/Desktop/Thesis/SoftwareSystems/tika/tika-parsers/tika-parsers-standard/tika-parsers-standard-modules/tika-parser-microsoft-module/src/main/java/org/apache/tika/parser/microsoft/ooxml/CommentPersonHandler.java,28
tika,org.apache.tika.parser.microsoft.ooxml,XSSFBExcelExtractorDecorator,0,0,6,2,71,11,0,3,-1.0,1,5,/Users/surabhilone/Desktop/Thesis/SoftwareSystems/tika/tika-parsers/tika-parsers-standard/tika-parsers-standard-modules/tika-parser-microsoft-module/src/main/java/org/apache/tika/parser/microsoft/ooxml/XSSFBExcelExtractorDecorator.java,46
tika,org.apache.tika.parser.microsoft.ooxml,OOXMLWordAndPowerPointTextHandler,98,1,20,11,648,146,1,0,0.25,7,5,/Users/surabhilone/Desktop/Thesis/SoftwareSystems/tika/tika-parsers/tika-parsers-standard/tika-parsers-standard-modules/tika-parser-microsoft-module/src/main/java/org/apache/tika/parser/microsoft/ooxml/OOXMLWordAndPowerPointTextHandler.java,34
tika,org.apache.tika.parser.microsoft.ooxml,OOXMLWordAndPowerPointTextHandler.EditType,0,0,0,0,1,0,0,0,-1.0,0,0,/Users/surabhilone/Desktop/Thesis/SoftwareSystems/tika/tika-parsers/tika-parsers-standard/tika-parsers-standard-modules/tika-parser-microsoft-module/src/main/java/org/apache/tika/parser/microsoft/ooxml/OOXMLWordAndPowerPointTextHandler.java,685
tika,org.apache.tika.parser.microsoft.ooxml,OOXMLWordAndPowerPointTextHandler.XWPFBodyContentsHandler,0,0,0,0,39,0,0,0,-1.0,0,0,/Users/surabhilone/Desktop/Thesis/SoftwareSystems/tika/tika-parsers/tika-parsers-standard/tika-parsers-standard-modules/tika-parser-microsoft-module/src/main/java/org/apache/tika/parser/microsoft/ooxml/OOXMLWordAndPowerPointTextHandler.java,689
tika,org.apache.tika.parser.microsoft.ooxml,SXWPFExtractorTest,1,0,2,2,37,2,0,0,0.0,0,5,/Users/surabhilone/Desktop/Thesis/SoftwareSystems/tika/tika-parsers/tika-parsers-standard/tika-parsers-standard-package/src/test/java/org/apache/tika/parser/microsoft/ooxml/SXWPFExtractorTest.java,36
tika,org.apache.tika.parser.microsoft.ooxml,OOXMLParserTest,0,0,8,8,78,9,0,0,-1.0,0,8,/Users/surabhilone/Desktop/Thesis/SoftwareSystems/tika/tika-parsers/tika-parsers-standard/tika-parsers-standard-package/src/test/java/org/apache/tika/parser/microsoft/ooxml/OOXMLParserTest.java,39
tika,org.apache.tika.parser.microsoft.ooxml,TruncatedOOXMLTest,0,0,4,4,38,4,0,0,-1.0,0,4,/Users/surabhilone/Desktop/Thesis/SoftwareSystems/tika/tika-parsers/tika-parsers-standard/tika-parsers-standard-package/src/test/java/org/apache/tika/parser/microsoft/ooxml/TruncatedOOXMLTest.java,33
tika,org.apache.tika.parser.microsoft.ooxml.xps,XPSParserTest,0,0,6,6,74,6,0,0,-1.0,0,2,/Users/surabhilone/Desktop/Thesis/SoftwareSystems/tika/tika-parsers/tika-parsers-standard/tika-parsers-standard-modules/tika-parser-microsoft-module/src/test/java/org/apache/tika/parser/microsoft/ooxml/xps/XPSParserTest.java,34
tika,org.apache.tika.parser.microsoft.ooxml.xps,XPSTextExtractor,2,0,10,10,37,10,0,0,0.6,1,0,/Users/surabhilone/Desktop/Thesis/SoftwareSystems/tika/tika-parsers/tika-parsers-standard/tika-parsers-standard-modules/tika-parser-microsoft-module/src/main/java/org/apache/tika/parser/microsoft/ooxml/xps/XPSTextExtractor.java,30
tika,org.apache.tika.parser.microsoft.ooxml.xps,XPSPageContentHandler,51,0,15,7,455,75,0,0,0.2,0,4,/Users/surabhilone/Desktop/Thesis/SoftwareSystems/tika/tika-parsers/tika-parsers-standard/tika-parsers-standard-modules/tika-parser-microsoft-module/src/main/java/org/apache/tika/parser/microsoft/ooxml/xps/XPSPageContentHandler.java,38
tika,org.apache.tika.parser.microsoft.ooxml.xps,XPSPageContentHandler.GlyphRun,8,0,0,0,64,0,0,0,-1.0,0,0,/Users/surabhilone/Desktop/Thesis/SoftwareSystems/tika/tika-parsers/tika-parsers-standard/tika-parsers-standard-modules/tika-parser-microsoft-module/src/main/java/org/apache/tika/parser/microsoft/ooxml/xps/XPSPageContentHandler.java,498
tika,org.apache.tika.parser.microsoft.ooxml.xps,XPSPageContentHandler.DIRECTION,0,0,0,0,1,0,0,0,-1.0,0,0,/Users/surabhilone/Desktop/Thesis/SoftwareSystems/tika/tika-parsers/tika-parsers-standard/tika-parsers-standard-modules/tika-parser-microsoft-module/src/main/java/org/apache/tika/parser/microsoft/ooxml/xps/XPSPageContentHandler.java,533
tika,org.apache.tika.parser.microsoft.ooxml.xps,XPSPageContentHandler.GlyphIndex,1,0,0,0,6,0,0,0,-1.0,0,0,/Users/surabhilone/Desktop/Thesis/SoftwareSystems/tika/tika-parsers/tika-parsers-standard/tika-parsers-standard-modules/tika-parser-microsoft-module/src/main/java/org/apache/tika/parser/microsoft/ooxml/xps/XPSPageContentHandler.java,572
tika,org.apache.tika.parser.microsoft.ooxml.xps,XPSExtractorDecorator,12,0,7,2,163,16,0,2,0.42857142857142855,1,6,/Users/surabhilone/Desktop/Thesis/SoftwareSystems/tika/tika-parsers/tika-parsers-standard/tika-parsers-standard-modules/tika-parser-microsoft-module/src/main/java/org/apache/tika/parser/microsoft/ooxml/xps/XPSExtractorDecorator.java,50
tika,org.apache.tika.parser.microsoft.ooxml.xps,XPSExtractorDecorator.FixedDocSeqHandler,7,0,0,0,77,0,0,0,-1.0,0,1,/Users/surabhilone/Desktop/Thesis/SoftwareSystems/tika/tika-parsers/tika-parsers-standard/tika-parsers-standard-modules/tika-parser-microsoft-module/src/main/java/org/apache/tika/parser/microsoft/ooxml/xps/XPSExtractorDecorator.java,161
tika,org.apache.tika.parser.microsoft.ooxml.xps,XPSExtractorDecorator.PageContentPartHandler,4,0,0,0,36,0,0,0,-1.0,0,1,/Users/surabhilone/Desktop/Thesis/SoftwareSystems/tika/tika-parsers/tika-parsers-standard/tika-parsers-standard-modules/tika-parser-microsoft-module/src/main/java/org/apache/tika/parser/microsoft/ooxml/xps/XPSExtractorDecorator.java,213
tika,org.apache.tika.parser.microsoft.ooxml.xwpf.ml2006,Word2006MLParserTest,0,0,4,4,75,5,0,0,-1.0,0,9,/Users/surabhilone/Desktop/Thesis/SoftwareSystems/tika/tika-parsers/tika-parsers-standard/tika-parsers-standard-modules/tika-parser-microsoft-module/src/test/java/org/apache/tika/parser/microsoft/ooxml/xwpf/ml2006/Word2006MLParserTest.java,39
tika,org.apache.tika.parser.microsoft.ooxml.xwpf.ml2006,WordAndPowerPointTextPartHandler,2,0,5,5,22,5,0,1,0.6,0,4,/Users/surabhilone/Desktop/Thesis/SoftwareSystems/tika/tika-parsers/tika-parsers-standard/tika-parsers-standard-modules/tika-parser-microsoft-module/src/main/java/org/apache/tika/parser/microsoft/ooxml/xwpf/ml2006/WordAndPowerPointTextPartHandler.java,30
tika,org.apache.tika.parser.microsoft.ooxml.xwpf.ml2006,BinaryDataHandler,6,0,11,9,57,15,0,2,0.45454545454545453,1,8,/Users/surabhilone/Desktop/Thesis/SoftwareSystems/tika/tika-parsers/tika-parsers-standard/tika-parsers-standard-modules/tika-parser-microsoft-module/src/main/java/org/apache/tika/parser/microsoft/ooxml/xwpf/ml2006/BinaryDataHandler.java,36
tika,org.apache.tika.parser.microsoft.ooxml.xwpf.ml2006,PartHandler,0,0,4,0,9,4,2,0,-1.0,1,1,/Users/surabhilone/Desktop/Thesis/SoftwareSystems/tika/tika-parsers/tika-parsers-standard/tika-parsers-standard-modules/tika-parser-microsoft-module/src/main/java/org/apache/tika/parser/microsoft/ooxml/xwpf/ml2006/PartHandler.java,24
tika,org.apache.tika.parser.microsoft.ooxml.xwpf.ml2006,Word2006MLDocHandler,8,0,10,9,81,19,0,0,0.5,1,7,/Users/surabhilone/Desktop/Thesis/SoftwareSystems/tika/tika-parsers/tika-parsers-standard/tika-parsers-standard-modules/tika-parser-microsoft-module/src/main/java/org/apache/tika/parser/microsoft/ooxml/xwpf/ml2006/Word2006MLDocHandler.java,34
tika,org.apache.tika.parser.microsoft.ooxml.xwpf.ml2006,ExtendedPropertiesHandler,1,0,3,2,33,4,0,3,1.0,0,3,/Users/surabhilone/Desktop/Thesis/SoftwareSystems/tika/tika-parsers/tika-parsers-standard/tika-parsers-standard-modules/tika-parser-microsoft-module/src/main/java/org/apache/tika/parser/microsoft/ooxml/xwpf/ml2006/ExtendedPropertiesHandler.java,28
tika,org.apache.tika.parser.microsoft.ooxml.xwpf.ml2006,RelationshipsManager,1,0,3,2,28,6,0,0,0.0,3,1,/Users/surabhilone/Desktop/Thesis/SoftwareSystems/tika/tika-parsers/tika-parsers-standard/tika-parsers-standard-modules/tika-parser-microsoft-module/src/main/java/org/apache/tika/parser/microsoft/ooxml/xwpf/ml2006/RelationshipsManager.java,25
tika,org.apache.tika.parser.microsoft.ooxml.xwpf.ml2006,Word2006MLParser,1,0,2,2,18,2,0,2,1.0,0,5,/Users/surabhilone/Desktop/Thesis/SoftwareSystems/tika/tika-parsers/tika-parsers-standard/tika-parsers-standard-modules/tika-parser-microsoft-module/src/main/java/org/apache/tika/parser/microsoft/ooxml/xwpf/ml2006/Word2006MLParser.java,38
tika,org.apache.tika.parser.microsoft.ooxml.xwpf.ml2006,RelationshipsHandler,2,0,10,10,36,12,0,2,0.9,0,1,/Users/surabhilone/Desktop/Thesis/SoftwareSystems/tika/tika-parsers/tika-parsers-standard/tika-parsers-standard-modules/tika-parser-microsoft-module/src/main/java/org/apache/tika/parser/microsoft/ooxml/xwpf/ml2006/RelationshipsHandler.java,25
tika,org.apache.tika.parser.microsoft.ooxml.xwpf.ml2006,AbstractPartHandler,1,0,4,4,15,4,3,1,0.75,0,1,/Users/surabhilone/Desktop/Thesis/SoftwareSystems/tika/tika-parsers/tika-parsers-standard/tika-parsers-standard-modules/tika-parser-microsoft-module/src/main/java/org/apache/tika/parser/microsoft/ooxml/xwpf/ml2006/AbstractPartHandler.java,24
tika,org.apache.tika.parser.microsoft.ooxml.xwpf.ml2006,Relationship,3,0,5,5,22,5,0,0,0.0,1,0,/Users/surabhilone/Desktop/Thesis/SoftwareSystems/tika/tika-parsers/tika-parsers-standard/tika-parsers-standard-modules/tika-parser-microsoft-module/src/main/java/org/apache/tika/parser/microsoft/ooxml/xwpf/ml2006/Relationship.java,22
tika,org.apache.tika.parser.microsoft.ooxml.xwpf.ml2006,CorePropertiesHandler,6,0,12,10,83,19,1,2,0.5,0,5,/Users/surabhilone/Desktop/Thesis/SoftwareSystems/tika/tika-parsers/tika-parsers-standard/tika-parsers-standard-modules/tika-parser-microsoft-module/src/main/java/org/apache/tika/parser/microsoft/ooxml/xwpf/ml2006/CorePropertiesHandler.java,33
tika,org.apache.tika.parser.microsoft.xml,XML2003ParserTest,0,0,3,3,31,4,0,0,-1.0,0,6,/Users/surabhilone/Desktop/Thesis/SoftwareSystems/tika/tika-parsers/tika-parsers-standard/tika-parsers-standard-modules/tika-parser-microsoft-module/src/test/java/org/apache/tika/parser/microsoft/xml/XML2003ParserTest.java,33
tika,org.apache.tika.parser.microsoft.xml,HyperlinkHandler,5,0,4,4,48,12,0,0,0.0,0,2,/Users/surabhilone/Desktop/Thesis/SoftwareSystems/tika/tika-parsers/tika-parsers-standard/tika-parsers-standard-modules/tika-parser-microsoft-module/src/main/java/org/apache/tika/parser/microsoft/xml/HyperlinkHandler.java,27
tika,org.apache.tika.parser.microsoft.xml,WordMLParser,18,0,3,2,197,3,0,2,1.0,0,7,/Users/surabhilone/Desktop/Thesis/SoftwareSystems/tika/tika-parsers/tika-parsers-standard/tika-parsers-standard-modules/tika-parser-microsoft-module/src/main/java/org/apache/tika/parser/microsoft/xml/WordMLParser.java,46
tika,org.apache.tika.parser.microsoft.xml,WordMLParser.WordMLHandler,4,0,0,0,63,0,0,0,-1.0,0,1,/Users/surabhilone/Desktop/Thesis/SoftwareSystems/tika/tika-parsers/tika-parsers-standard/tika-parsers-standard-modules/tika-parser-microsoft-module/src/main/java/org/apache/tika/parser/microsoft/xml/WordMLParser.java,93
tika,org.apache.tika.parser.microsoft.xml,WordMLParser.PictHandler,10,0,0,0,108,0,0,0,-1.0,0,4,/Users/surabhilone/Desktop/Thesis/SoftwareSystems/tika/tika-parsers/tika-parsers-standard/tika-parsers-standard-modules/tika-parser-microsoft-module/src/main/java/org/apache/tika/parser/microsoft/xml/WordMLParser.java,176
tika,org.apache.tika.parser.microsoft.xml,SpreadsheetMLParser,11,0,3,2,98,3,0,2,1.0,0,4,/Users/surabhilone/Desktop/Thesis/SoftwareSystems/tika/tika-parsers/tika-parsers-standard/tika-parsers-standard-modules/tika-parser-microsoft-module/src/main/java/org/apache/tika/parser/microsoft/xml/SpreadsheetMLParser.java,36
tika,org.apache.tika.parser.microsoft.xml,SpreadsheetMLParser.ExcelMLHandler,5,0,0,0,78,0,0,0,-1.0,0,1,/Users/surabhilone/Desktop/Thesis/SoftwareSystems/tika/tika-parsers/tika-parsers-standard/tika-parsers-standard-modules/tika-parser-microsoft-module/src/main/java/org/apache/tika/parser/microsoft/xml/SpreadsheetMLParser.java,70
tika,org.apache.tika.parser.microsoft.xml,AbstractXML2003Parser,25,0,4,1,50,4,2,1,0.0,1,12,/Users/surabhilone/Desktop/Thesis/SoftwareSystems/tika/tika-parsers/tika-parsers-standard/tika-parsers-standard-modules/tika-parser-microsoft-module/src/main/java/org/apache/tika/parser/microsoft/xml/AbstractXML2003Parser.java,46
tika,org.apache.tika.parser.microsoft.libpst,TestLibPstParser,1,0,3,3,51,9,0,0,0.0,0,9,/Users/surabhilone/Desktop/Thesis/SoftwareSystems/tika/tika-parsers/tika-parsers-standard/tika-parsers-standard-modules/tika-parser-microsoft-module/src/test/java/org/apache/tika/parser/microsoft/libpst/TestLibPstParser.java,37
tika,org.apache.tika.parser.microsoft.libpst,EmailVisitor,5,0,6,5,47,9,0,0,0.6666666666666666,0,6,/Users/surabhilone/Desktop/Thesis/SoftwareSystems/tika/tika-parsers/tika-parsers-standard/tika-parsers-standard-modules/tika-parser-microsoft-module/src/main/java/org/apache/tika/parser/microsoft/libpst/EmailVisitor.java,36
tika,org.apache.tika.parser.microsoft.libpst,LibPstParserConfig,5,0,10,10,46,10,0,0,0.5,1,0,/Users/surabhilone/Desktop/Thesis/SoftwareSystems/tika/tika-parsers/tika-parsers-standard/tika-parsers-standard-modules/tika-parser-microsoft-module/src/main/java/org/apache/tika/parser/microsoft/libpst/LibPstParserConfig.java,21
tika,org.apache.tika.parser.microsoft.libpst,LibPstParser,8,1,15,10,157,28,0,1,0.2,1,14,/Users/surabhilone/Desktop/Thesis/SoftwareSystems/tika/tika-parsers/tika-parsers-standard/tika-parsers-standard-modules/tika-parser-microsoft-module/src/main/java/org/apache/tika/parser/microsoft/libpst/LibPstParser.java,53
tika,org.apache.tika.parser.microsoft.chm,TestChmLzxState,2,0,3,3,31,5,0,0,0.0,0,9,/Users/surabhilone/Desktop/Thesis/SoftwareSystems/tika/tika-parsers/tika-parsers-standard/tika-parsers-standard-modules/tika-parser-microsoft-module/src/test/java/org/apache/tika/parser/microsoft/chm/TestChmLzxState.java,29
tika,org.apache.tika.parser.microsoft.chm,TestPmglHeader,1,0,7,7,26,7,0,0,0.0,0,4,/Users/surabhilone/Desktop/Thesis/SoftwareSystems/tika/tika-parsers/tika-parsers-standard/tika-parsers-standard-modules/tika-parser-microsoft-module/src/test/java/org/apache/tika/parser/microsoft/chm/TestPmglHeader.java,26
tika,org.apache.tika.parser.microsoft.chm,TestPmgiHeader,1,0,3,3,14,3,0,0,0.0,0,2,/Users/surabhilone/Desktop/Thesis/SoftwareSystems/tika/tika-parsers/tika-parsers-standard/tika-parsers-standard-modules/tika-parser-microsoft-module/src/test/java/org/apache/tika/parser/microsoft/chm/TestPmgiHeader.java,25
tika,org.apache.tika.parser.microsoft.chm,TestChmLzxcControlData,1,0,11,11,52,12,0,0,0.0,0,7,/Users/surabhilone/Desktop/Thesis/SoftwareSystems/tika/tika-parsers/tika-parsers-standard/tika-parsers-standard-modules/tika-parser-microsoft-module/src/test/java/org/apache/tika/parser/microsoft/chm/TestChmLzxcControlData.java,27
tika,org.apache.tika.parser.microsoft.chm,TestChmExtractor,1,0,5,5,31,6,0,0,0.4,0,4,/Users/surabhilone/Desktop/Thesis/SoftwareSystems/tika/tika-parsers/tika-parsers-standard/tika-parsers-standard-modules/tika-parser-microsoft-module/src/test/java/org/apache/tika/parser/microsoft/chm/TestChmExtractor.java,33
tika,org.apache.tika.parser.microsoft.chm,TestDirectoryListingEntry,1,0,9,9,38,9,0,0,0.0,0,2,/Users/surabhilone/Desktop/Thesis/SoftwareSystems/tika/tika-parsers/tika-parsers-standard/tika-parsers-standard-modules/tika-parser-microsoft-module/src/test/java/org/apache/tika/parser/microsoft/chm/TestDirectoryListingEntry.java,25
tika,org.apache.tika.parser.microsoft.chm,TestChmBlockInfo,5,0,4,4,47,7,0,0,0.0,0,10,/Users/surabhilone/Desktop/Thesis/SoftwareSystems/tika/tika-parsers/tika-parsers-standard/tika-parsers-standard-modules/tika-parser-microsoft-module/src/test/java/org/apache/tika/parser/microsoft/chm/TestChmBlockInfo.java,26
tika,org.apache.tika.parser.microsoft.chm,TestParameters,55,0,2,0,72,2,0,0,1.0,11,1,/Users/surabhilone/Desktop/Thesis/SoftwareSystems/tika/tika-parsers/tika-parsers-standard/tika-parsers-standard-modules/tika-parser-microsoft-module/src/test/java/org/apache/tika/parser/microsoft/chm/TestParameters.java,25
tika,org.apache.tika.parser.microsoft.chm,TestChmExtraction,2,0,11,7,141,30,0,0,0.36363636363636365,0,8,/Users/surabhilone/Desktop/Thesis/SoftwareSystems/tika/tika-parsers/tika-parsers-standard/tika-parsers-standard-modules/tika-parser-microsoft-module/src/test/java/org/apache/tika/parser/microsoft/chm/TestChmExtraction.java,50
tika,org.apache.tika.parser.microsoft.chm,TestChmLzxcResetTable,1,0,10,10,52,11,0,0,0.0,0,9,/Users/surabhilone/Desktop/Thesis/SoftwareSystems/tika/tika-parsers/tika-parsers-standard/tika-parsers-standard-modules/tika-parser-microsoft-module/src/test/java/org/apache/tika/parser/microsoft/chm/TestChmLzxcResetTable.java,26
tika,org.apache.tika.parser.microsoft.chm,TestChmItsfHeader,1,0,14,14,50,14,0,0,0.0,0,4,/Users/surabhilone/Desktop/Thesis/SoftwareSystems/tika/tika-parsers/tika-parsers-standard/tika-parsers-standard-modules/tika-parser-microsoft-module/src/test/java/org/apache/tika/parser/microsoft/chm/TestChmItsfHeader.java,27
tika,org.apache.tika.parser.microsoft.chm,TestChmItspHeader,1,0,18,18,64,18,0,0,0.0,0,5,/Users/surabhilone/Desktop/Thesis/SoftwareSystems/tika/tika-parsers/tika-parsers-standard/tika-parsers-standard-modules/tika-parser-microsoft-module/src/test/java/org/apache/tika/parser/microsoft/chm/TestChmItspHeader.java,27
tika,org.apache.tika.parser.microsoft.chm,ChmPmglHeader,8,0,20,9,112,25,0,1,0.0,2,4,/Users/surabhilone/Desktop/Thesis/SoftwareSystems/tika/tika-parsers/tika-parsers-standard/tika-parsers-standard-modules/tika-parser-microsoft-module/src/main/java/org/apache/tika/parser/microsoft/chm/ChmPmglHeader.java,23
tika,org.apache.tika.parser.microsoft.chm,ChmCommons,5,4,14,12,249,64,0,0,0.7142857142857143,17,5,/Users/surabhilone/Desktop/Thesis/SoftwareSystems/tika/tika-parsers/tika-parsers-standard/tika-parsers-standard-modules/tika-parser-microsoft-module/src/main/java/org/apache/tika/parser/microsoft/chm/ChmCommons.java,29
tika,org.apache.tika.parser.microsoft.chm,ChmCommons.EntryType,0,0,0,0,4,0,0,0,-1.0,0,0,/Users/surabhilone/Desktop/Thesis/SoftwareSystems/tika/tika-parsers/tika-parsers-standard/tika-parsers-standard-modules/tika-parser-microsoft-module/src/main/java/org/apache/tika/parser/microsoft/chm/ChmCommons.java,340
tika,org.apache.tika.parser.microsoft.chm,ChmCommons.LzxState,0,0,0,0,4,0,0,0,-1.0,0,0,/Users/surabhilone/Desktop/Thesis/SoftwareSystems/tika/tika-parsers/tika-parsers-standard/tika-parsers-standard-modules/tika-parser-microsoft-module/src/main/java/org/apache/tika/parser/microsoft/chm/ChmCommons.java,347
tika,org.apache.tika.parser.microsoft.chm,ChmCommons.IntelState,0,0,0,0,4,0,0,0,-1.0,0,0,/Users/surabhilone/Desktop/Thesis/SoftwareSystems/tika/tika-parsers/tika-parsers-standard/tika-parsers-standard-modules/tika-parser-microsoft-module/src/main/java/org/apache/tika/parser/microsoft/chm/ChmCommons.java,354
tika,org.apache.tika.parser.microsoft.chm,ChmItspHeader,18,0,41,18,352,47,0,1,0.0,8,4,/Users/surabhilone/Desktop/Thesis/SoftwareSystems/tika/tika-parsers/tika-parsers-standard/tika-parsers-standard-modules/tika-parser-microsoft-module/src/main/java/org/apache/tika/parser/microsoft/chm/ChmItspHeader.java,25
tika,org.apache.tika.parser.microsoft.chm,ChmSection,5,0,24,21,163,40,0,0,0.125,1,2,/Users/surabhilone/Desktop/Thesis/SoftwareSystems/tika/tika-parsers/tika-parsers-standard/tika-parsers-standard-modules/tika-parser-microsoft-module/src/main/java/org/apache/tika/parser/microsoft/chm/ChmSection.java,25
tika,org.apache.tika.parser.microsoft.chm,ChmPmgiHeader,5,0,13,5,97,17,0,1,0.0,1,5,/Users/surabhilone/Desktop/Thesis/SoftwareSystems/tika/tika-parsers/tika-parsers-standard/tika-parsers-standard-modules/tika-parser-microsoft-module/src/main/java/org/apache/tika/parser/microsoft/chm/ChmPmgiHeader.java,25
tika,org.apache.tika.parser.microsoft.chm,ChmItsfHeader,16,0,39,17,368,51,0,1,0.05128205128205128,9,3,/Users/surabhilone/Desktop/Thesis/SoftwareSystems/tika/tika-parsers/tika-parsers-standard/tika-parsers-standard-modules/tika-parser-microsoft-module/src/main/java/org/apache/tika/parser/microsoft/chm/ChmItsfHeader.java,26
tika,org.apache.tika.parser.microsoft.chm,ChmLzxBlock,8,0,33,6,718,171,0,0,0.0,1,6,/Users/surabhilone/Desktop/Thesis/SoftwareSystems/tika/tika-parsers/tika-parsers-standard/tika-parsers-standard-modules/tika-parser-microsoft-module/src/main/java/org/apache/tika/parser/microsoft/chm/ChmLzxBlock.java,26
tika,org.apache.tika.parser.microsoft.chm,ChmParsingException,1,0,1,1,6,1,0,1,0.0,9,0,/Users/surabhilone/Desktop/Thesis/SoftwareSystems/tika/tika-parsers/tika-parsers-standard/tika-parsers-standard-modules/tika-parser-microsoft-module/src/main/java/org/apache/tika/parser/microsoft/chm/ChmParsingException.java,21
tika,org.apache.tika.parser.microsoft.chm,ChmLzxState,21,0,47,8,234,52,0,0,0.0,2,3,/Users/surabhilone/Desktop/Thesis/SoftwareSystems/tika/tika-parsers/tika-parsers-standard/tika-parsers-standard-modules/tika-parser-microsoft-module/src/main/java/org/apache/tika/parser/microsoft/chm/ChmLzxState.java,25
tika,org.apache.tika.parser.microsoft.chm,ChmLzxcControlData,10,0,24,11,211,31,0,1,0.08333333333333333,7,4,/Users/surabhilone/Desktop/Thesis/SoftwareSystems/tika/tika-parsers/tika-parsers-standard/tika-parsers-standard-modules/tika-parser-microsoft-module/src/main/java/org/apache/tika/parser/microsoft/chm/ChmLzxcControlData.java,23
tika,org.apache.tika.parser.microsoft.chm,ChmBlockInfo,5,0,16,9,129,22,0,0,0.1875,2,3,/Users/surabhilone/Desktop/Thesis/SoftwareSystems/tika/tika-parsers/tika-parsers-standard/tika-parsers-standard-modules/tika-parser-microsoft-module/src/main/java/org/apache/tika/parser/microsoft/chm/ChmBlockInfo.java,19
tika,org.apache.tika.parser.microsoft.chm,ChmConstants,48,48,1,0,52,1,0,0,0.0,17,0,/Users/surabhilone/Desktop/Thesis/SoftwareSystems/tika/tika-parsers/tika-parsers-standard/tika-parsers-standard-modules/tika-parser-microsoft-module/src/main/java/org/apache/tika/parser/microsoft/chm/ChmConstants.java,21
tika,org.apache.tika.parser.microsoft.chm,ChmLzxcResetTable,11,0,26,18,234,33,0,1,0.0,6,3,/Users/surabhilone/Desktop/Thesis/SoftwareSystems/tika/tika-parsers/tika-parsers-standard/tika-parsers-standard-modules/tika-parser-microsoft-module/src/main/java/org/apache/tika/parser/microsoft/chm/ChmLzxcResetTable.java,24
tika,org.apache.tika.parser.microsoft.chm,ChmParser,2,0,3,2,35,6,0,1,0.6666666666666666,0,9,/Users/surabhilone/Desktop/Thesis/SoftwareSystems/tika/tika-parsers/tika-parsers-standard/tika-parsers-standard-modules/tika-parser-microsoft-module/src/main/java/org/apache/tika/parser/microsoft/chm/ChmParser.java,41
tika,org.apache.tika.parser.microsoft.chm,ChmExtractor,12,0,23,4,233,43,0,0,0.0,3,12,/Users/surabhilone/Desktop/Thesis/SoftwareSystems/tika/tika-parsers/tika-parsers-standard/tika-parsers-standard-modules/tika-parser-microsoft-module/src/main/java/org/apache/tika/parser/microsoft/chm/ChmExtractor.java,34
tika,org.apache.tika.parser.microsoft.chm,ChmWrapper,13,0,26,0,93,26,0,0,0.5,0,5,/Users/surabhilone/Desktop/Thesis/SoftwareSystems/tika/tika-parsers/tika-parsers-standard/tika-parsers-standard-modules/tika-parser-microsoft-module/src/main/java/org/apache/tika/parser/microsoft/chm/ChmWrapper.java,21
tika,org.apache.tika.parser.microsoft.chm,ChmAccessor,0,0,1,0,13,1,6,0,-1.0,1,1,/Users/surabhilone/Desktop/Thesis/SoftwareSystems/tika/tika-parsers/tika-parsers-standard/tika-parsers-standard-modules/tika-parser-microsoft-module/src/main/java/org/apache/tika/parser/microsoft/chm/ChmAccessor.java,23
tika,org.apache.tika.parser.microsoft.chm,ChmDirectoryListingSet,10,0,19,8,247,36,0,0,0.0,8,8,/Users/surabhilone/Desktop/Thesis/SoftwareSystems/tika/tika-parsers/tika-parsers-standard/tika-parsers-standard-modules/tika-parser-microsoft-module/src/main/java/org/apache/tika/parser/microsoft/chm/ChmDirectoryListingSet.java,32
tika,org.apache.tika.parser.microsoft.chm,DirectoryListingEntry,5,0,13,8,88,13,0,0,0.15384615384615385,5,2,/Users/surabhilone/Desktop/Thesis/SoftwareSystems/tika/tika-parsers/tika-parsers-standard/tika-parsers-standard-modules/tika-parser-microsoft-module/src/main/java/org/apache/tika/parser/microsoft/chm/DirectoryListingEntry.java,21
tika,org.apache.tika.parser.microsoft.chm,ChmAssert,0,0,8,8,120,25,0,0,-1.0,9,5,/Users/surabhilone/Desktop/Thesis/SoftwareSystems/tika/tika-parsers/tika-parsers-standard/tika-parsers-standard-modules/tika-parser-microsoft-module/src/main/java/org/apache/tika/parser/microsoft/chm/ChmAssert.java,24
tika,org.apache.tika.parser.microsoft.pst,OutlookPSTParserTest,1,0,4,4,62,7,0,0,1.0,0,7,/Users/surabhilone/Desktop/Thesis/SoftwareSystems/tika/tika-parsers/tika-parsers-standard/tika-parsers-standard-modules/tika-parser-microsoft-module/src/test/java/org/apache/tika/parser/microsoft/pst/OutlookPSTParserTest.java,37
tika,org.apache.tika.parser.microsoft.pst,OutlookPSTParser,3,1,6,2,96,14,0,1,0.3333333333333333,2,11,/Users/surabhilone/Desktop/Thesis/SoftwareSystems/tika/tika-parsers/tika-parsers-standard/tika-parsers-standard-modules/tika-parser-microsoft-module/src/main/java/org/apache/tika/parser/microsoft/pst/OutlookPSTParser.java,46
tika,org.apache.tika.parser.microsoft.pst,PSTMailItemParser,3,3,7,2,163,22,0,1,0.2857142857142857,1,17,/Users/surabhilone/Desktop/Thesis/SoftwareSystems/tika/tika-parsers/tika-parsers-standard/tika-parsers-standard-modules/tika-parser-microsoft-module/src/main/java/org/apache/tika/parser/microsoft/pst/PSTMailItemParser.java,54
tika,org.apache.tika.parser.microsoft.onenote,OneNoteParserTest,0,0,12,11,170,12,0,0,-1.0,0,2,/Users/surabhilone/Desktop/Thesis/SoftwareSystems/tika/tika-parsers/tika-parsers-standard/tika-parsers-standard-modules/tika-parser-microsoft-module/src/test/java/org/apache/tika/parser/microsoft/onenote/OneNoteParserTest.java,35
tika,org.apache.tika.parser.microsoft.onenote,ObjectInfoDependencyOverrideData,5,0,10,10,42,10,0,0,0.5,2,0,/Users/surabhilone/Desktop/Thesis/SoftwareSystems/tika/tika-parsers/tika-parsers-standard/tika-parsers-standard-modules/tika-parser-microsoft-module/src/main/java/org/apache/tika/parser/microsoft/onenote/ObjectInfoDependencyOverrideData.java,23
tika,org.apache.tika.parser.microsoft.onenote,RevisionRoleDeclaration,1,0,2,2,10,2,0,0,0.0,1,0,/Users/surabhilone/Desktop/Thesis/SoftwareSystems/tika/tika-parsers/tika-parsers-standard/tika-parsers-standard-modules/tika-parser-microsoft-module/src/main/java/org/apache/tika/parser/microsoft/onenote/RevisionRoleDeclaration.java,19
tika,org.apache.tika.parser.microsoft.onenote,FileChunkReference,2,0,10,10,46,12,0,0,0.3,7,0,/Users/surabhilone/Desktop/Thesis/SoftwareSystems/tika/tika-parsers/tika-parsers-standard/tika-parsers-standard-modules/tika-parser-microsoft-module/src/main/java/org/apache/tika/parser/microsoft/onenote/FileChunkReference.java,21
tika,org.apache.tika.parser.microsoft.onenote,CheckedFileNodePushBack,2,0,3,3,21,4,0,0,0.0,1,1,/Users/surabhilone/Desktop/Thesis/SoftwareSystems/tika/tika-parsers/tika-parsers-standard/tika-parsers-standard-modules/tika-parser-microsoft-module/src/main/java/org/apache/tika/parser/microsoft/onenote/CheckedFileNodePushBack.java,19
tika,org.apache.tika.parser.microsoft.onenote,ObjectInfoDependencyOverrides,1,0,2,2,10,2,0,0,0.0,1,1,/Users/surabhilone/Desktop/Thesis/SoftwareSystems/tika/tika-parsers/tika-parsers-standard/tika-parsers-standard-modules/tika-parser-microsoft-module/src/main/java/org/apache/tika/parser/microsoft/onenote/ObjectInfoDependencyOverrides.java,19
tika,org.apache.tika.parser.microsoft.onenote,RevisionManifest,4,0,8,8,34,8,0,0,0.5,1,1,/Users/surabhilone/Desktop/Thesis/SoftwareSystems/tika/tika-parsers/tika-parsers-standard/tika-parsers-standard-modules/tika-parser-microsoft-module/src/main/java/org/apache/tika/parser/microsoft/onenote/RevisionManifest.java,19
tika,org.apache.tika.parser.microsoft.onenote,FileDataStoreObject,1,0,2,2,10,2,0,0,0.0,2,1,/Users/surabhilone/Desktop/Thesis/SoftwareSystems/tika/tika-parsers/tika-parsers-standard/tika-parsers-standard-modules/tika-parser-microsoft-module/src/main/java/org/apache/tika/parser/microsoft/onenote/FileDataStoreObject.java,19
tika,org.apache.tika.parser.microsoft.onenote,FndStructureConstants,39,0,2,0,94,41,0,0,1.0,3,0,/Users/surabhilone/Desktop/Thesis/SoftwareSystems/tika/tika-parsers/tika-parsers-standard/tika-parsers-standard-modules/tika-parser-microsoft-module/src/main/java/org/apache/tika/parser/microsoft/onenote/FndStructureConstants.java,19
tika,org.apache.tika.parser.microsoft.onenote,FndStructureConstants.CanRevise,10,0,0,0,14,0,0,0,-1.0,0,0,/Users/surabhilone/Desktop/Thesis/SoftwareSystems/tika/tika-parsers/tika-parsers-standard/tika-parsers-standard-modules/tika-parser-microsoft-module/src/main/java/org/apache/tika/parser/microsoft/onenote/FndStructureConstants.java,148
tika,org.apache.tika.parser.microsoft.onenote,Int24,1,0,2,2,16,2,0,0,0.0,0,0,/Users/surabhilone/Desktop/Thesis/SoftwareSystems/tika/tika-parsers/tika-parsers-standard/tika-parsers-standard-modules/tika-parser-microsoft-module/src/main/java/org/apache/tika/parser/microsoft/onenote/Int24.java,19
tika,org.apache.tika.parser.microsoft.onenote,OneNoteTreeWalkerOptions,3,0,6,6,53,6,0,0,0.5,3,1,/Users/surabhilone/Desktop/Thesis/SoftwareSystems/tika/tika-parsers/tika-parsers-standard/tika-parsers-standard-modules/tika-parser-microsoft-module/src/main/java/org/apache/tika/parser/microsoft/onenote/OneNoteTreeWalkerOptions.java,25
tika,org.apache.tika.parser.microsoft.onenote,JCID,7,0,17,17,76,18,0,0,0.0,1,2,/Users/surabhilone/Desktop/Thesis/SoftwareSystems/tika/tika-parsers/tika-parsers-standard/tika-parsers-standard-modules/tika-parser-microsoft-module/src/main/java/org/apache/tika/parser/microsoft/onenote/JCID.java,21
tika,org.apache.tika.parser.microsoft.onenote,CompactID,3,0,7,7,29,7,0,0,0.0,4,1,/Users/surabhilone/Desktop/Thesis/SoftwareSystems/tika/tika-parsers/tika-parsers-standard/tika-parsers-standard-modules/tika-parser-microsoft-module/src/main/java/org/apache/tika/parser/microsoft/onenote/CompactID.java,19
tika,org.apache.tika.parser.microsoft.onenote,GlobalIdTableEntryFNDX,2,0,4,4,18,4,0,0,0.5,1,1,/Users/surabhilone/Desktop/Thesis/SoftwareSystems/tika/tika-parsers/tika-parsers-standard/tika-parsers-standard-modules/tika-parser-microsoft-module/src/main/java/org/apache/tika/parser/microsoft/onenote/GlobalIdTableEntryFNDX.java,19
tika,org.apache.tika.parser.microsoft.onenote,Revision,4,0,10,10,38,10,0,0,0.2,2,1,/Users/surabhilone/Desktop/Thesis/SoftwareSystems/tika/tika-parsers/tika-parsers-standard/tika-parsers-standard-modules/tika-parser-microsoft-module/src/main/java/org/apache/tika/parser/microsoft/onenote/Revision.java,24
tika,org.apache.tika.parser.microsoft.onenote,FileNode,13,0,28,28,160,38,0,0,0.07142857142857142,4,11,/Users/surabhilone/Desktop/Thesis/SoftwareSystems/tika/tika-parsers/tika-parsers-standard/tika-parsers-standard-modules/tika-parser-microsoft-module/src/main/java/org/apache/tika/parser/microsoft/onenote/FileNode.java,27
tika,org.apache.tika.parser.microsoft.onenote,FileNodeListHeader,4,1,9,9,51,11,0,0,0.0,2,1,/Users/surabhilone/Desktop/Thesis/SoftwareSystems/tika/tika-parsers/tika-parsers-standard/tika-parsers-standard-modules/tika-parser-microsoft-module/src/main/java/org/apache/tika/parser/microsoft/onenote/FileNodeListHeader.java,22
tika,org.apache.tika.parser.microsoft.onenote,ObjectStreamCounters,3,0,1,1,10,1,0,0,0.0,1,0,/Users/surabhilone/Desktop/Thesis/SoftwareSystems/tika/tika-parsers/tika-parsers-standard/tika-parsers-standard-modules/tika-parser-microsoft-module/src/main/java/org/apache/tika/parser/microsoft/onenote/ObjectStreamCounters.java,19
tika,org.apache.tika.parser.microsoft.onenote,FileNodePtr,1,0,3,3,29,6,0,0,0.6666666666666666,6,3,/Users/surabhilone/Desktop/Thesis/SoftwareSystems/tika/tika-parsers/tika-parsers-standard/tika-parsers-standard-modules/tika-parser-microsoft-module/src/main/java/org/apache/tika/parser/microsoft/onenote/FileNodePtr.java,24
tika,org.apache.tika.parser.microsoft.onenote,ObjectRevisionWithRefCountFNDX,5,0,10,10,42,10,0,0,0.5,1,2,/Users/surabhilone/Desktop/Thesis/SoftwareSystems/tika/tika-parsers/tika-parsers-standard/tika-parsers-standard-modules/tika-parser-microsoft-module/src/main/java/org/apache/tika/parser/microsoft/onenote/ObjectRevisionWithRefCountFNDX.java,19
tika,org.apache.tika.parser.microsoft.onenote,JCIDPropertySetTypeEnum,2,0,2,1,21,3,0,0,1.0,1,0,/Users/surabhilone/Desktop/Thesis/SoftwareSystems/tika/tika-parsers/tika-parsers-standard/tika-parsers-standard-modules/tika-parser-microsoft-module/src/main/java/org/apache/tika/parser/microsoft/onenote/JCIDPropertySetTypeEnum.java,22
tika,org.apache.tika.parser.microsoft.onenote,GlobalIdTableStartFNDX,1,0,2,2,10,2,0,0,0.0,1,0,/Users/surabhilone/Desktop/Thesis/SoftwareSystems/tika/tika-parsers/tika-parsers-standard/tika-parsers-standard-modules/tika-parser-microsoft-module/src/main/java/org/apache/tika/parser/microsoft/onenote/GlobalIdTableStartFNDX.java,19
tika,org.apache.tika.parser.microsoft.onenote,PropertyValue,6,0,12,12,97,27,0,0,0.0,2,8,/Users/surabhilone/Desktop/Thesis/SoftwareSystems/tika/tika-parsers/tika-parsers-standard/tika-parsers-standard-modules/tika-parser-microsoft-module/src/main/java/org/apache/tika/parser/microsoft/onenote/PropertyValue.java,28
tika,org.apache.tika.parser.microsoft.onenote,OneNoteHeader,38,0,77,77,313,77,0,0,0.4935064935064935,3,2,/Users/surabhilone/Desktop/Thesis/SoftwareSystems/tika/tika-parsers/tika-parsers-standard/tika-parsers-standard-modules/tika-parser-microsoft-module/src/main/java/org/apache/tika/parser/microsoft/onenote/OneNoteHeader.java,21
tika,org.apache.tika.parser.microsoft.onenote,OneNotePropertyId,4,0,11,11,53,13,0,0,0.18181818181818182,3,2,/Users/surabhilone/Desktop/Thesis/SoftwareSystems/tika/tika-parsers/tika-parsers-standard/tika-parsers-standard-modules/tika-parser-microsoft-module/src/main/java/org/apache/tika/parser/microsoft/onenote/OneNotePropertyId.java,21
tika,org.apache.tika.parser.microsoft.onenote,ObjectDeclarationWithRefCountBody,5,0,10,10,42,10,0,0,0.5,2,2,/Users/surabhilone/Desktop/Thesis/SoftwareSystems/tika/tika-parsers/tika-parsers-standard/tika-parsers-standard-modules/tika-parser-microsoft-module/src/main/java/org/apache/tika/parser/microsoft/onenote/ObjectDeclarationWithRefCountBody.java,19
tika,org.apache.tika.parser.microsoft.onenote,OneNoteTreeWalker,20,0,24,15,481,78,0,0,0.0,1,24,/Users/surabhilone/Desktop/Thesis/SoftwareSystems/tika/tika-parsers/tika-parsers-standard/tika-parsers-standard-modules/tika-parser-microsoft-module/src/main/java/org/apache/tika/parser/microsoft/onenote/OneNoteTreeWalker.java,51
tika,org.apache.tika.parser.microsoft.onenote,RootObjectReferenceBase,1,0,2,2,10,2,0,0,0.0,1,0,/Users/surabhilone/Desktop/Thesis/SoftwareSystems/tika/tika-parsers/tika-parsers-standard/tika-parsers-standard-modules/tika-parser-microsoft-module/src/main/java/org/apache/tika/parser/microsoft/onenote/RootObjectReferenceBase.java,19
tika,org.apache.tika.parser.microsoft.onenote,PropertyIDType,0,0,0,0,1,0,0,0,-1.0,0,0,/Users/surabhilone/Desktop/Thesis/SoftwareSystems/tika/tika-parsers/tika-parsers-standard/tika-parsers-standard-modules/tika-parser-microsoft-module/src/main/java/org/apache/tika/parser/microsoft/onenote/PropertyIDType.java,19
tika,org.apache.tika.parser.microsoft.onenote,GUID,1,0,12,12,98,27,0,0,0.16666666666666666,5,0,/Users/surabhilone/Desktop/Thesis/SoftwareSystems/tika/tika-parsers/tika-parsers-standard/tika-parsers-standard-modules/tika-parser-microsoft-module/src/main/java/org/apache/tika/parser/microsoft/onenote/GUID.java,29
tika,org.apache.tika.parser.microsoft.onenote,OneNoteParser,5,1,3,3,103,12,0,1,0.6666666666666666,0,20,/Users/surabhilone/Desktop/Thesis/SoftwareSystems/tika/tika-parsers/tika-parsers-standard/tika-parsers-standard-modules/tika-parser-microsoft-module/src/main/java/org/apache/tika/parser/microsoft/onenote/OneNoteParser.java,47
tika,org.apache.tika.parser.microsoft.onenote,RootObjectReference,2,0,4,4,18,4,0,0,0.5,1,2,/Users/surabhilone/Desktop/Thesis/SoftwareSystems/tika/tika-parsers/tika-parsers-standard/tika-parsers-standard-modules/tika-parser-microsoft-module/src/main/java/org/apache/tika/parser/microsoft/onenote/RootObjectReference.java,19
tika,org.apache.tika.parser.microsoft.onenote,ObjectSpaceObjectPropSet,4,0,8,8,34,8,0,0,0.5,3,2,/Users/surabhilone/Desktop/Thesis/SoftwareSystems/tika/tika-parsers/tika-parsers-standard/tika-parsers-standard-modules/tika-parser-microsoft-module/src/main/java/org/apache/tika/parser/microsoft/onenote/ObjectSpaceObjectPropSet.java,19
tika,org.apache.tika.parser.microsoft.onenote,FileDataStoreObjectReference,1,0,2,2,10,2,0,0,0.0,2,1,/Users/surabhilone/Desktop/Thesis/SoftwareSystems/tika/tika-parsers/tika-parsers-standard/tika-parsers-standard-modules/tika-parser-microsoft-module/src/main/java/org/apache/tika/parser/microsoft/onenote/FileDataStoreObjectReference.java,19
tika,org.apache.tika.parser.microsoft.onenote,ObjectDeclarationWithRefCount,5,0,8,8,44,8,0,0,0.5,1,2,/Users/surabhilone/Desktop/Thesis/SoftwareSystems/tika/tika-parsers/tika-parsers-standard/tika-parsers-standard-modules/tika-parser-microsoft-module/src/main/java/org/apache/tika/parser/microsoft/onenote/ObjectDeclarationWithRefCount.java,19
tika,org.apache.tika.parser.microsoft.onenote,ObjectDeclarationWithRefCount.ReadOnly,1,0,0,0,10,0,0,0,-1.0,0,0,/Users/surabhilone/Desktop/Thesis/SoftwareSystems/tika/tika-parsers/tika-parsers-standard/tika-parsers-standard-modules/tika-parser-microsoft-module/src/main/java/org/apache/tika/parser/microsoft/onenote/ObjectDeclarationWithRefCount.java,61
tika,org.apache.tika.parser.microsoft.onenote,ExtendedGUID,2,0,13,13,63,17,0,0,0.23076923076923078,9,1,/Users/surabhilone/Desktop/Thesis/SoftwareSystems/tika/tika-parsers/tika-parsers-standard/tika-parsers-standard-modules/tika-parser-microsoft-module/src/main/java/org/apache/tika/parser/microsoft/onenote/ExtendedGUID.java,26
tika,org.apache.tika.parser.microsoft.onenote,FileNodeList,2,0,4,4,18,4,0,0,0.5,5,1,/Users/surabhilone/Desktop/Thesis/SoftwareSystems/tika/tika-parsers/tika-parsers-standard/tika-parsers-standard-modules/tika-parser-microsoft-module/src/main/java/org/apache/tika/parser/microsoft/onenote/FileNodeList.java,22
tika,org.apache.tika.parser.microsoft.onenote,IndentUtil,0,0,1,1,9,2,0,0,-1.0,2,0,/Users/surabhilone/Desktop/Thesis/SoftwareSystems/tika/tika-parsers/tika-parsers-standard/tika-parsers-standard-modules/tika-parser-microsoft-module/src/main/java/org/apache/tika/parser/microsoft/onenote/IndentUtil.java,19
tika,org.apache.tika.parser.microsoft.onenote,FileNodePtrBackPush,1,0,2,2,10,2,0,0,0.0,1,1,/Users/surabhilone/Desktop/Thesis/SoftwareSystems/tika/tika-parsers/tika-parsers-standard/tika-parsers-standard-modules/tika-parser-microsoft-module/src/main/java/org/apache/tika/parser/microsoft/onenote/FileNodePtrBackPush.java,19
tika,org.apache.tika.parser.microsoft.onenote,GlobalIdTableEntry3FNDX,3,0,6,6,26,6,0,0,0.5,1,0,/Users/surabhilone/Desktop/Thesis/SoftwareSystems/tika/tika-parsers/tika-parsers-standard/tika-parsers-standard-modules/tika-parser-microsoft-module/src/main/java/org/apache/tika/parser/microsoft/onenote/GlobalIdTableEntry3FNDX.java,19
tika,org.apache.tika.parser.microsoft.onenote,GlobalIdTableEntry2FNDX,2,0,4,4,18,4,0,0,0.5,1,0,/Users/surabhilone/Desktop/Thesis/SoftwareSystems/tika/tika-parsers/tika-parsers-standard/tika-parsers-standard-modules/tika-parser-microsoft-module/src/main/java/org/apache/tika/parser/microsoft/onenote/GlobalIdTableEntry2FNDX.java,19
tika,org.apache.tika.parser.microsoft.onenote,OneNoteLegacyDumpStrings,5,3,5,2,124,22,0,0,0.0,1,3,/Users/surabhilone/Desktop/Thesis/SoftwareSystems/tika/tika-parsers/tika-parsers-standard/tika-parsers-standard-modules/tika-parser-microsoft-module/src/main/java/org/apache/tika/parser/microsoft/onenote/OneNoteLegacyDumpStrings.java,29
tika,org.apache.tika.parser.microsoft.onenote,OneNoteDirectFileResource,2,0,7,7,49,11,0,0,0.0,4,0,/Users/surabhilone/Desktop/Thesis/SoftwareSystems/tika/tika-parsers/tika-parsers-standard/tika-parsers-standard-modules/tika-parser-microsoft-module/src/main/java/org/apache/tika/parser/microsoft/onenote/OneNoteDirectFileResource.java,25
tika,org.apache.tika.parser.microsoft.onenote,FileNodeUnion,12,0,24,24,98,24,0,0,0.5,1,12,/Users/surabhilone/Desktop/Thesis/SoftwareSystems/tika/tika-parsers/tika-parsers-standard/tika-parsers-standard-modules/tika-parser-microsoft-module/src/main/java/org/apache/tika/parser/microsoft/onenote/FileNodeUnion.java,19
tika,org.apache.tika.parser.microsoft.onenote,OneNoteDocument,9,0,22,18,89,22,0,0,0.3181818181818182,7,7,/Users/surabhilone/Desktop/Thesis/SoftwareSystems/tika/tika-parsers/tika-parsers-standard/tika-parsers-standard-modules/tika-parser-microsoft-module/src/main/java/org/apache/tika/parser/microsoft/onenote/OneNoteDocument.java,26
tika,org.apache.tika.parser.microsoft.onenote,Error,0,0,0,0,1,0,0,0,-1.0,0,0,/Users/surabhilone/Desktop/Thesis/SoftwareSystems/tika/tika-parsers/tika-parsers-standard/tika-parsers-standard-modules/tika-parser-microsoft-module/src/main/java/org/apache/tika/parser/microsoft/onenote/Error.java,19
tika,org.apache.tika.parser.microsoft.onenote,OneNotePtr,12,4,37,8,848,154,0,0,0.0,5,26,/Users/surabhilone/Desktop/Thesis/SoftwareSystems/tika/tika-parsers/tika-parsers-standard/tika-parsers-standard-modules/tika-parser-microsoft-module/src/main/java/org/apache/tika/parser/microsoft/onenote/OneNotePtr.java,36
tika,org.apache.tika.parser.microsoft.onenote,PropertySet,1,0,5,5,31,8,0,0,0.0,5,3,/Users/surabhilone/Desktop/Thesis/SoftwareSystems/tika/tika-parsers/tika-parsers-standard/tika-parsers-standard-modules/tika-parser-microsoft-module/src/main/java/org/apache/tika/parser/microsoft/onenote/PropertySet.java,26
tika,org.apache.tika.parser.microsoft.onenote,OneNotePropertyEnum,2,0,4,3,38,7,0,0,0.75,4,0,/Users/surabhilone/Desktop/Thesis/SoftwareSystems/tika/tika-parsers/tika-parsers-standard/tika-parsers-standard-modules/tika-parser-microsoft-module/src/main/java/org/apache/tika/parser/microsoft/onenote/OneNotePropertyEnum.java,22
tika,org.apache.tika.parser.microsoft.onenote,ObjectSpaceObjectStreamOfOIDsOSIDsOrContextIDs,4,0,8,8,34,8,0,0,0.5,2,0,/Users/surabhilone/Desktop/Thesis/SoftwareSystems/tika/tika-parsers/tika-parsers-standard/tika-parsers-standard-modules/tika-parser-microsoft-module/src/main/java/org/apache/tika/parser/microsoft/onenote/ObjectSpaceObjectStreamOfOIDsOSIDsOrContextIDs.java,22
tika,org.apache.tika.parser.microsoft.onenote,RevisionManifestListStart,1,0,2,2,10,2,0,0,0.0,1,0,/Users/surabhilone/Desktop/Thesis/SoftwareSystems/tika/tika-parsers/tika-parsers-standard/tika-parsers-standard-modules/tika-parser-microsoft-module/src/main/java/org/apache/tika/parser/microsoft/onenote/RevisionManifestListStart.java,19
tika,org.apache.tika.detect.microsoft.ooxml,OPCPackageDetector,32,0,7,5,238,27,0,1,0.5714285714285714,1,5,/Users/surabhilone/Desktop/Thesis/SoftwareSystems/tika/tika-parsers/tika-parsers-standard/tika-parsers-standard-modules/tika-parser-microsoft-module/src/main/java/org/apache/tika/detect/microsoft/ooxml/OPCPackageDetector.java,57
tika,org.apache.tika.detect.microsoft.ooxml,OPCPackageDetector.RelsHandler,2,0,0,0,16,0,0,0,-1.0,0,1,/Users/surabhilone/Desktop/Thesis/SoftwareSystems/tika/tika-parsers/tika-parsers-standard/tika-parsers-standard-modules/tika-parser-microsoft-module/src/main/java/org/apache/tika/detect/microsoft/ooxml/OPCPackageDetector.java,330
tika,org.apache.tika.detect.microsoft.ooxml,OPCPackageDetector.ContentTypeHandler,1,0,0,0,15,0,0,0,-1.0,0,1,/Users/surabhilone/Desktop/Thesis/SoftwareSystems/tika/tika-parsers/tika-parsers-standard/tika-parsers-standard-modules/tika-parser-microsoft-module/src/main/java/org/apache/tika/detect/microsoft/ooxml/OPCPackageDetector.java,350
tika,org.apache.tika.detect.microsoft.ooxml,OPCPackageDetector.OOXMLHintCounter,1,0,0,0,9,0,0,0,-1.0,0,0,/Users/surabhilone/Desktop/Thesis/SoftwareSystems/tika/tika-parsers/tika-parsers-standard/tika-parsers-standard-modules/tika-parser-microsoft-module/src/main/java/org/apache/tika/detect/microsoft/ooxml/OPCPackageDetector.java,371
tika,org.apache.tika.detect.microsoft.ooxml,OPCPackageDetector.CloseShieldZipFileZipEntrySource,1,0,0,0,14,0,0,0,-1.0,0,0,/Users/surabhilone/Desktop/Thesis/SoftwareSystems/tika/tika-parsers/tika-parsers-standard/tika-parsers-standard-modules/tika-parser-microsoft-module/src/main/java/org/apache/tika/detect/microsoft/ooxml/OPCPackageDetector.java,383
tika,org.apache.tika.extractor.microsoft,MSEmbeddedStreamTranslator,1,0,3,2,63,13,0,1,0.6666666666666666,0,5,/Users/surabhilone/Desktop/Thesis/SoftwareSystems/tika/tika-parsers/tika-parsers-standard/tika-parsers-standard-modules/tika-parser-microsoft-module/src/main/java/org/apache/tika/extractor/microsoft/MSEmbeddedStreamTranslator.java,40
tika,org.apache.tika.parser.microsoft.msg,TikaNameIdChunks,8,1,12,6,217,41,0,0,0.0,1,0,/Users/surabhilone/Desktop/Thesis/SoftwareSystems/tika/tika-parsers/tika-parsers-standard/tika-parsers-standard-modules/tika-parser-microsoft-module/src/main/java/org/apache/tika/parser/microsoft/msg/TikaNameIdChunks.java,38
tika,org.apache.tika.parser.microsoft.msg,TikaNameIdChunks.PropertySetType,1,0,0,0,8,0,0,0,-1.0,0,0,/Users/surabhilone/Desktop/Thesis/SoftwareSystems/tika/tika-parsers/tika-parsers-standard/tika-parsers-standard-modules/tika-parser-microsoft-module/src/main/java/org/apache/tika/parser/microsoft/msg/TikaNameIdChunks.java,46
tika,org.apache.tika.parser.microsoft.msg,TikaNameIdChunks.PredefinedPropertySet,1,0,0,0,8,0,0,0,-1.0,0,0,/Users/surabhilone/Desktop/Thesis/SoftwareSystems/tika/tika-parsers/tika-parsers-standard/tika-parsers-standard-modules/tika-parser-microsoft-module/src/main/java/org/apache/tika/parser/microsoft/msg/TikaNameIdChunks.java,61
tika,org.apache.tika.parser.microsoft.msg,ExtendedMetadataExtractor,9,0,8,1,233,52,0,0,0.0,1,5,/Users/surabhilone/Desktop/Thesis/SoftwareSystems/tika/tika-parsers/tika-parsers-standard/tika-parsers-standard-modules/tika-parser-microsoft-module/src/main/java/org/apache/tika/parser/microsoft/msg/ExtendedMetadataExtractor.java,47
tika,org.apache.tika.parser.microsoft.msg,ExtendedMetadataExtractor.TikaMapiProperty,4,0,0,0,12,0,0,0,-1.0,0,0,/Users/surabhilone/Desktop/Thesis/SoftwareSystems/tika/tika-parsers/tika-parsers-standard/tika-parsers-standard-modules/tika-parser-microsoft-module/src/main/java/org/apache/tika/parser/microsoft/msg/ExtendedMetadataExtractor.java,180
tika,org.apache.tika.parser.microsoft.msg,ExtendedMetadataExtractor.MAPITagPair,2,0,0,0,8,0,0,0,-1.0,0,1,/Users/surabhilone/Desktop/Thesis/SoftwareSystems/tika/tika-parsers/tika-parsers-standard/tika-parsers-standard-modules/tika-parser-microsoft-module/src/main/java/org/apache/tika/parser/microsoft/msg/ExtendedMetadataExtractor.java,270
tika,org.apache.tika.parser.microsoft.msg,MAPITag,3,0,1,1,10,1,0,0,0.0,2,0,/Users/surabhilone/Desktop/Thesis/SoftwareSystems/tika/tika-parsers/tika-parsers-standard/tika-parsers-standard-modules/tika-parser-microsoft-module/src/main/java/org/apache/tika/parser/microsoft/msg/MAPITag.java,21
tika,org.apache.tika.parser.microsoft.ooxml.xwpf,XWPFNumberingShim,0,0,1,1,9,1,0,0,-1.0,0,0,/Users/surabhilone/Desktop/Thesis/SoftwareSystems/tika/tika-parsers/tika-parsers-standard/tika-parsers-standard-modules/tika-parser-microsoft-module/src/main/java/org/apache/tika/parser/microsoft/ooxml/xwpf/XWPFNumberingShim.java,25
tika,org.apache.tika.parser.microsoft.ooxml.xwpf,XWPFStylesShim,3,1,4,2,58,5,1,0,0.75,2,4,/Users/surabhilone/Desktop/Thesis/SoftwareSystems/tika/tika-parsers/tika-parsers-standard/tika-parsers-standard-modules/tika-parser-microsoft-module/src/main/java/org/apache/tika/parser/microsoft/ooxml/xwpf/XWPFStylesShim.java,34
tika,org.apache.tika.parser.microsoft.ooxml.xwpf,XWPFStylesShim.EmptyXWPFStyles,0,0,0,0,5,0,0,1,-1.0,0,0,/Users/surabhilone/Desktop/Thesis/SoftwareSystems/tika/tika-parsers/tika-parsers-standard/tika-parsers-standard-modules/tika-parser-microsoft-module/src/main/java/org/apache/tika/parser/microsoft/ooxml/xwpf/XWPFStylesShim.java,78
tika,org.apache.tika.parser.microsoft.ooxml.xwpf,XWPFStylesShim.StylesStripper,1,0,0,0,23,0,0,0,-1.0,0,1,/Users/surabhilone/Desktop/Thesis/SoftwareSystems/tika/tika-parsers/tika-parsers-standard/tika-parsers-standard-modules/tika-parser-microsoft-module/src/main/java/org/apache/tika/parser/microsoft/ooxml/xwpf/XWPFStylesShim.java,86
tika,org.apache.tika.parser.microsoft.ooxml.xwpf,XWPFEventBasedWordExtractor,4,0,14,10,218,31,0,0,0.35714285714285715,1,5,/Users/surabhilone/Desktop/Thesis/SoftwareSystems/tika/tika-parsers/tika-parsers-standard/tika-parsers-standard-modules/tika-parser-microsoft-module/src/main/java/org/apache/tika/parser/microsoft/ooxml/xwpf/XWPFEventBasedWordExtractor.java,56
tika,org.apache.tika.parser.microsoft.ooxml.xwpf,XWPFEventBasedWordExtractor.XWPFToTextContentHandler,1,0,0,0,61,0,0,0,-1.0,0,1,/Users/surabhilone/Desktop/Thesis/SoftwareSystems/tika/tika-parsers/tika-parsers-standard/tika-parsers-standard-modules/tika-parser-microsoft-module/src/main/java/org/apache/tika/parser/microsoft/ooxml/xwpf/XWPFEventBasedWordExtractor.java,257
tika,org.apache.tika.parser.microsoft.ooxml.xslf,XSLFEventBasedPowerPointExtractor,3,0,11,11,97,11,0,0,0.5454545454545454,1,1,/Users/surabhilone/Desktop/Thesis/SoftwareSystems/tika/tika-parsers/tika-parsers-standard/tika-parsers-standard-modules/tika-parser-microsoft-module/src/main/java/org/apache/tika/parser/microsoft/ooxml/xslf/XSLFEventBasedPowerPointExtractor.java,34
tika,org.apache.tika.parser.microsoft.ooxml.xslf,XSLFEventBasedPowerPointExtractor.XSLFToTextContentHandler,1,0,0,0,60,0,0,0,-1.0,0,1,/Users/surabhilone/Desktop/Thesis/SoftwareSystems/tika/tika-parsers/tika-parsers-standard/tika-parsers-standard-modules/tika-parser-microsoft-module/src/main/java/org/apache/tika/parser/microsoft/ooxml/xslf/XSLFEventBasedPowerPointExtractor.java,94
tika,org.apache.tika.parser.microsoft.onenote.fsshttpb.streamobj,DataElementHash,2,2,3,1,39,4,0,2,0.6666666666666666,1,4,/Users/surabhilone/Desktop/Thesis/SoftwareSystems/tika/tika-parsers/tika-parsers-standard/tika-parsers-standard-modules/tika-parser-microsoft-module/src/main/java/org/apache/tika/parser/microsoft/onenote/fsshttpb/streamobj/DataElementHash.java,28
tika,org.apache.tika.parser.microsoft.onenote.fsshttpb.streamobj,ObjectGroupData,2,2,3,1,64,11,0,2,0.0,1,4,/Users/surabhilone/Desktop/Thesis/SoftwareSystems/tika/tika-parsers/tika-parsers-standard/tika-parsers-standard-modules/tika-parser-microsoft-module/src/main/java/org/apache/tika/parser/microsoft/onenote/fsshttpb/streamobj/ObjectGroupData.java,27
tika,org.apache.tika.parser.microsoft.onenote.fsshttpb.streamobj,StorageManifestSchemaGUID,1,1,3,1,37,4,0,2,0.6666666666666666,2,2,/Users/surabhilone/Desktop/Thesis/SoftwareSystems/tika/tika-parsers/tika-parsers-standard/tika-parsers-standard-modules/tika-parser-microsoft-module/src/main/java/org/apache/tika/parser/microsoft/onenote/fsshttpb/streamobj/StorageManifestSchemaGUID.java,27
tika,org.apache.tika.parser.microsoft.onenote.fsshttpb.streamobj,StreamObjectTypeHeaderEnd,2,0,3,2,95,3,0,0,0.0,3,0,/Users/surabhilone/Desktop/Thesis/SoftwareSystems/tika/tika-parsers/tika-parsers-standard/tika-parsers-standard-modules/tika-parser-microsoft-module/src/main/java/org/apache/tika/parser/microsoft/onenote/fsshttpb/streamobj/StreamObjectTypeHeaderEnd.java,22
tika,org.apache.tika.parser.microsoft.onenote.fsshttpb.streamobj,StreamObjectTypeHeaderStart,2,0,3,2,266,3,0,0,0.0,33,0,/Users/surabhilone/Desktop/Thesis/SoftwareSystems/tika/tika-parsers/tika-parsers-standard/tika-parsers-standard-modules/tika-parser-microsoft-module/src/main/java/org/apache/tika/parser/microsoft/onenote/fsshttpb/streamobj/StreamObjectTypeHeaderStart.java,22
tika,org.apache.tika.parser.microsoft.onenote.fsshttpb.streamobj,ObjectGroupObjectBLOBDataDeclaration,6,6,3,1,59,4,0,2,0.0,2,4,/Users/surabhilone/Desktop/Thesis/SoftwareSystems/tika/tika-parsers/tika-parsers-standard/tika-parsers-standard-modules/tika-parser-microsoft-module/src/main/java/org/apache/tika/parser/microsoft/onenote/fsshttpb/streamobj/ObjectGroupObjectBLOBDataDeclaration.java,28
tika,org.apache.tika.parser.microsoft.onenote.fsshttpb.streamobj,PropertySetObject,2,2,1,1,17,1,0,0,0.0,2,4,/Users/surabhilone/Desktop/Thesis/SoftwareSystems/tika/tika-parsers/tika-parsers-standard/tika-parsers-standard-modules/tika-parser-microsoft-module/src/main/java/org/apache/tika/parser/microsoft/onenote/fsshttpb/streamobj/PropertySetObject.java,25
tika,org.apache.tika.parser.microsoft.onenote.fsshttpb.streamobj,CellManifestCurrentRevision,1,1,3,1,33,4,0,2,0.6666666666666666,2,3,/Users/surabhilone/Desktop/Thesis/SoftwareSystems/tika/tika-parsers/tika-parsers-standard/tika-parsers-standard-modules/tika-parser-microsoft-module/src/main/java/org/apache/tika/parser/microsoft/onenote/fsshttpb/streamobj/CellManifestCurrentRevision.java,27
tika,org.apache.tika.parser.microsoft.onenote.fsshttpb.streamobj,StreamObjectHeaderStart,6,3,3,1,62,5,2,2,1.0,10,1,/Users/surabhilone/Desktop/Thesis/SoftwareSystems/tika/tika-parsers/tika-parsers-standard/tika-parsers-standard-modules/tika-parser-microsoft-module/src/main/java/org/apache/tika/parser/microsoft/onenote/fsshttpb/streamobj/StreamObjectHeaderStart.java,23
tika,org.apache.tika.parser.microsoft.onenote.fsshttpb.streamobj,JCIDObject,2,2,1,1,17,1,0,0,0.0,2,4,/Users/surabhilone/Desktop/Thesis/SoftwareSystems/tika/tika-parsers/tika-parsers-standard/tika-parsers-standard-modules/tika-parser-microsoft-module/src/main/java/org/apache/tika/parser/microsoft/onenote/fsshttpb/streamobj/JCIDObject.java,25
tika,org.apache.tika.parser.microsoft.onenote.fsshttpb.streamobj,DataElementData,0,0,2,2,17,2,5,1,-1.0,1,1,/Users/surabhilone/Desktop/Thesis/SoftwareSystems/tika/tika-parsers/tika-parsers-standard/tika-parsers-standard-modules/tika-parser-microsoft-module/src/main/java/org/apache/tika/parser/microsoft/onenote/fsshttpb/streamobj/DataElementData.java,25
tika,org.apache.tika.parser.microsoft.onenote.fsshttpb.streamobj,RevisionStoreObject,7,7,1,1,17,1,0,0,0.0,1,6,/Users/surabhilone/Desktop/Thesis/SoftwareSystems/tika/tika-parsers/tika-parsers-standard/tika-parsers-standard-modules/tika-parser-microsoft-module/src/main/java/org/apache/tika/parser/microsoft/onenote/fsshttpb/streamobj/RevisionStoreObject.java,24
tika,org.apache.tika.parser.microsoft.onenote.fsshttpb.streamobj,RevisionManifest,2,2,3,1,36,4,0,2,0.6666666666666666,1,3,/Users/surabhilone/Desktop/Thesis/SoftwareSystems/tika/tika-parsers/tika-parsers-standard/tika-parsers-standard-modules/tika-parser-microsoft-module/src/main/java/org/apache/tika/parser/microsoft/onenote/fsshttpb/streamobj/RevisionManifest.java,27
tika,org.apache.tika.parser.microsoft.onenote.fsshttpb.streamobj,StreamObjectHeaderStart32bit,1,1,5,4,84,11,0,3,0.6,1,7,/Users/surabhilone/Desktop/Thesis/SoftwareSystems/tika/tika-parsers/tika-parsers-standard/tika-parsers-standard-modules/tika-parser-microsoft-module/src/main/java/org/apache/tika/parser/microsoft/onenote/fsshttpb/streamobj/StreamObjectHeaderStart32bit.java,30
tika,org.apache.tika.parser.microsoft.onenote.fsshttpb.streamobj,SignatureObject,1,1,3,1,40,4,0,2,0.0,4,3,/Users/surabhilone/Desktop/Thesis/SoftwareSystems/tika/tika-parsers/tika-parsers-standard/tika-parsers-standard-modules/tika-parser-microsoft-module/src/main/java/org/apache/tika/parser/microsoft/onenote/fsshttpb/streamobj/SignatureObject.java,27
tika,org.apache.tika.parser.microsoft.onenote.fsshttpb.streamobj,StreamObjectHeaderStart16bit,0,0,6,5,79,11,0,3,-1.0,0,8,/Users/surabhilone/Desktop/Thesis/SoftwareSystems/tika/tika-parsers/tika-parsers-standard/tika-parsers-standard-modules/tika-parser-microsoft-module/src/main/java/org/apache/tika/parser/microsoft/onenote/fsshttpb/streamobj/StreamObjectHeaderStart16bit.java,30
tika,org.apache.tika.parser.microsoft.onenote.fsshttpb.streamobj,NodeObject,4,4,2,1,18,2,2,2,1.0,1,5,/Users/surabhilone/Desktop/Thesis/SoftwareSystems/tika/tika-parsers/tika-parsers-standard/tika-parsers-standard-modules/tika-parser-microsoft-module/src/main/java/org/apache/tika/parser/microsoft/onenote/fsshttpb/streamobj/NodeObject.java,23
tika,org.apache.tika.parser.microsoft.onenote.fsshttpb.streamobj,EncryptionObject,2,2,0,0,7,0,0,0,-1.0,1,1,/Users/surabhilone/Desktop/Thesis/SoftwareSystems/tika/tika-parsers/tika-parsers-standard/tika-parsers-standard-modules/tika-parser-microsoft-module/src/main/java/org/apache/tika/parser/microsoft/onenote/fsshttpb/streamobj/EncryptionObject.java,20
tika,org.apache.tika.parser.microsoft.onenote.fsshttpb.streamobj,DataSizeObject,1,1,3,1,34,4,0,2,0.6666666666666666,1,3,/Users/surabhilone/Desktop/Thesis/SoftwareSystems/tika/tika-parsers/tika-parsers-standard/tika-parsers-standard-modules/tika-parser-microsoft-module/src/main/java/org/apache/tika/parser/microsoft/onenote/fsshttpb/streamobj/DataSizeObject.java,26
tika,org.apache.tika.parser.microsoft.onenote.fsshttpb.streamobj,ObjectGroupObjectDataBLOBReference,3,3,3,1,45,4,0,2,0.0,2,5,/Users/surabhilone/Desktop/Thesis/SoftwareSystems/tika/tika-parsers/tika-parsers-standard/tika-parsers-standard-modules/tika-parser-microsoft-module/src/main/java/org/apache/tika/parser/microsoft/onenote/fsshttpb/streamobj/ObjectGroupObjectDataBLOBReference.java,29
tika,org.apache.tika.parser.microsoft.onenote.fsshttpb.streamobj,ObjectGroupObjectDeclare,5,5,3,1,56,4,0,2,0.0,5,4,/Users/surabhilone/Desktop/Thesis/SoftwareSystems/tika/tika-parsers/tika-parsers-standard/tika-parsers-standard-modules/tika-parser-microsoft-module/src/main/java/org/apache/tika/parser/microsoft/onenote/fsshttpb/streamobj/ObjectGroupObjectDeclare.java,31
tika,org.apache.tika.parser.microsoft.onenote.fsshttpb.streamobj,StreamObjectHeaderEnd8bit,0,0,6,5,67,10,0,3,-1.0,0,4,/Users/surabhilone/Desktop/Thesis/SoftwareSystems/tika/tika-parsers/tika-parsers-standard/tika-parsers-standard-modules/tika-parser-microsoft-module/src/main/java/org/apache/tika/parser/microsoft/onenote/fsshttpb/streamobj/StreamObjectHeaderEnd8bit.java,27
tika,org.apache.tika.parser.microsoft.onenote.fsshttpb.streamobj,StreamObjectParseErrorException,2,2,2,2,27,2,0,0,0.0,0,0,/Users/surabhilone/Desktop/Thesis/SoftwareSystems/tika/tika-parsers/tika-parsers-standard/tika-parsers-standard-modules/tika-parser-microsoft-module/src/main/java/org/apache/tika/parser/microsoft/onenote/fsshttpb/streamobj/StreamObjectParseErrorException.java,19
tika,org.apache.tika.parser.microsoft.onenote.fsshttpb.streamobj,FileDataObject,3,3,0,0,8,0,0,0,-1.0,2,3,/Users/surabhilone/Desktop/Thesis/SoftwareSystems/tika/tika-parsers/tika-parsers-standard/tika-parsers-standard-modules/tika-parser-microsoft-module/src/main/java/org/apache/tika/parser/microsoft/onenote/fsshttpb/streamobj/FileDataObject.java,19
tika,org.apache.tika.parser.microsoft.onenote.fsshttpb.streamobj,ObjectGroupDeclarations,2,2,3,1,63,11,0,2,0.0,1,4,/Users/surabhilone/Desktop/Thesis/SoftwareSystems/tika/tika-parsers/tika-parsers-standard/tika-parsers-standard-modules/tika-parser-microsoft-module/src/main/java/org/apache/tika/parser/microsoft/onenote/fsshttpb/streamobj/ObjectGroupDeclarations.java,27
tika,org.apache.tika.parser.microsoft.onenote.fsshttpb.streamobj,ObjectGroupObjectData,3,3,3,1,42,4,0,2,0.0,4,5,/Users/surabhilone/Desktop/Thesis/SoftwareSystems/tika/tika-parsers/tika-parsers-standard/tika-parsers-standard-modules/tika-parser-microsoft-module/src/main/java/org/apache/tika/parser/microsoft/onenote/fsshttpb/streamobj/ObjectGroupObjectData.java,29
tika,org.apache.tika.parser.microsoft.onenote.fsshttpb.streamobj,StorageManifestDataElementData,2,2,3,3,47,7,0,2,0.0,2,5,/Users/surabhilone/Desktop/Thesis/SoftwareSystems/tika/tika-parsers/tika-parsers-standard/tika-parsers-standard-modules/tika-parser-microsoft-module/src/main/java/org/apache/tika/parser/microsoft/onenote/fsshttpb/streamobj/StorageManifestDataElementData.java,28
tika,org.apache.tika.parser.microsoft.onenote.fsshttpb.streamobj,ObjectGroupMetadataDeclarations,1,1,3,1,51,8,0,2,0.0,1,4,/Users/surabhilone/Desktop/Thesis/SoftwareSystems/tika/tika-parsers/tika-parsers-standard/tika-parsers-standard-modules/tika-parser-microsoft-module/src/main/java/org/apache/tika/parser/microsoft/onenote/fsshttpb/streamobj/ObjectGroupMetadataDeclarations.java,27
tika,org.apache.tika.parser.microsoft.onenote.fsshttpb.streamobj,LeafNodeObject,2,2,4,2,158,10,0,3,1.0,3,6,/Users/surabhilone/Desktop/Thesis/SoftwareSystems/tika/tika-parsers/tika-parsers-standard/tika-parsers-standard-modules/tika-parser-microsoft-module/src/main/java/org/apache/tika/parser/microsoft/onenote/fsshttpb/streamobj/LeafNodeObject.java,33
tika,org.apache.tika.parser.microsoft.onenote.fsshttpb.streamobj,LeafNodeObject.IntermediateNodeObjectBuilder,0,0,0,0,98,0,0,0,-1.0,0,0,/Users/surabhilone/Desktop/Thesis/SoftwareSystems/tika/tika-parsers/tika-parsers-standard/tika-parsers-standard-modules/tika-parser-microsoft-module/src/main/java/org/apache/tika/parser/microsoft/onenote/fsshttpb/streamobj/LeafNodeObject.java,112
tika,org.apache.tika.parser.microsoft.onenote.fsshttpb.streamobj,DataElement,5,4,5,3,109,9,0,2,0.4,3,7,/Users/surabhilone/Desktop/Thesis/SoftwareSystems/tika/tika-parsers/tika-parsers-standard/tika-parsers-standard-modules/tika-parser-microsoft-module/src/main/java/org/apache/tika/parser/microsoft/onenote/fsshttpb/streamobj/DataElement.java,37
tika,org.apache.tika.parser.microsoft.onenote.fsshttpb.streamobj,RevisionManifestRootDeclare,2,2,3,1,39,4,0,2,0.6666666666666666,2,3,/Users/surabhilone/Desktop/Thesis/SoftwareSystems/tika/tika-parsers/tika-parsers-standard/tika-parsers-standard-modules/tika-parser-microsoft-module/src/main/java/org/apache/tika/parser/microsoft/onenote/fsshttpb/streamobj/RevisionManifestRootDeclare.java,27
tika,org.apache.tika.parser.microsoft.onenote.fsshttpb.streamobj,DataElementPackage,2,2,3,1,39,6,0,2,0.6666666666666666,2,2,/Users/surabhilone/Desktop/Thesis/SoftwareSystems/tika/tika-parsers/tika-parsers-standard/tika-parsers-standard-modules/tika-parser-microsoft-module/src/main/java/org/apache/tika/parser/microsoft/onenote/fsshttpb/streamobj/DataElementPackage.java,27
tika,org.apache.tika.parser.microsoft.onenote.fsshttpb.streamobj,RevisionManifestDataElementData,3,3,3,3,59,10,0,2,0.0,3,5,/Users/surabhilone/Desktop/Thesis/SoftwareSystems/tika/tika-parsers/tika-parsers-standard/tika-parsers-standard-modules/tika-parser-microsoft-module/src/main/java/org/apache/tika/parser/microsoft/onenote/fsshttpb/streamobj/RevisionManifestDataElementData.java,28
tika,org.apache.tika.parser.microsoft.onenote.fsshttpb.streamobj,DataHashObject,1,1,6,4,53,9,0,2,0.0,1,3,/Users/surabhilone/Desktop/Thesis/SoftwareSystems/tika/tika-parsers/tika-parsers-standard/tika-parsers-standard-modules/tika-parser-microsoft-module/src/main/java/org/apache/tika/parser/microsoft/onenote/fsshttpb/streamobj/DataHashObject.java,28
tika,org.apache.tika.parser.microsoft.onenote.fsshttpb.streamobj,ObjectGroupMetadata,1,1,3,1,39,4,0,2,0.6666666666666666,0,3,/Users/surabhilone/Desktop/Thesis/SoftwareSystems/tika/tika-parsers/tika-parsers-standard/tika-parsers-standard-modules/tika-parser-microsoft-module/src/main/java/org/apache/tika/parser/microsoft/onenote/fsshttpb/streamobj/ObjectGroupMetadata.java,27
tika,org.apache.tika.parser.microsoft.onenote.fsshttpb.streamobj,IntermediateNodeObject,0,0,4,2,64,6,0,3,-1.0,2,2,/Users/surabhilone/Desktop/Thesis/SoftwareSystems/tika/tika-parsers/tika-parsers-standard/tika-parsers-standard-modules/tika-parser-microsoft-module/src/main/java/org/apache/tika/parser/microsoft/onenote/fsshttpb/streamobj/IntermediateNodeObject.java,30
tika,org.apache.tika.parser.microsoft.onenote.fsshttpb.streamobj,IntermediateNodeObject.RootNodeObjectBuilder,0,0,0,0,19,0,0,0,-1.0,0,0,/Users/surabhilone/Desktop/Thesis/SoftwareSystems/tika/tika-parsers/tika-parsers-standard/tika-parsers-standard-modules/tika-parser-microsoft-module/src/main/java/org/apache/tika/parser/microsoft/onenote/fsshttpb/streamobj/IntermediateNodeObject.java,91
tika,org.apache.tika.parser.microsoft.onenote.fsshttpb.streamobj,StorageManifestRootDeclare,2,2,3,1,39,4,0,2,0.6666666666666666,1,4,/Users/surabhilone/Desktop/Thesis/SoftwareSystems/tika/tika-parsers/tika-parsers-standard/tika-parsers-standard-modules/tika-parser-microsoft-module/src/main/java/org/apache/tika/parser/microsoft/onenote/fsshttpb/streamobj/StorageManifestRootDeclare.java,28
tika,org.apache.tika.parser.microsoft.onenote.fsshttpb.streamobj,RevisionManifestObjectGroupReferences,1,1,4,2,44,5,0,2,0.5,0,3,/Users/surabhilone/Desktop/Thesis/SoftwareSystems/tika/tika-parsers/tika-parsers-standard/tika-parsers-standard-modules/tika-parser-microsoft-module/src/main/java/org/apache/tika/parser/microsoft/onenote/fsshttpb/streamobj/RevisionManifestObjectGroupReferences.java,27
tika,org.apache.tika.parser.microsoft.onenote.fsshttpb.streamobj,StorageIndexDataElementData,3,3,3,3,66,13,0,2,0.0,2,5,/Users/surabhilone/Desktop/Thesis/SoftwareSystems/tika/tika-parsers/tika-parsers-standard/tika-parsers-standard-modules/tika-parser-microsoft-module/src/main/java/org/apache/tika/parser/microsoft/onenote/fsshttpb/streamobj/StorageIndexDataElementData.java,28
tika,org.apache.tika.parser.microsoft.onenote.fsshttpb.streamobj,StreamObjectHeaderEnd,1,0,0,0,6,0,2,2,-1.0,2,1,/Users/surabhilone/Desktop/Thesis/SoftwareSystems/tika/tika-parsers/tika-parsers-standard/tika-parsers-standard-modules/tika-parser-microsoft-module/src/main/java/org/apache/tika/parser/microsoft/onenote/fsshttpb/streamobj/StreamObjectHeaderEnd.java,21
tika,org.apache.tika.parser.microsoft.onenote.fsshttpb.streamobj,StorageIndexCellMapping,3,3,3,1,42,4,0,2,0.6666666666666666,3,5,/Users/surabhilone/Desktop/Thesis/SoftwareSystems/tika/tika-parsers/tika-parsers-standard/tika-parsers-standard-modules/tika-parser-microsoft-module/src/main/java/org/apache/tika/parser/microsoft/onenote/fsshttpb/streamobj/StorageIndexCellMapping.java,29
tika,org.apache.tika.parser.microsoft.onenote.fsshttpb.streamobj,ObjectGroupDataElementData,4,4,3,3,180,7,0,2,0.0,4,6,/Users/surabhilone/Desktop/Thesis/SoftwareSystems/tika/tika-parsers/tika-parsers-standard/tika-parsers-standard-modules/tika-parser-microsoft-module/src/main/java/org/apache/tika/parser/microsoft/onenote/fsshttpb/streamobj/ObjectGroupDataElementData.java,35
tika,org.apache.tika.parser.microsoft.onenote.fsshttpb.streamobj,ObjectGroupDataElementData.Builder,0,0,0,0,129,0,0,0,-1.0,0,1,/Users/surabhilone/Desktop/Thesis/SoftwareSystems/tika/tika-parsers/tika-parsers-standard/tika-parsers-standard-modules/tika-parser-microsoft-module/src/main/java/org/apache/tika/parser/microsoft/onenote/fsshttpb/streamobj/ObjectGroupDataElementData.java,110
tika,org.apache.tika.parser.microsoft.onenote.fsshttpb.streamobj,PropertySet,3,3,2,2,74,23,0,1,0.0,3,12,/Users/surabhilone/Desktop/Thesis/SoftwareSystems/tika/tika-parsers/tika-parsers-standard/tika-parsers-standard-modules/tika-parser-microsoft-module/src/main/java/org/apache/tika/parser/microsoft/onenote/fsshttpb/streamobj/PropertySet.java,36
tika,org.apache.tika.parser.microsoft.onenote.fsshttpb.streamobj,StreamObject,6,0,10,7,197,25,24,1,0.0,8,5,/Users/surabhilone/Desktop/Thesis/SoftwareSystems/tika/tika-parsers/tika-parsers-standard/tika-parsers-standard-modules/tika-parser-microsoft-module/src/main/java/org/apache/tika/parser/microsoft/onenote/fsshttpb/streamobj/StreamObject.java,37
tika,org.apache.tika.parser.microsoft.onenote.fsshttpb.streamobj,CellManifestDataElementData,1,1,3,3,30,3,0,2,0.0,3,2,/Users/surabhilone/Desktop/Thesis/SoftwareSystems/tika/tika-parsers/tika-parsers-standard/tika-parsers-standard-modules/tika-parser-microsoft-module/src/main/java/org/apache/tika/parser/microsoft/onenote/fsshttpb/streamobj/CellManifestDataElementData.java,25
tika,org.apache.tika.parser.microsoft.onenote.fsshttpb.streamobj,StreamObjectHeaderEnd16bit,0,0,6,5,64,9,0,3,-1.0,1,6,/Users/surabhilone/Desktop/Thesis/SoftwareSystems/tika/tika-parsers/tika-parsers-standard/tika-parsers-standard-modules/tika-parser-microsoft-module/src/main/java/org/apache/tika/parser/microsoft/onenote/fsshttpb/streamobj/StreamObjectHeaderEnd16bit.java,29
tika,org.apache.tika.parser.microsoft.onenote.fsshttpb.streamobj,StorageIndexManifestMapping,2,2,3,1,36,4,0,2,0.6666666666666666,2,4,/Users/surabhilone/Desktop/Thesis/SoftwareSystems/tika/tika-parsers/tika-parsers-standard/tika-parsers-standard-modules/tika-parser-microsoft-module/src/main/java/org/apache/tika/parser/microsoft/onenote/fsshttpb/streamobj/StorageIndexManifestMapping.java,28
tika,org.apache.tika.parser.microsoft.onenote.fsshttpb.streamobj,StorageIndexRevisionMapping,3,3,3,1,42,4,0,2,0.6666666666666666,3,4,/Users/surabhilone/Desktop/Thesis/SoftwareSystems/tika/tika-parsers/tika-parsers-standard/tika-parsers-standard-modules/tika-parser-microsoft-module/src/main/java/org/apache/tika/parser/microsoft/onenote/fsshttpb/streamobj/StorageIndexRevisionMapping.java,28
tika,org.apache.tika.parser.microsoft.onenote.fsshttpb.streamobj,RevisionStoreObjectGroup,3,3,2,2,70,13,0,0,0.0,1,12,/Users/surabhilone/Desktop/Thesis/SoftwareSystems/tika/tika-parsers/tika-parsers-standard/tika-parsers-standard-modules/tika-parser-microsoft-module/src/main/java/org/apache/tika/parser/microsoft/onenote/fsshttpb/streamobj/RevisionStoreObjectGroup.java,28
tika,org.apache.tika.parser.microsoft.onenote.fsshttpb.streamobj.basic,DataNodeObjectData,2,2,2,1,23,2,0,0,1.0,1,2,/Users/surabhilone/Desktop/Thesis/SoftwareSystems/tika/tika-parsers/tika-parsers-standard/tika-parsers-standard-modules/tika-parser-microsoft-module/src/main/java/org/apache/tika/parser/microsoft/onenote/fsshttpb/streamobj/basic/DataNodeObjectData.java,24
tika,org.apache.tika.parser.microsoft.onenote.fsshttpb.streamobj.basic,ZipHeader,1,1,2,1,20,2,0,0,1.0,2,0,/Users/surabhilone/Desktop/Thesis/SoftwareSystems/tika/tika-parsers/tika-parsers-standard/tika-parsers-standard-modules/tika-parser-microsoft-module/src/main/java/org/apache/tika/parser/microsoft/onenote/fsshttpb/streamobj/basic/ZipHeader.java,24
tika,org.apache.tika.parser.microsoft.onenote.fsshttpb.streamobj.basic,RequestTypes,1,0,2,1,35,2,0,0,0.0,0,0,/Users/surabhilone/Desktop/Thesis/SoftwareSystems/tika/tika-parsers/tika-parsers-standard/tika-parsers-standard-modules/tika-parser-microsoft-module/src/main/java/org/apache/tika/parser/microsoft/onenote/fsshttpb/streamobj/basic/RequestTypes.java,19
tika,org.apache.tika.parser.microsoft.onenote.fsshttpb.streamobj.basic,ExGuid,8,8,7,6,141,21,0,2,0.0,23,3,/Users/surabhilone/Desktop/Thesis/SoftwareSystems/tika/tika-parsers/tika-parsers-standard/tika-parsers-standard-modules/tika-parser-microsoft-module/src/main/java/org/apache/tika/parser/microsoft/onenote/fsshttpb/streamobj/basic/ExGuid.java,29
tika,org.apache.tika.parser.microsoft.onenote.fsshttpb.streamobj.basic,JCID,7,7,2,2,44,2,0,0,0.0,1,2,/Users/surabhilone/Desktop/Thesis/SoftwareSystems/tika/tika-parsers/tika-parsers-standard/tika-parsers-standard-modules/tika-parser-microsoft-module/src/main/java/org/apache/tika/parser/microsoft/onenote/fsshttpb/streamobj/basic/JCID.java,25
tika,org.apache.tika.parser.microsoft.onenote.fsshttpb.streamobj.basic,CompactID,2,2,2,2,29,2,0,0,0.0,3,2,/Users/surabhilone/Desktop/Thesis/SoftwareSystems/tika/tika-parsers/tika-parsers-standard/tika-parsers-standard-modules/tika-parser-microsoft-module/src/main/java/org/apache/tika/parser/microsoft/onenote/fsshttpb/streamobj/basic/CompactID.java,25
tika,org.apache.tika.parser.microsoft.onenote.fsshttpb.streamobj.basic,ExGUIDArray,2,2,7,6,70,11,0,2,0.0,3,3,/Users/surabhilone/Desktop/Thesis/SoftwareSystems/tika/tika-parsers/tika-parsers-standard/tika-parsers-standard-modules/tika-parser-microsoft-module/src/main/java/org/apache/tika/parser/microsoft/onenote/fsshttpb/streamobj/basic/ExGUIDArray.java,26
tika,org.apache.tika.parser.microsoft.onenote.fsshttpb.streamobj.basic,AdapterHelper,0,0,2,2,31,3,0,0,-1.0,1,3,/Users/surabhilone/Desktop/Thesis/SoftwareSystems/tika/tika-parsers/tika-parsers-standard/tika-parsers-standard-modules/tika-parser-microsoft-module/src/main/java/org/apache/tika/parser/microsoft/onenote/fsshttpb/streamobj/basic/AdapterHelper.java,28
tika,org.apache.tika.parser.microsoft.onenote.fsshttpb.streamobj.basic,Compact64bitInt,11,9,8,7,161,28,0,2,0.0,7,2,/Users/surabhilone/Desktop/Thesis/SoftwareSystems/tika/tika-parsers/tika-parsers-standard/tika-parsers-standard-modules/tika-parser-microsoft-module/src/main/java/org/apache/tika/parser/microsoft/onenote/fsshttpb/streamobj/basic/Compact64bitInt.java,25
tika,org.apache.tika.parser.microsoft.onenote.fsshttpb.streamobj.basic,BasicObject,0,0,4,3,42,4,9,1,-1.0,0,1,/Users/surabhilone/Desktop/Thesis/SoftwareSystems/tika/tika-parsers/tika-parsers-standard/tika-parsers-standard-modules/tika-parser-microsoft-module/src/main/java/org/apache/tika/parser/microsoft/onenote/fsshttpb/streamobj/basic/BasicObject.java,27
tika,org.apache.tika.parser.microsoft.onenote.fsshttpb.streamobj.basic,CellID,2,2,7,6,74,11,0,2,0.2857142857142857,5,2,/Users/surabhilone/Desktop/Thesis/SoftwareSystems/tika/tika-parsers/tika-parsers-standard/tika-parsers-standard-modules/tika-parser-microsoft-module/src/main/java/org/apache/tika/parser/microsoft/onenote/fsshttpb/streamobj/basic/CellID.java,26
tika,org.apache.tika.parser.microsoft.onenote.fsshttpb.streamobj.basic,HeaderCell,2,2,1,1,22,3,0,0,0.0,2,5,/Users/surabhilone/Desktop/Thesis/SoftwareSystems/tika/tika-parsers/tika-parsers-standard/tika-parsers-standard-modules/tika-parser-microsoft-module/src/main/java/org/apache/tika/parser/microsoft/onenote/fsshttpb/streamobj/basic/HeaderCell.java,27
tika,org.apache.tika.parser.microsoft.onenote.fsshttpb.streamobj.basic,SerialNumber,3,3,5,4,69,8,0,2,0.4,5,3,/Users/surabhilone/Desktop/Thesis/SoftwareSystems/tika/tika-parsers/tika-parsers-standard/tika-parsers-standard-modules/tika-parser-microsoft-module/src/main/java/org/apache/tika/parser/microsoft/onenote/fsshttpb/streamobj/basic/SerialNumber.java,27
tika,org.apache.tika.parser.microsoft.onenote.fsshttpb.streamobj.basic,DataElementType,2,0,3,2,44,3,0,0,0.0,5,0,/Users/surabhilone/Desktop/Thesis/SoftwareSystems/tika/tika-parsers/tika-parsers-standard/tika-parsers-standard-modules/tika-parser-microsoft-module/src/main/java/org/apache/tika/parser/microsoft/onenote/fsshttpb/streamobj/basic/DataElementType.java,22
tika,org.apache.tika.parser.microsoft.onenote.fsshttpb.streamobj.basic,BinaryItem,2,2,4,3,47,5,0,2,0.0,7,2,/Users/surabhilone/Desktop/Thesis/SoftwareSystems/tika/tika-parsers/tika-parsers-standard/tika-parsers-standard-modules/tika-parser-microsoft-module/src/main/java/org/apache/tika/parser/microsoft/onenote/fsshttpb/streamobj/basic/BinaryItem.java,27
tika,org.apache.tika.parser.microsoft.onenote.fsshttpb.streamobj.basic,PropertyID,4,4,2,2,34,2,0,0,0.0,3,3,/Users/surabhilone/Desktop/Thesis/SoftwareSystems/tika/tika-parsers/tika-parsers-standard/tika-parsers-standard-modules/tika-parser-microsoft-module/src/main/java/org/apache/tika/parser/microsoft/onenote/fsshttpb/streamobj/basic/PropertyID.java,26
tika,org.apache.tika.parser.microsoft.onenote.fsshttpb.streamobj.basic,AlternativePackaging,10,10,1,1,44,1,0,0,0.0,1,8,/Users/surabhilone/Desktop/Thesis/SoftwareSystems/tika/tika-parsers/tika-parsers-standard/tika-parsers-standard-modules/tika-parser-microsoft-module/src/main/java/org/apache/tika/parser/microsoft/onenote/fsshttpb/streamobj/basic/AlternativePackaging.java,32
tika,org.apache.tika.parser.microsoft.onenote.fsshttpb.streamobj.basic,CellIDArray,2,2,5,4,58,10,0,2,0.0,3,1,/Users/surabhilone/Desktop/Thesis/SoftwareSystems/tika/tika-parsers/tika-parsers-standard/tika-parsers-standard-modules/tika-parser-microsoft-module/src/main/java/org/apache/tika/parser/microsoft/onenote/fsshttpb/streamobj/basic/CellIDArray.java,26
tika,org.apache.tika.parser.microsoft.onenote.fsshttpb.streamobj.basic,PropertyType,2,0,3,2,62,3,0,0,0.0,2,0,/Users/surabhilone/Desktop/Thesis/SoftwareSystems/tika/tika-parsers/tika-parsers-standard/tika-parsers-standard-modules/tika-parser-microsoft-module/src/main/java/org/apache/tika/parser/microsoft/onenote/fsshttpb/streamobj/basic/PropertyType.java,22
tika,org.apache.tika.parser.microsoft.onenote.fsshttpb.streamobj.chunking,SimpleChunking,0,0,3,2,46,6,0,1,-1.0,1,5,/Users/surabhilone/Desktop/Thesis/SoftwareSystems/tika/tika-parsers/tika-parsers-standard/tika-parsers-standard-modules/tika-parser-microsoft-module/src/main/java/org/apache/tika/parser/microsoft/onenote/fsshttpb/streamobj/chunking/SimpleChunking.java,31
tika,org.apache.tika.parser.microsoft.onenote.fsshttpb.streamobj.chunking,ZipFilesChunking,0,0,9,2,144,15,0,1,-1.0,1,9,/Users/surabhilone/Desktop/Thesis/SoftwareSystems/tika/tika-parsers/tika-parsers-standard/tika-parsers-standard-modules/tika-parser-microsoft-module/src/main/java/org/apache/tika/parser/microsoft/onenote/fsshttpb/streamobj/chunking/ZipFilesChunking.java,38
tika,org.apache.tika.parser.microsoft.onenote.fsshttpb.streamobj.chunking,RDCAnalysisChunking,2,0,5,2,123,20,0,1,0.4,1,5,/Users/surabhilone/Desktop/Thesis/SoftwareSystems/tika/tika-parsers/tika-parsers-standard/tika-parsers-standard-modules/tika-parser-microsoft-module/src/main/java/org/apache/tika/parser/microsoft/onenote/fsshttpb/streamobj/chunking/RDCAnalysisChunking.java,36
tika,org.apache.tika.parser.microsoft.onenote.fsshttpb.streamobj.chunking,ChunkingMethod,0,0,0,0,10,0,0,0,-1.0,1,0,/Users/surabhilone/Desktop/Thesis/SoftwareSystems/tika/tika-parsers/tika-parsers-standard/tika-parsers-standard-modules/tika-parser-microsoft-module/src/main/java/org/apache/tika/parser/microsoft/onenote/fsshttpb/streamobj/chunking/ChunkingMethod.java,19
tika,org.apache.tika.parser.microsoft.onenote.fsshttpb.streamobj.chunking,AbstractChunking,1,0,2,1,18,2,3,0,1.0,1,1,/Users/surabhilone/Desktop/Thesis/SoftwareSystems/tika/tika-parsers/tika-parsers-standard/tika-parsers-standard-modules/tika-parser-microsoft-module/src/main/java/org/apache/tika/parser/microsoft/onenote/fsshttpb/streamobj/chunking/AbstractChunking.java,25
tika,org.apache.tika.parser.microsoft.onenote.fsshttpb.streamobj.chunking,ChunkingFactory,0,0,4,3,70,13,0,0,-1.0,0,9,/Users/surabhilone/Desktop/Thesis/SoftwareSystems/tika/tika-parsers/tika-parsers-standard/tika-parsers-standard-modules/tika-parser-microsoft-module/src/main/java/org/apache/tika/parser/microsoft/onenote/fsshttpb/streamobj/chunking/ChunkingFactory.java,30
tika,org.apache.tika.parser.microsoft.onenote.fsshttpb.streamobj.space,ObjectSpaceObjectStreamOfOIDs,2,2,2,2,38,4,0,0,0.0,1,2,/Users/surabhilone/Desktop/Thesis/SoftwareSystems/tika/tika-parsers/tika-parsers-standard/tika-parsers-standard-modules/tika-parser-microsoft-module/src/main/java/org/apache/tika/parser/microsoft/onenote/fsshttpb/streamobj/space/ObjectSpaceObjectStreamOfOIDs.java,26
tika,org.apache.tika.parser.microsoft.onenote.fsshttpb.streamobj.space,ObjectSpaceObjectStreamOfContextIDs,2,2,2,2,38,4,0,0,0.0,1,2,/Users/surabhilone/Desktop/Thesis/SoftwareSystems/tika/tika-parsers/tika-parsers-standard/tika-parsers-standard-modules/tika-parser-microsoft-module/src/main/java/org/apache/tika/parser/microsoft/onenote/fsshttpb/streamobj/space/ObjectSpaceObjectStreamOfContextIDs.java,25
tika,org.apache.tika.parser.microsoft.onenote.fsshttpb.streamobj.space,ObjectSpaceObjectStreamOfOSIDs,2,2,2,2,38,4,0,0,0.0,1,2,/Users/surabhilone/Desktop/Thesis/SoftwareSystems/tika/tika-parsers/tika-parsers-standard/tika-parsers-standard-modules/tika-parser-microsoft-module/src/main/java/org/apache/tika/parser/microsoft/onenote/fsshttpb/streamobj/space/ObjectSpaceObjectStreamOfOSIDs.java,25
tika,org.apache.tika.parser.microsoft.onenote.fsshttpb.streamobj.space,ObjectSpaceObjectStreamHeader,4,4,2,2,32,2,0,0,0.0,3,2,/Users/surabhilone/Desktop/Thesis/SoftwareSystems/tika/tika-parsers/tika-parsers-standard/tika-parsers-standard-modules/tika-parser-microsoft-module/src/main/java/org/apache/tika/parser/microsoft/onenote/fsshttpb/streamobj/space/ObjectSpaceObjectStreamHeader.java,25
tika,org.apache.tika.parser.microsoft.onenote.fsshttpb.streamobj.space,ObjectSpaceObjectPropSet,5,5,2,2,56,6,0,0,0.0,2,4,/Users/surabhilone/Desktop/Thesis/SoftwareSystems/tika/tika-parsers/tika-parsers-standard/tika-parsers-standard-modules/tika-parser-microsoft-module/src/main/java/org/apache/tika/parser/microsoft/onenote/fsshttpb/streamobj/space/ObjectSpaceObjectPropSet.java,25
tika,org.apache.tika.parser.microsoft.onenote.fsshttpb,MSOneStorePackage,21,9,7,4,205,39,0,0,0.2857142857142857,2,24,/Users/surabhilone/Desktop/Thesis/SoftwareSystems/tika/tika-parsers/tika-parsers-standard/tika-parsers-standard-modules/tika-parser-microsoft-module/src/main/java/org/apache/tika/parser/microsoft/onenote/fsshttpb/MSOneStorePackage.java,64
tika,org.apache.tika.parser.microsoft.onenote.fsshttpb,IFSSHTTPBSerializable,0,0,1,0,10,1,3,0,-1.0,0,1,/Users/surabhilone/Desktop/Thesis/SoftwareSystems/tika/tika-parsers/tika-parsers-standard/tika-parsers-standard-modules/tika-parser-microsoft-module/src/main/java/org/apache/tika/parser/microsoft/onenote/fsshttpb/IFSSHTTPBSerializable.java,24
tika,org.apache.tika.parser.microsoft.onenote.fsshttpb,MSOneStoreParser,7,0,5,1,77,9,0,0,0.0,1,14,/Users/surabhilone/Desktop/Thesis/SoftwareSystems/tika/tika-parsers/tika-parsers-standard/tika-parsers-standard-modules/tika-parser-microsoft-module/src/main/java/org/apache/tika/parser/microsoft/onenote/fsshttpb/MSOneStoreParser.java,44
tika,org.apache.tika.parser.microsoft.onenote.fsshttpb.util,BitReader,4,0,14,12,150,20,0,0,0.14285714285714285,13,1,/Users/surabhilone/Desktop/Thesis/SoftwareSystems/tika/tika-parsers/tika-parsers-standard/tika-parsers-standard-modules/tika-parser-microsoft-module/src/main/java/org/apache/tika/parser/microsoft/onenote/fsshttpb/util/BitReader.java,24
tika,org.apache.tika.parser.microsoft.onenote.fsshttpb.util,ByteUtil,0,0,3,3,21,6,0,0,-1.0,18,0,/Users/surabhilone/Desktop/Thesis/SoftwareSystems/tika/tika-parsers/tika-parsers-standard/tika-parsers-standard-modules/tika-parser-microsoft-module/src/main/java/org/apache/tika/parser/microsoft/onenote/fsshttpb/util/ByteUtil.java,22
tika,org.apache.tika.parser.microsoft.onenote.fsshttpb.util,UuidUtils,0,0,2,2,14,2,0,0,-1.0,1,0,/Users/surabhilone/Desktop/Thesis/SoftwareSystems/tika/tika-parsers/tika-parsers-standard/tika-parsers-standard-modules/tika-parser-microsoft-module/src/main/java/org/apache/tika/parser/microsoft/onenote/fsshttpb/util/UuidUtils.java,22
tika,org.apache.tika.parser.microsoft.onenote.fsshttpb.util,BitConverter,0,0,19,19,87,27,0,0,-1.0,8,1,/Users/surabhilone/Desktop/Thesis/SoftwareSystems/tika/tika-parsers/tika-parsers-standard/tika-parsers-standard-modules/tika-parser-microsoft-module/src/main/java/org/apache/tika/parser/microsoft/onenote/fsshttpb/util/BitConverter.java,23
tika,org.apache.tika.parser.microsoft.onenote.fsshttpb.util,BitWriter,2,0,8,7,82,12,0,0,0.0,12,3,/Users/surabhilone/Desktop/Thesis/SoftwareSystems/tika/tika-parsers/tika-parsers-standard/tika-parsers-standard-modules/tika-parser-microsoft-module/src/main/java/org/apache/tika/parser/microsoft/onenote/fsshttpb/util/BitWriter.java,26
tika,org.apache.tika.parser.microsoft.onenote.fsshttpb.util,LittleEndianBitConverter,0,0,11,7,125,16,0,0,-1.0,6,1,/Users/surabhilone/Desktop/Thesis/SoftwareSystems/tika/tika-parsers/tika-parsers-standard/tika-parsers-standard-modules/tika-parser-microsoft-module/src/main/java/org/apache/tika/parser/microsoft/onenote/fsshttpb/util/LittleEndianBitConverter.java,24
tika,org.apache.tika.parser.microsoft.onenote.fsshttpb.util,SequenceNumberGenerator,5,2,3,3,52,5,0,0,1.0,3,1,/Users/surabhilone/Desktop/Thesis/SoftwareSystems/tika/tika-parsers/tika-parsers-standard/tika-parsers-standard-modules/tika-parser-microsoft-module/src/main/java/org/apache/tika/parser/microsoft/onenote/fsshttpb/util/SequenceNumberGenerator.java,23
tika,org.apache.tika.parser.microsoft.onenote.fsshttpb.util,DataElementUtils,3,3,14,14,328,47,0,0,0.0,0,22,/Users/surabhilone/Desktop/Thesis/SoftwareSystems/tika/tika-parsers/tika-parsers-standard/tika-parsers-standard-modules/tika-parser-microsoft-module/src/main/java/org/apache/tika/parser/microsoft/onenote/fsshttpb/util/DataElementUtils.java,52
tika,org.apache.tika.parser.microsoft.onenote.fsshttpb.util,GuidUtil,0,0,1,1,5,1,0,0,-1.0,3,0,/Users/surabhilone/Desktop/Thesis/SoftwareSystems/tika/tika-parsers/tika-parsers-standard/tika-parsers-standard-modules/tika-parser-microsoft-module/src/main/java/org/apache/tika/parser/microsoft/onenote/fsshttpb/util/GuidUtil.java,21
tika,org.apache.tika.parser.microsoft.onenote.fsshttpb.util,Bit,0,0,3,3,30,3,0,0,-1.0,1,0,/Users/surabhilone/Desktop/Thesis/SoftwareSystems/tika/tika-parsers/tika-parsers-standard/tika-parsers-standard-modules/tika-parser-microsoft-module/src/main/java/org/apache/tika/parser/microsoft/onenote/fsshttpb/util/Bit.java,19
tika,org.apache.tika.parser.microsoft.onenote.fsshttpb.unsigned,UMath,0,0,9,8,76,9,0,0,-1.0,0,4,/Users/surabhilone/Desktop/Thesis/SoftwareSystems/tika/tika-parsers/tika-parsers-standard/tika-parsers-standard-modules/tika-parser-microsoft-module/src/main/java/org/apache/tika/parser/microsoft/onenote/fsshttpb/unsigned/UMath.java,20
tika,org.apache.tika.parser.microsoft.onenote.fsshttpb.unsigned,UInteger,11,4,34,24,258,46,0,1,0.0,3,0,/Users/surabhilone/Desktop/Thesis/SoftwareSystems/tika/tika-parsers/tika-parsers-standard/tika-parsers-standard-modules/tika-parser-microsoft-module/src/main/java/org/apache/tika/parser/microsoft/onenote/fsshttpb/unsigned/UInteger.java,25
tika,org.apache.tika.parser.microsoft.onenote.fsshttpb.unsigned,UNumber,1,0,1,1,16,1,4,0,0.0,0,0,/Users/surabhilone/Desktop/Thesis/SoftwareSystems/tika/tika-parsers/tika-parsers-standard/tika-parsers-standard-modules/tika-parser-microsoft-module/src/main/java/org/apache/tika/parser/microsoft/onenote/fsshttpb/unsigned/UNumber.java,23
tika,org.apache.tika.parser.microsoft.onenote.fsshttpb.unsigned,ULong,7,5,21,18,200,41,0,1,0.14285714285714285,2,0,/Users/surabhilone/Desktop/Thesis/SoftwareSystems/tika/tika-parsers/tika-parsers-standard/tika-parsers-standard-modules/tika-parser-microsoft-module/src/main/java/org/apache/tika/parser/microsoft/onenote/fsshttpb/unsigned/ULong.java,25
tika,org.apache.tika.parser.microsoft.onenote.fsshttpb.unsigned,UByte,7,4,29,18,210,35,0,1,0.0,3,0,/Users/surabhilone/Desktop/Thesis/SoftwareSystems/tika/tika-parsers/tika-parsers-standard/tika-parsers-standard-modules/tika-parser-microsoft-module/src/main/java/org/apache/tika/parser/microsoft/onenote/fsshttpb/unsigned/UByte.java,25
tika,org.apache.tika.parser.microsoft.onenote.fsshttpb.unsigned,Unsigned,0,0,15,14,119,15,0,0,-1.0,0,4,/Users/surabhilone/Desktop/Thesis/SoftwareSystems/tika/tika-parsers/tika-parsers-standard/tika-parsers-standard-modules/tika-parser-microsoft-module/src/main/java/org/apache/tika/parser/microsoft/onenote/fsshttpb/unsigned/Unsigned.java,24
tika,org.apache.tika.parser.microsoft.onenote.fsshttpb.unsigned,UShort,6,4,20,16,120,22,0,1,0.0,2,0,/Users/surabhilone/Desktop/Thesis/SoftwareSystems/tika/tika-parsers/tika-parsers-standard/tika-parsers-standard-modules/tika-parser-microsoft-module/src/main/java/org/apache/tika/parser/microsoft/onenote/fsshttpb/unsigned/UShort.java,24
tika,org.apache.tika.parser.microsoft.onenote.fsshttpb.property,ArrayNumber,1,1,2,2,23,2,0,1,0.0,1,2,/Users/surabhilone/Desktop/Thesis/SoftwareSystems/tika/tika-parsers/tika-parsers-standard/tika-parsers-standard-modules/tika-parser-microsoft-module/src/main/java/org/apache/tika/parser/microsoft/onenote/fsshttpb/property/ArrayNumber.java,25
tika,org.apache.tika.parser.microsoft.onenote.fsshttpb.property,OneByteOfData,1,1,2,2,23,2,0,1,0.0,1,0,/Users/surabhilone/Desktop/Thesis/SoftwareSystems/tika/tika-parsers/tika-parsers-standard/tika-parsers-standard-modules/tika-parser-microsoft-module/src/main/java/org/apache/tika/parser/microsoft/onenote/fsshttpb/property/OneByteOfData.java,22
tika,org.apache.tika.parser.microsoft.onenote.fsshttpb.property,PrtArrayOfPropertyValues,3,3,2,2,44,5,0,1,0.0,1,3,/Users/surabhilone/Desktop/Thesis/SoftwareSystems/tika/tika-parsers/tika-parsers-standard/tika-parsers-standard-modules/tika-parser-microsoft-module/src/main/java/org/apache/tika/parser/microsoft/onenote/fsshttpb/property/PrtArrayOfPropertyValues.java,28
tika,org.apache.tika.parser.microsoft.onenote.fsshttpb.property,TwoBytesOfData,1,1,2,2,23,2,0,1,0.0,1,1,/Users/surabhilone/Desktop/Thesis/SoftwareSystems/tika/tika-parsers/tika-parsers-standard/tika-parsers-standard-modules/tika-parser-microsoft-module/src/main/java/org/apache/tika/parser/microsoft/onenote/fsshttpb/property/TwoBytesOfData.java,23
tika,org.apache.tika.parser.microsoft.onenote.fsshttpb.property,IProperty,0,0,2,0,17,2,9,0,-1.0,2,0,/Users/surabhilone/Desktop/Thesis/SoftwareSystems/tika/tika-parsers/tika-parsers-standard/tika-parsers-standard-modules/tika-parser-microsoft-module/src/main/java/org/apache/tika/parser/microsoft/onenote/fsshttpb/property/IProperty.java,23
tika,org.apache.tika.parser.microsoft.onenote.fsshttpb.property,NoData,0,0,2,2,21,2,0,1,-1.0,1,0,/Users/surabhilone/Desktop/Thesis/SoftwareSystems/tika/tika-parsers/tika-parsers-standard/tika-parsers-standard-modules/tika-parser-microsoft-module/src/main/java/org/apache/tika/parser/microsoft/onenote/fsshttpb/property/NoData.java,22
tika,org.apache.tika.parser.microsoft.onenote.fsshttpb.property,FourBytesOfData,1,1,2,2,23,2,0,1,0.0,2,1,/Users/surabhilone/Desktop/Thesis/SoftwareSystems/tika/tika-parsers/tika-parsers-standard/tika-parsers-standard-modules/tika-parser-microsoft-module/src/main/java/org/apache/tika/parser/microsoft/onenote/fsshttpb/property/FourBytesOfData.java,24
tika,org.apache.tika.parser.microsoft.onenote.fsshttpb.property,EightBytesOfData,1,1,2,2,23,2,0,1,0.0,2,1,/Users/surabhilone/Desktop/Thesis/SoftwareSystems/tika/tika-parsers/tika-parsers-standard/tika-parsers-standard-modules/tika-parser-microsoft-module/src/main/java/org/apache/tika/parser/microsoft/onenote/fsshttpb/property/EightBytesOfData.java,25
tika,org.apache.tika.parser.microsoft.onenote.fsshttpb.property,PrtFourBytesOfLengthFollowedByData,2,2,2,2,35,4,0,1,0.0,2,1,/Users/surabhilone/Desktop/Thesis/SoftwareSystems/tika/tika-parsers/tika-parsers-standard/tika-parsers-standard-modules/tika-parser-microsoft-module/src/main/java/org/apache/tika/parser/microsoft/onenote/fsshttpb/property/PrtFourBytesOfLengthFollowedByData.java,26
tika,org.apache.tika.parser.microsoft.onenote.fsshttpb.exception,DataElementParseErrorException,1,0,2,2,11,2,0,0,0.0,0,0,/Users/surabhilone/Desktop/Thesis/SoftwareSystems/tika/tika-parsers/tika-parsers-standard/tika-parsers-standard-modules/tika-parser-microsoft-module/src/main/java/org/apache/tika/parser/microsoft/onenote/fsshttpb/exception/DataElementParseErrorException.java,19
tika,org.apache.tika.parser.xml,TextAndAttributeXMLParserTest,0,0,1,1,16,1,0,0,-1.0,0,4,/Users/surabhilone/Desktop/Thesis/SoftwareSystems/tika/tika-parsers/tika-parsers-standard/tika-parsers-standard-modules/tika-parser-xml-module/src/test/java/org/apache/tika/parser/xml/TextAndAttributeXMLParserTest.java,36
tika,org.apache.tika.parser.xml,EmptyAndDuplicateElementsXMLParserTest,4,0,2,2,51,2,0,0,0.0,0,4,/Users/surabhilone/Desktop/Thesis/SoftwareSystems/tika/tika-parsers/tika-parsers-standard/tika-parsers-standard-modules/tika-parser-xml-module/src/test/java/org/apache/tika/parser/xml/EmptyAndDuplicateElementsXMLParserTest.java,34
tika,org.apache.tika.parser.xml,EmptyAndDuplicateElementsXMLParserTest.DefaultCustomXMLTestParser,1,0,0,0,9,0,0,2,-1.0,0,0,/Users/surabhilone/Desktop/Thesis/SoftwareSystems/tika/tika-parsers/tika-parsers-standard/tika-parsers-standard-modules/tika-parser-xml-module/src/test/java/org/apache/tika/parser/xml/EmptyAndDuplicateElementsXMLParserTest.java,90
tika,org.apache.tika.parser.xml,EmptyAndDuplicateElementsXMLParserTest.AllowEmptiesAndDuplicatesCustomXMLTestParser,1,0,0,0,6,0,0,0,-1.0,0,0,/Users/surabhilone/Desktop/Thesis/SoftwareSystems/tika/tika-parsers/tika-parsers-standard/tika-parsers-standard-modules/tika-parser-xml-module/src/test/java/org/apache/tika/parser/xml/EmptyAndDuplicateElementsXMLParserTest.java,108
tika,org.apache.tika.parser.xml,DcXMLParserTest,0,0,3,3,40,3,0,0,-1.0,0,3,/Users/surabhilone/Desktop/Thesis/SoftwareSystems/tika/tika-parsers/tika-parsers-standard/tika-parsers-standard-modules/tika-parser-xml-module/src/test/java/org/apache/tika/parser/xml/DcXMLParserTest.java,35
tika,org.apache.tika.parser.xml,FictionBookParserTest,0,0,1,1,11,1,0,0,-1.0,0,2,/Users/surabhilone/Desktop/Thesis/SoftwareSystems/tika/tika-parsers/tika-parsers-standard/tika-parsers-standard-modules/tika-parser-xml-module/src/test/java/org/apache/tika/parser/xml/FictionBookParserTest.java,30
tika,org.apache.tika.parser.xml,AttributeMetadataHandler,2,0,3,3,25,5,0,1,0.0,0,2,/Users/surabhilone/Desktop/Thesis/SoftwareSystems/tika/tika-parsers/tika-parsers-standard/tika-parsers-standard-modules/tika-parser-xml-module/src/main/java/org/apache/tika/parser/xml/AttributeMetadataHandler.java,25
tika,org.apache.tika.parser.xml,XMLProfiler,7,3,2,2,55,2,0,1,1.0,1,5,/Users/surabhilone/Desktop/Thesis/SoftwareSystems/tika/tika-parsers/tika-parsers-standard/tika-parsers-standard-modules/tika-parser-xml-module/src/main/java/org/apache/tika/parser/xml/XMLProfiler.java,45
tika,org.apache.tika.parser.xml,XMLProfiler.XMLProfileHandler,3,0,0,0,40,0,0,0,-1.0,0,1,/Users/surabhilone/Desktop/Thesis/SoftwareSystems/tika/tika-parsers/tika-parsers-standard/tika-parsers-standard-modules/tika-parser-xml-module/src/main/java/org/apache/tika/parser/xml/XMLProfiler.java,96
tika,org.apache.tika.parser.xml,FictionBookParser,10,0,2,1,56,2,0,2,1.0,0,5,/Users/surabhilone/Desktop/Thesis/SoftwareSystems/tika/tika-parsers/tika-parsers-standard/tika-parsers-standard-modules/tika-parser-xml-module/src/main/java/org/apache/tika/parser/xml/FictionBookParser.java,38
tika,org.apache.tika.parser.xml,FictionBookParser.BinaryElementsDataHandler,8,0,0,0,46,0,0,0,-1.0,0,3,/Users/surabhilone/Desktop/Thesis/SoftwareSystems/tika/tika-parsers/tika-parsers-standard/tika-parsers-standard-modules/tika-parser-xml-module/src/main/java/org/apache/tika/parser/xml/FictionBookParser.java,56
tika,org.apache.tika.parser.xml,MetadataHandler,4,0,6,6,46,10,0,0,0.0,0,2,/Users/surabhilone/Desktop/Thesis/SoftwareSystems/tika/tika-parsers/tika-parsers-standard/tika-parsers-standard-modules/tika-parser-xml-module/src/main/java/org/apache/tika/parser/xml/MetadataHandler.java,25
tika,org.apache.tika.parser.xml,DcXMLParser,1,0,2,0,15,2,1,2,0.0,0,5,/Users/surabhilone/Desktop/Thesis/SoftwareSystems/tika/tika-parsers/tika-parsers-standard/tika-parsers-standard-modules/tika-parser-xml-module/src/main/java/org/apache/tika/parser/xml/DcXMLParser.java,28
tika,org.apache.tika.parser.xml,AttributeDependantMetadataHandler,5,0,5,5,45,10,0,0,0.0,0,1,/Users/surabhilone/Desktop/Thesis/SoftwareSystems/tika/tika-parsers/tika-parsers-standard/tika-parsers-standard-modules/tika-parser-xml-module/src/main/java/org/apache/tika/parser/xml/AttributeDependantMetadataHandler.java,24
tika,org.apache.tika.parser.xml,TextAndAttributeXMLParser,1,0,1,0,6,1,0,2,0.0,0,2,/Users/surabhilone/Desktop/Thesis/SoftwareSystems/tika/tika-parsers/tika-parsers-standard/tika-parsers-standard-modules/tika-parser-xml-module/src/main/java/org/apache/tika/parser/xml/TextAndAttributeXMLParser.java,25
tika,org.apache.tika.parser.xml,ElementMetadataHandler,16,0,11,8,168,24,0,1,0.0,1,2,/Users/surabhilone/Desktop/Thesis/SoftwareSystems/tika/tika-parsers/tika-parsers-standard/tika-parsers-standard-modules/tika-parser-xml-module/src/main/java/org/apache/tika/parser/xml/ElementMetadataHandler.java,28
tika,org.apache.tika.parser.xml,AbstractMetadataHandler,3,0,3,0,64,12,2,0,0.0,0,2,/Users/surabhilone/Desktop/Thesis/SoftwareSystems/tika/tika-parsers/tika-parsers-standard/tika-parsers-standard-modules/tika-parser-xml-module/src/main/java/org/apache/tika/parser/xml/AbstractMetadataHandler.java,27
tika,org.apache.tika.parser.xml,XMLParser,2,0,3,2,36,4,6,1,0.6666666666666666,0,6,/Users/surabhilone/Desktop/Thesis/SoftwareSystems/tika/tika-parsers/tika-parsers-standard/tika-parsers-standard-modules/tika-parser-xml-module/src/main/java/org/apache/tika/parser/xml/XMLParser.java,41
tika,org.apache.tika.parser.xml,FictionBookParserTest,0,0,1,1,12,1,0,0,-1.0,0,4,/Users/surabhilone/Desktop/Thesis/SoftwareSystems/tika/tika-parsers/tika-parsers-standard/tika-parsers-standard-package/src/test/java/org/apache/tika/parser/xml/FictionBookParserTest.java,30
tika,org.apache.tika.parser.xliff,XLZParserTest,0,0,1,1,15,1,0,0,-1.0,0,2,/Users/surabhilone/Desktop/Thesis/SoftwareSystems/tika/tika-parsers/tika-parsers-standard/tika-parsers-standard-modules/tika-parser-xml-module/src/test/java/org/apache/tika/parser/xliff/XLZParserTest.java,31
tika,org.apache.tika.parser.xliff,XLIFF12ParserTest,0,0,2,2,20,2,0,0,-1.0,0,2,/Users/surabhilone/Desktop/Thesis/SoftwareSystems/tika/tika-parsers/tika-parsers-standard/tika-parsers-standard-modules/tika-parser-xml-module/src/test/java/org/apache/tika/parser/xliff/XLIFF12ParserTest.java,31
tika,org.apache.tika.parser.xliff,XLIFF12ContentHandler,5,0,7,5,77,18,0,0,0.0,0,2,/Users/surabhilone/Desktop/Thesis/SoftwareSystems/tika/tika-parsers/tika-parsers-standard/tika-parsers-standard-modules/tika-parser-xml-module/src/main/java/org/apache/tika/parser/xliff/XLIFF12ContentHandler.java,27
tika,org.apache.tika.parser.xliff,XLZParser,5,0,4,2,90,14,0,1,0.5,0,8,/Users/surabhilone/Desktop/Thesis/SoftwareSystems/tika/tika-parsers/tika-parsers-standard/tika-parsers-standard-modules/tika-parser-xml-module/src/main/java/org/apache/tika/parser/xliff/XLZParser.java,40
tika,org.apache.tika.parser.xliff,XLIFF12Parser,3,0,2,2,25,2,0,1,1.0,0,6,/Users/surabhilone/Desktop/Thesis/SoftwareSystems/tika/tika-parsers/tika-parsers-standard/tika-parsers-standard-modules/tika-parser-xml-module/src/main/java/org/apache/tika/parser/xliff/XLIFF12Parser.java,36
tika,org.apache.tika.parser.tmx,TMXParserTest,0,0,2,2,25,2,0,0,-1.0,0,2,/Users/surabhilone/Desktop/Thesis/SoftwareSystems/tika/tika-parsers/tika-parsers-standard/tika-parsers-standard-modules/tika-parser-xml-module/src/test/java/org/apache/tika/parser/tmx/TMXParserTest.java,31
tika,org.apache.tika.parser.tmx,TMXContentHandler,7,0,7,5,108,27,0,0,0.0,0,2,/Users/surabhilone/Desktop/Thesis/SoftwareSystems/tika/tika-parsers/tika-parsers-standard/tika-parsers-standard-modules/tika-parser-xml-module/src/main/java/org/apache/tika/parser/tmx/TMXContentHandler.java,31
tika,org.apache.tika.parser.tmx,TMXParser,3,0,2,2,25,2,0,1,1.0,0,6,/Users/surabhilone/Desktop/Thesis/SoftwareSystems/tika/tika-parsers/tika-parsers-standard/tika-parsers-standard-modules/tika-parser-xml-module/src/main/java/org/apache/tika/parser/tmx/TMXParser.java,36
tika,org.apache.tika.sax,StandardsExtractingContentHandlerTest,0,0,1,1,17,1,0,0,-1.0,0,2,/Users/surabhilone/Desktop/Thesis/SoftwareSystems/tika/tika-parsers/tika-parsers-standard/tika-parsers-standard-package/src/test/java/org/apache/tika/sax/StandardsExtractingContentHandlerTest.java,30
tika,org.apache.tika.sax,UpcasingContentHandlerDecoratorFactory,0,0,2,2,11,2,0,1,-1.0,0,2,/Users/surabhilone/Desktop/Thesis/SoftwareSystems/tika/tika-parsers/tika-parsers-standard/tika-parsers-standard-package/src/test/java/org/apache/tika/sax/UpcasingContentHandlerDecoratorFactory.java,27
tika,org.apache.tika.sax,DoublingContentHandlerDecoratorFactory,1,0,2,2,14,2,0,1,0.0,0,2,/Users/surabhilone/Desktop/Thesis/SoftwareSystems/tika/tika-parsers/tika-parsers-standard/tika-parsers-standard-package/src/test/java/org/apache/tika/sax/DoublingContentHandlerDecoratorFactory.java,27
tika,org.apache.tika.sax,PhoneExtractingContentHandlerTest,0,0,1,1,20,1,0,0,-1.0,0,2,/Users/surabhilone/Desktop/Thesis/SoftwareSystems/tika/tika-parsers/tika-parsers-standard/tika-parsers-standard-package/src/test/java/org/apache/tika/sax/PhoneExtractingContentHandlerTest.java,27
tika,org.apache.tika.sax,BoilerpipeHandlerTest,0,0,5,4,83,5,0,0,-1.0,0,5,/Users/surabhilone/Desktop/Thesis/SoftwareSystems/tika/tika-parsers/tika-parsers-standard/tika-parsers-standard-package/src/test/java/org/apache/tika/sax/BoilerpipeHandlerTest.java,41
tika,org.apache.tika.sax,XHTMLContentHandlerTest,2,0,10,9,142,12,0,0,0.3,0,3,/Users/surabhilone/Desktop/Thesis/SoftwareSystems/tika/tika-core/src/test/java/org/apache/tika/sax/XHTMLContentHandlerTest.java,33
tika,org.apache.tika.sax,SafeContentHandlerTest,2,0,7,7,40,7,0,0,0.0,0,2,/Users/surabhilone/Desktop/Thesis/SoftwareSystems/tika/tika-core/src/test/java/org/apache/tika/sax/SafeContentHandlerTest.java,26
tika,org.apache.tika.sax,OfflineContentHandlerTest,2,0,3,3,29,3,0,0,0.0,0,1,/Users/surabhilone/Desktop/Thesis/SoftwareSystems/tika/tika-core/src/test/java/org/apache/tika/sax/OfflineContentHandlerTest.java,31
tika,org.apache.tika.sax,BasicContentHandlerFactoryTest,5,0,11,9,225,13,0,0,0.18181818181818182,0,5,/Users/surabhilone/Desktop/Thesis/SoftwareSystems/tika/tika-core/src/test/java/org/apache/tika/sax/BasicContentHandlerFactoryTest.java,44
tika,org.apache.tika.sax,BasicContentHandlerFactoryTest.MockParser,4,0,0,0,31,0,0,1,-1.0,0,0,/Users/surabhilone/Desktop/Thesis/SoftwareSystems/tika/tika-core/src/test/java/org/apache/tika/sax/BasicContentHandlerFactoryTest.java,297
tika,org.apache.tika.sax,CustomErrorHandlerTest,2,0,5,2,49,6,0,0,0.4,0,4,/Users/surabhilone/Desktop/Thesis/SoftwareSystems/tika/tika-core/src/test/java/org/apache/tika/sax/CustomErrorHandlerTest.java,39
tika,org.apache.tika.sax,RichTextContentHandlerTest,0,0,2,2,31,2,0,0,-1.0,0,1,/Users/surabhilone/Desktop/Thesis/SoftwareSystems/tika/tika-core/src/test/java/org/apache/tika/sax/RichTextContentHandlerTest.java,30
tika,org.apache.tika.sax,ToMarkdownContentHandlerTest,3,0,44,38,705,56,0,0,0.18181818181818182,0,2,/Users/surabhilone/Desktop/Thesis/SoftwareSystems/tika/tika-core/src/test/java/org/apache/tika/sax/ToMarkdownContentHandlerTest.java,32
tika,org.apache.tika.sax,NonValidatingContentHandler,0,0,5,5,23,5,0,1,-1.0,1,0,/Users/surabhilone/Desktop/Thesis/SoftwareSystems/tika/tika-core/src/test/java/org/apache/tika/sax/NonValidatingContentHandler.java,28
tika,org.apache.tika.sax,NonValidatingContentHandler.ClosedInputStream,0,0,0,0,9,0,0,0,-1.0,0,0,/Users/surabhilone/Desktop/Thesis/SoftwareSystems/tika/tika-core/src/test/java/org/apache/tika/sax/NonValidatingContentHandler.java,29
tika,org.apache.tika.sax,BodyContentHandlerTest,0,0,3,2,41,5,0,0,-1.0,0,6,/Users/surabhilone/Desktop/Thesis/SoftwareSystems/tika/tika-core/src/test/java/org/apache/tika/sax/BodyContentHandlerTest.java,36
tika,org.apache.tika.sax,LinkContentHandlerTest,0,0,6,6,72,6,0,0,-1.0,0,2,/Users/surabhilone/Desktop/Thesis/SoftwareSystems/tika/tika-core/src/test/java/org/apache/tika/sax/LinkContentHandlerTest.java,24
tika,org.apache.tika.sax,SerializerTest,0,0,12,3,88,12,0,0,-1.0,0,0,/Users/surabhilone/Desktop/Thesis/SoftwareSystems/tika/tika-core/src/test/java/org/apache/tika/sax/SerializerTest.java,25
tika,org.apache.tika.sax,SecureContentHandlerTest,3,0,9,9,118,17,0,0,0.0,0,2,/Users/surabhilone/Desktop/Thesis/SoftwareSystems/tika/tika-core/src/test/java/org/apache/tika/sax/SecureContentHandlerTest.java,33
tika,org.apache.tika.sax,ContentHandlerDecoratorFactory,0,0,1,0,3,1,2,0,-1.0,1,2,/Users/surabhilone/Desktop/Thesis/SoftwareSystems/tika/tika-core/src/main/java/org/apache/tika/sax/ContentHandlerDecoratorFactory.java,26
tika,org.apache.tika.sax,WriteOutContentHandler,5,0,9,8,111,15,3,1,0.3333333333333333,5,3,/Users/surabhilone/Desktop/Thesis/SoftwareSystems/tika/tika-core/src/main/java/org/apache/tika/sax/WriteOutContentHandler.java,29
tika,org.apache.tika.sax,BasicContentHandlerFactory,4,0,9,8,122,38,0,1,0.2222222222222222,31,1,/Users/surabhilone/Desktop/Thesis/SoftwareSystems/tika/tika-core/src/main/java/org/apache/tika/sax/BasicContentHandlerFactory.java,31
tika,org.apache.tika.sax,BasicContentHandlerFactory.HANDLER_TYPE,0,0,0,0,4,0,0,0,-1.0,0,0,/Users/surabhilone/Desktop/Thesis/SoftwareSystems/tika/tika-core/src/main/java/org/apache/tika/sax/BasicContentHandlerFactory.java,204
tika,org.apache.tika.sax,CleanPhoneText,3,1,2,2,42,7,0,0,0.0,1,0,/Users/surabhilone/Desktop/Thesis/SoftwareSystems/tika/tika-core/src/main/java/org/apache/tika/sax/CleanPhoneText.java,24
tika,org.apache.tika.sax,ToXMLContentHandler,6,0,13,8,202,25,1,1,0.15384615384615385,7,0,/Users/surabhilone/Desktop/Thesis/SoftwareSystems/tika/tika-core/src/main/java/org/apache/tika/sax/ToXMLContentHandler.java,28
tika,org.apache.tika.sax,ToXMLContentHandler.ElementInfo,2,0,0,0,37,0,0,0,-1.0,0,0,/Users/surabhilone/Desktop/Thesis/SoftwareSystems/tika/tika-core/src/main/java/org/apache/tika/sax/ToXMLContentHandler.java,232
tika,org.apache.tika.sax,TextAndAttributeContentHandler,0,0,3,3,22,5,0,1,-1.0,0,0,/Users/surabhilone/Desktop/Thesis/SoftwareSystems/tika/tika-core/src/main/java/org/apache/tika/sax/TextAndAttributeContentHandler.java,26
tika,org.apache.tika.sax,ContentHandlerDecorator,1,0,19,16,154,23,22,0,0.10526315789473684,1,0,/Users/surabhilone/Desktop/Thesis/SoftwareSystems/tika/tika-core/src/main/java/org/apache/tika/sax/ContentHandlerDecorator.java,27
tika,org.apache.tika.sax,Link,5,0,13,13,87,18,0,0,0.0,1,0,/Users/surabhilone/Desktop/Thesis/SoftwareSystems/tika/tika-core/src/main/java/org/apache/tika/sax/Link.java,19
tika,org.apache.tika.sax,TextContentHandler,3,0,9,9,38,10,2,0,0.0,0,0,/Users/surabhilone/Desktop/Thesis/SoftwareSystems/tika/tika-core/src/main/java/org/apache/tika/sax/TextContentHandler.java,24
tika,org.apache.tika.sax,LinkContentHandler,3,0,7,7,97,19,0,0,0.2857142857142857,3,1,/Users/surabhilone/Desktop/Thesis/SoftwareSystems/tika/tika-core/src/main/java/org/apache/tika/sax/LinkContentHandler.java,28
tika,org.apache.tika.sax,StoppingEarlyException,1,1,0,0,6,0,0,0,-1.0,2,0,/Users/surabhilone/Desktop/Thesis/SoftwareSystems/tika/tika-core/src/main/java/org/apache/tika/sax/StoppingEarlyException.java,21
tika,org.apache.tika.sax,ContentHandlerFactory,0,0,2,0,7,2,4,0,-1.0,16,0,/Users/surabhilone/Desktop/Thesis/SoftwareSystems/tika/tika-core/src/main/java/org/apache/tika/sax/ContentHandlerFactory.java,26
tika,org.apache.tika.sax,PhoneExtractingContentHandler,3,0,4,3,46,5,0,1,0.5,2,2,/Users/surabhilone/Desktop/Thesis/SoftwareSystems/tika/tika-core/src/main/java/org/apache/tika/sax/PhoneExtractingContentHandler.java,28
tika,org.apache.tika.sax,XHTMLContentHandler,13,2,17,13,220,37,0,2,0.17647058823529413,178,2,/Users/surabhilone/Desktop/Thesis/SoftwareSystems/tika/tika-core/src/main/java/org/apache/tika/sax/XHTMLContentHandler.java,32
tika,org.apache.tika.sax,StandardsText,7,0,3,1,79,11,0,0,0.0,1,1,/Users/surabhilone/Desktop/Thesis/SoftwareSystems/tika/tika-core/src/main/java/org/apache/tika/sax/StandardsText.java,29
tika,org.apache.tika.sax,WriteLimiter,0,0,2,0,4,2,1,0,-1.0,0,0,/Users/surabhilone/Desktop/Thesis/SoftwareSystems/tika/tika-core/src/main/java/org/apache/tika/sax/WriteLimiter.java,19
tika,org.apache.tika.sax,SafeContentHandler,4,0,10,6,135,22,2,1,0.5,2,0,/Users/surabhilone/Desktop/Thesis/SoftwareSystems/tika/tika-core/src/main/java/org/apache/tika/sax/SafeContentHandler.java,24
tika,org.apache.tika.sax,SafeContentHandler.Output,0,0,0,0,6,0,0,0,-1.0,0,0,/Users/surabhilone/Desktop/Thesis/SoftwareSystems/tika/tika-core/src/main/java/org/apache/tika/sax/SafeContentHandler.java,253
tika,org.apache.tika.sax,SafeContentHandler.StringOutput,1,0,0,0,9,0,0,0,-1.0,0,0,/Users/surabhilone/Desktop/Thesis/SoftwareSystems/tika/tika-core/src/main/java/org/apache/tika/sax/SafeContentHandler.java,261
tika,org.apache.tika.sax,StandardOrganizations,1,0,2,2,124,2,0,0,0.0,0,0,/Users/surabhilone/Desktop/Thesis/SoftwareSystems/tika/tika-core/src/main/java/org/apache/tika/sax/StandardOrganizations.java,22
tika,org.apache.tika.sax,TeeContentHandler,1,0,12,12,64,23,0,0,0.0,5,0,/Users/surabhilone/Desktop/Thesis/SoftwareSystems/tika/tika-core/src/main/java/org/apache/tika/sax/TeeContentHandler.java,25
tika,org.apache.tika.sax,StandardReference,10,0,12,11,82,13,0,0,0.0,1,0,/Users/surabhilone/Desktop/Thesis/SoftwareSystems/tika/tika-core/src/main/java/org/apache/tika/sax/StandardReference.java,19
tika,org.apache.tika.sax,StandardReference.StandardReferenceBuilder,5,0,0,0,26,0,0,0,-1.0,0,0,/Users/surabhilone/Desktop/Thesis/SoftwareSystems/tika/tika-core/src/main/java/org/apache/tika/sax/StandardReference.java,92
tika,org.apache.tika.sax,StandardsExtractingContentHandler,5,1,7,6,73,9,0,1,0.2857142857142857,2,2,/Users/surabhilone/Desktop/Thesis/SoftwareSystems/tika/tika-core/src/main/java/org/apache/tika/sax/StandardsExtractingContentHandler.java,28
tika,org.apache.tika.sax,RecursiveParserWrapperHandler,2,0,9,7,115,19,2,1,0.4444444444444444,18,7,/Users/surabhilone/Desktop/Thesis/SoftwareSystems/tika/tika-core/src/main/java/org/apache/tika/sax/RecursiveParserWrapperHandler.java,37
tika,org.apache.tika.sax,OfflineContentHandler,0,0,2,2,15,2,0,1,-1.0,1,0,/Users/surabhilone/Desktop/Thesis/SoftwareSystems/tika/tika-core/src/main/java/org/apache/tika/sax/OfflineContentHandler.java,23
tika,org.apache.tika.sax,DIFContentHandler,8,0,9,9,98,16,0,0,0.0,0,1,/Users/surabhilone/Desktop/Thesis/SoftwareSystems/tika/tika-core/src/main/java/org/apache/tika/sax/DIFContentHandler.java,29
tika,org.apache.tika.sax,ToMarkdownContentHandler,23,0,16,9,380,122,0,0,0.1875,1,0,/Users/surabhilone/Desktop/Thesis/SoftwareSystems/tika/tika-core/src/main/java/org/apache/tika/sax/ToMarkdownContentHandler.java,35
tika,org.apache.tika.sax,ToMarkdownContentHandler.ListState,3,0,0,0,10,0,0,0,-1.0,0,0,/Users/surabhilone/Desktop/Thesis/SoftwareSystems/tika/tika-core/src/main/java/org/apache/tika/sax/ToMarkdownContentHandler.java,549
tika,org.apache.tika.sax,BodyContentHandler,2,0,4,4,41,4,0,1,1.0,85,3,/Users/surabhilone/Desktop/Thesis/SoftwareSystems/tika/tika-core/src/main/java/org/apache/tika/sax/BodyContentHandler.java,28
tika,org.apache.tika.sax,ToHTMLContentHandler,1,0,4,4,26,6,0,2,1.0,2,0,/Users/surabhilone/Desktop/Thesis/SoftwareSystems/tika/tika-core/src/main/java/org/apache/tika/sax/ToHTMLContentHandler.java,27
tika,org.apache.tika.sax,LinkBuilder,5,0,8,8,50,12,0,0,0.0,1,1,/Users/surabhilone/Desktop/Thesis/SoftwareSystems/tika/tika-core/src/main/java/org/apache/tika/sax/LinkBuilder.java,19
tika,org.apache.tika.sax,ToTextContentHandler,5,0,9,9,93,14,2,0,0.3333333333333333,3,0,/Users/surabhilone/Desktop/Thesis/SoftwareSystems/tika/tika-core/src/main/java/org/apache/tika/sax/ToTextContentHandler.java,31
tika,org.apache.tika.sax,TaggedSAXException,1,0,3,3,32,3,0,0,0.6666666666666666,1,0,/Users/surabhilone/Desktop/Thesis/SoftwareSystems/tika/tika-core/src/main/java/org/apache/tika/sax/TaggedSAXException.java,21
tika,org.apache.tika.sax,SecureContentHandler,9,0,16,14,185,24,1,1,0.1875,2,2,/Users/surabhilone/Desktop/Thesis/SoftwareSystems/tika/tika-core/src/main/java/org/apache/tika/sax/SecureContentHandler.java,29
tika,org.apache.tika.sax,SecureContentHandler.SecureSAXException,1,0,0,0,16,0,0,0,-1.0,0,0,/Users/surabhilone/Desktop/Thesis/SoftwareSystems/tika/tika-core/src/main/java/org/apache/tika/sax/SecureContentHandler.java,262
tika,org.apache.tika.sax,EmbeddedContentHandler,0,0,3,3,22,3,0,1,-1.0,2,0,/Users/surabhilone/Desktop/Thesis/SoftwareSystems/tika/tika-core/src/main/java/org/apache/tika/sax/EmbeddedContentHandler.java,21
tika,org.apache.tika.sax,TaggedContentHandler,0,0,4,3,48,7,0,1,-1.0,4,1,/Users/surabhilone/Desktop/Thesis/SoftwareSystems/tika/tika-core/src/main/java/org/apache/tika/sax/TaggedContentHandler.java,22
tika,org.apache.tika.sax,RichTextContentHandler,0,0,2,2,23,4,0,2,-1.0,0,0,/Users/surabhilone/Desktop/Thesis/SoftwareSystems/tika/tika-core/src/main/java/org/apache/tika/sax/RichTextContentHandler.java,24
tika,org.apache.tika.sax,ExpandedTitleContentHandler,2,0,6,6,42,9,0,1,0.5,0,1,/Users/surabhilone/Desktop/Thesis/SoftwareSystems/tika/tika-core/src/main/java/org/apache/tika/sax/ExpandedTitleContentHandler.java,25
tika,org.apache.tika.sax,ElementMappingContentHandler,3,0,4,3,78,7,1,1,0.0,0,0,/Users/surabhilone/Desktop/Thesis/SoftwareSystems/tika/tika-core/src/main/java/org/apache/tika/sax/ElementMappingContentHandler.java,28
tika,org.apache.tika.sax,ElementMappingContentHandler.TargetElement,2,0,0,0,45,0,0,0,-1.0,0,0,/Users/surabhilone/Desktop/Thesis/SoftwareSystems/tika/tika-core/src/main/java/org/apache/tika/sax/ElementMappingContentHandler.java,76
tika,org.apache.tika.sax,AbstractRecursiveParserWrapperHandler,6,1,10,9,73,12,3,0,0.0,4,4,/Users/surabhilone/Desktop/Thesis/SoftwareSystems/tika/tika-core/src/main/java/org/apache/tika/sax/AbstractRecursiveParserWrapperHandler.java,31
tika,org.apache.tika.sax,EndDocumentShieldingContentHandler,1,0,4,4,23,4,0,1,0.5,4,0,/Users/surabhilone/Desktop/Thesis/SoftwareSystems/tika/tika-core/src/main/java/org/apache/tika/sax/EndDocumentShieldingContentHandler.java,22
tika,org.apache.tika.sax,XMPContentHandler,5,2,8,7,89,12,0,2,0.25,0,2,/Users/surabhilone/Desktop/Thesis/SoftwareSystems/tika/tika-core/src/main/java/org/apache/tika/sax/XMPContentHandler.java,27
tika,org.apache.tika.config,TikaParserConfigTest,0,0,3,3,84,11,0,1,-1.0,0,7,/Users/surabhilone/Desktop/Thesis/SoftwareSystems/tika/tika-parsers/tika-parsers-standard/tika-parsers-standard-package/src/test/java/org/apache/tika/config/TikaParserConfigTest.java,37
tika,org.apache.tika.config,TikaConfigSerializerTest,0,0,4,3,43,4,0,0,-1.0,0,2,/Users/surabhilone/Desktop/Thesis/SoftwareSystems/tika/tika-parsers/tika-parsers-standard/tika-parsers-standard-package/src/test/java/org/apache/tika/config/TikaConfigSerializerTest.java,33
tika,org.apache.tika.config,TikaDetectorConfigTest,0,0,3,2,70,10,0,1,-1.0,0,6,/Users/surabhilone/Desktop/Thesis/SoftwareSystems/tika/tika-parsers/tika-parsers-standard/tika-parsers-standard-package/src/test/java/org/apache/tika/config/TikaDetectorConfigTest.java,36
tika,org.apache.tika.config,TikaEncodingDetectorTest,0,0,11,10,173,23,0,1,-1.0,0,8,/Users/surabhilone/Desktop/Thesis/SoftwareSystems/tika/tika-parsers/tika-parsers-standard/tika-parsers-standard-package/src/test/java/org/apache/tika/config/TikaEncodingDetectorTest.java,52
tika,org.apache.tika.config,TikaTranslatorConfigTest,0,0,4,4,33,4,0,1,-1.0,0,4,/Users/surabhilone/Desktop/Thesis/SoftwareSystems/tika/tika-parsers/tika-parsers-standard/tika-parsers-standard-package/src/test/java/org/apache/tika/config/TikaTranslatorConfigTest.java,29
tika,org.apache.tika.config,TikaConfigSerializerTest,0,0,5,4,41,5,0,2,-1.0,0,6,/Users/surabhilone/Desktop/Thesis/SoftwareSystems/tika/tika-core/src/test/java/org/apache/tika/config/TikaConfigSerializerTest.java,37
tika,org.apache.tika.config,TikaConfigTest,0,0,27,24,301,28,1,1,-1.0,0,17,/Users/surabhilone/Desktop/Thesis/SoftwareSystems/tika/tika-core/src/test/java/org/apache/tika/config/TikaConfigTest.java,59
tika,org.apache.tika.config,DummyExecutor,0,0,1,1,5,1,0,1,-1.0,0,0,/Users/surabhilone/Desktop/Thesis/SoftwareSystems/tika/tika-core/src/test/java/org/apache/tika/config/DummyExecutor.java,25
tika,org.apache.tika.config,TikaPipesConfigTest,0,0,10,10,65,10,0,1,-1.0,0,8,/Users/surabhilone/Desktop/Thesis/SoftwareSystems/tika/tika-core/src/test/java/org/apache/tika/config/TikaPipesConfigTest.java,42
tika,org.apache.tika.config,AbstractTikaConfigTest,1,0,4,1,23,4,6,0,0.75,0,2,/Users/surabhilone/Desktop/Thesis/SoftwareSystems/tika/tika-core/src/test/java/org/apache/tika/config/AbstractTikaConfigTest.java,30
tika,org.apache.tika.config,MockConfigTest,7,0,1,1,69,1,0,0,0.0,0,0,/Users/surabhilone/Desktop/Thesis/SoftwareSystems/tika/tika-core/src/test/java/org/apache/tika/config/MockConfigTest.java,30
tika,org.apache.tika.config,MockConfigTest.MockConfig,7,0,0,0,54,0,0,1,-1.0,0,0,/Users/surabhilone/Desktop/Thesis/SoftwareSystems/tika/tika-core/src/test/java/org/apache/tika/config/MockConfigTest.java,48
tika,org.apache.tika.config,DummyParser,2,0,2,2,10,2,0,2,0.0,1,2,/Users/surabhilone/Desktop/Thesis/SoftwareSystems/tika/tika-core/src/test/java/org/apache/tika/config/DummyParser.java,25
tika,org.apache.tika.config,ParamTest,0,0,1,1,26,2,0,0,-1.0,0,1,/Users/surabhilone/Desktop/Thesis/SoftwareSystems/tika/tika-core/src/test/java/org/apache/tika/config/ParamTest.java,31
tika,org.apache.tika.config,TikaConfigSerializer,6,0,20,2,455,84,0,0,0.0,6,11,/Users/surabhilone/Desktop/Thesis/SoftwareSystems/tika/tika-core/src/main/java/org/apache/tika/config/TikaConfigSerializer.java,67
tika,org.apache.tika.config,TikaConfigSerializer.MethodTuples,1,0,0,0,14,0,0,0,-1.0,0,0,/Users/surabhilone/Desktop/Thesis/SoftwareSystems/tika/tika-core/src/main/java/org/apache/tika/config/TikaConfigSerializer.java,574
tika,org.apache.tika.config,TikaConfigSerializer.MethodTuple,3,0,0,0,23,0,0,0,-1.0,0,0,/Users/surabhilone/Desktop/Thesis/SoftwareSystems/tika/tika-core/src/main/java/org/apache/tika/config/TikaConfigSerializer.java,590
tika,org.apache.tika.config,TikaConfigSerializer.Mode,0,0,0,0,13,0,0,0,-1.0,0,0,/Users/surabhilone/Desktop/Thesis/SoftwareSystems/tika/tika-core/src/main/java/org/apache/tika/config/TikaConfigSerializer.java,619
tika,org.apache.tika.config,InitializableProblemHandler,5,0,9,8,51,9,0,0,-1.0,59,1,/Users/surabhilone/Desktop/Thesis/SoftwareSystems/tika/tika-core/src/main/java/org/apache/tika/config/InitializableProblemHandler.java,25
tika,org.apache.tika.config,ConfigBase,3,0,20,0,454,94,1,0,0.15,0,2,/Users/surabhilone/Desktop/Thesis/SoftwareSystems/tika/tika-core/src/main/java/org/apache/tika/config/ConfigBase.java,44
tika,org.apache.tika.config,ConfigBase.SetterClassPair,2,0,0,0,11,0,0,0,-1.0,0,0,/Users/surabhilone/Desktop/Thesis/SoftwareSystems/tika/tika-core/src/main/java/org/apache/tika/config/ConfigBase.java,553
tika,org.apache.tika.config,TikaActivator,3,0,5,5,36,6,0,0,0.4,0,1,/Users/surabhilone/Desktop/Thesis/SoftwareSystems/tika/tika-core/src/main/java/org/apache/tika/config/TikaActivator.java,29
tika,org.apache.tika.config,LoadErrorHandler,3,0,7,6,47,7,0,0,-1.0,9,0,/Users/surabhilone/Desktop/Thesis/SoftwareSystems/tika/tika-core/src/main/java/org/apache/tika/config/LoadErrorHandler.java,23
tika,org.apache.tika.config,TikaTaskTimeout,1,0,3,3,19,5,0,0,0.0,6,1,/Users/surabhilone/Desktop/Thesis/SoftwareSystems/tika/tika-core/src/main/java/org/apache/tika/config/TikaTaskTimeout.java,23
tika,org.apache.tika.config,Initializable,0,0,2,0,15,2,49,0,-1.0,1,2,/Users/surabhilone/Desktop/Thesis/SoftwareSystems/tika/tika-core/src/main/java/org/apache/tika/config/Initializable.java,23
tika,org.apache.tika.config,Param,10,0,20,15,303,57,0,0,0.15,2,4,/Users/surabhilone/Desktop/Thesis/SoftwareSystems/tika/tika-core/src/main/java/org/apache/tika/config/Param.java,53
tika,org.apache.tika.config,TikaConfig,20,2,48,30,1002,89,0,0,0.3541666666666667,112,25,/Users/surabhilone/Desktop/Thesis/SoftwareSystems/tika/tika-core/src/main/java/org/apache/tika/config/TikaConfig.java,89
tika,org.apache.tika.config,TikaConfig.XmlLoader,1,0,0,0,151,0,0,0,-1.0,0,1,/Users/surabhilone/Desktop/Thesis/SoftwareSystems/tika/tika-core/src/main/java/org/apache/tika/config/TikaConfig.java,655
tika,org.apache.tika.config,TikaConfig.ParserXmlLoader,2,0,0,0,132,0,0,0,-1.0,0,2,/Users/surabhilone/Desktop/Thesis/SoftwareSystems/tika/tika-core/src/main/java/org/apache/tika/config/TikaConfig.java,872
tika,org.apache.tika.config,TikaConfig.DetectorXmlLoader,0,0,0,0,74,0,0,0,-1.0,0,0,/Users/surabhilone/Desktop/Thesis/SoftwareSystems/tika/tika-core/src/main/java/org/apache/tika/config/TikaConfig.java,1056
tika,org.apache.tika.config,TikaConfig.TranslatorXmlLoader,0,0,0,0,35,0,0,0,-1.0,0,0,/Users/surabhilone/Desktop/Thesis/SoftwareSystems/tika/tika-core/src/main/java/org/apache/tika/config/TikaConfig.java,1164
tika,org.apache.tika.config,TikaConfig.ExecutorServiceXmlLoader,0,0,0,0,46,0,0,0,-1.0,0,0,/Users/surabhilone/Desktop/Thesis/SoftwareSystems/tika/tika-core/src/main/java/org/apache/tika/config/TikaConfig.java,1226
tika,org.apache.tika.config,TikaConfig.EncodingDetectorXmlLoader,0,0,0,0,55,0,0,0,-1.0,0,0,/Users/surabhilone/Desktop/Thesis/SoftwareSystems/tika/tika-core/src/main/java/org/apache/tika/config/TikaConfig.java,1310
tika,org.apache.tika.config,TikaConfig.RendererXmlLoader,0,0,0,0,55,0,0,0,-1.0,0,0,/Users/surabhilone/Desktop/Thesis/SoftwareSystems/tika/tika-core/src/main/java/org/apache/tika/config/TikaConfig.java,1399
tika,org.apache.tika.config,ParamField,7,1,10,8,114,19,0,0,0.0,0,1,/Users/surabhilone/Desktop/Thesis/SoftwareSystems/tika/tika-core/src/main/java/org/apache/tika/config/ParamField.java,28
tika,org.apache.tika.config,ServiceLoader,10,0,22,17,290,44,0,0,0.0,25,2,/Users/surabhilone/Desktop/Thesis/SoftwareSystems/tika/tika-core/src/main/java/org/apache/tika/config/ServiceLoader.java,40
tika,org.apache.tika.config,ServiceLoader.RankedService,2,0,0,0,14,0,0,0,-1.0,0,0,/Users/surabhilone/Desktop/Thesis/SoftwareSystems/tika/tika-core/src/main/java/org/apache/tika/config/ServiceLoader.java,394
tika,org.apache.tika.utils,ServiceLoaderUtilsTest,0,0,1,1,25,5,0,0,-1.0,0,1,/Users/surabhilone/Desktop/Thesis/SoftwareSystems/tika/tika-parsers/tika-parsers-standard/tika-parsers-standard-package/src/test/java/org/apache/tika/utils/ServiceLoaderUtilsTest.java,28
tika,org.apache.tika.utils,ConcurrentUtilsTest,0,0,2,2,18,2,0,0,-1.0,0,3,/Users/surabhilone/Desktop/Thesis/SoftwareSystems/tika/tika-core/src/test/java/org/apache/tika/utils/ConcurrentUtilsTest.java,29
tika,org.apache.tika.utils,AnnotationUtilsTest,9,0,5,5,130,5,0,0,0.6,0,1,/Users/surabhilone/Desktop/Thesis/SoftwareSystems/tika/tika-core/src/test/java/org/apache/tika/utils/AnnotationUtilsTest.java,35
tika,org.apache.tika.utils,AnnotationUtilsTest.MyParser,1,0,0,0,3,0,0,0,-1.0,0,0,/Users/surabhilone/Desktop/Thesis/SoftwareSystems/tika/tika-core/src/test/java/org/apache/tika/utils/AnnotationUtilsTest.java,43
tika,org.apache.tika.utils,AnnotationUtilsTest.MyParser,2,0,0,0,4,0,0,0,-1.0,0,0,/Users/surabhilone/Desktop/Thesis/SoftwareSystems/tika/tika-core/src/test/java/org/apache/tika/utils/AnnotationUtilsTest.java,73
tika,org.apache.tika.utils,AnnotationUtilsTest.MyParser,1,0,0,0,3,0,0,0,-1.0,0,0,/Users/surabhilone/Desktop/Thesis/SoftwareSystems/tika/tika-core/src/test/java/org/apache/tika/utils/AnnotationUtilsTest.java,98
tika,org.apache.tika.utils,AnnotationUtilsTest.Parent,2,0,0,0,4,0,0,0,-1.0,0,0,/Users/surabhilone/Desktop/Thesis/SoftwareSystems/tika/tika-core/src/test/java/org/apache/tika/utils/AnnotationUtilsTest.java,128
tika,org.apache.tika.utils,AnnotationUtilsTest.Child,2,0,0,0,4,0,0,0,-1.0,0,0,/Users/surabhilone/Desktop/Thesis/SoftwareSystems/tika/tika-core/src/test/java/org/apache/tika/utils/AnnotationUtilsTest.java,136
tika,org.apache.tika.utils,AnnotationUtilsTest.Bean,1,0,0,0,3,0,0,0,-1.0,0,0,/Users/surabhilone/Desktop/Thesis/SoftwareSystems/tika/tika-core/src/test/java/org/apache/tika/utils/AnnotationUtilsTest.java,173
tika,org.apache.tika.utils,XMLReaderUtilsTest,9,0,9,7,151,28,0,0,0.3333333333333333,0,2,/Users/surabhilone/Desktop/Thesis/SoftwareSystems/tika/tika-core/src/test/java/org/apache/tika/utils/XMLReaderUtilsTest.java,41
tika,org.apache.tika.utils,RegexUtilsTest,0,0,3,3,40,3,0,0,-1.0,0,1,/Users/surabhilone/Desktop/Thesis/SoftwareSystems/tika/tika-core/src/test/java/org/apache/tika/utils/RegexUtilsTest.java,27
tika,org.apache.tika.utils,ServiceLoaderUtilsTest,0,0,1,1,13,2,0,0,-1.0,0,0,/Users/surabhilone/Desktop/Thesis/SoftwareSystems/tika/tika-core/src/test/java/org/apache/tika/utils/ServiceLoaderUtilsTest.java,36
tika,org.apache.tika.utils,CharsetUtilsTest,0,0,4,4,34,4,0,0,-1.0,0,1,/Users/surabhilone/Desktop/Thesis/SoftwareSystems/tika/tika-core/src/test/java/org/apache/tika/utils/CharsetUtilsTest.java,26
tika,org.apache.tika.utils,SystemUtils,16,14,5,0,46,5,0,0,0.6,10,0,/Users/surabhilone/Desktop/Thesis/SoftwareSystems/tika/tika-core/src/main/java/org/apache/tika/utils/SystemUtils.java,19
tika,org.apache.tika.utils,StringUtils,3,2,7,7,139,30,0,0,0.2857142857142857,79,0,/Users/surabhilone/Desktop/Thesis/SoftwareSystems/tika/tika-core/src/main/java/org/apache/tika/utils/StringUtils.java,21
tika,org.apache.tika.utils,CompareUtils,0,0,1,1,18,2,0,0,-1.0,0,0,/Users/surabhilone/Desktop/Thesis/SoftwareSystems/tika/tika-core/src/main/java/org/apache/tika/utils/CompareUtils.java,19
tika,org.apache.tika.utils,FileProcessResult,9,0,19,19,68,19,0,0,0.0,12,0,/Users/surabhilone/Desktop/Thesis/SoftwareSystems/tika/tika-core/src/main/java/org/apache/tika/utils/FileProcessResult.java,19
tika,org.apache.tika.utils,XMLReaderUtils,29,3,46,31,976,101,0,0,0.17391304347826086,62,2,/Users/surabhilone/Desktop/Thesis/SoftwareSystems/tika/tika-core/src/main/java/org/apache/tika/utils/XMLReaderUtils.java,66
tika,org.apache.tika.utils,XMLReaderUtils.PoolDOMBuilder,3,0,0,0,23,0,0,0,-1.0,0,0,/Users/surabhilone/Desktop/Thesis/SoftwareSystems/tika/tika-core/src/main/java/org/apache/tika/utils/XMLReaderUtils.java,1113
tika,org.apache.tika.utils,XMLReaderUtils.PoolSAXParser,3,0,0,0,19,0,0,0,-1.0,0,0,/Users/surabhilone/Desktop/Thesis/SoftwareSystems/tika/tika-core/src/main/java/org/apache/tika/utils/XMLReaderUtils.java,1142
tika,org.apache.tika.utils,XMLReaderUtils.XercesPoolSAXParser,0,0,0,0,13,0,0,0,-1.0,0,0,/Users/surabhilone/Desktop/Thesis/SoftwareSystems/tika/tika-core/src/main/java/org/apache/tika/utils/XMLReaderUtils.java,1167
tika,org.apache.tika.utils,XMLReaderUtils.Xerces2PoolSAXParser,0,0,0,0,21,0,0,0,-1.0,0,0,/Users/surabhilone/Desktop/Thesis/SoftwareSystems/tika/tika-core/src/main/java/org/apache/tika/utils/XMLReaderUtils.java,1184
tika,org.apache.tika.utils,XMLReaderUtils.BuiltInPoolSAXParser,0,0,0,0,14,0,0,0,-1.0,0,0,/Users/surabhilone/Desktop/Thesis/SoftwareSystems/tika/tika-core/src/main/java/org/apache/tika/utils/XMLReaderUtils.java,1207
tika,org.apache.tika.utils,XMLReaderUtils.UnrecognizedPoolSAXParser,0,0,0,0,19,0,0,0,-1.0,0,0,/Users/surabhilone/Desktop/Thesis/SoftwareSystems/tika/tika-core/src/main/java/org/apache/tika/utils/XMLReaderUtils.java,1224
tika,org.apache.tika.utils,StreamGobbler,5,0,5,5,45,9,0,0,0.0,1,0,/Users/surabhilone/Desktop/Thesis/SoftwareSystems/tika/tika-core/src/main/java/org/apache/tika/utils/StreamGobbler.java,27
tika,org.apache.tika.utils,ConcurrentUtils,0,0,1,1,26,2,0,0,-1.0,1,1,/Users/surabhilone/Desktop/Thesis/SoftwareSystems/tika/tika-core/src/main/java/org/apache/tika/utils/ConcurrentUtils.java,25
tika,org.apache.tika.utils,RereadableInputStream,12,0,9,7,192,24,0,0,0.0,3,0,/Users/surabhilone/Desktop/Thesis/SoftwareSystems/tika/tika-core/src/main/java/org/apache/tika/utils/RereadableInputStream.java,31
tika,org.apache.tika.utils,ExceptionUtils,1,0,3,3,47,5,0,0,0.6666666666666666,16,0,/Users/surabhilone/Desktop/Thesis/SoftwareSystems/tika/tika-core/src/main/java/org/apache/tika/utils/ExceptionUtils.java,29
tika,org.apache.tika.utils,RegexUtils,2,0,1,1,29,3,0,0,0.0,2,0,/Users/surabhilone/Desktop/Thesis/SoftwareSystems/tika/tika-core/src/main/java/org/apache/tika/utils/RegexUtils.java,25
tika,org.apache.tika.utils,ParserUtils,1,1,7,7,96,18,0,0,0.7142857142857143,5,7,/Users/surabhilone/Desktop/Thesis/SoftwareSystems/tika/tika-core/src/main/java/org/apache/tika/utils/ParserUtils.java,33
tika,org.apache.tika.utils,DateUtils,3,2,7,4,95,10,0,0,0.42857142857142855,4,0,/Users/surabhilone/Desktop/Thesis/SoftwareSystems/tika/tika-core/src/main/java/org/apache/tika/utils/DateUtils.java,31
tika,org.apache.tika.utils,ServiceLoaderUtils,0,0,4,4,59,4,0,0,-1.0,0,1,/Users/surabhilone/Desktop/Thesis/SoftwareSystems/tika/tika-core/src/main/java/org/apache/tika/utils/ServiceLoaderUtils.java,25
tika,org.apache.tika.utils,AnnotationUtils,2,0,2,1,84,12,0,0,0.0,2,2,/Users/surabhilone/Desktop/Thesis/SoftwareSystems/tika/tika-core/src/main/java/org/apache/tika/utils/AnnotationUtils.java,38
tika,org.apache.tika.utils,ProcessUtils,1,0,6,4,174,17,0,0,0.5,27,4,/Users/surabhilone/Desktop/Thesis/SoftwareSystems/tika/tika-core/src/main/java/org/apache/tika/utils/ProcessUtils.java,27
tika,org.apache.tika.utils,CharsetUtils,7,0,4,3,136,17,0,0,0.5,6,0,/Users/surabhilone/Desktop/Thesis/SoftwareSystems/tika/tika-core/src/main/java/org/apache/tika/utils/CharsetUtils.java,31
tika,org.apache.tika.extractor,EmbeddedDocumentUtilTest,0,0,1,1,14,1,0,0,-1.0,0,2,/Users/surabhilone/Desktop/Thesis/SoftwareSystems/tika/tika-parsers/tika-parsers-standard/tika-parsers-standard-package/src/test/java/org/apache/tika/extractor/EmbeddedDocumentUtilTest.java,26
tika,org.apache.tika.extractor,ParsingEmbeddedDocumentExtractorFactory,1,0,2,2,11,2,0,1,0.0,1,4,/Users/surabhilone/Desktop/Thesis/SoftwareSystems/tika/tika-core/src/main/java/org/apache/tika/extractor/ParsingEmbeddedDocumentExtractorFactory.java,23
tika,org.apache.tika.extractor,BasicEmbeddedBytesSelector,4,0,2,2,41,9,0,1,0.0,0,4,/Users/surabhilone/Desktop/Thesis/SoftwareSystems/tika/tika-core/src/main/java/org/apache/tika/extractor/BasicEmbeddedBytesSelector.java,26
tika,org.apache.tika.extractor,EmbeddedDocumentExtractorFactory,0,0,1,0,3,1,2,0,-1.0,3,3,/Users/surabhilone/Desktop/Thesis/SoftwareSystems/tika/tika-core/src/main/java/org/apache/tika/extractor/EmbeddedDocumentExtractorFactory.java,24
tika,org.apache.tika.extractor,ParsingEmbeddedDocumentExtractor,4,0,7,6,79,16,3,1,0.0,2,8,/Users/surabhilone/Desktop/Thesis/SoftwareSystems/tika/tika-core/src/main/java/org/apache/tika/extractor/ParsingEmbeddedDocumentExtractor.java,45
tika,org.apache.tika.extractor,EmbeddedBytesSelector,1,0,1,0,9,1,2,0,-1.0,3,1,/Users/surabhilone/Desktop/Thesis/SoftwareSystems/tika/tika-core/src/main/java/org/apache/tika/extractor/EmbeddedBytesSelector.java,21
tika,org.apache.tika.extractor,EmbeddedBytesSelector.AcceptAll,0,0,0,0,5,0,0,1,-1.0,0,0,/Users/surabhilone/Desktop/Thesis/SoftwareSystems/tika/tika-core/src/main/java/org/apache/tika/extractor/EmbeddedBytesSelector.java,23
tika,org.apache.tika.extractor,ContainerExtractor,0,0,2,0,20,2,1,0,-1.0,11,3,/Users/surabhilone/Desktop/Thesis/SoftwareSystems/tika/tika-core/src/main/java/org/apache/tika/extractor/ContainerExtractor.java,25
tika,org.apache.tika.extractor,DefaultEmbeddedStreamTranslator,1,0,5,3,48,9,0,1,0.4,0,2,/Users/surabhilone/Desktop/Thesis/SoftwareSystems/tika/tika-core/src/main/java/org/apache/tika/extractor/DefaultEmbeddedStreamTranslator.java,27
tika,org.apache.tika.extractor,EmbeddedResourceHandler,0,0,1,0,13,1,3,0,-1.0,3,1,/Users/surabhilone/Desktop/Thesis/SoftwareSystems/tika/tika-core/src/main/java/org/apache/tika/extractor/EmbeddedResourceHandler.java,23
tika,org.apache.tika.extractor,EmbeddedDocumentBytesHandler,0,0,2,0,4,2,1,0,-1.0,2,1,/Users/surabhilone/Desktop/Thesis/SoftwareSystems/tika/tika-core/src/main/java/org/apache/tika/extractor/EmbeddedDocumentBytesHandler.java,26
tika,org.apache.tika.extractor,BasicEmbeddedDocumentBytesHandler,2,0,4,4,19,4,0,2,0.75,0,2,/Users/surabhilone/Desktop/Thesis/SoftwareSystems/tika/tika-core/src/main/java/org/apache/tika/extractor/BasicEmbeddedDocumentBytesHandler.java,30
tika,org.apache.tika.extractor,ParserContainerExtractor,5,0,5,5,68,5,0,1,0.6,9,11,/Users/surabhilone/Desktop/Thesis/SoftwareSystems/tika/tika-core/src/main/java/org/apache/tika/extractor/ParserContainerExtractor.java,42
tika,org.apache.tika.extractor,ParserContainerExtractor.RecursiveParser,2,0,0,0,33,0,0,3,-1.0,0,3,/Users/surabhilone/Desktop/Thesis/SoftwareSystems/tika/tika-core/src/main/java/org/apache/tika/extractor/ParserContainerExtractor.java,92
tika,org.apache.tika.extractor,EmbeddedStreamTranslator,0,0,2,0,8,2,2,0,-1.0,6,1,/Users/surabhilone/Desktop/Thesis/SoftwareSystems/tika/tika-core/src/main/java/org/apache/tika/extractor/EmbeddedStreamTranslator.java,24
tika,org.apache.tika.extractor,EmbeddedDocumentByteStoreExtractorFactory,0,0,0,0,5,0,1,1,-1.0,0,0,/Users/surabhilone/Desktop/Thesis/SoftwareSystems/tika/tika-core/src/main/java/org/apache/tika/extractor/EmbeddedDocumentByteStoreExtractorFactory.java,20
tika,org.apache.tika.extractor,EmbeddedDocumentExtractor,0,0,2,0,13,2,4,0,-1.0,46,1,/Users/surabhilone/Desktop/Thesis/SoftwareSystems/tika/tika-core/src/main/java/org/apache/tika/extractor/EmbeddedDocumentExtractor.java,27
tika,org.apache.tika.extractor,RUnpackExtractorFactory,7,1,8,7,50,10,0,2,0.0,2,6,/Users/surabhilone/Desktop/Thesis/SoftwareSystems/tika/tika-core/src/main/java/org/apache/tika/extractor/RUnpackExtractorFactory.java,29
tika,org.apache.tika.extractor,AbstractEmbeddedDocumentBytesHandler,1,0,3,3,28,5,1,1,0.6666666666666666,0,5,/Users/surabhilone/Desktop/Thesis/SoftwareSystems/tika/tika-core/src/main/java/org/apache/tika/extractor/AbstractEmbeddedDocumentBytesHandler.java,31
tika,org.apache.tika.extractor,DocumentSelector,0,0,1,0,12,1,3,0,-1.0,4,1,/Users/surabhilone/Desktop/Thesis/SoftwareSystems/tika/tika-core/src/main/java/org/apache/tika/extractor/DocumentSelector.java,21
tika,org.apache.tika.extractor,RUnpackExtractor,6,0,7,4,124,21,0,2,0.0,2,10,/Users/surabhilone/Desktop/Thesis/SoftwareSystems/tika/tika-core/src/main/java/org/apache/tika/extractor/RUnpackExtractor.java,47
tika,org.apache.tika.extractor,EmbeddedDocumentUtil,5,0,17,13,201,47,0,0,0.17647058823529413,55,16,/Users/surabhilone/Desktop/Thesis/SoftwareSystems/tika/tika-core/src/main/java/org/apache/tika/extractor/EmbeddedDocumentUtil.java,45
tika,org.apache.tika.extractor,ParentContentHandler,1,0,2,2,12,2,0,0,0.0,1,0,/Users/surabhilone/Desktop/Thesis/SoftwareSystems/tika/tika-core/src/main/java/org/apache/tika/extractor/ParentContentHandler.java,21
tika,org.apache.tika.extractor,TestEmbeddedDocumentUtil,0,0,2,2,19,2,0,0,-1.0,0,6,/Users/surabhilone/Desktop/Thesis/SoftwareSystems/tika/tika-app/src/test/java/org/apache/tika/extractor/TestEmbeddedDocumentUtil.java,31
tika,org.apache.tika.parser,DigestingParserTest,4,0,9,6,142,21,0,0,0.4444444444444444,0,7,/Users/surabhilone/Desktop/Thesis/SoftwareSystems/tika/tika-parsers/tika-parsers-standard/tika-parsers-standard-package/src/test/java/org/apache/tika/parser/DigestingParserTest.java,48
tika,org.apache.tika.parser,TestXMLEntityExpansion,1,0,4,3,73,8,0,1,0.0,0,3,/Users/surabhilone/Desktop/Thesis/SoftwareSystems/tika/tika-parsers/tika-parsers-standard/tika-parsers-standard-package/src/test/java/org/apache/tika/parser/TestXMLEntityExpansion.java,35
tika,org.apache.tika.parser,TestXXEInXML,1,0,11,9,139,15,0,1,0.2727272727272727,0,9,/Users/surabhilone/Desktop/Thesis/SoftwareSystems/tika/tika-parsers/tika-parsers-standard/tika-parsers-standard-package/src/test/java/org/apache/tika/parser/TestXXEInXML.java,45
tika,org.apache.tika.parser,BouncyCastleDigestingParserTest,4,0,9,6,140,20,0,0,0.3333333333333333,0,4,/Users/surabhilone/Desktop/Thesis/SoftwareSystems/tika/tika-parsers/tika-parsers-standard/tika-parsers-standard-package/src/test/java/org/apache/tika/parser/BouncyCastleDigestingParserTest.java,47
tika,org.apache.tika.parser,TestParsers,2,0,7,6,65,10,0,0,0.2857142857142857,0,7,/Users/surabhilone/Desktop/Thesis/SoftwareSystems/tika/tika-parsers/tika-parsers-standard/tika-parsers-standard-package/src/test/java/org/apache/tika/parser/TestParsers.java,38
tika,org.apache.tika.parser,AutoDetectParserTest,31,5,34,30,349,46,0,0,0.2647058823529412,0,13,/Users/surabhilone/Desktop/Thesis/SoftwareSystems/tika/tika-parsers/tika-parsers-standard/tika-parsers-standard-package/src/test/java/org/apache/tika/parser/AutoDetectParserTest.java,60
tika,org.apache.tika.parser,AutoDetectParserTest.MyDetector,0,0,0,0,8,0,0,1,-1.0,0,0,/Users/surabhilone/Desktop/Thesis/SoftwareSystems/tika/tika-parsers/tika-parsers-standard/tika-parsers-standard-package/src/test/java/org/apache/tika/parser/AutoDetectParserTest.java,492
tika,org.apache.tika.parser,AutoDetectParserTest.MyParser,0,0,0,0,10,0,0,1,-1.0,0,0,/Users/surabhilone/Desktop/Thesis/SoftwareSystems/tika/tika-parsers/tika-parsers-standard/tika-parsers-standard-package/src/test/java/org/apache/tika/parser/AutoDetectParserTest.java,503
tika,org.apache.tika.parser,AutoDetectParserTest.TestParams,5,5,0,0,23,0,0,0,-1.0,0,0,/Users/surabhilone/Desktop/Thesis/SoftwareSystems/tika/tika-parsers/tika-parsers-standard/tika-parsers-standard-package/src/test/java/org/apache/tika/parser/AutoDetectParserTest.java,518
tika,org.apache.tika.parser,XMLTestBase,0,0,3,0,80,9,2,0,-1.0,0,3,/Users/surabhilone/Desktop/Thesis/SoftwareSystems/tika/tika-parsers/tika-parsers-standard/tika-parsers-standard-package/src/test/java/org/apache/tika/parser/XMLTestBase.java,48
tika,org.apache.tika.parser,XMLTestBase.VulnerableDOMParser,0,0,0,0,16,0,0,1,-1.0,0,1,/Users/surabhilone/Desktop/Thesis/SoftwareSystems/tika/tika-parsers/tika-parsers-standard/tika-parsers-standard-package/src/test/java/org/apache/tika/parser/XMLTestBase.java,106
tika,org.apache.tika.parser,XMLTestBase.VulnerableSAXParser,0,0,0,0,16,0,0,1,-1.0,0,1,/Users/surabhilone/Desktop/Thesis/SoftwareSystems/tika/tika-parsers/tika-parsers-standard/tika-parsers-standard-package/src/test/java/org/apache/tika/parser/XMLTestBase.java,131
tika,org.apache.tika.parser,AutoDetectReaderParserTest,0,0,1,1,35,2,0,0,-1.0,0,2,/Users/surabhilone/Desktop/Thesis/SoftwareSystems/tika/tika-parsers/tika-parsers-standard/tika-parsers-standard-package/src/test/java/org/apache/tika/parser/AutoDetectReaderParserTest.java,39
tika,org.apache.tika.parser,AutoDetectReaderParserTest.AutoDetectingReaderParser,0,0,0,0,23,0,0,1,-1.0,0,1,/Users/surabhilone/Desktop/Thesis/SoftwareSystems/tika/tika-parsers/tika-parsers-standard/tika-parsers-standard-package/src/test/java/org/apache/tika/parser/AutoDetectReaderParserTest.java,58
tika,org.apache.tika.parser,ParsingReaderTest,0,0,4,4,68,4,0,0,-1.0,0,3,/Users/surabhilone/Desktop/Thesis/SoftwareSystems/tika/tika-parsers/tika-parsers-standard/tika-parsers-standard-package/src/test/java/org/apache/tika/parser/ParsingReaderTest.java,32
tika,org.apache.tika.parser,RecursiveParserWrapperTest,1,0,19,16,317,33,0,0,0.5263157894736842,0,15,/Users/surabhilone/Desktop/Thesis/SoftwareSystems/tika/tika-parsers/tika-parsers-standard/tika-parsers-standard-package/src/test/java/org/apache/tika/parser/RecursiveParserWrapperTest.java,50
tika,org.apache.tika.parser,RecursiveParserWrapperTest.CloseCountingInputStream,1,0,0,0,13,0,0,0,-1.0,0,0,/Users/surabhilone/Desktop/Thesis/SoftwareSystems/tika/tika-parsers/tika-parsers-standard/tika-parsers-standard-package/src/test/java/org/apache/tika/parser/RecursiveParserWrapperTest.java,516
tika,org.apache.tika.parser,AutoDetectParserConfigTest,0,0,8,8,101,8,0,0,-1.0,0,5,/Users/surabhilone/Desktop/Thesis/SoftwareSystems/tika/tika-parsers/tika-parsers-standard/tika-parsers-standard-package/src/test/java/org/apache/tika/parser/AutoDetectParserConfigTest.java,35
tika,org.apache.tika.parser,TabularFormatsTest,6,0,8,5,154,27,0,0,0.0,0,0,/Users/surabhilone/Desktop/Thesis/SoftwareSystems/tika/tika-parsers/tika-parsers-standard/tika-parsers-standard-package/src/test/java/org/apache/tika/parser/TabularFormatsTest.java,36
tika,org.apache.tika.parser,ParserDecoratorTest,0,0,2,2,58,2,0,0,-1.0,0,9,/Users/surabhilone/Desktop/Thesis/SoftwareSystems/tika/tika-core/src/test/java/org/apache/tika/parser/ParserDecoratorTest.java,35
tika,org.apache.tika.parser,DummyParameterizedParser,14,0,4,4,61,4,0,1,0.5,0,4,/Users/surabhilone/Desktop/Thesis/SoftwareSystems/tika/tika-core/src/test/java/org/apache/tika/parser/DummyParameterizedParser.java,38
tika,org.apache.tika.parser,CompositeParserTest,0,0,6,6,78,6,0,0,-1.0,0,10,/Users/surabhilone/Desktop/Thesis/SoftwareSystems/tika/tika-core/src/test/java/org/apache/tika/parser/CompositeParserTest.java,39
tika,org.apache.tika.parser,InitializableParserTest,1,1,1,1,12,1,0,0,0.0,0,4,/Users/surabhilone/Desktop/Thesis/SoftwareSystems/tika/tika-core/src/test/java/org/apache/tika/parser/InitializableParserTest.java,31
tika,org.apache.tika.parser,DummyInitializableParser,5,1,4,4,29,5,0,1,0.5,1,6,/Users/surabhilone/Desktop/Thesis/SoftwareSystems/tika/tika-core/src/test/java/org/apache/tika/parser/DummyInitializableParser.java,37
tika,org.apache.tika.parser,AutoDetectParserConfigTest,0,0,2,1,31,4,0,0,-1.0,0,9,/Users/surabhilone/Desktop/Thesis/SoftwareSystems/tika/tika-core/src/test/java/org/apache/tika/parser/AutoDetectParserConfigTest.java,34
tika,org.apache.tika.parser,DummyParser,3,0,3,3,27,5,0,1,0.0,3,4,/Users/surabhilone/Desktop/Thesis/SoftwareSystems/tika/tika-core/src/test/java/org/apache/tika/parser/DummyParser.java,33
tika,org.apache.tika.parser,ParameterizedParserTest,1,0,6,5,59,8,0,0,0.5,0,5,/Users/surabhilone/Desktop/Thesis/SoftwareSystems/tika/tika-core/src/test/java/org/apache/tika/parser/ParameterizedParserTest.java,37
tika,org.apache.tika.parser,RegexCaptureParserTest,0,0,1,1,15,1,0,0,-1.0,0,2,/Users/surabhilone/Desktop/Thesis/SoftwareSystems/tika/tika-core/src/test/java/org/apache/tika/parser/RegexCaptureParserTest.java,33
tika,org.apache.tika.parser,DelegatingParser,0,0,3,2,24,3,2,1,-1.0,0,5,/Users/surabhilone/Desktop/Thesis/SoftwareSystems/tika/tika-core/src/main/java/org/apache/tika/parser/DelegatingParser.java,30
tika,org.apache.tika.parser,RenderingParser,0,0,1,0,3,1,1,0,-1.0,0,1,/Users/surabhilone/Desktop/Thesis/SoftwareSystems/tika/tika-core/src/main/java/org/apache/tika/parser/RenderingParser.java,21
tika,org.apache.tika.parser,StatefulParser,0,0,1,1,12,1,2,2,-1.0,0,1,/Users/surabhilone/Desktop/Thesis/SoftwareSystems/tika/tika-core/src/main/java/org/apache/tika/parser/StatefulParser.java,19
tika,org.apache.tika.parser,EmptyParser,2,1,2,2,21,2,0,1,1.0,10,3,/Users/surabhilone/Desktop/Thesis/SoftwareSystems/tika/tika-core/src/main/java/org/apache/tika/parser/EmptyParser.java,30
tika,org.apache.tika.parser,Parser,0,0,2,0,24,2,120,0,-1.0,155,3,/Users/surabhilone/Desktop/Thesis/SoftwareSystems/tika/tika-core/src/main/java/org/apache/tika/parser/Parser.java,31
tika,org.apache.tika.parser,ParserFactory,1,0,2,2,7,2,1,0,1.0,1,2,/Users/surabhilone/Desktop/Thesis/SoftwareSystems/tika/tika-core/src/main/java/org/apache/tika/parser/ParserFactory.java,27
tika,org.apache.tika.parser,RecursiveParserWrapper,19,0,5,5,293,13,0,2,1.0,23,13,/Users/surabhilone/Desktop/Thesis/SoftwareSystems/tika/tika-core/src/main/java/org/apache/tika/parser/RecursiveParserWrapper.java,49
tika,org.apache.tika.parser,RecursiveParserWrapper.EmbeddedParserDecorator,4,0,0,0,85,0,0,3,-1.0,0,2,/Users/surabhilone/Desktop/Thesis/SoftwareSystems/tika/tika-core/src/main/java/org/apache/tika/parser/RecursiveParserWrapper.java,208
tika,org.apache.tika.parser,RecursiveParserWrapper.ParserState,3,0,0,0,11,0,0,0,-1.0,0,1,/Users/surabhilone/Desktop/Thesis/SoftwareSystems/tika/tika-core/src/main/java/org/apache/tika/parser/RecursiveParserWrapper.java,316
tika,org.apache.tika.parser,RecursiveParserWrapper.SecureHandlerCounter,3,0,0,0,19,0,0,0,-1.0,0,0,/Users/surabhilone/Desktop/Thesis/SoftwareSystems/tika/tika-core/src/main/java/org/apache/tika/parser/RecursiveParserWrapper.java,329
tika,org.apache.tika.parser,RecursiveParserWrapper.RecursivelySecureContentHandler,6,0,0,0,71,0,0,2,-1.0,0,1,/Users/surabhilone/Desktop/Thesis/SoftwareSystems/tika/tika-core/src/main/java/org/apache/tika/parser/RecursiveParserWrapper.java,353
tika,org.apache.tika.parser,ParserDecorator,4,0,12,12,95,13,5,1,0.5,7,6,/Users/surabhilone/Desktop/Thesis/SoftwareSystems/tika/tika-core/src/main/java/org/apache/tika/parser/ParserDecorator.java,35
tika,org.apache.tika.parser,ParseContext,2,0,7,7,70,11,0,0,0.0,390,0,/Users/surabhilone/Desktop/Thesis/SoftwareSystems/tika/tika-core/src/main/java/org/apache/tika/parser/ParseContext.java,25
tika,org.apache.tika.parser,AbstractParser,1,0,1,1,18,1,0,1,0.0,0,2,/Users/surabhilone/Desktop/Thesis/SoftwareSystems/tika/tika-core/src/main/java/org/apache/tika/parser/AbstractParser.java,28
tika,org.apache.tika.parser,RegexCaptureParser,4,0,7,7,73,20,0,1,0.5714285714285714,2,6,/Users/surabhilone/Desktop/Thesis/SoftwareSystems/tika/tika-core/src/main/java/org/apache/tika/parser/RegexCaptureParser.java,44
tika,org.apache.tika.parser,ParserPostProcessor,0,0,2,2,27,3,0,2,-1.0,0,7,/Users/surabhilone/Desktop/Thesis/SoftwareSystems/tika/tika-core/src/main/java/org/apache/tika/parser/ParserPostProcessor.java,31
tika,org.apache.tika.parser,DigestingParser,3,0,3,2,85,9,0,2,0.0,15,8,/Users/surabhilone/Desktop/Thesis/SoftwareSystems/tika/tika-core/src/main/java/org/apache/tika/parser/DigestingParser.java,36
tika,org.apache.tika.parser,DigestingParser.DigesterFactory,0,0,0,0,8,0,0,0,-1.0,0,0,/Users/surabhilone/Desktop/Thesis/SoftwareSystems/tika/tika-core/src/main/java/org/apache/tika/parser/DigestingParser.java,101
tika,org.apache.tika.parser,DigestingParser.Digester,0,0,0,0,13,0,0,0,-1.0,0,0,/Users/surabhilone/Desktop/Thesis/SoftwareSystems/tika/tika-core/src/main/java/org/apache/tika/parser/DigestingParser.java,111
tika,org.apache.tika.parser,DigestingParser.Encoder,0,0,0,0,6,0,0,0,-1.0,0,0,/Users/surabhilone/Desktop/Thesis/SoftwareSystems/tika/tika-core/src/main/java/org/apache/tika/parser/DigestingParser.java,136
tika,org.apache.tika.parser,ParsingReader,7,0,9,8,193,14,0,0,0.3333333333333333,1,4,/Users/surabhilone/Desktop/Thesis/SoftwareSystems/tika/tika-core/src/main/java/org/apache/tika/parser/ParsingReader.java,40
tika,org.apache.tika.parser,ParsingReader.ParsingTask,0,0,0,0,33,0,0,0,-1.0,0,0,/Users/surabhilone/Desktop/Thesis/SoftwareSystems/tika/tika-core/src/main/java/org/apache/tika/parser/ParsingReader.java,254
tika,org.apache.tika.parser,CompositeParser,4,0,20,15,246,46,5,1,0.1,13,15,/Users/surabhilone/Desktop/Thesis/SoftwareSystems/tika/tika-core/src/main/java/org/apache/tika/parser/CompositeParser.java,45
tika,org.apache.tika.parser,AutoDetectParser,3,0,17,11,199,39,0,2,0.17647058823529413,53,19,/Users/surabhilone/Desktop/Thesis/SoftwareSystems/tika/tika-core/src/main/java/org/apache/tika/parser/AutoDetectParser.java,41
tika,org.apache.tika.parser,CryptoParser,4,0,4,4,57,9,0,2,0.0,0,3,/Users/surabhilone/Desktop/Thesis/SoftwareSystems/tika/tika-core/src/main/java/org/apache/tika/parser/CryptoParser.java,38
tika,org.apache.tika.parser,DefaultParser,2,0,13,10,106,29,0,2,0.23076923076923078,9,6,/Users/surabhilone/Desktop/Thesis/SoftwareSystems/tika/tika-core/src/main/java/org/apache/tika/parser/DefaultParser.java,34
tika,org.apache.tika.parser,AbstractEncodingDetectorParser,1,0,5,4,30,6,7,1,0.0,0,3,/Users/surabhilone/Desktop/Thesis/SoftwareSystems/tika/tika-core/src/main/java/org/apache/tika/parser/AbstractEncodingDetectorParser.java,24
tika,org.apache.tika.parser,ParseRecord,10,0,13,10,62,17,0,0,0.46153846153846156,6,1,/Users/surabhilone/Desktop/Thesis/SoftwareSystems/tika/tika-core/src/main/java/org/apache/tika/parser/ParseRecord.java,26
tika,org.apache.tika.parser,ErrorParser,2,1,2,2,16,2,0,1,1.0,3,3,/Users/surabhilone/Desktop/Thesis/SoftwareSystems/tika/tika-core/src/main/java/org/apache/tika/parser/ErrorParser.java,29
tika,org.apache.tika.parser,AutoDetectParserConfig,12,1,25,25,120,25,0,0,0.16,5,7,/Users/surabhilone/Desktop/Thesis/SoftwareSystems/tika/tika-core/src/main/java/org/apache/tika/parser/AutoDetectParserConfig.java,32
tika,org.apache.tika.parser,AbstractExternalProcessParser,2,0,2,0,25,2,1,1,0.0,0,0,/Users/surabhilone/Desktop/Thesis/SoftwareSystems/tika/tika-core/src/main/java/org/apache/tika/parser/AbstractExternalProcessParser.java,22
tika,org.apache.tika.parser,PasswordProvider,0,0,1,0,12,1,1,0,-1.0,11,1,/Users/surabhilone/Desktop/Thesis/SoftwareSystems/tika/tika-core/src/main/java/org/apache/tika/parser/PasswordProvider.java,21
tika,org.apache.tika.parser,NetworkParser,6,0,6,5,109,7,0,1,0.3333333333333333,1,6,/Users/surabhilone/Desktop/Thesis/SoftwareSystems/tika/tika-core/src/main/java/org/apache/tika/parser/NetworkParser.java,47
tika,org.apache.tika.parser,NetworkParser.ParsingTask,3,0,0,0,49,0,0,0,-1.0,0,1,/Users/surabhilone/Desktop/Thesis/SoftwareSystems/tika/tika-core/src/main/java/org/apache/tika/parser/NetworkParser.java,101
tika,org.apache.tika.parser,NetworkParser.MetaHandler,1,0,0,0,15,0,0,0,-1.0,0,1,/Users/surabhilone/Desktop/Thesis/SoftwareSystems/tika/tika-core/src/main/java/org/apache/tika/parser/NetworkParser.java,160
tika,org.apache.tika.parser,AutoDetectParserFactory,1,1,2,2,30,6,0,1,1.0,1,3,/Users/surabhilone/Desktop/Thesis/SoftwareSystems/tika/tika-core/src/main/java/org/apache/tika/parser/AutoDetectParserFactory.java,30
tika,org.apache.tika.parser.fork,ForkParserIntegrationTest,7,2,9,9,226,11,0,0,0.4444444444444444,0,8,/Users/surabhilone/Desktop/Thesis/SoftwareSystems/tika/tika-parsers/tika-parsers-standard/tika-parsers-standard-package/src/test/java/org/apache/tika/parser/fork/ForkParserIntegrationTest.java,54
tika,org.apache.tika.parser.fork,ForkParserIntegrationTest.AnError,2,0,0,0,27,0,0,0,-1.0,0,0,/Users/surabhilone/Desktop/Thesis/SoftwareSystems/tika/tika-parsers/tika-parsers-standard/tika-parsers-standard-package/src/test/java/org/apache/tika/parser/fork/ForkParserIntegrationTest.java,266
tika,org.apache.tika.parser.fork,ForkParserIntegrationTest.WontBeSerializedError,1,0,0,0,22,0,0,0,-1.0,0,0,/Users/surabhilone/Desktop/Thesis/SoftwareSystems/tika/tika-parsers/tika-parsers-standard/tika-parsers-standard-package/src/test/java/org/apache/tika/parser/fork/ForkParserIntegrationTest.java,303
tika,org.apache.tika.parser.fork,ForkParserIntegrationTest.BrokenParser,3,2,0,0,14,0,0,1,-1.0,0,1,/Users/surabhilone/Desktop/Thesis/SoftwareSystems/tika/tika-parsers/tika-parsers-standard/tika-parsers-standard-package/src/test/java/org/apache/tika/parser/fork/ForkParserIntegrationTest.java,329
tika,org.apache.tika.parser.mock,MockParserTest,2,0,13,11,167,18,0,0,0.23076923076923078,0,2,/Users/surabhilone/Desktop/Thesis/SoftwareSystems/tika/tika-parsers/tika-parsers-standard/tika-parsers-standard-package/src/test/java/org/apache/tika/parser/mock/MockParserTest.java,38
tika,org.apache.tika.parser.mock,MockParserTest.ParserRunnable,1,0,0,0,18,0,0,0,-1.0,0,0,/Users/surabhilone/Desktop/Thesis/SoftwareSystems/tika/tika-parsers/tika-parsers-standard/tika-parsers-standard-package/src/test/java/org/apache/tika/parser/mock/MockParserTest.java,231
tika,org.apache.tika.parser.mock,VowelParser,2,0,1,0,24,3,0,2,0.0,0,1,/Users/surabhilone/Desktop/Thesis/SoftwareSystems/tika/tika-core/src/test/java/org/apache/tika/parser/mock/VowelParser.java,30
tika,org.apache.tika.parser.mock,MockParserTest,0,0,2,2,9,2,0,0,-1.0,0,1,/Users/surabhilone/Desktop/Thesis/SoftwareSystems/tika/tika-core/src/test/java/org/apache/tika/parser/mock/MockParserTest.java,27
tika,org.apache.tika.parser.mock,MockParser,5,0,20,5,386,79,1,1,0.15,2,10,/Users/surabhilone/Desktop/Thesis/SoftwareSystems/tika/tika-core/src/test/java/org/apache/tika/parser/mock/MockParser.java,69
tika,org.apache.tika.parser.mock,MockParserFactory,0,0,2,2,8,2,0,0,-1.0,0,2,/Users/surabhilone/Desktop/Thesis/SoftwareSystems/tika/tika-core/src/test/java/org/apache/tika/parser/mock/MockParserFactory.java,27
tika,org.apache.tika.parser.mock,MockParserFactory,0,0,1,1,5,1,0,0,-1.0,0,2,/Users/surabhilone/Desktop/Thesis/SoftwareSystems/tika/tika-batch/src/test/java/org/apache/tika/parser/mock/MockParserFactory.java,23
tika,org.apache.tika.mime,MimeTypeTest,2,0,4,4,69,4,0,0,0.75,0,3,/Users/surabhilone/Desktop/Thesis/SoftwareSystems/tika/tika-parsers/tika-parsers-standard/tika-parsers-standard-package/src/test/java/org/apache/tika/mime/MimeTypeTest.java,26
tika,org.apache.tika.mime,MimeTypesTest,5,0,6,6,67,6,0,0,0.0,0,5,/Users/surabhilone/Desktop/Thesis/SoftwareSystems/tika/tika-parsers/tika-parsers-standard/tika-parsers-standard-package/src/test/java/org/apache/tika/mime/MimeTypesTest.java,31
tika,org.apache.tika.mime,TestMimeTypes,4,0,111,100,903,111,0,0,0.02702702702702703,0,9,/Users/surabhilone/Desktop/Thesis/SoftwareSystems/tika/tika-parsers/tika-parsers-standard/tika-parsers-standard-package/src/test/java/org/apache/tika/mime/TestMimeTypes.java,42
tika,org.apache.tika.mime,OneOffMimeTest,0,0,4,2,32,5,0,0,-1.0,0,3,/Users/surabhilone/Desktop/Thesis/SoftwareSystems/tika/tika-parsers/tika-parsers-standard/tika-parsers-standard-package/src/test/java/org/apache/tika/mime/OneOffMimeTest.java,38
tika,org.apache.tika.mime,TestMimeTypesExtended,1,0,3,2,17,3,0,0,0.0,0,4,/Users/surabhilone/Desktop/Thesis/SoftwareSystems/tika/tika-parsers/tika-parsers-extended/tika-parsers-extended-integration-tests/src/test/java/org/apache/tika/mime/TestMimeTypesExtended.java,32
tika,org.apache.tika.mime,MimeTypesReaderTest,4,0,22,21,231,29,0,0,0.4090909090909091,0,7,/Users/surabhilone/Desktop/Thesis/SoftwareSystems/tika/tika-core/src/test/java/org/apache/tika/mime/MimeTypesReaderTest.java,44
tika,org.apache.tika.mime,MimeTypesReaderTest.CustomClassLoader,0,0,0,0,2,0,0,0,-1.0,0,0,/Users/surabhilone/Desktop/Thesis/SoftwareSystems/tika/tika-core/src/test/java/org/apache/tika/mime/MimeTypesReaderTest.java,418
tika,org.apache.tika.mime,ProbabilisticMimeDetectionTestWithTika,3,0,12,8,131,14,0,0,0.0,0,9,/Users/surabhilone/Desktop/Thesis/SoftwareSystems/tika/tika-core/src/test/java/org/apache/tika/mime/ProbabilisticMimeDetectionTestWithTika.java,41
tika,org.apache.tika.mime,RFC822DetectionTest,1,0,2,1,17,4,0,0,0.0,0,3,/Users/surabhilone/Desktop/Thesis/SoftwareSystems/tika/tika-core/src/test/java/org/apache/tika/mime/RFC822DetectionTest.java,30
tika,org.apache.tika.mime,MimeDetectionTest,2,0,16,11,158,18,0,0,0.0,0,6,/Users/surabhilone/Desktop/Thesis/SoftwareSystems/tika/tika-core/src/test/java/org/apache/tika/mime/MimeDetectionTest.java,40
tika,org.apache.tika.mime,CustomReaderTest,2,2,1,1,48,1,0,0,0.0,0,2,/Users/surabhilone/Desktop/Thesis/SoftwareSystems/tika/tika-core/src/test/java/org/apache/tika/mime/CustomReaderTest.java,33
tika,org.apache.tika.mime,CustomReaderTest.CustomMimeTypesReader,2,2,0,0,25,0,0,2,-1.0,0,0,/Users/surabhilone/Desktop/Thesis/SoftwareSystems/tika/tika-core/src/test/java/org/apache/tika/mime/CustomReaderTest.java,62
tika,org.apache.tika.mime,PatternsTest,4,0,5,5,58,5,0,0,0.4,0,4,/Users/surabhilone/Desktop/Thesis/SoftwareSystems/tika/tika-core/src/test/java/org/apache/tika/mime/PatternsTest.java,28
tika,org.apache.tika.mime,ProbabilisticMimeDetectionTest,2,0,13,9,132,15,0,0,0.15384615384615385,0,5,/Users/surabhilone/Desktop/Thesis/SoftwareSystems/tika/tika-core/src/test/java/org/apache/tika/mime/ProbabilisticMimeDetectionTest.java,38
tika,org.apache.tika.mime,MediaTypeTest,0,0,9,9,109,13,0,0,-1.0,0,1,/Users/surabhilone/Desktop/Thesis/SoftwareSystems/tika/tika-core/src/test/java/org/apache/tika/mime/MediaTypeTest.java,29
tika,org.apache.tika.mime,MimeTypesFactory,2,1,9,9,124,17,0,0,0.8888888888888888,2,3,/Users/surabhilone/Desktop/Thesis/SoftwareSystems/tika/tika-core/src/main/java/org/apache/tika/mime/MimeTypesFactory.java,31
tika,org.apache.tika.mime,Patterns,8,0,8,4,146,28,0,0,0.0,2,3,/Users/surabhilone/Desktop/Thesis/SoftwareSystems/tika/tika-core/src/main/java/org/apache/tika/mime/Patterns.java,26
tika,org.apache.tika.mime,Patterns.LengthComparator,1,0,0,0,13,0,0,0,-1.0,0,0,/Users/surabhilone/Desktop/Thesis/SoftwareSystems/tika/tika-core/src/main/java/org/apache/tika/mime/Patterns.java,190
tika,org.apache.tika.mime,OrClause,1,0,4,3,24,7,0,1,0.0,0,0,/Users/surabhilone/Desktop/Thesis/SoftwareSystems/tika/tika-core/src/main/java/org/apache/tika/mime/OrClause.java,21
tika,org.apache.tika.mime,MinShouldMatchClause,2,0,4,3,43,11,0,1,0.0,0,0,/Users/surabhilone/Desktop/Thesis/SoftwareSystems/tika/tika-core/src/main/java/org/apache/tika/mime/MinShouldMatchClause.java,21
tika,org.apache.tika.mime,AndClause,1,0,4,3,24,7,0,1,0.0,0,1,/Users/surabhilone/Desktop/Thesis/SoftwareSystems/tika/tika-core/src/main/java/org/apache/tika/mime/AndClause.java,21
tika,org.apache.tika.mime,ProbabilisticMimeDetectionSelector,27,0,8,6,382,54,0,1,0.375,3,6,/Users/surabhilone/Desktop/Thesis/SoftwareSystems/tika/tika-core/src/main/java/org/apache/tika/mime/ProbabilisticMimeDetectionSelector.java,30
tika,org.apache.tika.mime,ProbabilisticMimeDetectionSelector.Builder,10,0,0,0,55,0,0,0,-1.0,0,0,/Users/surabhilone/Desktop/Thesis/SoftwareSystems/tika/tika-core/src/main/java/org/apache/tika/mime/ProbabilisticMimeDetectionSelector.java,442
tika,org.apache.tika.mime,MimeTypes,16,3,19,13,424,64,0,1,0.10526315789473684,26,10,/Users/surabhilone/Desktop/Thesis/SoftwareSystems/tika/tika-core/src/main/java/org/apache/tika/mime/MimeTypes.java,44
tika,org.apache.tika.mime,MediaType,17,6,27,22,318,55,0,0,0.18518518518518517,217,0,/Users/surabhilone/Desktop/Thesis/SoftwareSystems/tika/tika-core/src/main/java/org/apache/tika/mime/MediaType.java,32
tika,org.apache.tika.mime,MimeTypesReaderMetKeys,26,0,0,0,31,0,1,0,-1.0,0,0,/Users/surabhilone/Desktop/Thesis/SoftwareSystems/tika/tika-core/src/main/java/org/apache/tika/mime/MimeTypesReaderMetKeys.java,19
tika,org.apache.tika.mime,MagicMatch,6,0,5,3,38,6,0,1,0.0,0,2,/Users/surabhilone/Desktop/Thesis/SoftwareSystems/tika/tika-core/src/main/java/org/apache/tika/mime/MagicMatch.java,26
tika,org.apache.tika.mime,MimeTypeException,0,0,2,2,20,2,0,1,-1.0,10,0,/Users/surabhilone/Desktop/Thesis/SoftwareSystems/tika/tika-core/src/main/java/org/apache/tika/mime/MimeTypeException.java,21
tika,org.apache.tika.mime,Magic,4,0,9,6,53,13,0,1,0.0,1,2,/Users/surabhilone/Desktop/Thesis/SoftwareSystems/tika/tika-core/src/main/java/org/apache/tika/mime/Magic.java,19
tika,org.apache.tika.mime,MimeTypesReader,13,0,13,7,308,40,1,1,0.3076923076923077,1,7,/Users/surabhilone/Desktop/Thesis/SoftwareSystems/tika/tika-core/src/main/java/org/apache/tika/mime/MimeTypesReader.java,50
tika,org.apache.tika.mime,MimeTypesReader.MinShouldMatchVal,1,0,0,0,18,0,0,1,-1.0,0,0,/Users/surabhilone/Desktop/Thesis/SoftwareSystems/tika/tika-core/src/main/java/org/apache/tika/mime/MimeTypesReader.java,373
tika,org.apache.tika.mime,MimeTypesReader.ClauseRecord,3,0,0,0,37,0,0,0,-1.0,0,1,/Users/surabhilone/Desktop/Thesis/SoftwareSystems/tika/tika-core/src/main/java/org/apache/tika/mime/MimeTypesReader.java,403
tika,org.apache.tika.mime,MediaTypeRegistry,3,0,12,12,152,27,0,0,0.16666666666666666,28,2,/Users/surabhilone/Desktop/Thesis/SoftwareSystems/tika/tika-core/src/main/java/org/apache/tika/mime/MediaTypeRegistry.java,26
tika,org.apache.tika.mime,HexCoDec,1,0,6,5,80,12,0,0,0.5,0,0,/Users/surabhilone/Desktop/Thesis/SoftwareSystems/tika/tika-core/src/main/java/org/apache/tika/mime/HexCoDec.java,19
tika,org.apache.tika.mime,Clause,0,0,2,0,13,2,6,0,-1.0,4,0,/Users/surabhilone/Desktop/Thesis/SoftwareSystems/tika/tika-core/src/main/java/org/apache/tika/mime/Clause.java,21
tika,org.apache.tika.mime,MimeType,15,0,30,17,354,55,0,0,0.36666666666666664,19,2,/Users/surabhilone/Desktop/Thesis/SoftwareSystems/tika/tika-core/src/main/java/org/apache/tika/mime/MimeType.java,25
tika,org.apache.tika.mime,MimeType.RootXML,4,0,0,0,56,0,0,0,-1.0,0,1,/Users/surabhilone/Desktop/Thesis/SoftwareSystems/tika/tika-core/src/main/java/org/apache/tika/mime/MimeType.java,398
tika,org.apache.tika.ossfuzz,ParserFuzzer,0,0,5,5,33,5,0,0,-1.0,1,6,/Users/surabhilone/Desktop/Thesis/SoftwareSystems/tika/tika-parsers/tika-parsers-standard/tika-parsers-standard-package/src/test/java/org/apache/tika/ossfuzz/ParserFuzzer.java,33
tika,org.apache.tika.ossfuzz,OssFuzzReplicator,0,0,1,1,6,1,0,0,-1.0,0,1,/Users/surabhilone/Desktop/Thesis/SoftwareSystems/tika/tika-parsers/tika-parsers-standard/tika-parsers-standard-package/src/test/java/org/apache/tika/ossfuzz/OssFuzzReplicator.java,24
tika,org.apache.tika.parser.internal,Activator,2,0,2,2,13,2,0,0,0.0,0,3,/Users/surabhilone/Desktop/Thesis/SoftwareSystems/tika/tika-parsers/tika-parsers-standard/tika-parsers-standard-package/src/main/java/org/apache/tika/parser/internal/Activator.java,30
tika,org.apache.tika.parser.journal,JournalParserTest,0,0,1,1,18,1,0,0,-1.0,0,4,/Users/surabhilone/Desktop/Thesis/SoftwareSystems/tika/tika-parsers/tika-parsers-ml/tika-parser-nlp-module/src/test/java/org/apache/tika/parser/journal/JournalParserTest.java,33
tika,org.apache.tika.parser.journal,TEITest,0,0,1,1,18,1,0,0,-1.0,0,3,/Users/surabhilone/Desktop/Thesis/SoftwareSystems/tika/tika-parsers/tika-parsers-ml/tika-parser-nlp-module/src/test/java/org/apache/tika/parser/journal/TEITest.java,33
tika,org.apache.tika.parser.journal,JournalParser,3,0,2,2,21,2,0,1,1.0,1,8,/Users/surabhilone/Desktop/Thesis/SoftwareSystems/tika/tika-parsers/tika-parsers-ml/tika-parser-nlp-module/src/main/java/org/apache/tika/parser/journal/JournalParser.java,38
tika,org.apache.tika.parser.journal,TEIDOMParser,15,0,23,2,688,87,0,0,0.08695652173913043,2,3,/Users/surabhilone/Desktop/Thesis/SoftwareSystems/tika/tika-parsers/tika-parsers-ml/tika-parser-nlp-module/src/main/java/org/apache/tika/parser/journal/TEIDOMParser.java,37
tika,org.apache.tika.parser.journal,TEIDOMParser.Author,4,0,0,0,63,0,0,0,-1.0,0,0,/Users/surabhilone/Desktop/Thesis/SoftwareSystems/tika/tika-parsers/tika-parsers-ml/tika-parser-nlp-module/src/main/java/org/apache/tika/parser/journal/TEIDOMParser.java,430
tika,org.apache.tika.parser.journal,TEIDOMParser.Affiliation,2,0,0,0,45,0,0,0,-1.0,0,0,/Users/surabhilone/Desktop/Thesis/SoftwareSystems/tika/tika-parsers/tika-parsers-ml/tika-parser-nlp-module/src/main/java/org/apache/tika/parser/journal/TEIDOMParser.java,517
tika,org.apache.tika.parser.journal,TEIDOMParser.OrgName,1,0,0,0,51,0,0,0,-1.0,0,0,/Users/surabhilone/Desktop/Thesis/SoftwareSystems/tika/tika-parsers/tika-parsers-ml/tika-parser-nlp-module/src/main/java/org/apache/tika/parser/journal/TEIDOMParser.java,589
tika,org.apache.tika.parser.journal,TEIDOMParser.OrgTypeName,2,0,0,0,42,0,0,0,-1.0,0,0,/Users/surabhilone/Desktop/Thesis/SoftwareSystems/tika/tika-parsers/tika-parsers-ml/tika-parser-nlp-module/src/main/java/org/apache/tika/parser/journal/TEIDOMParser.java,662
tika,org.apache.tika.parser.journal,TEIDOMParser.Address,4,0,0,0,93,0,0,0,-1.0,0,0,/Users/surabhilone/Desktop/Thesis/SoftwareSystems/tika/tika-parsers/tika-parsers-ml/tika-parser-nlp-module/src/main/java/org/apache/tika/parser/journal/TEIDOMParser.java,720
tika,org.apache.tika.parser.journal,TEIDOMParser.Country,2,0,0,0,72,0,0,0,-1.0,0,0,/Users/surabhilone/Desktop/Thesis/SoftwareSystems/tika/tika-parsers/tika-parsers-ml/tika-parser-nlp-module/src/main/java/org/apache/tika/parser/journal/TEIDOMParser.java,841
tika,org.apache.tika.parser.journal,GrobidRESTParser,8,0,5,2,75,10,0,0,0.0,2,4,/Users/surabhilone/Desktop/Thesis/SoftwareSystems/tika/tika-parsers/tika-parsers-ml/tika-parser-nlp-module/src/main/java/org/apache/tika/parser/journal/GrobidRESTParser.java,39
tika,org.apache.tika.parser.ner.nltk,NLTKNERecogniserTest,0,0,1,1,14,2,0,0,-1.0,0,3,/Users/surabhilone/Desktop/Thesis/SoftwareSystems/tika/tika-parsers/tika-parsers-ml/tika-parser-nlp-module/src/test/java/org/apache/tika/parser/ner/nltk/NLTKNERecogniserTest.java,34
tika,org.apache.tika.parser.ner.nltk,NLTKNERecogniser,5,1,5,4,93,10,0,1,0.0,0,0,/Users/surabhilone/Desktop/Thesis/SoftwareSystems/tika/tika-parsers/tika-parsers-ml/tika-parser-nlp-module/src/main/java/org/apache/tika/parser/ner/nltk/NLTKNERecogniser.java,38
tika,org.apache.tika.parser.ner.regex,RegexNERecogniserTest,0,0,1,1,14,1,0,0,-1.0,0,3,/Users/surabhilone/Desktop/Thesis/SoftwareSystems/tika/tika-parsers/tika-parsers-ml/tika-parser-nlp-module/src/test/java/org/apache/tika/parser/ner/regex/RegexNERecogniserTest.java,34
tika,org.apache.tika.parser.ner.regex,RegexNERecogniser,6,3,7,7,81,15,0,1,0.42857142857142855,0,0,/Users/surabhilone/Desktop/Thesis/SoftwareSystems/tika/tika-parsers/tika-parsers-ml/tika-parser-nlp-module/src/main/java/org/apache/tika/parser/ner/regex/RegexNERecogniser.java,35
tika,org.apache.tika.parser.ner,NamedEntityParserTest,1,1,2,2,41,2,0,0,0.0,0,5,/Users/surabhilone/Desktop/Thesis/SoftwareSystems/tika/tika-parsers/tika-parsers-ml/tika-parser-nlp-module/src/test/java/org/apache/tika/parser/ner/NamedEntityParserTest.java,40
tika,org.apache.tika.parser.ner,NamedEntityParser,9,6,4,2,94,14,0,1,0.5,3,8,/Users/surabhilone/Desktop/Thesis/SoftwareSystems/tika/tika-parsers/tika-parsers-ml/tika-parser-nlp-module/src/main/java/org/apache/tika/parser/ner/NamedEntityParser.java,47
tika,org.apache.tika.parser.ner,NERecogniser,8,0,3,0,29,3,7,0,-1.0,1,0,/Users/surabhilone/Desktop/Thesis/SoftwareSystems/tika/tika-parsers/tika-parsers-ml/tika-parser-nlp-module/src/main/java/org/apache/tika/parser/ner/NERecogniser.java,22
tika,org.apache.tika.parser.geo.topic,GeoParserTest,1,0,3,3,43,4,0,0,0.6666666666666666,0,7,/Users/surabhilone/Desktop/Thesis/SoftwareSystems/tika/tika-parsers/tika-parsers-ml/tika-parser-nlp-module/src/test/java/org/apache/tika/parser/geo/topic/GeoParserTest.java,40
tika,org.apache.tika.parser.geo.topic,NameEntityExtractor,4,0,3,3,52,9,0,0,0.0,1,0,/Users/surabhilone/Desktop/Thesis/SoftwareSystems/tika/tika-parsers/tika-parsers-ml/tika-parser-nlp-module/src/main/java/org/apache/tika/parser/geo/topic/NameEntityExtractor.java,35
tika,org.apache.tika.parser.geo.topic,GeoTag,2,0,3,3,25,5,0,0,0.0,1,1,/Users/surabhilone/Desktop/Thesis/SoftwareSystems/tika/tika-parsers/tika-parsers-ml/tika-parser-nlp-module/src/main/java/org/apache/tika/parser/geo/topic/GeoTag.java,25
tika,org.apache.tika.parser.geo.topic,GeoParser,10,0,9,9,104,14,0,1,0.2222222222222222,1,8,/Users/surabhilone/Desktop/Thesis/SoftwareSystems/tika/tika-parsers/tika-parsers-ml/tika-parser-nlp-module/src/main/java/org/apache/tika/parser/geo/topic/GeoParser.java,46
tika,org.apache.tika.parser.geo.topic,GeoParserConfig,4,0,7,6,71,11,0,0,0.0,3,0,/Users/surabhilone/Desktop/Thesis/SoftwareSystems/tika/tika-parsers/tika-parsers-ml/tika-parser-nlp-module/src/main/java/org/apache/tika/parser/geo/topic/GeoParserConfig.java,30
tika,org.apache.tika.parser.sentiment,SentimentAnalysisParserTest,0,0,3,2,44,6,0,0,-1.0,0,4,/Users/surabhilone/Desktop/Thesis/SoftwareSystems/tika/tika-parsers/tika-parsers-ml/tika-parser-nlp-module/src/test/java/org/apache/tika/parser/sentiment/SentimentAnalysisParserTest.java,36
tika,org.apache.tika.parser.sentiment,SentimentAnalysisParser,5,1,4,4,71,9,0,1,0.75,0,5,/Users/surabhilone/Desktop/Thesis/SoftwareSystems/tika/tika-parsers/tika-parsers-ml/tika-parser-nlp-module/src/main/java/org/apache/tika/parser/sentiment/SentimentAnalysisParser.java,46
tika,org.apache.tika.parser.ner.mitie,MITIENERecogniser,6,2,5,5,113,11,0,1,0.6,0,0,/Users/surabhilone/Desktop/Thesis/SoftwareSystems/tika/tika-parsers/tika-parsers-ml/tika-parser-nlp-module/src/main/java/org/apache/tika/parser/ner/mitie/MITIENERecogniser.java,33
tika,org.apache.tika.parser.ner.opennlp,OpenNLPNameFinder,5,0,6,6,65,8,0,1,0.0,1,0,/Users/surabhilone/Desktop/Thesis/SoftwareSystems/tika/tika-parsers/tika-parsers-ml/tika-parser-nlp-module/src/main/java/org/apache/tika/parser/ner/opennlp/OpenNLPNameFinder.java,37
tika,org.apache.tika.parser.ner.opennlp,OpenNLPNERecogniser,19,16,5,5,73,8,0,1,0.4,0,1,/Users/surabhilone/Desktop/Thesis/SoftwareSystems/tika/tika-parsers/tika-parsers-ml/tika-parser-nlp-module/src/main/java/org/apache/tika/parser/ner/opennlp/OpenNLPNERecogniser.java,30
tika,org.apache.tika.parser.ner.corenlp,CoreNLPNERecogniser,14,6,6,6,116,10,0,1,0.5,0,0,/Users/surabhilone/Desktop/Thesis/SoftwareSystems/tika/tika-parsers/tika-parsers-ml/tika-parser-nlp-module/src/main/java/org/apache/tika/parser/ner/corenlp/CoreNLPNERecogniser.java,39
tika,org.apache.tika.parser.ner.grobid,GrobidNERecogniser,6,1,9,6,188,21,0,1,0.0,0,0,/Users/surabhilone/Desktop/Thesis/SoftwareSystems/tika/tika-parsers/tika-parsers-ml/tika-parser-nlp-module/src/main/java/org/apache/tika/parser/ner/grobid/GrobidNERecogniser.java,37
tika,org.apache.tika.parser.geo.topic.gazetteer,Location,7,0,12,12,45,12,0,0,0.5,1,0,/Users/surabhilone/Desktop/Thesis/SoftwareSystems/tika/tika-parsers/tika-parsers-ml/tika-parser-nlp-module/src/main/java/org/apache/tika/parser/geo/topic/gazetteer/Location.java,21
tika,org.apache.tika.parser.geo.topic.gazetteer,GeoGazetteerClient,5,0,4,4,58,6,0,0,0.0,1,1,/Users/surabhilone/Desktop/Thesis/SoftwareSystems/tika/tika-parsers/tika-parsers-ml/tika-parser-nlp-module/src/main/java/org/apache/tika/parser/geo/topic/gazetteer/GeoGazetteerClient.java,38
tika,org.apache.tika.parser.ctakes,CTAKESConfig,12,0,28,27,255,35,0,0,0.14285714285714285,2,1,/Users/surabhilone/Desktop/Thesis/SoftwareSystems/tika/tika-parsers/tika-parsers-ml/tika-parser-nlp-module/src/main/java/org/apache/tika/parser/ctakes/CTAKESConfig.java,27
tika,org.apache.tika.parser.ctakes,CTAKESContentHandler,6,1,6,6,95,16,0,1,0.3333333333333333,1,3,/Users/surabhilone/Desktop/Thesis/SoftwareSystems/tika/tika-parsers/tika-parsers-ml/tika-parser-nlp-module/src/main/java/org/apache/tika/parser/ctakes/CTAKESContentHandler.java,32
tika,org.apache.tika.parser.ctakes,CTAKESSerializer,1,0,2,1,11,2,0,0,0.0,2,0,/Users/surabhilone/Desktop/Thesis/SoftwareSystems/tika/tika-parsers/tika-parsers-ml/tika-parser-nlp-module/src/main/java/org/apache/tika/parser/ctakes/CTAKESSerializer.java,23
tika,org.apache.tika.parser.ctakes,CTAKESParser,1,0,5,5,35,5,0,2,1.0,0,7,/Users/surabhilone/Desktop/Thesis/SoftwareSystems/tika/tika-parsers/tika-parsers-ml/tika-parser-nlp-module/src/main/java/org/apache/tika/parser/ctakes/CTAKESParser.java,33
tika,org.apache.tika.parser.ctakes,CTAKESUtils,2,0,7,7,140,26,0,0,0.7142857142857143,1,2,/Users/surabhilone/Desktop/Thesis/SoftwareSystems/tika/tika-parsers/tika-parsers-ml/tika-parser-nlp-module/src/main/java/org/apache/tika/parser/ctakes/CTAKESUtils.java,39
tika,org.apache.tika.parser.ctakes,CTAKESAnnotationProperty,1,0,2,1,11,2,0,0,0.0,1,0,/Users/surabhilone/Desktop/Thesis/SoftwareSystems/tika/tika-parsers/tika-parsers-ml/tika-parser-nlp-module/src/main/java/org/apache/tika/parser/ctakes/CTAKESAnnotationProperty.java,21
tika,org.apache.tika.parser.transcribe.aws,AmazonTranscribeTest,1,0,21,21,207,21,0,0,0.0,0,3,/Users/surabhilone/Desktop/Thesis/SoftwareSystems/tika/tika-parsers/tika-parsers-ml/tika-transcribe-aws/src/test/java/org/apache/tika/parser/transcribe/aws/AmazonTranscribeTest.java,34
tika,org.apache.tika.parser.transcribe.aws,AmazonTranscribe,10,0,16,9,228,27,0,1,0.0,0,6,/Users/surabhilone/Desktop/Thesis/SoftwareSystems/tika/tika-parsers/tika-parsers-ml/tika-transcribe-aws/src/main/java/org/apache/tika/parser/transcribe/aws/AmazonTranscribe.java,77
tika,org.apache.tika.parser.recognition,ObjectRecognitionParserTest,11,0,8,7,139,10,0,0,0.0,0,5,/Users/surabhilone/Desktop/Thesis/SoftwareSystems/tika/tika-parsers/tika-parsers-ml/tika-parser-advancedmedia-module/src/test/java/org/apache/tika/parser/recognition/ObjectRecognitionParserTest.java,41
tika,org.apache.tika.parser.recognition,ObjectRecogniser,0,0,4,0,34,4,0,1,-1.0,1,4,/Users/surabhilone/Desktop/Thesis/SoftwareSystems/tika/tika-parsers/tika-parsers-ml/tika-parser-advancedmedia-module/src/main/java/org/apache/tika/parser/recognition/ObjectRecogniser.java,37
tika,org.apache.tika.parser.recognition,ObjectRecognitionParser,5,3,5,5,80,12,0,1,0.4,1,8,/Users/surabhilone/Desktop/Thesis/SoftwareSystems/tika/tika-parsers/tika-parsers-ml/tika-parser-advancedmedia-module/src/main/java/org/apache/tika/parser/recognition/ObjectRecognitionParser.java,49
tika,org.apache.tika.parser.recognition,RecognisedObject,4,0,10,10,55,10,0,0,0.0,1,0,/Users/surabhilone/Desktop/Thesis/SoftwareSystems/tika/tika-parsers/tika-parsers-ml/tika-parser-advancedmedia-module/src/main/java/org/apache/tika/parser/recognition/RecognisedObject.java,19
tika,org.apache.tika.parser.recognition,AgeRecogniserTest,3,0,1,1,25,1,0,0,0.0,0,5,/Users/surabhilone/Desktop/Thesis/SoftwareSystems/tika/tika-parsers/tika-parsers-ml/tika-age-recogniser/src/test/java/org/apache/tika/parser/recognition/AgeRecogniserTest.java,38
tika,org.apache.tika.parser.recognition,AgeRecogniserConfig,2,0,5,5,29,7,0,0,0.0,1,0,/Users/surabhilone/Desktop/Thesis/SoftwareSystems/tika/tika-parsers/tika-parsers-ml/tika-age-recogniser/src/main/java/org/apache/tika/parser/recognition/AgeRecogniserConfig.java,25
tika,org.apache.tika.parser.recognition,AgeRecogniser,10,3,7,6,69,11,0,1,0.42857142857142855,1,7,/Users/surabhilone/Desktop/Thesis/SoftwareSystems/tika/tika-parsers/tika-parsers-ml/tika-age-recogniser/src/main/java/org/apache/tika/parser/recognition/AgeRecogniser.java,47
tika,org.apache.tika.parser.recognition.tf,TensorflowVideoRecParserTest,0,0,1,1,15,2,0,0,-1.0,0,3,/Users/surabhilone/Desktop/Thesis/SoftwareSystems/tika/tika-parsers/tika-parsers-ml/tika-parser-advancedmedia-module/src/test/java/org/apache/tika/parser/recognition/tf/TensorflowVideoRecParserTest.java,36
tika,org.apache.tika.parser.recognition.tf,TensorflowImageRecParserTest,0,0,1,1,19,3,0,0,-1.0,0,3,/Users/surabhilone/Desktop/Thesis/SoftwareSystems/tika/tika-parsers/tika-parsers-ml/tika-parser-advancedmedia-module/src/test/java/org/apache/tika/parser/recognition/tf/TensorflowImageRecParserTest.java,36
tika,org.apache.tika.parser.recognition.tf,TensorflowImageRecParser,14,0,5,5,72,9,0,2,0.8,2,5,/Users/surabhilone/Desktop/Thesis/SoftwareSystems/tika/tika-parsers/tika-parsers-ml/tika-parser-advancedmedia-module/src/main/java/org/apache/tika/parser/recognition/tf/TensorflowImageRecParser.java,50
tika,org.apache.tika.parser.recognition.tf,TensorflowRESTRecogniser,9,0,6,5,79,9,1,0,0.5,0,6,/Users/surabhilone/Desktop/Thesis/SoftwareSystems/tika/tika-parsers/tika-parsers-ml/tika-parser-advancedmedia-module/src/main/java/org/apache/tika/parser/recognition/tf/TensorflowRESTRecogniser.java,58
tika,org.apache.tika.parser.recognition.tf,TensorflowRESTVideoRecogniser,3,0,2,1,36,2,0,1,0.0,1,4,/Users/surabhilone/Desktop/Thesis/SoftwareSystems/tika/tika-parsers/tika-parsers-ml/tika-parser-advancedmedia-module/src/main/java/org/apache/tika/parser/recognition/tf/TensorflowRESTVideoRecogniser.java,42
tika,org.apache.tika.parser.captioning,CaptionObject,0,0,2,2,12,2,0,0,-1.0,0,0,/Users/surabhilone/Desktop/Thesis/SoftwareSystems/tika/tika-parsers/tika-parsers-ml/tika-parser-advancedmedia-module/src/main/java/org/apache/tika/parser/captioning/CaptionObject.java,21
tika,org.apache.tika.parser.captioning.tf,TensorflowRESTCaptioner,9,0,6,5,72,8,0,0,0.5,0,5,/Users/surabhilone/Desktop/Thesis/SoftwareSystems/tika/tika-parsers/tika-parsers-ml/tika-parser-advancedmedia-module/src/main/java/org/apache/tika/parser/captioning/tf/TensorflowRESTCaptioner.java,59
tika,org.apache.tika.parser.pot,PooledTimeSeriesParser,7,0,5,2,125,9,0,1,0.4,0,7,/Users/surabhilone/Desktop/Thesis/SoftwareSystems/tika/tika-parsers/tika-parsers-ml/tika-parser-advancedmedia-module/src/main/java/org/apache/tika/parser/pot/PooledTimeSeriesParser.java,59
tika,org.apache.tika.parser.pot,PooledTimeSeriesParser.CompositeVideoParser,2,0,0,0,7,0,0,2,-1.0,0,0,/Users/surabhilone/Desktop/Thesis/SoftwareSystems/tika/tika-parsers/tika-parsers-ml/tika-parser-advancedmedia-module/src/main/java/org/apache/tika/parser/pot/PooledTimeSeriesParser.java,227
tika,org.apache.tika.dl.imagerec,DL4JInceptionV3NetTest,0,0,1,1,30,4,0,0,-1.0,0,3,/Users/surabhilone/Desktop/Thesis/SoftwareSystems/tika/tika-parsers/tika-parsers-ml/tika-dl/src/test/java/org/apache/tika/dl/imagerec/DL4JInceptionV3NetTest.java,32
tika,org.apache.tika.dl.imagerec,DL4JVGG16NetTest,0,0,1,1,30,4,0,0,-1.0,0,3,/Users/surabhilone/Desktop/Thesis/SoftwareSystems/tika/tika-parsers/tika-parsers-ml/tika-dl/src/test/java/org/apache/tika/dl/imagerec/DL4JVGG16NetTest.java,32
tika,org.apache.tika.dl.imagerec,DL4JInceptionV3Net,17,0,11,7,191,23,0,0,0.2727272727272727,0,5,/Users/surabhilone/Desktop/Thesis/SoftwareSystems/tika/tika-parsers/tika-parsers-ml/tika-dl/src/main/java/org/apache/tika/dl/imagerec/DL4JInceptionV3Net.java,64
tika,org.apache.tika.dl.imagerec,DL4JVGG16Net,12,1,6,5,77,10,0,0,0.5,0,5,/Users/surabhilone/Desktop/Thesis/SoftwareSystems/tika/tika-parsers/tika-parsers-ml/tika-dl/src/main/java/org/apache/tika/dl/imagerec/DL4JVGG16Net.java,55
tika,org.apache.tika.parser.geoinfo,GeographicInformationParserTest,0,0,1,1,15,1,0,0,-1.0,0,2,/Users/surabhilone/Desktop/Thesis/SoftwareSystems/tika/tika-parsers/tika-parsers-extended/tika-parser-scientific-module/src/test/java/org/apache/tika/parser/geoinfo/GeographicInformationParserTest.java,27
tika,org.apache.tika.parser.geoinfo,GeographicInformationParser,3,1,13,2,326,81,0,1,0.15384615384615385,1,7,/Users/surabhilone/Desktop/Thesis/SoftwareSystems/tika/tika-parsers/tika-parsers-extended/tika-parser-scientific-module/src/main/java/org/apache/tika/parser/geoinfo/GeographicInformationParser.java,74
tika,org.apache.tika.parser.gdal,TestGDALParser,0,0,4,3,118,4,0,0,-1.0,0,4,/Users/surabhilone/Desktop/Thesis/SoftwareSystems/tika/tika-parsers/tika-parsers-extended/tika-parser-scientific-module/src/test/java/org/apache/tika/parser/gdal/TestGDALParser.java,35
tika,org.apache.tika.parser.gdal,GDALParser,8,1,17,9,160,31,0,1,0.11764705882352941,2,10,/Users/surabhilone/Desktop/Thesis/SoftwareSystems/tika/tika-parsers/tika-parsers-extended/tika-parser-scientific-module/src/main/java/org/apache/tika/parser/gdal/GDALParser.java,60
tika,org.apache.tika.parser.hdf,HDFParserTest,0,0,2,2,33,4,0,0,-1.0,0,4,/Users/surabhilone/Desktop/Thesis/SoftwareSystems/tika/tika-parsers/tika-parsers-extended/tika-parser-scientific-module/src/test/java/org/apache/tika/parser/hdf/HDFParserTest.java,32
tika,org.apache.tika.parser.hdf,HDFParser,2,0,3,2,48,8,0,1,0.6666666666666666,1,5,/Users/surabhilone/Desktop/Thesis/SoftwareSystems/tika/tika-parsers/tika-parsers-extended/tika-parser-scientific-module/src/main/java/org/apache/tika/parser/hdf/HDFParser.java,43
tika,org.apache.tika.parser.isatab,ISArchiveParserTest,0,0,1,1,18,1,0,0,-1.0,0,5,/Users/surabhilone/Desktop/Thesis/SoftwareSystems/tika/tika-parsers/tika-parsers-extended/tika-parser-scientific-module/src/test/java/org/apache/tika/parser/isatab/ISArchiveParserTest.java,31
tika,org.apache.tika.parser.isatab,ISArchiveParser,5,0,7,4,79,13,0,1,0.42857142857142855,1,7,/Users/surabhilone/Desktop/Thesis/SoftwareSystems/tika/tika-parsers/tika-parsers-extended/tika-parser-scientific-module/src/main/java/org/apache/tika/parser/isatab/ISArchiveParser.java,37
tika,org.apache.tika.parser.isatab,ISATabUtils,3,0,7,4,135,27,0,0,0.42857142857142855,1,7,/Users/surabhilone/Desktop/Thesis/SoftwareSystems/tika/tika-parsers/tika-parsers-extended/tika-parser-scientific-module/src/main/java/org/apache/tika/parser/isatab/ISATabUtils.java,42
tika,org.apache.tika.parser.netcdf,NetCDFParserTest,0,0,1,1,26,1,0,0,-1.0,0,5,/Users/surabhilone/Desktop/Thesis/SoftwareSystems/tika/tika-parsers/tika-parsers-extended/tika-parser-scientific-module/src/test/java/org/apache/tika/parser/netcdf/NetCDFParserTest.java,33
tika,org.apache.tika.parser.netcdf,NetCDFParser,2,0,3,2,73,12,0,1,0.6666666666666666,1,8,/Users/surabhilone/Desktop/Thesis/SoftwareSystems/tika/tika-parsers/tika-parsers-extended/tika-parser-scientific-module/src/main/java/org/apache/tika/parser/netcdf/NetCDFParser.java,45
tika,org.apache.tika.parser.envi,EnviHeaderParserTest,3,0,10,10,86,10,0,0,0.2,0,4,/Users/surabhilone/Desktop/Thesis/SoftwareSystems/tika/tika-parsers/tika-parsers-extended/tika-parser-scientific-module/src/test/java/org/apache/tika/parser/envi/EnviHeaderParserTest.java,36
tika,org.apache.tika.parser.envi,EnviHeaderParser,6,1,9,4,130,20,0,2,0.4444444444444444,1,6,/Users/surabhilone/Desktop/Thesis/SoftwareSystems/tika/tika-parsers/tika-parsers-extended/tika-parser-scientific-module/src/main/java/org/apache/tika/parser/envi/EnviHeaderParser.java,42
tika,org.apache.tika.parser.grib,GribParserTest,0,0,1,1,17,1,0,0,-1.0,0,4,/Users/surabhilone/Desktop/Thesis/SoftwareSystems/tika/tika-parsers/tika-parsers-extended/tika-parser-scientific-module/src/test/java/org/apache/tika/parser/grib/GribParserTest.java,32
tika,org.apache.tika.parser.grib,GribParser,3,1,3,2,64,10,0,1,0.6666666666666666,1,6,/Users/surabhilone/Desktop/Thesis/SoftwareSystems/tika/tika-parsers/tika-parsers-extended/tika-parser-scientific-module/src/main/java/org/apache/tika/parser/grib/GribParser.java,45
tika,org.apache.tika.parser.sqlite3,SQLite3ParserTest,3,1,6,5,131,8,0,0,0.0,0,11,/Users/surabhilone/Desktop/Thesis/SoftwareSystems/tika/tika-parsers/tika-parsers-extended/tika-parsers-extended-integration-tests/src/test/java/org/apache/tika/parser/sqlite3/SQLite3ParserTest.java,49
tika,org.apache.tika.parser.sqlite3,SQLite3ParserTest.InputStreamResettingHandler,1,1,0,0,21,0,0,1,-1.0,0,0,/Users/surabhilone/Desktop/Thesis/SoftwareSystems/tika/tika-parsers/tika-parsers-extended/tika-parsers-extended-integration-tests/src/test/java/org/apache/tika/parser/sqlite3/SQLite3ParserTest.java,222
tika,org.apache.tika.parser.sqlite3,SQLite3ParserTest,2,0,2,2,22,2,0,0,0.0,0,6,/Users/surabhilone/Desktop/Thesis/SoftwareSystems/tika/tika-parsers/tika-parsers-extended/tika-parser-sqlite3-module/src/test/java/org/apache/tika/parser/sqlite3/SQLite3ParserTest.java,33
tika,org.apache.tika.parser.sqlite3,SQLite3DBParser,3,0,9,3,93,15,1,2,0.6666666666666666,1,6,/Users/surabhilone/Desktop/Thesis/SoftwareSystems/tika/tika-parsers/tika-parsers-extended/tika-parser-sqlite3-module/src/main/java/org/apache/tika/parser/sqlite3/SQLite3DBParser.java,44
tika,org.apache.tika.parser.sqlite3,SQLite3Parser,6,3,5,5,44,5,1,1,1.0,2,8,/Users/surabhilone/Desktop/Thesis/SoftwareSystems/tika/tika-parsers/tika-parsers-extended/tika-parser-sqlite3-module/src/main/java/org/apache/tika/parser/sqlite3/SQLite3Parser.java,40
tika,org.apache.tika.parser.sqlite3,SQLite3TableReader,0,0,3,1,30,4,1,1,-1.0,0,3,/Users/surabhilone/Desktop/Thesis/SoftwareSystems/tika/tika-parsers/tika-parsers-extended/tika-parser-sqlite3-module/src/main/java/org/apache/tika/parser/sqlite3/SQLite3TableReader.java,36
tika,org.apache.tika.parser.geopkg,GeoPkgTableReader,1,0,2,1,22,3,0,2,0.0,0,2,/Users/surabhilone/Desktop/Thesis/SoftwareSystems/tika/tika-parsers/tika-parsers-extended/tika-parser-sqlite3-module/src/main/java/org/apache/tika/parser/geopkg/GeoPkgTableReader.java,36
tika,org.apache.tika.parser.geopkg,GeoPkgDBParser,1,0,3,1,15,3,0,3,0.0,1,3,/Users/surabhilone/Desktop/Thesis/SoftwareSystems/tika/tika-parsers/tika-parsers-extended/tika-parser-sqlite3-module/src/main/java/org/apache/tika/parser/geopkg/GeoPkgDBParser.java,27
tika,org.apache.tika.parser.geopkg,GeoPkgParser,5,0,6,6,41,6,0,2,0.8333333333333334,0,7,/Users/surabhilone/Desktop/Thesis/SoftwareSystems/tika/tika-parsers/tika-parsers-extended/tika-parser-sqlite3-module/src/main/java/org/apache/tika/parser/geopkg/GeoPkgParser.java,41
tika,org.apache.tika.parser.scientific.integration,TestParsers,0,0,2,1,38,6,0,0,-1.0,0,5,/Users/surabhilone/Desktop/Thesis/SoftwareSystems/tika/tika-parsers/tika-parsers-extended/tika-parser-scientific-package/src/test/java/org/apache/tika/parser/scientific/integration/TestParsers.java,39
tika,Tika,Tika,1,0,7,5,44,7,0,0,0.0,0,2,/Users/surabhilone/Desktop/Thesis/SoftwareSystems/tika/tika-dotnet/src/main/java/Tika/Tika.java,25
tika,org.apache.tika.pipes.opensearch.tests,OpensearchTestClient,0,0,4,4,86,10,0,1,-1.0,1,2,/Users/surabhilone/Desktop/Thesis/SoftwareSystems/tika/tika-integration-tests/tika-pipes-opensearch-integration-tests/src/test/java/org/apache/tika/pipes/opensearch/tests/OpensearchTestClient.java,40
tika,org.apache.tika.pipes.opensearch.tests,OpenSearchTest,4,0,15,8,238,23,0,0,0.13333333333333333,0,10,/Users/surabhilone/Desktop/Thesis/SoftwareSystems/tika/tika-integration-tests/tika-pipes-opensearch-integration-tests/src/test/java/org/apache/tika/pipes/opensearch/tests/OpenSearchTest.java,59
tika,org.apache.tika.woodstox,WoodstoxXMLReaderUtilsTest,9,0,9,7,167,30,0,0,0.3333333333333333,0,3,/Users/surabhilone/Desktop/Thesis/SoftwareSystems/tika/tika-integration-tests/tika-woodstox-tests/src/test/java/org/apache/tika/woodstox/WoodstoxXMLReaderUtilsTest.java,44
tika,org.apache.tika.pipes.kafka.tests,TikaPipesKafkaTest,9,3,6,4,120,11,0,0,0.3333333333333333,0,3,/Users/surabhilone/Desktop/Thesis/SoftwareSystems/tika/tika-integration-tests/tika-pipes-kafka-integration-tests/src/test/java/org/apache/tika/pipes/kafka/tests/TikaPipesKafkaTest.java,68
tika,org.apache.tika.pipes.solr.tests,TikaPipesSolr7ZkTest,0,0,2,2,8,2,0,2,-1.0,0,1,/Users/surabhilone/Desktop/Thesis/SoftwareSystems/tika/tika-integration-tests/tika-pipes-solr-integration-tests/src/test/java/org/apache/tika/pipes/solr/tests/TikaPipesSolr7ZkTest.java,26
tika,org.apache.tika.pipes.solr.tests,TikaPipesSolr6Test,0,0,4,4,14,4,1,1,-1.0,0,1,/Users/surabhilone/Desktop/Thesis/SoftwareSystems/tika/tika-integration-tests/tika-pipes-solr-integration-tests/src/test/java/org/apache/tika/pipes/solr/tests/TikaPipesSolr6Test.java,26
tika,org.apache.tika.pipes.solr.tests,TikaPipesSolr7Test,0,0,2,2,8,2,1,1,-1.0,0,0,/Users/surabhilone/Desktop/Thesis/SoftwareSystems/tika/tika-integration-tests/tika-pipes-solr-integration-tests/src/test/java/org/apache/tika/pipes/solr/tests/TikaPipesSolr7Test.java,21
tika,org.apache.tika.pipes.solr.tests,TikaPipesSolr8ZkTest,0,0,2,2,8,2,0,2,-1.0,0,1,/Users/surabhilone/Desktop/Thesis/SoftwareSystems/tika/tika-integration-tests/tika-pipes-solr-integration-tests/src/test/java/org/apache/tika/pipes/solr/tests/TikaPipesSolr8ZkTest.java,26
tika,org.apache.tika.pipes.solr.tests,TikaPipesSolrTestBase,8,0,14,7,149,22,4,0,0.0,0,4,/Users/surabhilone/Desktop/Thesis/SoftwareSystems/tika/tika-integration-tests/tika-pipes-solr-integration-tests/src/test/java/org/apache/tika/pipes/solr/tests/TikaPipesSolrTestBase.java,52
tika,org.apache.tika.pipes.solr.tests,TikaPipesSolr6ZkTest,0,0,2,2,8,2,0,2,-1.0,0,1,/Users/surabhilone/Desktop/Thesis/SoftwareSystems/tika/tika-integration-tests/tika-pipes-solr-integration-tests/src/test/java/org/apache/tika/pipes/solr/tests/TikaPipesSolr6ZkTest.java,26
tika,org.apache.tika.pipes.solr.tests,TikaPipesSolr8Test,0,0,2,2,8,2,1,1,-1.0,0,0,/Users/surabhilone/Desktop/Thesis/SoftwareSystems/tika/tika-integration-tests/tika-pipes-solr-integration-tests/src/test/java/org/apache/tika/pipes/solr/tests/TikaPipesSolr8Test.java,21
tika,org.apache.tika.pipes.solr.tests,TikaPipesSolr9Test,0,0,2,2,8,2,1,1,-1.0,0,0,/Users/surabhilone/Desktop/Thesis/SoftwareSystems/tika/tika-integration-tests/tika-pipes-solr-integration-tests/src/test/java/org/apache/tika/pipes/solr/tests/TikaPipesSolr9Test.java,21
tika,org.apache.tika.pipes.solr.tests,TikaPipesSolr9ZkTest,0,0,2,2,8,2,0,2,-1.0,0,1,/Users/surabhilone/Desktop/Thesis/SoftwareSystems/tika/tika-integration-tests/tika-pipes-solr-integration-tests/src/test/java/org/apache/tika/pipes/solr/tests/TikaPipesSolr9ZkTest.java,27
tika,org.apache.custom.parser,CustomParserTest,0,0,1,1,9,1,0,0,-1.0,0,5,/Users/surabhilone/Desktop/Thesis/SoftwareSystems/tika/tika-integration-tests/tika-resource-loading-tests/src/test/java/org/apache/custom/parser/CustomParserTest.java,31
tika,org.apache.custom.parser,MyCustomParser,0,0,2,2,13,2,0,1,-1.0,1,5,/Users/surabhilone/Desktop/Thesis/SoftwareSystems/tika/tika-integration-tests/tika-resource-loading-tests/src/test/java/org/apache/custom/parser/MyCustomParser.java,34
tika,org.apache.tika.pipes.s3.tests,S3PipeIntegrationTest,12,1,6,0,75,9,0,0,0.0,0,2,/Users/surabhilone/Desktop/Thesis/SoftwareSystems/tika/tika-integration-tests/tika-pipes-s3-integration-tests/src/test/java/org/apache/tika/pipes/s3/tests/S3PipeIntegrationTest.java,58
tika,org.apache.tika.pipes.s3.tests,PipeIntegrationTests,9,0,7,3,163,16,0,0,0.2857142857142857,0,6,/Users/surabhilone/Desktop/Thesis/SoftwareSystems/tika/tika-integration-tests/tika-pipes-s3-integration-tests/src/test/java/org/apache/tika/pipes/s3/tests/PipeIntegrationTests.java,58
tika,org.apache.tika.pipes.s3.tests,PipeIntegrationTests.FSFetcherEmitter,4,0,0,0,34,0,0,0,-1.0,0,3,/Users/surabhilone/Desktop/Thesis/SoftwareSystems/tika/tika-integration-tests/tika-pipes-s3-integration-tests/src/test/java/org/apache/tika/pipes/s3/tests/PipeIntegrationTests.java,178
tika,org.apache.tika.pipes.s3.tests,PipeIntegrationTests.S3FetcherEmitter,4,0,0,0,30,0,0,0,-1.0,0,3,/Users/surabhilone/Desktop/Thesis/SoftwareSystems/tika/tika-integration-tests/tika-pipes-s3-integration-tests/src/test/java/org/apache/tika/pipes/s3/tests/PipeIntegrationTests.java,220
tika,org.apache.tika.language.translate.impl,Lingo24TranslatorTest,1,0,3,3,41,5,0,0,0.0,0,1,/Users/surabhilone/Desktop/Thesis/SoftwareSystems/tika/tika-translate/src/test/java/org/apache/tika/language/translate/impl/Lingo24TranslatorTest.java,26
tika,org.apache.tika.language.translate.impl,MosesTranslatorTest,1,0,2,2,13,2,0,0,0.0,0,1,/Users/surabhilone/Desktop/Thesis/SoftwareSystems/tika/tika-translate/src/test/java/org/apache/tika/language/translate/impl/MosesTranslatorTest.java,25
tika,org.apache.tika.language.translate.impl,JoshuaNetworkTranslatorTest,1,0,2,2,14,3,0,0,0.0,0,1,/Users/surabhilone/Desktop/Thesis/SoftwareSystems/tika/tika-translate/src/test/java/org/apache/tika/language/translate/impl/JoshuaNetworkTranslatorTest.java,24
tika,org.apache.tika.language.translate.impl,RTGTranslatorTest,1,0,2,2,24,2,0,0,0.0,0,1,/Users/surabhilone/Desktop/Thesis/SoftwareSystems/tika/tika-translate/src/test/java/org/apache/tika/language/translate/impl/RTGTranslatorTest.java,30
tika,org.apache.tika.language.translate.impl,GoogleTranslatorTest,1,0,4,4,43,6,0,0,0.5,0,1,/Users/surabhilone/Desktop/Thesis/SoftwareSystems/tika/tika-translate/src/test/java/org/apache/tika/language/translate/impl/GoogleTranslatorTest.java,28
tika,org.apache.tika.language.translate.impl,CachedTranslatorTest,1,0,5,5,41,8,0,0,0.0,0,1,/Users/surabhilone/Desktop/Thesis/SoftwareSystems/tika/tika-translate/src/test/java/org/apache/tika/language/translate/impl/CachedTranslatorTest.java,27
tika,org.apache.tika.language.translate.impl,YandexTranslatorTest,1,0,4,4,52,4,0,0,0.0,0,1,/Users/surabhilone/Desktop/Thesis/SoftwareSystems/tika/tika-translate/src/test/java/org/apache/tika/language/translate/impl/YandexTranslatorTest.java,31
tika,org.apache.tika.language.translate.impl,MicrosoftTranslatorTest,1,0,4,4,42,4,0,0,0.0,0,1,/Users/surabhilone/Desktop/Thesis/SoftwareSystems/tika/tika-translate/src/test/java/org/apache/tika/language/translate/impl/MicrosoftTranslatorTest.java,26
tika,org.apache.tika.language.translate.impl,MarianTranslatorTest,1,0,4,4,26,4,0,0,0.0,0,1,/Users/surabhilone/Desktop/Thesis/SoftwareSystems/tika/tika-translate/src/test/java/org/apache/tika/language/translate/impl/MarianTranslatorTest.java,26
tika,org.apache.tika.language.translate.impl,CachedTranslator,4,0,13,11,129,17,0,2,0.15384615384615385,1,3,/Users/surabhilone/Desktop/Thesis/SoftwareSystems/tika/tika-translate/src/main/java/org/apache/tika/language/translate/impl/CachedTranslator.java,28
tika,org.apache.tika.language.translate.impl,ExternalTranslator,0,0,3,3,60,5,1,2,-1.0,0,1,/Users/surabhilone/Desktop/Thesis/SoftwareSystems/tika/tika-translate/src/main/java/org/apache/tika/language/translate/impl/ExternalTranslator.java,28
tika,org.apache.tika.language.translate.impl,AbstractTranslator,0,0,1,0,6,1,7,1,-1.0,0,3,/Users/surabhilone/Desktop/Thesis/SoftwareSystems/tika/tika-translate/src/main/java/org/apache/tika/language/translate/impl/AbstractTranslator.java,27
tika,org.apache.tika.language.translate.impl,JoshuaNetworkTranslator,5,0,5,4,131,16,0,2,0.0,1,1,/Users/surabhilone/Desktop/Thesis/SoftwareSystems/tika/tika-translate/src/main/java/org/apache/tika/language/translate/impl/JoshuaNetworkTranslator.java,45
tika,org.apache.tika.language.translate.impl,MarianTranslator,11,0,9,5,250,19,0,2,0.0,1,2,/Users/surabhilone/Desktop/Thesis/SoftwareSystems/tika/tika-translate/src/main/java/org/apache/tika/language/translate/impl/MarianTranslator.java,52
tika,org.apache.tika.language.translate.impl,MarianTranslator.MarianServerClient,3,0,0,0,51,0,0,0,-1.0,0,0,/Users/surabhilone/Desktop/Thesis/SoftwareSystems/tika/tika-translate/src/main/java/org/apache/tika/language/translate/impl/MarianTranslator.java,300
tika,org.apache.tika.language.translate.impl,MosesTranslator,4,0,7,4,81,10,0,3,0.2857142857142857,1,1,/Users/surabhilone/Desktop/Thesis/SoftwareSystems/tika/tika-translate/src/main/java/org/apache/tika/language/translate/impl/MosesTranslator.java,31
tika,org.apache.tika.language.translate.impl,YandexTranslator,5,0,8,8,107,13,0,1,0.0,1,1,/Users/surabhilone/Desktop/Thesis/SoftwareSystems/tika/tika-translate/src/main/java/org/apache/tika/language/translate/impl/YandexTranslator.java,39
tika,org.apache.tika.language.translate.impl,RTGTranslator,5,2,5,5,60,7,0,2,0.0,1,1,/Users/surabhilone/Desktop/Thesis/SoftwareSystems/tika/tika-translate/src/main/java/org/apache/tika/language/translate/impl/RTGTranslator.java,43
tika,org.apache.tika.language.translate.impl,Lingo24Translator,6,0,4,4,58,9,0,2,0.0,1,1,/Users/surabhilone/Desktop/Thesis/SoftwareSystems/tika/tika-translate/src/main/java/org/apache/tika/language/translate/impl/Lingo24Translator.java,37
tika,org.apache.tika.language.translate.impl,GoogleTranslator,6,0,4,4,53,8,0,2,0.0,2,1,/Users/surabhilone/Desktop/Thesis/SoftwareSystems/tika/tika-translate/src/main/java/org/apache/tika/language/translate/impl/GoogleTranslator.java,37
tika,org.apache.tika.language.translate.impl,MicrosoftTranslator,9,5,7,6,109,10,0,1,0.0,2,1,/Users/surabhilone/Desktop/Thesis/SoftwareSystems/tika/tika-translate/src/main/java/org/apache/tika/language/translate/impl/MicrosoftTranslator.java,31
tika,org.apache.tika.eval.app.tools,TopCommonTokenCounterTest,3,0,2,2,33,6,0,0,0.0,0,2,/Users/surabhilone/Desktop/Thesis/SoftwareSystems/tika/tika-eval/tika-eval-app/src/test/java/org/apache/tika/eval/app/tools/TopCommonTokenCounterTest.java,36
tika,org.apache.tika.eval.app.tools,CommonTokenOverlapCounter,0,0,3,1,35,9,0,0,-1.0,0,1,/Users/surabhilone/Desktop/Thesis/SoftwareSystems/tika/tika-eval/tika-eval-app/src/main/java/org/apache/tika/eval/app/tools/CommonTokenOverlapCounter.java,30
tika,org.apache.tika.eval.app.tools,LeipzigSampler,0,0,4,1,42,9,0,0,-1.0,0,1,/Users/surabhilone/Desktop/Thesis/SoftwareSystems/tika/tika-eval/tika-eval-app/src/main/java/org/apache/tika/eval/app/tools/LeipzigSampler.java,31
tika,org.apache.tika.eval.app.tools,TopCommonTokenCounter,9,0,6,1,232,24,0,0,0.0,2,4,/Users/surabhilone/Desktop/Thesis/SoftwareSystems/tika/tika-eval/tika-eval-app/src/main/java/org/apache/tika/eval/app/tools/TopCommonTokenCounter.java,57
tika,org.apache.tika.eval.app.tools,TopCommonTokenCounter.AbstractTokenTFDFPriorityQueue,0,0,0,0,15,0,0,0,-1.0,0,0,/Users/surabhilone/Desktop/Thesis/SoftwareSystems/tika/tika-eval/tika-eval-app/src/main/java/org/apache/tika/eval/app/tools/TopCommonTokenCounter.java,257
tika,org.apache.tika.eval.app.tools,TopCommonTokenCounter.TokenDFTF,3,0,0,0,44,0,0,0,-1.0,0,0,/Users/surabhilone/Desktop/Thesis/SoftwareSystems/tika/tika-eval/tika-eval-app/src/main/java/org/apache/tika/eval/app/tools/TopCommonTokenCounter.java,276
tika,org.apache.tika.eval.app.tools,TopCommonTokenCounter.TokenDFPriorityQueue,0,0,0,0,24,0,0,0,-1.0,0,0,/Users/surabhilone/Desktop/Thesis/SoftwareSystems/tika/tika-eval/tika-eval-app/src/main/java/org/apache/tika/eval/app/tools/TopCommonTokenCounter.java,335
tika,org.apache.tika.eval.app.tools,BatchTopCommonTokenCounter,0,0,1,1,19,3,0,0,-1.0,0,3,/Users/surabhilone/Desktop/Thesis/SoftwareSystems/tika/tika-eval/tika-eval-app/src/main/java/org/apache/tika/eval/app/tools/BatchTopCommonTokenCounter.java,26
tika,org.apache.tika.eval.app.tools,TrainTestSplit,7,0,6,1,67,15,0,0,0.0,0,0,/Users/surabhilone/Desktop/Thesis/SoftwareSystems/tika/tika-eval/tika-eval-app/src/main/java/org/apache/tika/eval/app/tools/TrainTestSplit.java,37
tika,org.apache.tika.eval.app.tools,LeipzigHelper,0,0,1,0,28,6,0,0,-1.0,2,0,/Users/surabhilone/Desktop/Thesis/SoftwareSystems/tika/tika-eval/tika-eval-app/src/main/java/org/apache/tika/eval/app/tools/LeipzigHelper.java,29
tika,org.apache.tika.eval.app.tools,SlowCompositeReaderWrapper,5,0,28,26,221,47,0,0,0.25,1,0,/Users/surabhilone/Desktop/Thesis/SoftwareSystems/tika/tika-eval/tika-eval-app/src/main/java/org/apache/tika/eval/app/tools/SlowCompositeReaderWrapper.java,57
tika,org.apache.tika.eval.app,ProfilerBatchTest,6,1,8,7,135,19,0,0,0.0,0,6,/Users/surabhilone/Desktop/Thesis/SoftwareSystems/tika/tika-eval/tika-eval-app/src/test/java/org/apache/tika/eval/app/ProfilerBatchTest.java,46
tika,org.apache.tika.eval.app,AnalyzerManagerTest,0,0,3,3,52,8,0,0,-1.0,0,2,/Users/surabhilone/Desktop/Thesis/SoftwareSystems/tika/tika-eval/tika-eval-app/src/test/java/org/apache/tika/eval/app/AnalyzerManagerTest.java,35
tika,org.apache.tika.eval.app,MockDBWriter,2,1,6,6,37,10,0,1,0.6666666666666666,1,1,/Users/surabhilone/Desktop/Thesis/SoftwareSystems/tika/tika-eval/tika-eval-app/src/test/java/org/apache/tika/eval/app/MockDBWriter.java,31
tika,org.apache.tika.eval.app,ComparerBatchTest,4,1,9,3,89,17,0,0,0.2222222222222222,0,2,/Users/surabhilone/Desktop/Thesis/SoftwareSystems/tika/tika-eval/tika-eval-app/src/test/java/org/apache/tika/eval/app/ComparerBatchTest.java,46
tika,org.apache.tika.eval.app,TikaEvalCLITest,8,0,11,6,164,19,0,0,0.0,0,1,/Users/surabhilone/Desktop/Thesis/SoftwareSystems/tika/tika-eval/tika-eval-app/src/test/java/org/apache/tika/eval/app/TikaEvalCLITest.java,42
tika,org.apache.tika.eval.app,TikaEvalCLITest.CachingFileVisitor,1,0,0,0,19,0,0,0,-1.0,0,0,/Users/surabhilone/Desktop/Thesis/SoftwareSystems/tika/tika-eval/tika-eval-app/src/test/java/org/apache/tika/eval/app/TikaEvalCLITest.java,264
tika,org.apache.tika.eval.app,SimpleComparerTest,2,0,19,16,266,33,0,0,0.21052631578947367,0,11,/Users/surabhilone/Desktop/Thesis/SoftwareSystems/tika/tika-eval/tika-eval-app/src/test/java/org/apache/tika/eval/app/SimpleComparerTest.java,51
tika,org.apache.tika.eval.app,TikaEvalCLI,1,0,8,1,268,51,0,0,0.0,0,5,/Users/surabhilone/Desktop/Thesis/SoftwareSystems/tika/tika-eval/tika-eval-app/src/main/java/org/apache/tika/eval/app/TikaEvalCLI.java,36
tika,org.apache.tika.eval.app,ExtractProfiler,12,7,4,3,106,9,0,1,0.5,8,10,/Users/surabhilone/Desktop/Thesis/SoftwareSystems/tika/tika-eval/tika-eval-app/src/main/java/org/apache/tika/eval/app/ExtractProfiler.java,42
tika,org.apache.tika.eval.app,XMLErrorLogUpdater,3,0,2,2,125,2,0,0,0.0,1,8,/Users/surabhilone/Desktop/Thesis/SoftwareSystems/tika/tika-eval/tika-eval-app/src/main/java/org/apache/tika/eval/app/XMLErrorLogUpdater.java,47
tika,org.apache.tika.eval.app,XMLErrorLogUpdater.ErrorMsgUpdater,1,0,0,0,88,0,0,0,-1.0,0,3,/Users/surabhilone/Desktop/Thesis/SoftwareSystems/tika/tika-eval/tika-eval-app/src/main/java/org/apache/tika/eval/app/XMLErrorLogUpdater.java,87
tika,org.apache.tika.eval.app,EvalFilePaths,4,0,9,9,65,15,0,0,0.0,4,0,/Users/surabhilone/Desktop/Thesis/SoftwareSystems/tika/tika-eval/tika-eval-app/src/main/java/org/apache/tika/eval/app/EvalFilePaths.java,26
tika,org.apache.tika.eval.app,ExtractComparer,24,15,12,3,355,59,0,1,0.16666666666666666,6,15,/Users/surabhilone/Desktop/Thesis/SoftwareSystems/tika/tika-eval/tika-eval-app/src/main/java/org/apache/tika/eval/app/ExtractComparer.java,54
tika,org.apache.tika.eval.app,FileProfiler,9,3,5,3,88,6,0,1,0.6,2,9,/Users/surabhilone/Desktop/Thesis/SoftwareSystems/tika/tika-eval/tika-eval-app/src/main/java/org/apache/tika/eval/app/FileProfiler.java,47
tika,org.apache.tika.eval.app,AbstractProfiler,29,6,34,6,582,97,3,0,0.08823529411764706,8,21,/Users/surabhilone/Desktop/Thesis/SoftwareSystems/tika/tika-eval/tika-eval-app/src/main/java/org/apache/tika/eval/app/AbstractProfiler.java,80
tika,org.apache.tika.eval.app,AbstractProfiler.EXCEPTION_TYPE,0,0,0,0,1,0,0,0,-1.0,0,0,/Users/surabhilone/Desktop/Thesis/SoftwareSystems/tika/tika-eval/tika-eval-app/src/main/java/org/apache/tika/eval/app/AbstractProfiler.java,806
tika,org.apache.tika.eval.app,AbstractProfiler.PARSE_ERROR_TYPE,0,0,0,0,4,0,0,0,-1.0,0,0,/Users/surabhilone/Desktop/Thesis/SoftwareSystems/tika/tika-eval/tika-eval-app/src/main/java/org/apache/tika/eval/app/AbstractProfiler.java,810
tika,org.apache.tika.eval.app.io,ExtractReaderTest,2,0,3,3,38,3,0,0,0.0,0,3,/Users/surabhilone/Desktop/Thesis/SoftwareSystems/tika/tika-eval/tika-eval-app/src/test/java/org/apache/tika/eval/app/io/ExtractReaderTest.java,33
tika,org.apache.tika.eval.app.io,FatalExceptionReaderTest,0,0,1,1,7,1,0,0,-1.0,0,1,/Users/surabhilone/Desktop/Thesis/SoftwareSystems/tika/tika-eval/tika-eval-app/src/test/java/org/apache/tika/eval/app/io/FatalExceptionReaderTest.java,24
tika,org.apache.tika.eval.app.io,ExtractReaderException,1,0,3,3,18,3,0,0,0.0,7,0,/Users/surabhilone/Desktop/Thesis/SoftwareSystems/tika/tika-eval/tika-eval-app/src/main/java/org/apache/tika/eval/app/io/ExtractReaderException.java,21
tika,org.apache.tika.eval.app.io,ExtractReaderException.TYPE,0,0,0,0,1,0,0,0,-1.0,0,0,/Users/surabhilone/Desktop/Thesis/SoftwareSystems/tika/tika-eval/tika-eval-app/src/main/java/org/apache/tika/eval/app/io/ExtractReaderException.java,42
tika,org.apache.tika.eval.app.io,XMLLogMsgHandler,0,0,1,1,3,1,0,0,-1.0,1,0,/Users/surabhilone/Desktop/Thesis/SoftwareSystems/tika/tika-eval/tika-eval-app/src/main/java/org/apache/tika/eval/app/io/XMLLogMsgHandler.java,25
tika,org.apache.tika.eval.app.io,XMLLogReader,5,0,1,1,71,9,0,0,0.0,2,2,/Users/surabhilone/Desktop/Thesis/SoftwareSystems/tika/tika-eval/tika-eval-app/src/main/java/org/apache/tika/eval/app/io/XMLLogReader.java,37
tika,org.apache.tika.eval.app.io,XMLLogReader.LogXMLWrappingInputStream,4,0,0,0,30,0,0,0,-1.0,0,0,/Users/surabhilone/Desktop/Thesis/SoftwareSystems/tika/tika-eval/tika-eval-app/src/main/java/org/apache/tika/eval/app/io/XMLLogReader.java,81
tika,org.apache.tika.eval.app.io,ExtractReader,9,1,6,4,167,30,0,0,0.0,5,6,/Users/surabhilone/Desktop/Thesis/SoftwareSystems/tika/tika-eval/tika-eval-app/src/main/java/org/apache/tika/eval/app/io/ExtractReader.java,49
tika,org.apache.tika.eval.app.io,ExtractReader.ALTER_METADATA_LIST,0,0,0,0,1,0,0,0,-1.0,0,0,/Users/surabhilone/Desktop/Thesis/SoftwareSystems/tika/tika-eval/tika-eval-app/src/main/java/org/apache/tika/eval/app/io/ExtractReader.java,218
tika,org.apache.tika.eval.app.io,ExtractReader.FileSuffixes,3,0,0,0,21,0,0,0,-1.0,0,0,/Users/surabhilone/Desktop/Thesis/SoftwareSystems/tika/tika-eval/tika-eval-app/src/main/java/org/apache/tika/eval/app/io/ExtractReader.java,224
tika,org.apache.tika.eval.app.io,ExtractReader.FORMAT,0,0,0,0,1,0,0,0,-1.0,0,0,/Users/surabhilone/Desktop/Thesis/SoftwareSystems/tika/tika-eval/tika-eval-app/src/main/java/org/apache/tika/eval/app/io/ExtractReader.java,243
tika,org.apache.tika.eval.app.io,DBWriter,11,0,5,4,100,13,0,1,0.0,0,3,/Users/surabhilone/Desktop/Thesis/SoftwareSystems/tika/tika-eval/tika-eval-app/src/main/java/org/apache/tika/eval/app/io/DBWriter.java,37
tika,org.apache.tika.eval.app.io,DBWriter.LastInsert,2,0,0,0,4,0,0,0,-1.0,0,0,/Users/surabhilone/Desktop/Thesis/SoftwareSystems/tika/tika-eval/tika-eval-app/src/main/java/org/apache/tika/eval/app/io/DBWriter.java,158
tika,org.apache.tika.eval.app.io,IDBWriter,0,0,3,3,5,3,2,0,-1.0,5,1,/Users/surabhilone/Desktop/Thesis/SoftwareSystems/tika/tika-eval/tika-eval-app/src/main/java/org/apache/tika/eval/app/io/IDBWriter.java,26
tika,org.apache.tika.eval.app.db,AbstractBufferTest,6,0,1,1,91,6,0,0,0.0,0,1,/Users/surabhilone/Desktop/Thesis/SoftwareSystems/tika/tika-eval/tika-eval-app/src/test/java/org/apache/tika/eval/app/db/AbstractBufferTest.java,42
tika,org.apache.tika.eval.app.db,AbstractBufferTest.Tester,5,0,0,0,35,0,0,0,-1.0,0,1,/Users/surabhilone/Desktop/Thesis/SoftwareSystems/tika/tika-eval/tika-eval-app/src/test/java/org/apache/tika/eval/app/db/AbstractBufferTest.java,88
tika,org.apache.tika.eval.app.db,AbstractBufferTest.MyTestResult,1,0,0,0,12,0,0,0,-1.0,0,0,/Users/surabhilone/Desktop/Thesis/SoftwareSystems/tika/tika-eval/tika-eval-app/src/test/java/org/apache/tika/eval/app/db/AbstractBufferTest.java,134
tika,org.apache.tika.eval.app.db,AbstractBufferTest.TestBuffer,0,0,0,0,12,0,0,1,-1.0,0,0,/Users/surabhilone/Desktop/Thesis/SoftwareSystems/tika/tika-eval/tika-eval-app/src/test/java/org/apache/tika/eval/app/db/AbstractBufferTest.java,151
tika,org.apache.tika.eval.app.db,DBBuffer,1,0,3,3,20,3,0,1,0.0,0,0,/Users/surabhilone/Desktop/Thesis/SoftwareSystems/tika/tika-eval/tika-eval-app/src/main/java/org/apache/tika/eval/app/db/DBBuffer.java,24
tika,org.apache.tika.eval.app.db,AbstractDBBuffer,5,0,4,4,42,6,3,0,0.5,2,0,/Users/surabhilone/Desktop/Thesis/SoftwareSystems/tika/tika-eval/tika-eval-app/src/main/java/org/apache/tika/eval/app/db/AbstractDBBuffer.java,26
tika,org.apache.tika.eval.app.db,H2Util,2,0,7,6,48,9,0,1,0.5714285714285714,5,0,/Users/surabhilone/Desktop/Thesis/SoftwareSystems/tika/tika-eval/tika-eval-app/src/main/java/org/apache/tika/eval/app/db/H2Util.java,31
tika,org.apache.tika.eval.app.db,TableInfo,4,0,6,6,39,9,0,0,0.0,18,2,/Users/surabhilone/Desktop/Thesis/SoftwareSystems/tika/tika-eval/tika-eval-app/src/main/java/org/apache/tika/eval/app/db/TableInfo.java,26
tika,org.apache.tika.eval.app.db,ColInfo,4,0,11,11,83,24,0,0,0.0,2,1,/Users/surabhilone/Desktop/Thesis/SoftwareSystems/tika/tika-eval/tika-eval-app/src/main/java/org/apache/tika/eval/app/db/ColInfo.java,23
tika,org.apache.tika.eval.app.db,JDBCUtil,4,0,12,10,197,41,1,0,0.16666666666666666,6,2,/Users/surabhilone/Desktop/Thesis/SoftwareSystems/tika/tika-eval/tika-eval-app/src/main/java/org/apache/tika/eval/app/db/JDBCUtil.java,42
tika,org.apache.tika.eval.app.db,JDBCUtil.CREATE_TABLE,0,0,0,0,1,0,0,0,-1.0,0,0,/Users/surabhilone/Desktop/Thesis/SoftwareSystems/tika/tika-eval/tika-eval-app/src/main/java/org/apache/tika/eval/app/db/JDBCUtil.java,278
tika,org.apache.tika.eval.app.db,Cols,0,0,0,0,1,0,0,0,-1.0,13,0,/Users/surabhilone/Desktop/Thesis/SoftwareSystems/tika/tika-eval/tika-eval-app/src/main/java/org/apache/tika/eval/app/db/Cols.java,19
tika,org.apache.tika.eval.app.db,MimeBuffer,12,0,3,3,91,4,0,1,0.0,4,3,/Users/surabhilone/Desktop/Thesis/SoftwareSystems/tika/tika-eval/tika-eval-app/src/main/java/org/apache/tika/eval/app/db/MimeBuffer.java,31
tika,org.apache.tika.eval.app.db,MimeBuffer.MimeUtil,9,0,0,0,54,0,0,0,-1.0,0,0,/Users/surabhilone/Desktop/Thesis/SoftwareSystems/tika/tika-eval/tika-eval-app/src/main/java/org/apache/tika/eval/app/db/MimeBuffer.java,74
tika,org.apache.tika.eval.app.reports,ResultsReporterTest,4,0,2,2,24,2,0,0,0.0,0,2,/Users/surabhilone/Desktop/Thesis/SoftwareSystems/tika/tika-eval/tika-eval-app/src/test/java/org/apache/tika/eval/app/reports/ResultsReporterTest.java,31
tika,org.apache.tika.eval.app.reports,XLSXNumFormatter,2,0,3,2,20,4,0,1,0.0,2,0,/Users/surabhilone/Desktop/Thesis/SoftwareSystems/tika/tika-eval/tika-eval-app/src/main/java/org/apache/tika/eval/app/reports/XLSXNumFormatter.java,26
tika,org.apache.tika.eval.app.reports,ResultsReporter,5,0,11,4,242,48,0,0,0.0,2,9,/Users/surabhilone/Desktop/Thesis/SoftwareSystems/tika/tika-eval/tika-eval-app/src/main/java/org/apache/tika/eval/app/reports/ResultsReporter.java,56
tika,org.apache.tika.eval.app.reports,XLSXHREFFormatter,6,0,3,3,36,4,0,1,0.0,1,0,/Users/surabhilone/Desktop/Thesis/SoftwareSystems/tika/tika-eval/tika-eval-app/src/main/java/org/apache/tika/eval/app/reports/XLSXHREFFormatter.java,32
tika,org.apache.tika.eval.app.reports,XSLXCellFormatter,0,0,2,2,4,2,2,0,-1.0,2,0,/Users/surabhilone/Desktop/Thesis/SoftwareSystems/tika/tika-eval/tika-eval-app/src/main/java/org/apache/tika/eval/app/reports/XSLXCellFormatter.java,26
tika,org.apache.tika.eval.app.reports,Report,10,0,5,1,124,30,0,0,0.0,1,2,/Users/surabhilone/Desktop/Thesis/SoftwareSystems/tika/tika-eval/tika-eval-app/src/main/java/org/apache/tika/eval/app/reports/Report.java,43
tika,org.apache.tika.eval.app.batch,ExtractProfilerBuilder,3,1,7,2,63,14,0,1,0.42857142857142855,0,5,/Users/surabhilone/Desktop/Thesis/SoftwareSystems/tika/tika-eval/tika-eval-app/src/main/java/org/apache/tika/eval/app/batch/ExtractProfilerBuilder.java,35
tika,org.apache.tika.eval.app.batch,ExtractComparerBuilder,6,2,7,2,100,18,0,1,0.42857142857142855,0,5,/Users/surabhilone/Desktop/Thesis/SoftwareSystems/tika/tika-eval/tika-eval-app/src/main/java/org/apache/tika/eval/app/batch/ExtractComparerBuilder.java,34
tika,org.apache.tika.eval.app.batch,DBConsumersManager,5,0,3,3,59,6,0,0,0.0,5,4,/Users/surabhilone/Desktop/Thesis/SoftwareSystems/tika/tika-eval/tika-eval-app/src/main/java/org/apache/tika/eval/app/batch/DBConsumersManager.java,35
tika,org.apache.tika.eval.app.batch,DBConsumersManager.LogTablePair,2,0,0,0,4,0,0,0,-1.0,0,1,/Users/surabhilone/Desktop/Thesis/SoftwareSystems/tika/tika-eval/tika-eval-app/src/main/java/org/apache/tika/eval/app/batch/DBConsumersManager.java,98
tika,org.apache.tika.eval.app.batch,FileProfilerBuilder,2,1,7,2,41,11,0,1,0.5714285714285714,0,5,/Users/surabhilone/Desktop/Thesis/SoftwareSystems/tika/tika-eval/tika-eval-app/src/main/java/org/apache/tika/eval/app/batch/FileProfilerBuilder.java,34
tika,org.apache.tika.eval.app.batch,EvalConsumerBuilder,6,0,12,3,123,26,3,0,0.25,1,11,/Users/surabhilone/Desktop/Thesis/SoftwareSystems/tika/tika-eval/tika-eval-app/src/main/java/org/apache/tika/eval/app/batch/EvalConsumerBuilder.java,46
tika,org.apache.tika.eval.app.batch,EvalConsumersBuilder,0,0,3,1,73,10,0,0,-1.0,0,10,/Users/surabhilone/Desktop/Thesis/SoftwareSystems/tika/tika-eval/tika-eval-app/src/main/java/org/apache/tika/eval/app/batch/EvalConsumersBuilder.java,44
tika,org.apache.tika.eval.core.util,MimeUtilTest,1,0,3,1,26,3,0,0,0.0,0,4,/Users/surabhilone/Desktop/Thesis/SoftwareSystems/tika/tika-eval/tika-eval-core/src/test/java/org/apache/tika/eval/core/util/MimeUtilTest.java,31
tika,org.apache.tika.eval.core.util,LanguageIdTest,0,0,1,1,11,2,0,0,-1.0,0,1,/Users/surabhilone/Desktop/Thesis/SoftwareSystems/tika/tika-eval/tika-eval-core/src/test/java/org/apache/tika/eval/core/util/LanguageIdTest.java,29
tika,org.apache.tika.eval.core.util,EvalExceptionUtils,1,0,1,1,12,2,0,0,0.0,1,2,/Users/surabhilone/Desktop/Thesis/SoftwareSystems/tika/tika-eval/tika-eval-core/src/main/java/org/apache/tika/eval/core/util/EvalExceptionUtils.java,26
tika,org.apache.tika.eval.core.util,ContentTags,4,1,9,7,35,9,0,0,0.2222222222222222,5,0,/Users/surabhilone/Desktop/Thesis/SoftwareSystems/tika/tika-eval/tika-eval-core/src/main/java/org/apache/tika/eval/core/util/ContentTags.java,22
tika,org.apache.tika.eval.core.util,ContentTagParser,6,0,2,2,123,2,0,0,0.0,1,3,/Users/surabhilone/Desktop/Thesis/SoftwareSystems/tika/tika-eval/tika-eval-core/src/main/java/org/apache/tika/eval/core/util/ContentTagParser.java,46
tika,org.apache.tika.eval.core.util,ContentTagParser.TikaNodeFilter,2,0,0,0,76,0,0,0,-1.0,0,0,/Users/surabhilone/Desktop/Thesis/SoftwareSystems/tika/tika-eval/tika-eval-core/src/main/java/org/apache/tika/eval/core/util/ContentTagParser.java,71
tika,org.apache.tika.eval.core.util,ContentTagParser.RuntimeSAXException,1,0,0,0,9,0,0,0,-1.0,0,0,/Users/surabhilone/Desktop/Thesis/SoftwareSystems/tika/tika-eval/tika-eval-core/src/main/java/org/apache/tika/eval/core/util/ContentTagParser.java,154
tika,org.apache.tika.eval.core.util,ContentTagParser.XHTMLContentTagHandler,2,0,0,0,22,0,0,1,-1.0,0,0,/Users/surabhilone/Desktop/Thesis/SoftwareSystems/tika/tika-eval/tika-eval-core/src/main/java/org/apache/tika/eval/core/util/ContentTagParser.java,166
tika,org.apache.tika.eval.core.langid,LangIdTest,0,0,1,1,24,6,0,0,-1.0,0,2,/Users/surabhilone/Desktop/Thesis/SoftwareSystems/tika/tika-eval/tika-eval-core/src/test/java/org/apache/tika/eval/core/langid/LangIdTest.java,34
tika,org.apache.tika.eval.core.langid,LanguageIDWrapper,1,0,4,4,17,4,0,2,0.75,4,1,/Users/surabhilone/Desktop/Thesis/SoftwareSystems/tika/tika-eval/tika-eval-core/src/main/java/org/apache/tika/eval/core/langid/LanguageIDWrapper.java,25
tika,org.apache.tika.eval.core.textstats,TextStatsTest,0,0,2,2,54,2,0,0,-1.0,0,3,/Users/surabhilone/Desktop/Thesis/SoftwareSystems/tika/tika-eval/tika-eval-core/src/test/java/org/apache/tika/eval/core/textstats/TextStatsTest.java,34
tika,org.apache.tika.eval.core.textstats,CommonTokensKLDivergence,1,0,2,2,23,5,0,2,0.0,0,3,/Users/surabhilone/Desktop/Thesis/SoftwareSystems/tika/tika-eval/tika-eval-core/src/main/java/org/apache/tika/eval/core/textstats/CommonTokensKLDivergence.java,31
tika,org.apache.tika.eval.core.textstats,CommonTokensHellinger,1,0,2,2,23,5,0,2,0.0,0,3,/Users/surabhilone/Desktop/Thesis/SoftwareSystems/tika/tika-eval/tika-eval-core/src/main/java/org/apache/tika/eval/core/textstats/CommonTokensHellinger.java,31
tika,org.apache.tika.eval.core.textstats,TextStatsCalculator,0,0,0,0,5,0,4,0,-1.0,0,0,/Users/surabhilone/Desktop/Thesis/SoftwareSystems/tika/tika-eval/tika-eval-core/src/main/java/org/apache/tika/eval/core/textstats/TextStatsCalculator.java,19
tika,org.apache.tika.eval.core.textstats,CommonTokensBhattacharyya,1,0,2,2,23,5,0,2,0.0,0,3,/Users/surabhilone/Desktop/Thesis/SoftwareSystems/tika/tika-eval/tika-eval-core/src/main/java/org/apache/tika/eval/core/textstats/CommonTokensBhattacharyya.java,31
tika,org.apache.tika.eval.core.textstats,TokenCountPriorityQueue,0,0,3,2,24,6,0,0,-1.0,2,1,/Users/surabhilone/Desktop/Thesis/SoftwareSystems/tika/tika-eval/tika-eval-core/src/main/java/org/apache/tika/eval/core/textstats/TokenCountPriorityQueue.java,23
tika,org.apache.tika.eval.core.textstats,TokenCountStatsCalculator,0,0,1,0,7,1,5,1,-1.0,0,1,/Users/surabhilone/Desktop/Thesis/SoftwareSystems/tika/tika-eval/tika-eval-core/src/main/java/org/apache/tika/eval/core/textstats/TokenCountStatsCalculator.java,21
tika,org.apache.tika.eval.core.textstats,UnicodeBlockCounter,2,0,2,2,40,7,0,2,0.0,0,0,/Users/surabhilone/Desktop/Thesis/SoftwareSystems/tika/tika-eval/tika-eval-core/src/main/java/org/apache/tika/eval/core/textstats/UnicodeBlockCounter.java,30
tika,org.apache.tika.eval.core.textstats,TokenEntropy,0,0,1,1,14,2,0,2,-1.0,0,1,/Users/surabhilone/Desktop/Thesis/SoftwareSystems/tika/tika-eval/tika-eval-core/src/main/java/org/apache/tika/eval/core/textstats/TokenEntropy.java,24
tika,org.apache.tika.eval.core.textstats,TextSha256Signature,2,0,1,1,21,1,0,2,0.0,0,0,/Users/surabhilone/Desktop/Thesis/SoftwareSystems/tika/tika-eval/tika-eval-core/src/main/java/org/apache/tika/eval/core/textstats/TextSha256Signature.java,24
tika,org.apache.tika.eval.core.textstats,TextSha256Signature.TextSha256Instance,1,0,0,0,12,0,0,0,-1.0,0,0,/Users/surabhilone/Desktop/Thesis/SoftwareSystems/tika/tika-eval/tika-eval-core/src/main/java/org/apache/tika/eval/core/textstats/TextSha256Signature.java,36
tika,org.apache.tika.eval.core.textstats,CommonTokens,1,0,3,3,31,6,0,2,0.6666666666666666,0,4,/Users/surabhilone/Desktop/Thesis/SoftwareSystems/tika/tika-eval/tika-eval-core/src/main/java/org/apache/tika/eval/core/textstats/CommonTokens.java,33
tika,org.apache.tika.eval.core.textstats,CompositeTextStatsCalculator,9,0,4,3,119,24,0,0,0.5,5,4,/Users/surabhilone/Desktop/Thesis/SoftwareSystems/tika/tika-eval/tika-eval-core/src/main/java/org/apache/tika/eval/core/textstats/CompositeTextStatsCalculator.java,37
tika,org.apache.tika.eval.core.textstats,TextProfileSignature,6,2,3,3,82,13,0,2,0.0,1,1,/Users/surabhilone/Desktop/Thesis/SoftwareSystems/tika/tika-eval/tika-eval-core/src/main/java/org/apache/tika/eval/core/textstats/TextProfileSignature.java,30
tika,org.apache.tika.eval.core.textstats,TextProfileSignature.Token,2,2,0,0,11,0,0,0,-1.0,0,0,/Users/surabhilone/Desktop/Thesis/SoftwareSystems/tika/tika-eval/tika-eval-core/src/main/java/org/apache/tika/eval/core/textstats/TextProfileSignature.java,104
tika,org.apache.tika.eval.core.textstats,TextProfileSignature.TokenComparator,0,0,0,0,12,0,0,0,-1.0,0,0,/Users/surabhilone/Desktop/Thesis/SoftwareSystems/tika/tika-eval/tika-eval-core/src/main/java/org/apache/tika/eval/core/textstats/TextProfileSignature.java,118
tika,org.apache.tika.eval.core.textstats,CommonTokensCosine,1,0,3,2,34,7,0,2,0.0,0,3,/Users/surabhilone/Desktop/Thesis/SoftwareSystems/tika/tika-eval/tika-eval-core/src/main/java/org/apache/tika/eval/core/textstats/CommonTokensCosine.java,32
tika,org.apache.tika.eval.core.textstats,BasicTokenCountStatsCalculator,0,0,1,1,5,1,0,2,-1.0,0,1,/Users/surabhilone/Desktop/Thesis/SoftwareSystems/tika/tika-eval/tika-eval-core/src/main/java/org/apache/tika/eval/core/textstats/BasicTokenCountStatsCalculator.java,22
tika,org.apache.tika.eval.core.textstats,BytesRefCalculator,0,0,1,1,12,1,1,1,-1.0,1,0,/Users/surabhilone/Desktop/Thesis/SoftwareSystems/tika/tika-eval/tika-eval-core/src/main/java/org/apache/tika/eval/core/textstats/BytesRefCalculator.java,19
tika,org.apache.tika.eval.core.textstats,BytesRefCalculator.BytesRefCalcInstance,0,0,0,0,5,0,0,0,-1.0,0,0,/Users/surabhilone/Desktop/Thesis/SoftwareSystems/tika/tika-eval/tika-eval-core/src/main/java/org/apache/tika/eval/core/textstats/BytesRefCalculator.java,28
tika,org.apache.tika.eval.core.textstats,TopNTokens,1,0,2,2,18,4,0,2,0.0,0,2,/Users/surabhilone/Desktop/Thesis/SoftwareSystems/tika/tika-eval/tika-eval-core/src/main/java/org/apache/tika/eval/core/textstats/TopNTokens.java,27
tika,org.apache.tika.eval.core.textstats,StringStatsCalculator,0,0,1,0,7,1,3,1,-1.0,0,0,/Users/surabhilone/Desktop/Thesis/SoftwareSystems/tika/tika-eval/tika-eval-core/src/main/java/org/apache/tika/eval/core/textstats/StringStatsCalculator.java,19
tika,org.apache.tika.eval.core.textstats,CommonTokensKLDNormed,1,0,2,2,28,6,0,2,0.0,0,3,/Users/surabhilone/Desktop/Thesis/SoftwareSystems/tika/tika-eval/tika-eval-core/src/main/java/org/apache/tika/eval/core/textstats/CommonTokensKLDNormed.java,31
tika,org.apache.tika.eval.core.textstats,ContentLengthCalculator,0,0,1,1,5,1,0,2,-1.0,0,0,/Users/surabhilone/Desktop/Thesis/SoftwareSystems/tika/tika-eval/tika-eval-core/src/main/java/org/apache/tika/eval/core/textstats/ContentLengthCalculator.java,19
tika,org.apache.tika.eval.core.textstats,TokenLengths,0,0,1,1,13,3,0,2,-1.0,0,1,/Users/surabhilone/Desktop/Thesis/SoftwareSystems/tika/tika-eval/tika-eval-core/src/main/java/org/apache/tika/eval/core/textstats/TokenLengths.java,26
tika,org.apache.tika.eval.core.textstats,LanguageAwareTokenCountStats,0,0,1,0,7,1,6,1,-1.0,0,1,/Users/surabhilone/Desktop/Thesis/SoftwareSystems/tika/tika-eval/tika-eval-core/src/main/java/org/apache/tika/eval/core/textstats/LanguageAwareTokenCountStats.java,24
tika,org.apache.tika.eval.core.tokens,LuceneTokenCounter,6,0,7,6,77,14,0,0,0.0,1,2,/Users/surabhilone/Desktop/Thesis/SoftwareSystems/tika/tika-eval/tika-eval-core/src/test/java/org/apache/tika/eval/core/tokens/LuceneTokenCounter.java,33
tika,org.apache.tika.eval.core.tokens,TokenCounterTest,3,0,6,5,73,9,0,0,0.0,0,4,/Users/surabhilone/Desktop/Thesis/SoftwareSystems/tika/tika-eval/tika-eval-core/src/test/java/org/apache/tika/eval/core/tokens/TokenCounterTest.java,34
tika,org.apache.tika.eval.core.tokens,URLEmailNormalizingFilterFactory,7,3,3,3,43,3,0,0,1.0,1,0,/Users/surabhilone/Desktop/Thesis/SoftwareSystems/tika/tika-eval/tika-eval-core/src/main/java/org/apache/tika/eval/core/tokens/URLEmailNormalizingFilterFactory.java,29
tika,org.apache.tika.eval.core.tokens,URLEmailNormalizingFilterFactory.URLEmailFilter,2,0,0,0,24,0,0,0,-1.0,0,0,/Users/surabhilone/Desktop/Thesis/SoftwareSystems/tika/tika-eval/tika-eval-core/src/main/java/org/apache/tika/eval/core/tokens/URLEmailNormalizingFilterFactory.java,57
tika,org.apache.tika.eval.core.tokens,ContrastStatistics,6,0,12,6,44,12,0,0,0.5,3,0,/Users/surabhilone/Desktop/Thesis/SoftwareSystems/tika/tika-eval/tika-eval-core/src/main/java/org/apache/tika/eval/core/tokens/ContrastStatistics.java,19
tika,org.apache.tika.eval.core.tokens,TokenCountPriorityQueue,0,0,3,1,24,6,0,0,-1.0,2,1,/Users/surabhilone/Desktop/Thesis/SoftwareSystems/tika/tika-eval/tika-eval-core/src/main/java/org/apache/tika/eval/core/tokens/TokenCountPriorityQueue.java,21
tika,org.apache.tika.eval.core.tokens,AnalyzerDeserializer,7,0,6,2,125,31,0,0,0.0,1,0,/Users/surabhilone/Desktop/Thesis/SoftwareSystems/tika/tika-eval/tika-eval-core/src/main/java/org/apache/tika/eval/core/tokens/AnalyzerDeserializer.java,32
tika,org.apache.tika.eval.core.tokens,CommonTokenResult,5,0,7,7,47,7,0,0,0.0,6,0,/Users/surabhilone/Desktop/Thesis/SoftwareSystems/tika/tika-eval/tika-eval-core/src/main/java/org/apache/tika/eval/core/tokens/CommonTokenResult.java,20
tika,org.apache.tika.eval.core.tokens,TokenStatistics,5,0,11,9,96,25,0,0,0.0,3,0,/Users/surabhilone/Desktop/Thesis/SoftwareSystems/tika/tika-eval/tika-eval-core/src/main/java/org/apache/tika/eval/core/tokens/TokenStatistics.java,24
tika,org.apache.tika.eval.core.tokens,TokenCounts,2,0,4,4,24,5,0,0,0.0,19,0,/Users/surabhilone/Desktop/Thesis/SoftwareSystems/tika/tika-eval/tika-eval-core/src/main/java/org/apache/tika/eval/core/tokens/TokenCounts.java,24
tika,org.apache.tika.eval.core.tokens,AlphaIdeographFilterFactory,4,1,4,4,51,9,0,0,1.0,2,0,/Users/surabhilone/Desktop/Thesis/SoftwareSystems/tika/tika-eval/tika-eval-core/src/main/java/org/apache/tika/eval/core/tokens/AlphaIdeographFilterFactory.java,29
tika,org.apache.tika.eval.core.tokens,AlphaIdeographFilterFactory.AlphaFilter,2,0,0,0,17,0,0,0,-1.0,0,0,/Users/surabhilone/Desktop/Thesis/SoftwareSystems/tika/tika-eval/tika-eval-core/src/main/java/org/apache/tika/eval/core/tokens/AlphaIdeographFilterFactory.java,71
tika,org.apache.tika.eval.core.tokens,TokenIntPair,2,0,7,7,49,12,0,0,0.0,2,0,/Users/surabhilone/Desktop/Thesis/SoftwareSystems/tika/tika-eval/tika-eval-core/src/main/java/org/apache/tika/eval/core/tokens/TokenIntPair.java,20
tika,org.apache.tika.eval.core.tokens,LangModel,5,1,8,8,46,10,0,0,0.0,6,0,/Users/surabhilone/Desktop/Thesis/SoftwareSystems/tika/tika-eval/tika-eval-core/src/main/java/org/apache/tika/eval/core/tokens/LangModel.java,23
tika,org.apache.tika.eval.core.tokens,AnalyzerManager,5,0,4,3,46,6,0,0,0.5,5,1,/Users/surabhilone/Desktop/Thesis/SoftwareSystems/tika/tika-eval/tika-eval-core/src/main/java/org/apache/tika/eval/core/tokens/AnalyzerManager.java,28
tika,org.apache.tika.eval.core.tokens,CJKBigramAwareLengthFilterFactory,5,1,3,3,36,3,0,0,0.6666666666666666,0,0,/Users/surabhilone/Desktop/Thesis/SoftwareSystems/tika/tika-eval/tika-eval-core/src/main/java/org/apache/tika/eval/core/tokens/CJKBigramAwareLengthFilterFactory.java,29
tika,org.apache.tika.eval.core.tokens,CJKBigramAwareLengthFilterFactory.CJKAwareLengthFilter,2,0,0,0,16,0,0,0,-1.0,0,0,/Users/surabhilone/Desktop/Thesis/SoftwareSystems/tika/tika-eval/tika-eval-core/src/main/java/org/apache/tika/eval/core/tokens/CJKBigramAwareLengthFilterFactory.java,59
tika,org.apache.tika.eval.core.tokens,CommonTokenCountManager,8,0,8,6,125,25,0,0,0.25,9,1,/Users/surabhilone/Desktop/Thesis/SoftwareSystems/tika/tika-eval/tika-eval-core/src/main/java/org/apache/tika/eval/core/tokens/CommonTokenCountManager.java,40
tika,org.apache.tika.eval.core.tokens,TokenCounter,5,0,7,6,84,16,0,0,0.0,1,2,/Users/surabhilone/Desktop/Thesis/SoftwareSystems/tika/tika-eval/tika-eval-core/src/main/java/org/apache/tika/eval/core/tokens/TokenCounter.java,37
tika,org.apache.tika.eval.core.tokens,TokenContraster,14,0,6,1,120,16,0,0,0.0,2,3,/Users/surabhilone/Desktop/Thesis/SoftwareSystems/tika/tika-eval/tika-eval-core/src/main/java/org/apache/tika/eval/core/tokens/TokenContraster.java,24
tika,org.apache.tika.eval.core.tokens,TokenContraster.TokenCountDiffQueue,0,0,0,0,24,0,0,0,-1.0,0,0,/Users/surabhilone/Desktop/Thesis/SoftwareSystems/tika/tika-eval/tika-eval-core/src/main/java/org/apache/tika/eval/core/tokens/TokenContraster.java,139
tika,org.apache.tika.eval.core.tokens,TokenContraster.TokenCountDiff,3,0,0,0,10,0,0,0,-1.0,0,0,/Users/surabhilone/Desktop/Thesis/SoftwareSystems/tika/tika-eval/tika-eval-core/src/main/java/org/apache/tika/eval/core/tokens/TokenContraster.java,168
tika,org.apache.tika.eval.core.metadata,TikaEvalMetadataFilterTest,0,0,1,1,19,2,0,0,-1.0,0,3,/Users/surabhilone/Desktop/Thesis/SoftwareSystems/tika/tika-eval/tika-eval-core/src/test/java/org/apache/tika/eval/core/metadata/TikaEvalMetadataFilterTest.java,28
tika,org.apache.tika.eval.core.metadata,TikaEvalMetadataFilter,10,9,2,1,46,5,0,1,0.0,3,7,/Users/surabhilone/Desktop/Thesis/SoftwareSystems/tika/tika-eval/tika-eval-core/src/main/java/org/apache/tika/eval/core/metadata/TikaEvalMetadataFilter.java,39
tika,org.apache.tika.filetypedetector,TikaFileTypeDetectorTest,5,1,5,5,46,7,0,0,0.4,0,1,/Users/surabhilone/Desktop/Thesis/SoftwareSystems/tika/tika-java7/src/test/java/org/apache/tika/filetypedetector/TikaFileTypeDetectorTest.java,34
tika,org.apache.tika.filetypedetector,TikaFileTypeDetector,1,0,2,2,17,4,0,0,1.0,1,2,/Users/surabhilone/Desktop/Thesis/SoftwareSystems/tika/tika-java7/src/main/java/org/apache/tika/filetypedetector/TikaFileTypeDetector.java,26
tika,org.apache.tika.sax.boilerpipe,BoilerpipeContentHandler,16,0,12,12,227,37,0,0,0.16666666666666666,1,1,/Users/surabhilone/Desktop/Thesis/SoftwareSystems/tika/tika-handlers/tika-handler-boilerpipe/src/main/java/org/apache/tika/sax/boilerpipe/BoilerpipeContentHandler.java,43
tika,org.apache.tika.sax.boilerpipe,BoilerpipeContentHandler.RecordedElement,6,0,0,0,47,0,0,0,-1.0,0,0,/Users/surabhilone/Desktop/Thesis/SoftwareSystems/tika/tika-handlers/tika-handler-boilerpipe/src/main/java/org/apache/tika/sax/boilerpipe/BoilerpipeContentHandler.java,298
tika,org.apache.tika.sax.boilerpipe,BoilerpipeContentHandler.ElementType,0,0,0,0,1,0,0,0,-1.0,0,0,/Users/surabhilone/Desktop/Thesis/SoftwareSystems/tika/tika-handlers/tika-handler-boilerpipe/src/main/java/org/apache/tika/sax/boilerpipe/BoilerpipeContentHandler.java,357
tika,org.apache.tika.fuzzing,TestTransformer,0,0,1,1,14,3,0,0,-1.0,0,1,/Users/surabhilone/Desktop/Thesis/SoftwareSystems/tika/tika-fuzzing/src/test/java/org/apache/tika/fuzzing/TestTransformer.java,31
tika,org.apache.tika.fuzzing,TestFuzzingCLI,0,0,2,2,19,2,0,0,-1.0,0,2,/Users/surabhilone/Desktop/Thesis/SoftwareSystems/tika/tika-fuzzing/src/test/java/org/apache/tika/fuzzing/TestFuzzingCLI.java,30
tika,org.apache.tika.fuzzing,AutoDetectTransformer,6,0,5,4,43,10,0,1,0.4,1,9,/Users/surabhilone/Desktop/Thesis/SoftwareSystems/tika/tika-fuzzing/src/main/java/org/apache/tika/fuzzing/AutoDetectTransformer.java,37
tika,org.apache.tika.fuzzing,Transformer,0,0,2,0,9,2,1,0,-1.0,7,1,/Users/surabhilone/Desktop/Thesis/SoftwareSystems/tika/tika-fuzzing/src/main/java/org/apache/tika/fuzzing/Transformer.java,27
tika,org.apache.tika.fuzzing.general,ByteInjector,4,0,3,2,38,7,0,0,0.6666666666666666,0,1,/Users/surabhilone/Desktop/Thesis/SoftwareSystems/tika/tika-fuzzing/src/main/java/org/apache/tika/fuzzing/general/ByteInjector.java,32
tika,org.apache.tika.fuzzing.general,SpanSwapper,4,0,3,2,38,5,0,0,0.6666666666666666,0,1,/Users/surabhilone/Desktop/Thesis/SoftwareSystems/tika/tika-fuzzing/src/main/java/org/apache/tika/fuzzing/general/SpanSwapper.java,31
tika,org.apache.tika.fuzzing.general,GeneralTransformer,5,0,5,5,48,10,0,0,0.4,1,2,/Users/surabhilone/Desktop/Thesis/SoftwareSystems/tika/tika-fuzzing/src/main/java/org/apache/tika/fuzzing/general/GeneralTransformer.java,37
tika,org.apache.tika.fuzzing.general,ByteFlipper,3,0,3,3,28,6,0,0,0.6666666666666666,0,1,/Users/surabhilone/Desktop/Thesis/SoftwareSystems/tika/tika-fuzzing/src/main/java/org/apache/tika/fuzzing/general/ByteFlipper.java,31
tika,org.apache.tika.fuzzing.general,Truncator,2,0,2,2,23,5,0,0,1.0,0,1,/Users/surabhilone/Desktop/Thesis/SoftwareSystems/tika/tika-fuzzing/src/main/java/org/apache/tika/fuzzing/general/Truncator.java,31
tika,org.apache.tika.fuzzing.general,ByteDeleter,3,0,2,2,19,4,0,0,1.0,0,1,/Users/surabhilone/Desktop/Thesis/SoftwareSystems/tika/tika-fuzzing/src/main/java/org/apache/tika/fuzzing/general/ByteDeleter.java,29
tika,org.apache.tika.fuzzing.pdf,EvilCOSWriter,52,19,56,24,1106,172,0,0,0.03571428571428571,1,5,/Users/surabhilone/Desktop/Thesis/SoftwareSystems/tika/tika-fuzzing/src/main/java/org/apache/tika/fuzzing/pdf/EvilCOSWriter.java,95
tika,org.apache.tika.fuzzing.pdf,PDFTransformerConfig,9,0,15,15,115,21,0,0,0.4,2,1,/Users/surabhilone/Desktop/Thesis/SoftwareSystems/tika/tika-fuzzing/src/main/java/org/apache/tika/fuzzing/pdf/PDFTransformerConfig.java,37
tika,org.apache.tika.fuzzing.pdf,PDFTransformer,2,0,3,3,21,3,0,0,0.6666666666666666,0,3,/Users/surabhilone/Desktop/Thesis/SoftwareSystems/tika/tika-fuzzing/src/main/java/org/apache/tika/fuzzing/pdf/PDFTransformer.java,35
tika,org.apache.tika.fuzzing.cli,FuzzOne,11,0,6,1,162,8,0,0,0.0,0,5,/Users/surabhilone/Desktop/Thesis/SoftwareSystems/tika/tika-fuzzing/src/main/java/org/apache/tika/fuzzing/cli/FuzzOne.java,55
tika,org.apache.tika.fuzzing.cli,FuzzOne.FuzzOneConfig,7,0,0,0,22,0,0,0,-1.0,0,0,/Users/surabhilone/Desktop/Thesis/SoftwareSystems/tika/tika-fuzzing/src/main/java/org/apache/tika/fuzzing/cli/FuzzOne.java,176
tika,org.apache.tika.fuzzing.cli,FuzzOne.ParseTask,1,0,0,0,46,0,0,0,-1.0,0,0,/Users/surabhilone/Desktop/Thesis/SoftwareSystems/tika/tika-fuzzing/src/main/java/org/apache/tika/fuzzing/cli/FuzzOne.java,201
tika,org.apache.tika.fuzzing.cli,FuzzingCLIConfig,10,0,6,6,42,6,0,0,0.3333333333333333,2,0,/Users/surabhilone/Desktop/Thesis/SoftwareSystems/tika/tika-fuzzing/src/main/java/org/apache/tika/fuzzing/cli/FuzzingCLIConfig.java,29
tika,org.apache.tika.fuzzing.cli,FuzzingCLI,15,0,2,1,174,6,0,0,0.0,1,7,/Users/surabhilone/Desktop/Thesis/SoftwareSystems/tika/tika-fuzzing/src/main/java/org/apache/tika/fuzzing/cli/FuzzingCLI.java,58
tika,org.apache.tika.fuzzing.cli,FuzzingCLI.Fuzzer,9,0,0,0,107,0,0,0,-1.0,0,6,/Users/surabhilone/Desktop/Thesis/SoftwareSystems/tika/tika-fuzzing/src/main/java/org/apache/tika/fuzzing/cli/FuzzingCLI.java,117
tika,org.apache.tika.fuzzing.cli,FuzzingCLI.FileAdder,3,0,0,0,19,0,0,0,-1.0,0,1,/Users/surabhilone/Desktop/Thesis/SoftwareSystems/tika/tika-fuzzing/src/main/java/org/apache/tika/fuzzing/cli/FuzzingCLI.java,259
tika,org.apache.tika.fuzzing.exceptions,CantFuzzException,0,0,1,1,5,1,0,1,-1.0,0,0,/Users/surabhilone/Desktop/Thesis/SoftwareSystems/tika/tika-fuzzing/src/main/java/org/apache/tika/fuzzing/exceptions/CantFuzzException.java,21
tika,org.apache.tika.fork,ForkParserTest,6,0,16,16,452,24,0,0,1.0,0,12,/Users/surabhilone/Desktop/Thesis/SoftwareSystems/tika/tika-core/src/test/java/org/apache/tika/fork/ForkParserTest.java,71
tika,org.apache.tika.fork,ForkParserTest.ToFileHandler,2,0,0,0,57,0,0,1,-1.0,0,0,/Users/surabhilone/Desktop/Thesis/SoftwareSystems/tika/tika-core/src/test/java/org/apache/tika/fork/ForkParserTest.java,501
tika,org.apache.tika.fork,ForkParserTest.SBContentHandler,1,0,0,0,10,0,0,0,-1.0,0,0,/Users/surabhilone/Desktop/Thesis/SoftwareSystems/tika/tika-core/src/test/java/org/apache/tika/fork/ForkParserTest.java,569
tika,org.apache.tika.fork,ForkParserTest.SBContentHandlerFactory,0,0,0,0,8,0,0,1,-1.0,0,0,/Users/surabhilone/Desktop/Thesis/SoftwareSystems/tika/tika-core/src/test/java/org/apache/tika/fork/ForkParserTest.java,584
tika,org.apache.tika.fork,ForkParserTest.NonSerializableHandlerFactory,0,0,0,0,8,0,0,1,-1.0,0,0,/Users/surabhilone/Desktop/Thesis/SoftwareSystems/tika/tika-core/src/test/java/org/apache/tika/fork/ForkParserTest.java,597
tika,org.apache.tika.fork,ForkParserTest.LyingNonSerializableContentHandler,1,0,0,0,9,0,0,0,-1.0,0,0,/Users/surabhilone/Desktop/Thesis/SoftwareSystems/tika/tika-core/src/test/java/org/apache/tika/fork/ForkParserTest.java,609
tika,org.apache.tika.fork,ForkParserTest.BufferingHandler,1,0,0,0,20,0,0,2,-1.0,0,0,/Users/surabhilone/Desktop/Thesis/SoftwareSystems/tika/tika-core/src/test/java/org/apache/tika/fork/ForkParserTest.java,629
tika,org.apache.tika.fork,ForkTestParser,1,0,2,2,35,2,2,1,1.0,1,5,/Users/surabhilone/Desktop/Thesis/SoftwareSystems/tika/tika-core/src/test/java/org/apache/tika/fork/ForkTestParser.java,37
tika,org.apache.tika.fork,ForkTestParser.ForkTestParserAccessingPackage,0,0,0,0,6,0,0,2,-1.0,0,0,/Users/surabhilone/Desktop/Thesis/SoftwareSystems/tika/tika-core/src/test/java/org/apache/tika/fork/ForkTestParser.java,61
tika,org.apache.tika.fork,ForkTestParser.ForkTestParserWaiting,0,0,0,0,11,0,0,2,-1.0,0,0,/Users/surabhilone/Desktop/Thesis/SoftwareSystems/tika/tika-core/src/test/java/org/apache/tika/fork/ForkTestParser.java,70
tika,org.apache.tika.fork,ForkParserTikaBinTest,4,0,9,6,102,12,0,0,0.2222222222222222,0,7,/Users/surabhilone/Desktop/Thesis/SoftwareSystems/tika/tika-core/src/test/java/org/apache/tika/fork/ForkParserTikaBinTest.java,52
tika,org.apache.tika.fork,UpperCasingContentHandler,1,0,2,2,10,2,0,0,0.0,1,0,/Users/surabhilone/Desktop/Thesis/SoftwareSystems/tika/tika-core/src/test/java/org/apache/tika/fork/UpperCasingContentHandler.java,24
tika,org.apache.tika.fork,ForkResource,0,0,1,0,3,1,4,0,-1.0,1,0,/Users/surabhilone/Desktop/Thesis/SoftwareSystems/tika/tika-core/src/main/java/org/apache/tika/fork/ForkResource.java,23
tika,org.apache.tika.fork,ForkProxy,0,0,1,0,3,1,4,0,-1.0,0,0,/Users/surabhilone/Desktop/Thesis/SoftwareSystems/tika/tika-core/src/main/java/org/apache/tika/fork/ForkProxy.java,23
tika,org.apache.tika.fork,InputStreamProxy,4,0,4,4,40,6,0,1,0.0,1,1,/Users/surabhilone/Desktop/Thesis/SoftwareSystems/tika/tika-core/src/main/java/org/apache/tika/fork/InputStreamProxy.java,24
tika,org.apache.tika.fork,ClassLoaderResource,1,0,3,2,55,8,0,1,0.0,0,0,/Users/surabhilone/Desktop/Thesis/SoftwareSystems/tika/tika-core/src/main/java/org/apache/tika/fork/ClassLoaderResource.java,26
tika,org.apache.tika.fork,ContentHandlerProxy,13,10,18,13,151,22,0,1,0.1111111111111111,3,1,/Users/surabhilone/Desktop/Thesis/SoftwareSystems/tika/tika-core/src/main/java/org/apache/tika/fork/ContentHandlerProxy.java,28
tika,org.apache.tika.fork,MemoryURLConnection,1,0,3,2,12,3,0,0,0.6666666666666666,0,0,/Users/surabhilone/Desktop/Thesis/SoftwareSystems/tika/tika-core/src/main/java/org/apache/tika/fork/MemoryURLConnection.java,24
tika,org.apache.tika.fork,TimeoutLimits,3,0,4,3,19,4,0,0,0.0,2,0,/Users/surabhilone/Desktop/Thesis/SoftwareSystems/tika/tika-core/src/main/java/org/apache/tika/fork/TimeoutLimits.java,19
tika,org.apache.tika.fork,ClassLoaderProxy,5,0,8,2,99,15,0,1,0.0,1,2,/Users/surabhilone/Desktop/Thesis/SoftwareSystems/tika/tika-core/src/main/java/org/apache/tika/fork/ClassLoaderProxy.java,31
tika,org.apache.tika.fork,RecursiveMetadataContentHandlerProxy,8,5,9,4,92,12,0,2,0.0,2,4,/Users/surabhilone/Desktop/Thesis/SoftwareSystems/tika/tika-core/src/main/java/org/apache/tika/fork/RecursiveMetadataContentHandlerProxy.java,35
tika,org.apache.tika.fork,ForkParser,13,0,19,16,231,36,0,1,0.10526315789473684,3,7,/Users/surabhilone/Desktop/Thesis/SoftwareSystems/tika/tika-core/src/main/java/org/apache/tika/fork/ForkParser.java,45
tika,org.apache.tika.fork,ForkObjectInputStream,1,0,4,3,57,4,0,0,0.5,3,0,/Users/surabhilone/Desktop/Thesis/SoftwareSystems/tika/tika-core/src/main/java/org/apache/tika/fork/ForkObjectInputStream.java,29
tika,org.apache.tika.fork,ForkClient,9,0,13,8,269,38,0,0,0.23076923076923078,1,11,/Users/surabhilone/Desktop/Thesis/SoftwareSystems/tika/tika-core/src/main/java/org/apache/tika/fork/ForkClient.java,45
tika,org.apache.tika.fork,ParserFactoryFactory,3,0,2,2,25,2,0,0,0.0,3,1,/Users/surabhilone/Desktop/Thesis/SoftwareSystems/tika/tika-core/src/main/java/org/apache/tika/fork/ParserFactoryFactory.java,27
tika,org.apache.tika.fork,MemoryURLStreamHandler,2,0,2,1,32,5,0,0,0.0,1,1,/Users/surabhilone/Desktop/Thesis/SoftwareSystems/tika/tika-core/src/main/java/org/apache/tika/fork/MemoryURLStreamHandler.java,32
tika,org.apache.tika.fork,ForkServer,21,10,8,4,226,28,0,0,0.0,5,3,/Users/surabhilone/Desktop/Thesis/SoftwareSystems/tika/tika-core/src/main/java/org/apache/tika/fork/ForkServer.java,35
tika,org.apache.tika.fork,MemoryURLStreamRecord,2,2,0,0,4,0,0,0,-1.0,1,0,/Users/surabhilone/Desktop/Thesis/SoftwareSystems/tika/tika-core/src/main/java/org/apache/tika/fork/MemoryURLStreamRecord.java,22
tika,org.apache.tika.fork,MetadataContentHandler,1,0,2,2,13,3,0,0,0.0,0,1,/Users/surabhilone/Desktop/Thesis/SoftwareSystems/tika/tika-core/src/main/java/org/apache/tika/fork/MetadataContentHandler.java,25
tika,org.apache.tika.fork,ContentHandlerResource,1,0,6,2,83,20,0,1,0.0,0,1,/Users/surabhilone/Desktop/Thesis/SoftwareSystems/tika/tika-core/src/main/java/org/apache/tika/fork/ContentHandlerResource.java,27
tika,org.apache.tika.fork,RecursiveMetadataContentHandlerResource,2,0,4,2,49,9,0,1,0.0,0,5,/Users/surabhilone/Desktop/Thesis/SoftwareSystems/tika/tika-core/src/main/java/org/apache/tika/fork/RecursiveMetadataContentHandlerResource.java,31
tika,org.apache.tika.fork,MemoryURLStreamHandlerFactory,0,0,1,1,10,2,0,0,-1.0,0,0,/Users/surabhilone/Desktop/Thesis/SoftwareSystems/tika/tika-core/src/main/java/org/apache/tika/fork/MemoryURLStreamHandlerFactory.java,22
tika,org.apache.tika.fork,InputStreamResource,1,0,2,2,24,3,0,1,0.0,0,0,/Users/surabhilone/Desktop/Thesis/SoftwareSystems/tika/tika-core/src/main/java/org/apache/tika/fork/InputStreamResource.java,24
tika,org.apache.tika.fork.unusedpackage,ClassInUnusedPackage,0,0,0,0,2,0,0,0,-1.0,0,0,/Users/surabhilone/Desktop/Thesis/SoftwareSystems/tika/tika-core/src/test/java/org/apache/tika/fork/unusedpackage/ClassInUnusedPackage.java,19
tika,org.apache.tika,TikaIT,0,0,1,1,7,1,0,0,-1.0,0,1,/Users/surabhilone/Desktop/Thesis/SoftwareSystems/tika/tika-core/src/test/java/org/apache/tika/TikaIT.java,24
tika,org.apache.tika,MultiThreadedTikaTest,17,0,14,3,275,33,0,1,0.14285714285714285,0,8,/Users/surabhilone/Desktop/Thesis/SoftwareSystems/tika/tika-core/src/test/java/org/apache/tika/MultiThreadedTikaTest.java,58
tika,org.apache.tika,MultiThreadedTikaTest.TikaRunner,8,0,0,0,36,0,0,0,-1.0,0,2,/Users/surabhilone/Desktop/Thesis/SoftwareSystems/tika/tika-core/src/test/java/org/apache/tika/MultiThreadedTikaTest.java,328
tika,org.apache.tika,MultiThreadedTikaTest.Extract,1,0,0,0,6,0,0,0,-1.0,0,0,/Users/surabhilone/Desktop/Thesis/SoftwareSystems/tika/tika-core/src/test/java/org/apache/tika/MultiThreadedTikaTest.java,371
tika,org.apache.tika,MultiThreadedTikaTest.SAXPoolResizer,2,0,0,0,24,0,0,0,-1.0,0,0,/Users/surabhilone/Desktop/Thesis/SoftwareSystems/tika/tika-core/src/test/java/org/apache/tika/MultiThreadedTikaTest.java,379
tika,org.apache.tika,MultiThreadedTikaTest.TikaDetectorRunner,5,0,0,0,25,0,0,0,-1.0,0,1,/Users/surabhilone/Desktop/Thesis/SoftwareSystems/tika/tika-core/src/test/java/org/apache/tika/MultiThreadedTikaTest.java,405
tika,org.apache.tika,ResourceLoggingClassLoader,1,0,7,6,38,8,0,0,0.2857142857142857,1,0,/Users/surabhilone/Desktop/Thesis/SoftwareSystems/tika/tika-core/src/test/java/org/apache/tika/ResourceLoggingClassLoader.java,28
tika,org.apache.tika,TypeDetectionBenchmark,1,0,2,1,35,9,0,0,0.0,0,1,/Users/surabhilone/Desktop/Thesis/SoftwareSystems/tika/tika-core/src/test/java/org/apache/tika/TypeDetectionBenchmark.java,27
tika,org.apache.tika,TestRereadableInputStream,8,0,10,5,109,17,0,0,0.0,0,1,/Users/surabhilone/Desktop/Thesis/SoftwareSystems/tika/tika-core/src/test/java/org/apache/tika/TestRereadableInputStream.java,34
tika,org.apache.tika,TestRereadableInputStream.TestInputStream,1,0,0,0,16,0,0,0,-1.0,0,0,/Users/surabhilone/Desktop/Thesis/SoftwareSystems/tika/tika-core/src/test/java/org/apache/tika/TestRereadableInputStream.java,184
tika,org.apache.tika,TikaDetectionTest,1,0,1,1,788,1,0,0,0.0,0,1,/Users/surabhilone/Desktop/Thesis/SoftwareSystems/tika/tika-core/src/test/java/org/apache/tika/TikaDetectionTest.java,24
tika,org.apache.tika,TikaTest,8,5,61,20,460,93,1,0,0.3442622950819672,8,13,/Users/surabhilone/Desktop/Thesis/SoftwareSystems/tika/tika-core/src/test/java/org/apache/tika/TikaTest.java,65
tika,org.apache.tika,TikaTest.XMLResult,2,2,0,0,8,0,0,0,-1.0,0,1,/Users/surabhilone/Desktop/Thesis/SoftwareSystems/tika/tika-core/src/test/java/org/apache/tika/TikaTest.java,627
tika,org.apache.tika,TikaTest.TrackingHandler,3,2,0,0,21,0,0,1,-1.0,0,0,/Users/surabhilone/Desktop/Thesis/SoftwareSystems/tika/tika-core/src/test/java/org/apache/tika/TikaTest.java,637
tika,org.apache.tika,TikaTest.ByteCopyingHandler,1,1,0,0,20,0,0,1,-1.0,0,0,/Users/surabhilone/Desktop/Thesis/SoftwareSystems/tika/tika-core/src/test/java/org/apache/tika/TikaTest.java,663
tika,org.apache.tika,Tika,4,0,36,36,435,40,0,0,0.2222222222222222,52,10,/Users/surabhilone/Desktop/Thesis/SoftwareSystems/tika/tika-core/src/main/java/org/apache/tika/Tika.java,45
tika,org.apache.tika,TikaGrpc,27,1,22,21,646,46,0,0,0.45454545454545453,3,18,/Users/surabhilone/Desktop/Thesis/SoftwareSystems/tika/tika-grpc/target/generated-sources/protobuf/grpc-java/org/apache/tika/TikaGrpc.java,5
tika,org.apache.tika,TikaGrpc.AsyncService,0,0,0,0,71,0,0,0,-1.0,0,0,/Users/surabhilone/Desktop/Thesis/SoftwareSystems/tika/tika-grpc/target/generated-sources/protobuf/grpc-java/org/apache/tika/TikaGrpc.java,418
tika,org.apache.tika,TikaGrpc.TikaImplBase,0,0,0,0,8,0,0,0,-1.0,0,0,/Users/surabhilone/Desktop/Thesis/SoftwareSystems/tika/tika-grpc/target/generated-sources/protobuf/grpc-java/org/apache/tika/TikaGrpc.java,548
tika,org.apache.tika,TikaGrpc.TikaStub,0,0,0,0,77,0,0,0,-1.0,0,0,/Users/surabhilone/Desktop/Thesis/SoftwareSystems/tika/tika-grpc/target/generated-sources/protobuf/grpc-java/org/apache/tika/TikaGrpc.java,562
tika,org.apache.tika,TikaGrpc.TikaBlockingV2Stub,0,0,0,0,77,0,0,0,-1.0,0,0,/Users/surabhilone/Desktop/Thesis/SoftwareSystems/tika/tika-grpc/target/generated-sources/protobuf/grpc-java/org/apache/tika/TikaGrpc.java,715
tika,org.apache.tika,TikaGrpc.TikaBlockingStub,0,0,0,0,71,0,0,0,-1.0,0,0,/Users/surabhilone/Desktop/Thesis/SoftwareSystems/tika/tika-grpc/target/generated-sources/protobuf/grpc-java/org/apache/tika/TikaGrpc.java,861
tika,org.apache.tika,TikaGrpc.TikaFutureStub,0,0,0,0,65,0,0,0,-1.0,0,0,/Users/surabhilone/Desktop/Thesis/SoftwareSystems/tika/tika-grpc/target/generated-sources/protobuf/grpc-java/org/apache/tika/TikaGrpc.java,992
tika,org.apache.tika,TikaGrpc.MethodHandlers,2,0,0,0,39,0,0,0,-1.0,0,0,/Users/surabhilone/Desktop/Thesis/SoftwareSystems/tika/tika-grpc/target/generated-sources/protobuf/grpc-java/org/apache/tika/TikaGrpc.java,1132
tika,org.apache.tika,TikaGrpc.TikaBaseDescriptorSupplier,0,0,0,0,10,0,0,0,-1.0,0,0,/Users/surabhilone/Desktop/Thesis/SoftwareSystems/tika/tika-grpc/target/generated-sources/protobuf/grpc-java/org/apache/tika/TikaGrpc.java,1290
tika,org.apache.tika,TikaGrpc.TikaFileDescriptorSupplier,0,0,0,0,4,0,0,0,-1.0,0,0,/Users/surabhilone/Desktop/Thesis/SoftwareSystems/tika/tika-grpc/target/generated-sources/protobuf/grpc-java/org/apache/tika/TikaGrpc.java,1305
tika,org.apache.tika,TikaGrpc.TikaMethodDescriptorSupplier,1,0,0,0,9,0,0,0,-1.0,0,0,/Users/surabhilone/Desktop/Thesis/SoftwareSystems/tika/tika-grpc/target/generated-sources/protobuf/grpc-java/org/apache/tika/TikaGrpc.java,1310
tika,org.apache.tika,SaveFetcherReply,8,1,34,29,391,46,0,1,0.2647058823529412,5,1,/Users/surabhilone/Desktop/Thesis/SoftwareSystems/tika/tika-grpc/target/generated-sources/protobuf/java/org/apache/tika/SaveFetcherReply.java,7
tika,org.apache.tika,SaveFetcherReply.Builder,2,0,0,0,201,0,0,0,-1.0,0,2,/Users/surabhilone/Desktop/Thesis/SoftwareSystems/tika/tika-grpc/target/generated-sources/protobuf/java/org/apache/tika/SaveFetcherReply.java,246
tika,org.apache.tika,SavePipesIteratorReply,8,1,34,29,391,46,0,1,0.2647058823529412,2,1,/Users/surabhilone/Desktop/Thesis/SoftwareSystems/tika/tika-grpc/target/generated-sources/protobuf/java/org/apache/tika/SavePipesIteratorReply.java,7
tika,org.apache.tika,SavePipesIteratorReply.Builder,2,0,0,0,201,0,0,0,-1.0,0,2,/Users/surabhilone/Desktop/Thesis/SoftwareSystems/tika/tika-grpc/target/generated-sources/protobuf/java/org/apache/tika/SavePipesIteratorReply.java,246
tika,org.apache.tika,GetFetcherRequest,8,1,34,29,391,46,0,1,0.2647058823529412,4,1,/Users/surabhilone/Desktop/Thesis/SoftwareSystems/tika/tika-grpc/target/generated-sources/protobuf/java/org/apache/tika/GetFetcherRequest.java,7
tika,org.apache.tika,GetFetcherRequest.Builder,2,0,0,0,201,0,0,0,-1.0,0,2,/Users/surabhilone/Desktop/Thesis/SoftwareSystems/tika/tika-grpc/target/generated-sources/protobuf/java/org/apache/tika/GetFetcherRequest.java,246
tika,org.apache.tika,GetFetcherReply,15,3,44,37,727,70,0,1,0.3409090909090909,7,1,/Users/surabhilone/Desktop/Thesis/SoftwareSystems/tika/tika-grpc/target/generated-sources/protobuf/java/org/apache/tika/GetFetcherReply.java,7
tika,org.apache.tika,GetFetcherReply.ParamsDefaultEntryHolder,1,0,0,0,3,0,0,0,-1.0,0,1,/Users/surabhilone/Desktop/Thesis/SoftwareSystems/tika/tika-grpc/target/generated-sources/protobuf/java/org/apache/tika/GetFetcherReply.java,151
tika,org.apache.tika,GetFetcherReply.Builder,4,0,0,0,420,0,0,0,-1.0,0,2,/Users/surabhilone/Desktop/Thesis/SoftwareSystems/tika/tika-grpc/target/generated-sources/protobuf/java/org/apache/tika/GetFetcherReply.java,433
tika,org.apache.tika,DeleteFetcherRequestOrBuilder,0,0,2,0,12,2,1,0,-1.0,0,0,/Users/surabhilone/Desktop/Thesis/SoftwareSystems/tika/tika-grpc/target/generated-sources/protobuf/java/org/apache/tika/DeleteFetcherRequestOrBuilder.java,7
tika,org.apache.tika,GetFetcherConfigJsonSchemaRequest,8,1,34,29,391,46,0,1,0.2647058823529412,3,1,/Users/surabhilone/Desktop/Thesis/SoftwareSystems/tika/tika-grpc/target/generated-sources/protobuf/java/org/apache/tika/GetFetcherConfigJsonSchemaRequest.java,7
tika,org.apache.tika,GetFetcherConfigJsonSchemaRequest.Builder,2,0,0,0,201,0,0,0,-1.0,0,2,/Users/surabhilone/Desktop/Thesis/SoftwareSystems/tika/tika-grpc/target/generated-sources/protobuf/java/org/apache/tika/GetFetcherConfigJsonSchemaRequest.java,246
tika,org.apache.tika,GetPipesIteratorReply,14,3,38,33,647,60,0,1,0.23684210526315788,2,1,/Users/surabhilone/Desktop/Thesis/SoftwareSystems/tika/tika-grpc/target/generated-sources/protobuf/java/org/apache/tika/GetPipesIteratorReply.java,7
tika,org.apache.tika,GetPipesIteratorReply.Builder,4,0,0,0,371,0,0,0,-1.0,0,2,/Users/surabhilone/Desktop/Thesis/SoftwareSystems/tika/tika-grpc/target/generated-sources/protobuf/java/org/apache/tika/GetPipesIteratorReply.java,362
tika,org.apache.tika,TikaProto,41,0,4,3,97,4,0,0,0.75,38,0,/Users/surabhilone/Desktop/Thesis/SoftwareSystems/tika/tika-grpc/target/generated-sources/protobuf/java/org/apache/tika/TikaProto.java,7
tika,org.apache.tika,GetFetcherConfigJsonSchemaReplyOrBuilder,0,0,2,0,12,2,1,0,-1.0,0,0,/Users/surabhilone/Desktop/Thesis/SoftwareSystems/tika/tika-grpc/target/generated-sources/protobuf/java/org/apache/tika/GetFetcherConfigJsonSchemaReplyOrBuilder.java,7
tika,org.apache.tika,DeleteFetcherReplyOrBuilder,0,0,1,0,7,1,1,0,-1.0,0,0,/Users/surabhilone/Desktop/Thesis/SoftwareSystems/tika/tika-grpc/target/generated-sources/protobuf/java/org/apache/tika/DeleteFetcherReplyOrBuilder.java,7
tika,org.apache.tika,GetPipesIteratorRequest,8,1,34,29,391,46,0,1,0.2647058823529412,2,1,/Users/surabhilone/Desktop/Thesis/SoftwareSystems/tika/tika-grpc/target/generated-sources/protobuf/java/org/apache/tika/GetPipesIteratorRequest.java,7
tika,org.apache.tika,GetPipesIteratorRequest.Builder,2,0,0,0,201,0,0,0,-1.0,0,2,/Users/surabhilone/Desktop/Thesis/SoftwareSystems/tika/tika-grpc/target/generated-sources/protobuf/java/org/apache/tika/GetPipesIteratorRequest.java,246
tika,org.apache.tika,SaveFetcherRequestOrBuilder,0,0,6,0,32,6,1,0,-1.0,0,0,/Users/surabhilone/Desktop/Thesis/SoftwareSystems/tika/tika-grpc/target/generated-sources/protobuf/java/org/apache/tika/SaveFetcherRequestOrBuilder.java,7
tika,org.apache.tika,FetchAndParseRequestOrBuilder,0,0,6,0,32,6,1,0,-1.0,0,0,/Users/surabhilone/Desktop/Thesis/SoftwareSystems/tika/tika-grpc/target/generated-sources/protobuf/java/org/apache/tika/FetchAndParseRequestOrBuilder.java,7
tika,org.apache.tika,FetchAndParseRequest,14,3,38,33,647,60,0,1,0.23684210526315788,5,1,/Users/surabhilone/Desktop/Thesis/SoftwareSystems/tika/tika-grpc/target/generated-sources/protobuf/java/org/apache/tika/FetchAndParseRequest.java,7
tika,org.apache.tika,FetchAndParseRequest.Builder,4,0,0,0,371,0,0,0,-1.0,0,2,/Users/surabhilone/Desktop/Thesis/SoftwareSystems/tika/tika-grpc/target/generated-sources/protobuf/java/org/apache/tika/FetchAndParseRequest.java,364
tika,org.apache.tika,SaveFetcherReplyOrBuilder,0,0,2,0,12,2,1,0,-1.0,0,0,/Users/surabhilone/Desktop/Thesis/SoftwareSystems/tika/tika-grpc/target/generated-sources/protobuf/java/org/apache/tika/SaveFetcherReplyOrBuilder.java,7
tika,org.apache.tika,ListFetchersRequestOrBuilder,0,0,2,0,12,2,1,0,-1.0,0,0,/Users/surabhilone/Desktop/Thesis/SoftwareSystems/tika/tika-grpc/target/generated-sources/protobuf/java/org/apache/tika/ListFetchersRequestOrBuilder.java,7
tika,org.apache.tika,DeletePipesIteratorRequestOrBuilder,0,0,2,0,12,2,1,0,-1.0,0,0,/Users/surabhilone/Desktop/Thesis/SoftwareSystems/tika/tika-grpc/target/generated-sources/protobuf/java/org/apache/tika/DeletePipesIteratorRequestOrBuilder.java,7
tika,org.apache.tika,DeletePipesIteratorReplyOrBuilder,0,0,2,0,12,2,1,0,-1.0,0,0,/Users/surabhilone/Desktop/Thesis/SoftwareSystems/tika/tika-grpc/target/generated-sources/protobuf/java/org/apache/tika/DeletePipesIteratorReplyOrBuilder.java,7
tika,org.apache.tika,GetFetcherReplyOrBuilder,0,0,10,0,46,10,1,0,-1.0,2,0,/Users/surabhilone/Desktop/Thesis/SoftwareSystems/tika/tika-grpc/target/generated-sources/protobuf/java/org/apache/tika/GetFetcherReplyOrBuilder.java,7
tika,org.apache.tika,FetchAndParseReplyOrBuilder,0,0,12,0,56,12,1,0,-1.0,0,0,/Users/surabhilone/Desktop/Thesis/SoftwareSystems/tika/tika-grpc/target/generated-sources/protobuf/java/org/apache/tika/FetchAndParseReplyOrBuilder.java,7
tika,org.apache.tika,SavePipesIteratorRequestOrBuilder,0,0,6,0,32,6,1,0,-1.0,0,0,/Users/surabhilone/Desktop/Thesis/SoftwareSystems/tika/tika-grpc/target/generated-sources/protobuf/java/org/apache/tika/SavePipesIteratorRequestOrBuilder.java,7
tika,org.apache.tika,GetFetcherConfigJsonSchemaReply,8,1,34,29,391,46,0,1,0.2647058823529412,3,1,/Users/surabhilone/Desktop/Thesis/SoftwareSystems/tika/tika-grpc/target/generated-sources/protobuf/java/org/apache/tika/GetFetcherConfigJsonSchemaReply.java,7
tika,org.apache.tika,GetFetcherConfigJsonSchemaReply.Builder,2,0,0,0,201,0,0,0,-1.0,0,2,/Users/surabhilone/Desktop/Thesis/SoftwareSystems/tika/tika-grpc/target/generated-sources/protobuf/java/org/apache/tika/GetFetcherConfigJsonSchemaReply.java,246
tika,org.apache.tika,DeletePipesIteratorReply,8,1,34,29,391,46,0,1,0.2647058823529412,2,1,/Users/surabhilone/Desktop/Thesis/SoftwareSystems/tika/tika-grpc/target/generated-sources/protobuf/java/org/apache/tika/DeletePipesIteratorReply.java,7
tika,org.apache.tika,DeletePipesIteratorReply.Builder,2,0,0,0,201,0,0,0,-1.0,0,2,/Users/surabhilone/Desktop/Thesis/SoftwareSystems/tika/tika-grpc/target/generated-sources/protobuf/java/org/apache/tika/DeletePipesIteratorReply.java,246
tika,org.apache.tika,ListFetchersRequest,11,2,34,29,381,47,0,1,0.29411764705882354,3,1,/Users/surabhilone/Desktop/Thesis/SoftwareSystems/tika/tika-grpc/target/generated-sources/protobuf/java/org/apache/tika/ListFetchersRequest.java,7
tika,org.apache.tika,ListFetchersRequest.Builder,3,0,0,0,198,0,0,0,-1.0,0,2,/Users/surabhilone/Desktop/Thesis/SoftwareSystems/tika/tika-grpc/target/generated-sources/protobuf/java/org/apache/tika/ListFetchersRequest.java,240
tika,org.apache.tika,SavePipesIteratorRequest,14,3,38,33,647,60,0,1,0.23684210526315788,2,1,/Users/surabhilone/Desktop/Thesis/SoftwareSystems/tika/tika-grpc/target/generated-sources/protobuf/java/org/apache/tika/SavePipesIteratorRequest.java,7
tika,org.apache.tika,SavePipesIteratorRequest.Builder,4,0,0,0,371,0,0,0,-1.0,0,2,/Users/surabhilone/Desktop/Thesis/SoftwareSystems/tika/tika-grpc/target/generated-sources/protobuf/java/org/apache/tika/SavePipesIteratorRequest.java,362
tika,org.apache.tika,GetFetcherRequestOrBuilder,0,0,2,0,12,2,1,0,-1.0,0,0,/Users/surabhilone/Desktop/Thesis/SoftwareSystems/tika/tika-grpc/target/generated-sources/protobuf/java/org/apache/tika/GetFetcherRequestOrBuilder.java,7
tika,org.apache.tika,GetPipesIteratorReplyOrBuilder,0,0,6,0,32,6,1,0,-1.0,0,0,/Users/surabhilone/Desktop/Thesis/SoftwareSystems/tika/tika-grpc/target/generated-sources/protobuf/java/org/apache/tika/GetPipesIteratorReplyOrBuilder.java,7
tika,org.apache.tika,SavePipesIteratorReplyOrBuilder,0,0,2,0,12,2,1,0,-1.0,0,0,/Users/surabhilone/Desktop/Thesis/SoftwareSystems/tika/tika-grpc/target/generated-sources/protobuf/java/org/apache/tika/SavePipesIteratorReplyOrBuilder.java,7
tika,org.apache.tika,ListFetchersReplyOrBuilder,0,0,5,0,22,5,1,0,-1.0,0,2,/Users/surabhilone/Desktop/Thesis/SoftwareSystems/tika/tika-grpc/target/generated-sources/protobuf/java/org/apache/tika/ListFetchersReplyOrBuilder.java,7
tika,org.apache.tika,GetFetcherConfigJsonSchemaRequestOrBuilder,0,0,2,0,12,2,1,0,-1.0,0,0,/Users/surabhilone/Desktop/Thesis/SoftwareSystems/tika/tika-grpc/target/generated-sources/protobuf/java/org/apache/tika/GetFetcherConfigJsonSchemaRequestOrBuilder.java,7
tika,org.apache.tika,ListFetchersReply,9,1,37,32,595,48,0,1,0.24324324324324326,3,3,/Users/surabhilone/Desktop/Thesis/SoftwareSystems/tika/tika-grpc/target/generated-sources/protobuf/java/org/apache/tika/ListFetchersReply.java,7
tika,org.apache.tika,ListFetchersReply.Builder,3,0,0,0,404,0,0,0,-1.0,0,3,/Users/surabhilone/Desktop/Thesis/SoftwareSystems/tika/tika-grpc/target/generated-sources/protobuf/java/org/apache/tika/ListFetchersReply.java,263
tika,org.apache.tika,DeleteFetcherRequest,8,1,34,29,391,46,0,1,0.2647058823529412,4,1,/Users/surabhilone/Desktop/Thesis/SoftwareSystems/tika/tika-grpc/target/generated-sources/protobuf/java/org/apache/tika/DeleteFetcherRequest.java,7
tika,org.apache.tika,DeleteFetcherRequest.Builder,2,0,0,0,201,0,0,0,-1.0,0,2,/Users/surabhilone/Desktop/Thesis/SoftwareSystems/tika/tika-grpc/target/generated-sources/protobuf/java/org/apache/tika/DeleteFetcherRequest.java,246
tika,org.apache.tika,DeleteFetcherReply,8,1,33,28,322,43,0,1,0.30303030303030304,4,1,/Users/surabhilone/Desktop/Thesis/SoftwareSystems/tika/tika-grpc/target/generated-sources/protobuf/java/org/apache/tika/DeleteFetcherReply.java,7
tika,org.apache.tika,DeleteFetcherReply.Builder,2,0,0,0,157,0,0,0,-1.0,0,2,/Users/surabhilone/Desktop/Thesis/SoftwareSystems/tika/tika-grpc/target/generated-sources/protobuf/java/org/apache/tika/DeleteFetcherReply.java,215
tika,org.apache.tika,FetchAndParseReply,18,4,46,39,855,77,0,1,0.32608695652173914,3,1,/Users/surabhilone/Desktop/Thesis/SoftwareSystems/tika/tika-grpc/target/generated-sources/protobuf/java/org/apache/tika/FetchAndParseReply.java,7
tika,org.apache.tika,FetchAndParseReply.FieldsDefaultEntryHolder,1,0,0,0,3,0,0,0,-1.0,0,1,/Users/surabhilone/Desktop/Thesis/SoftwareSystems/tika/tika-grpc/target/generated-sources/protobuf/java/org/apache/tika/FetchAndParseReply.java,105
tika,org.apache.tika,FetchAndParseReply.Builder,5,0,0,0,505,0,0,0,-1.0,0,2,/Users/surabhilone/Desktop/Thesis/SoftwareSystems/tika/tika-grpc/target/generated-sources/protobuf/java/org/apache/tika/FetchAndParseReply.java,491
tika,org.apache.tika,DeletePipesIteratorRequest,8,1,34,29,391,46,0,1,0.2647058823529412,2,1,/Users/surabhilone/Desktop/Thesis/SoftwareSystems/tika/tika-grpc/target/generated-sources/protobuf/java/org/apache/tika/DeletePipesIteratorRequest.java,7
tika,org.apache.tika,DeletePipesIteratorRequest.Builder,2,0,0,0,201,0,0,0,-1.0,0,2,/Users/surabhilone/Desktop/Thesis/SoftwareSystems/tika/tika-grpc/target/generated-sources/protobuf/java/org/apache/tika/DeletePipesIteratorRequest.java,246
tika,org.apache.tika,GetPipesIteratorRequestOrBuilder,0,0,2,0,12,2,1,0,-1.0,0,0,/Users/surabhilone/Desktop/Thesis/SoftwareSystems/tika/tika-grpc/target/generated-sources/protobuf/java/org/apache/tika/GetPipesIteratorRequestOrBuilder.java,7
tika,org.apache.tika,SaveFetcherRequest,14,3,38,33,647,60,0,1,0.23684210526315788,5,1,/Users/surabhilone/Desktop/Thesis/SoftwareSystems/tika/tika-grpc/target/generated-sources/protobuf/java/org/apache/tika/SaveFetcherRequest.java,7
tika,org.apache.tika,SaveFetcherRequest.Builder,4,0,0,0,371,0,0,0,-1.0,0,2,/Users/surabhilone/Desktop/Thesis/SoftwareSystems/tika/tika-grpc/target/generated-sources/protobuf/java/org/apache/tika/SaveFetcherRequest.java,366
tika,org.apache.tika.sax.xpath,XPathParserTest,2,0,8,8,90,8,0,0,0.0,0,2,/Users/surabhilone/Desktop/Thesis/SoftwareSystems/tika/tika-core/src/test/java/org/apache/tika/sax/xpath/XPathParserTest.java,26
tika,org.apache.tika.sax.xpath,NamedElementMatcher,2,0,2,1,20,3,0,2,0.0,0,1,/Users/surabhilone/Desktop/Thesis/SoftwareSystems/tika/tika-core/src/main/java/org/apache/tika/sax/xpath/NamedElementMatcher.java,21
tika,org.apache.tika.sax.xpath,Matcher,1,1,4,4,41,4,8,0,1.0,14,0,/Users/surabhilone/Desktop/Thesis/SoftwareSystems/tika/tika-core/src/main/java/org/apache/tika/sax/xpath/Matcher.java,19
tika,org.apache.tika.sax.xpath,CompositeMatcher,2,0,5,5,36,8,0,1,0.0,2,1,/Users/surabhilone/Desktop/Thesis/SoftwareSystems/tika/tika-core/src/main/java/org/apache/tika/sax/xpath/CompositeMatcher.java,19
tika,org.apache.tika.sax.xpath,TextMatcher,1,1,1,1,9,1,0,1,0.0,1,1,/Users/surabhilone/Desktop/Thesis/SoftwareSystems/tika/tika-core/src/main/java/org/apache/tika/sax/xpath/TextMatcher.java,19
tika,org.apache.tika.sax.xpath,ElementMatcher,1,1,1,1,9,1,0,1,0.0,2,1,/Users/surabhilone/Desktop/Thesis/SoftwareSystems/tika/tika-core/src/main/java/org/apache/tika/sax/xpath/ElementMatcher.java,19
tika,org.apache.tika.sax.xpath,MatchingContentHandler,2,0,7,7,54,16,0,1,0.2857142857142857,2,3,/Users/surabhilone/Desktop/Thesis/SoftwareSystems/tika/tika-core/src/main/java/org/apache/tika/sax/xpath/MatchingContentHandler.java,28
tika,org.apache.tika.sax.xpath,AttributeMatcher,1,1,1,1,9,1,0,1,0.0,1,1,/Users/surabhilone/Desktop/Thesis/SoftwareSystems/tika/tika-core/src/main/java/org/apache/tika/sax/xpath/AttributeMatcher.java,19
tika,org.apache.tika.sax.xpath,XPathParser,1,0,4,4,82,19,0,0,0.5,4,5,/Users/surabhilone/Desktop/Thesis/SoftwareSystems/tika/tika-core/src/main/java/org/apache/tika/sax/xpath/XPathParser.java,22
tika,org.apache.tika.sax.xpath,NodeMatcher,1,1,3,3,15,3,0,1,1.0,1,1,/Users/surabhilone/Desktop/Thesis/SoftwareSystems/tika/tika-core/src/main/java/org/apache/tika/sax/xpath/NodeMatcher.java,19
tika,org.apache.tika.sax.xpath,ChildMatcher,1,0,2,2,12,2,1,1,0.0,0,1,/Users/surabhilone/Desktop/Thesis/SoftwareSystems/tika/tika-core/src/main/java/org/apache/tika/sax/xpath/ChildMatcher.java,19
tika,org.apache.tika.sax.xpath,SubtreeMatcher,1,0,5,5,27,6,0,1,0.0,0,1,/Users/surabhilone/Desktop/Thesis/SoftwareSystems/tika/tika-core/src/main/java/org/apache/tika/sax/xpath/SubtreeMatcher.java,19
tika,org.apache.tika.sax.xpath,NamedAttributeMatcher,2,0,2,2,14,2,0,1,0.0,0,0,/Users/surabhilone/Desktop/Thesis/SoftwareSystems/tika/tika-core/src/main/java/org/apache/tika/sax/xpath/NamedAttributeMatcher.java,21
tika,org.apache.tika.io,TailStreamTest,1,0,12,9,148,15,0,0,0.0,0,1,/Users/surabhilone/Desktop/Thesis/SoftwareSystems/tika/tika-core/src/test/java/org/apache/tika/io/TailStreamTest.java,30
tika,org.apache.tika.io,FilenameUtilsTest,0,0,8,7,58,9,0,0,-1.0,0,2,/Users/surabhilone/Desktop/Thesis/SoftwareSystems/tika/tika-core/src/test/java/org/apache/tika/io/FilenameUtilsTest.java,27
tika,org.apache.tika.io,TemporaryResourcesTest,0,0,1,1,10,1,0,0,-1.0,0,1,/Users/surabhilone/Desktop/Thesis/SoftwareSystems/tika/tika-core/src/test/java/org/apache/tika/io/TemporaryResourcesTest.java,27
tika,org.apache.tika.io,TikaInputStreamTest,1,0,7,4,56,7,0,0,0.2857142857142857,0,4,/Users/surabhilone/Desktop/Thesis/SoftwareSystems/tika/tika-core/src/test/java/org/apache/tika/io/TikaInputStreamTest.java,40
tika,org.apache.tika.io,EndianUtilsTest,0,0,4,4,50,4,0,0,-1.0,0,1,/Users/surabhilone/Desktop/Thesis/SoftwareSystems/tika/tika-core/src/test/java/org/apache/tika/io/EndianUtilsTest.java,26
tika,org.apache.tika.io,LookaheadInputStreamTest,0,0,6,6,70,6,0,0,-1.0,0,1,/Users/surabhilone/Desktop/Thesis/SoftwareSystems/tika/tika-core/src/test/java/org/apache/tika/io/LookaheadInputStreamTest.java,27
tika,org.apache.tika.io,TikaInputStream,12,0,49,42,567,80,0,0,0.22448979591836735,145,8,/Users/surabhilone/Desktop/Thesis/SoftwareSystems/tika/tika-core/src/main/java/org/apache/tika/io/TikaInputStream.java,47
tika,org.apache.tika.io,IOUtils,0,0,1,1,16,4,0,0,-1.0,58,0,/Users/surabhilone/Desktop/Thesis/SoftwareSystems/tika/tika-core/src/main/java/org/apache/tika/io/IOUtils.java,22
tika,org.apache.tika.io,InputStreamFactory,0,0,1,0,6,1,0,0,-1.0,1,0,/Users/surabhilone/Desktop/Thesis/SoftwareSystems/tika/tika-core/src/main/java/org/apache/tika/io/InputStreamFactory.java,22
tika,org.apache.tika.io,LookaheadInputStream,5,0,10,9,79,16,0,0,0.2,2,0,/Users/surabhilone/Desktop/Thesis/SoftwareSystems/tika/tika-core/src/main/java/org/apache/tika/io/LookaheadInputStream.java,22
tika,org.apache.tika.io,TemporaryResources,3,0,10,10,131,16,0,0,0.0,52,5,/Users/surabhilone/Desktop/Thesis/SoftwareSystems/tika/tika-core/src/main/java/org/apache/tika/io/TemporaryResources.java,34
tika,org.apache.tika.io,EndianUtils,2,0,31,31,381,44,0,0,0.5483870967741935,11,0,/Users/surabhilone/Desktop/Thesis/SoftwareSystems/tika/tika-core/src/main/java/org/apache/tika/io/EndianUtils.java,24
tika,org.apache.tika.io,EndianUtils.BufferUnderrunException,1,0,0,0,6,0,0,1,-1.0,0,0,/Users/surabhilone/Desktop/Thesis/SoftwareSystems/tika/tika-core/src/main/java/org/apache/tika/io/EndianUtils.java,476
tika,org.apache.tika.io,BoundedInputStream,4,0,14,14,90,17,0,0,0.14285714285714285,11,1,/Users/surabhilone/Desktop/Thesis/SoftwareSystems/tika/tika-core/src/main/java/org/apache/tika/io/BoundedInputStream.java,25
tika,org.apache.tika.io,TailStream,8,0,12,8,175,20,0,0,0.0,2,0,/Users/surabhilone/Desktop/Thesis/SoftwareSystems/tika/tika-core/src/main/java/org/apache/tika/io/TailStream.java,23
tika,org.apache.tika.io,FilenameUtils,3,1,3,3,68,10,0,0,0.6666666666666666,16,1,/Users/surabhilone/Desktop/Thesis/SoftwareSystems/tika/tika-core/src/main/java/org/apache/tika/io/FilenameUtils.java,26
tika,org.apache.tika.language.detect,LanguageNamesTest,0,0,1,1,7,1,0,0,-1.0,0,1,/Users/surabhilone/Desktop/Thesis/SoftwareSystems/tika/tika-core/src/test/java/org/apache/tika/language/detect/LanguageNamesTest.java,23
tika,org.apache.tika.language.detect,LanguageDetector,4,0,19,19,121,22,5,0,0.42105263157894735,14,2,/Users/surabhilone/Desktop/Thesis/SoftwareSystems/tika/tika-core/src/main/java/org/apache/tika/language/detect/LanguageDetector.java,48
tika,org.apache.tika.language.detect,LanguageWriter,1,0,7,7,41,7,0,0,0.42857142857142855,5,2,/Users/surabhilone/Desktop/Thesis/SoftwareSystems/tika/tika-core/src/main/java/org/apache/tika/language/detect/LanguageWriter.java,22
tika,org.apache.tika.language.detect,LanguageConfidence,0,0,0,0,1,0,0,0,-1.0,7,0,/Users/surabhilone/Desktop/Thesis/SoftwareSystems/tika/tika-core/src/main/java/org/apache/tika/language/detect/LanguageConfidence.java,19
tika,org.apache.tika.language.detect,LanguageHandler,1,0,5,5,31,5,0,2,0.6,2,3,/Users/surabhilone/Desktop/Thesis/SoftwareSystems/tika/tika-core/src/main/java/org/apache/tika/language/detect/LanguageHandler.java,23
tika,org.apache.tika.language.detect,LanguageResult,4,1,8,8,53,10,0,0,0.0,18,1,/Users/surabhilone/Desktop/Thesis/SoftwareSystems/tika/tika-core/src/main/java/org/apache/tika/language/detect/LanguageResult.java,21
tika,org.apache.tika.language.detect,LanguageNames,0,0,6,6,32,6,0,0,-1.0,2,0,/Users/surabhilone/Desktop/Thesis/SoftwareSystems/tika/tika-core/src/main/java/org/apache/tika/language/detect/LanguageNames.java,21
tika,org.apache.tika.parser.multiple,MultipleParserTest,0,0,3,3,130,3,0,0,-1.0,0,12,/Users/surabhilone/Desktop/Thesis/SoftwareSystems/tika/tika-core/src/test/java/org/apache/tika/parser/multiple/MultipleParserTest.java,45
tika,org.apache.tika.parser.multiple,SupplementingParser,2,1,4,3,32,6,0,2,1.0,1,4,/Users/surabhilone/Desktop/Thesis/SoftwareSystems/tika/tika-core/src/main/java/org/apache/tika/parser/multiple/SupplementingParser.java,32
tika,org.apache.tika.parser.multiple,FallbackParser,2,1,4,3,26,4,0,2,1.0,4,4,/Users/surabhilone/Desktop/Thesis/SoftwareSystems/tika/tika-core/src/main/java/org/apache/tika/parser/multiple/FallbackParser.java,32
tika,org.apache.tika.parser.multiple,AbstractMultipleParser,6,0,15,10,211,41,3,1,0.0,1,9,/Users/surabhilone/Desktop/Thesis/SoftwareSystems/tika/tika-core/src/main/java/org/apache/tika/parser/multiple/AbstractMultipleParser.java,50
tika,org.apache.tika.parser.multiple,AbstractMultipleParser.MetadataPolicy,0,0,0,0,16,0,0,0,-1.0,0,0,/Users/surabhilone/Desktop/Thesis/SoftwareSystems/tika/tika-core/src/main/java/org/apache/tika/parser/multiple/AbstractMultipleParser.java,344
tika,org.apache.tika.parser.external2,ExternalParserTest,0,0,3,3,44,3,0,0,-1.0,0,7,/Users/surabhilone/Desktop/Thesis/SoftwareSystems/tika/tika-core/src/test/java/org/apache/tika/parser/external2/ExternalParserTest.java,40
tika,org.apache.tika.parser.external2,ExternalParser,14,3,14,13,172,30,0,1,0.14285714285714285,1,15,/Users/surabhilone/Desktop/Thesis/SoftwareSystems/tika/tika-core/src/main/java/org/apache/tika/parser/external2/ExternalParser.java,58
tika,org.apache.tika.pipes.pipesiterator.filelist,FileListPipesIteratorTest,0,0,2,2,42,4,0,0,-1.0,0,2,/Users/surabhilone/Desktop/Thesis/SoftwareSystems/tika/tika-core/src/test/java/org/apache/tika/pipes/pipesiterator/filelist/FileListPipesIteratorTest.java,32
tika,org.apache.tika.pipes.pipesiterator.filelist,FileListPipesIterator,3,0,4,3,41,8,0,1,0.0,1,7,/Users/surabhilone/Desktop/Thesis/SoftwareSystems/tika/tika-core/src/main/java/org/apache/tika/pipes/pipesiterator/filelist/FileListPipesIterator.java,41
tika,org.apache.tika.pipes.pipesiterator,FileSystemPipesIteratorTest,0,0,2,2,33,6,0,0,-1.0,0,1,/Users/surabhilone/Desktop/Thesis/SoftwareSystems/tika/tika-core/src/test/java/org/apache/tika/pipes/pipesiterator/FileSystemPipesIteratorTest.java,39
tika,org.apache.tika.pipes.pipesiterator,PipesIterator,18,3,23,20,159,27,0,1,0.34782608695652173,28,5,/Users/surabhilone/Desktop/Thesis/SoftwareSystems/tika/tika-core/src/main/java/org/apache/tika/pipes/pipesiterator/PipesIterator.java,46
tika,org.apache.tika.pipes.pipesiterator,PipesIterator.TupleIterator,1,0,0,0,50,0,0,0,-1.0,0,1,/Users/surabhilone/Desktop/Thesis/SoftwareSystems/tika/tika-core/src/main/java/org/apache/tika/pipes/pipesiterator/PipesIterator.java,213
tika,org.apache.tika.pipes.pipesiterator,TotalCountResult,3,1,5,5,23,5,0,0,0.0,12,0,/Users/surabhilone/Desktop/Thesis/SoftwareSystems/tika/tika-core/src/main/java/org/apache/tika/pipes/pipesiterator/TotalCountResult.java,19
tika,org.apache.tika.pipes.pipesiterator,TotalCountResult.STATUS,0,0,0,0,1,0,0,0,-1.0,0,0,/Users/surabhilone/Desktop/Thesis/SoftwareSystems/tika/tika-core/src/main/java/org/apache/tika/pipes/pipesiterator/TotalCountResult.java,21
tika,org.apache.tika.pipes.pipesiterator,TotalCounter,0,0,2,0,11,2,0,0,-1.0,1,1,/Users/surabhilone/Desktop/Thesis/SoftwareSystems/tika/tika-core/src/main/java/org/apache/tika/pipes/pipesiterator/TotalCounter.java,19
tika,org.apache.tika.pipes.pipesiterator,CallablePipesIterator,4,0,4,4,66,11,0,0,0.0,0,1,/Users/surabhilone/Desktop/Thesis/SoftwareSystems/tika/tika-core/src/main/java/org/apache/tika/pipes/pipesiterator/CallablePipesIterator.java,26
tika,org.apache.tika.pipes.emitter,MockEmitter,1,0,4,4,15,5,0,2,0.75,0,4,/Users/surabhilone/Desktop/Thesis/SoftwareSystems/tika/tika-core/src/test/java/org/apache/tika/pipes/emitter/MockEmitter.java,31
tika,org.apache.tika.pipes.emitter,EmptyEmitter,0,0,3,3,9,3,0,1,-1.0,0,2,/Users/surabhilone/Desktop/Thesis/SoftwareSystems/tika/tika-core/src/main/java/org/apache/tika/pipes/emitter/EmptyEmitter.java,25
tika,org.apache.tika.pipes.emitter,TikaEmitterException,0,0,2,2,8,2,0,1,-1.0,5,0,/Users/surabhilone/Desktop/Thesis/SoftwareSystems/tika/tika-core/src/main/java/org/apache/tika/pipes/emitter/TikaEmitterException.java,21
tika,org.apache.tika.pipes.emitter,EmitterManager,1,0,6,5,47,12,0,0,0.5,12,2,/Users/surabhilone/Desktop/Thesis/SoftwareSystems/tika/tika-core/src/main/java/org/apache/tika/pipes/emitter/EmitterManager.java,31
tika,org.apache.tika.pipes.emitter,EmitKey,4,1,7,7,42,10,0,0,0.2857142857142857,7,0,/Users/surabhilone/Desktop/Thesis/SoftwareSystems/tika/tika-core/src/main/java/org/apache/tika/pipes/emitter/EmitKey.java,22
tika,org.apache.tika.pipes.emitter,StreamEmitter,0,0,1,0,3,1,0,1,-1.0,1,3,/Users/surabhilone/Desktop/Thesis/SoftwareSystems/tika/tika-core/src/main/java/org/apache/tika/pipes/emitter/StreamEmitter.java,25
tika,org.apache.tika.pipes.emitter,EmitData,5,0,11,10,56,14,0,0,0.0,5,3,/Users/surabhilone/Desktop/Thesis/SoftwareSystems/tika/tika-core/src/main/java/org/apache/tika/pipes/emitter/EmitData.java,26
tika,org.apache.tika.pipes.emitter,AbstractEmitter,1,0,3,3,20,4,1,1,0.6666666666666666,0,1,/Users/surabhilone/Desktop/Thesis/SoftwareSystems/tika/tika-core/src/main/java/org/apache/tika/pipes/emitter/AbstractEmitter.java,24
tika,org.apache.tika.pipes.emitter,Emitter,0,0,3,0,5,3,3,0,-1.0,10,2,/Users/surabhilone/Desktop/Thesis/SoftwareSystems/tika/tika-core/src/main/java/org/apache/tika/pipes/emitter/Emitter.java,25
tika,org.apache.tika.pipes,PipesServerTest,0,0,3,3,74,5,0,0,-1.0,0,7,/Users/surabhilone/Desktop/Thesis/SoftwareSystems/tika/tika-core/src/test/java/org/apache/tika/pipes/PipesServerTest.java,43
tika,org.apache.tika.pipes,PipesClientTest,3,0,5,5,45,5,0,0,0.0,0,11,/Users/surabhilone/Desktop/Thesis/SoftwareSystems/tika/tika-core/src/test/java/org/apache/tika/pipes/PipesClientTest.java,46
tika,org.apache.tika.pipes,PipesReporterBase,5,0,7,5,94,14,0,1,0.2857142857142857,0,3,/Users/surabhilone/Desktop/Thesis/SoftwareSystems/tika/tika-core/src/main/java/org/apache/tika/pipes/PipesReporterBase.java,30
tika,org.apache.tika.pipes,PipesReporterBase.StatusFilter,0,0,0,0,3,0,0,0,-1.0,0,1,/Users/surabhilone/Desktop/Thesis/SoftwareSystems/tika/tika-core/src/main/java/org/apache/tika/pipes/PipesReporterBase.java,116
tika,org.apache.tika.pipes,PipesReporterBase.IncludesFilter,1,0,0,0,9,0,0,0,-1.0,0,1,/Users/surabhilone/Desktop/Thesis/SoftwareSystems/tika/tika-core/src/main/java/org/apache/tika/pipes/PipesReporterBase.java,120
tika,org.apache.tika.pipes,PipesReporterBase.ExcludesFilter,1,0,0,0,9,0,0,0,-1.0,0,1,/Users/surabhilone/Desktop/Thesis/SoftwareSystems/tika/tika-core/src/main/java/org/apache/tika/pipes/PipesReporterBase.java,133
tika,org.apache.tika.pipes,PipesReporterBase.AcceptAllFilter,0,0,0,0,5,0,0,0,-1.0,0,1,/Users/surabhilone/Desktop/Thesis/SoftwareSystems/tika/tika-core/src/main/java/org/apache/tika/pipes/PipesReporterBase.java,146
tika,org.apache.tika.pipes,PipesReporter,1,1,9,9,44,9,3,0,1.0,9,3,/Users/surabhilone/Desktop/Thesis/SoftwareSystems/tika/tika-core/src/main/java/org/apache/tika/pipes/PipesReporter.java,24
tika,org.apache.tika.pipes,PipesParser,3,0,3,3,43,8,0,0,0.0,3,5,/Users/surabhilone/Desktop/Thesis/SoftwareSystems/tika/tika-core/src/main/java/org/apache/tika/pipes/PipesParser.java,26
tika,org.apache.tika.pipes,HandlerConfig,7,1,17,17,98,19,0,0,0.17647058823529413,22,1,/Users/surabhilone/Desktop/Thesis/SoftwareSystems/tika/tika-core/src/main/java/org/apache/tika/pipes/HandlerConfig.java,25
tika,org.apache.tika.pipes,HandlerConfig.PARSE_MODE,0,0,0,0,20,0,0,0,-1.0,0,0,/Users/surabhilone/Desktop/Thesis/SoftwareSystems/tika/tika-core/src/main/java/org/apache/tika/pipes/HandlerConfig.java,36
tika,org.apache.tika.pipes,PipesClient,13,0,16,4,422,75,0,0,0.0,3,12,/Users/surabhilone/Desktop/Thesis/SoftwareSystems/tika/tika-core/src/main/java/org/apache/tika/pipes/PipesClient.java,58
tika,org.apache.tika.pipes,PipesResult,11,7,11,10,59,11,0,0,0.0,27,1,/Users/surabhilone/Desktop/Thesis/SoftwareSystems/tika/tika-core/src/main/java/org/apache/tika/pipes/PipesResult.java,21
tika,org.apache.tika.pipes,PipesResult.STATUS,0,0,0,0,1,0,0,0,-1.0,0,0,/Users/surabhilone/Desktop/Thesis/SoftwareSystems/tika/tika-core/src/main/java/org/apache/tika/pipes/PipesResult.java,25
tika,org.apache.tika.pipes,PipesServer,24,1,35,5,705,92,0,0,0.0,2,35,/Users/surabhilone/Desktop/Thesis/SoftwareSystems/tika/tika-core/src/main/java/org/apache/tika/pipes/PipesServer.java,86
tika,org.apache.tika.pipes,PipesServer.STATUS,0,0,0,0,15,0,0,0,-1.0,0,0,/Users/surabhilone/Desktop/Thesis/SoftwareSystems/tika/tika-core/src/main/java/org/apache/tika/pipes/PipesServer.java,105
tika,org.apache.tika.pipes,PipesServer.MetadataListAndEmbeddedBytes,2,0,0,0,31,0,0,0,-1.0,0,0,/Users/surabhilone/Desktop/Thesis/SoftwareSystems/tika/tika-core/src/main/java/org/apache/tika/pipes/PipesServer.java,875
tika,org.apache.tika.pipes,PipesConfig,2,0,5,4,28,6,0,1,0.8,5,1,/Users/surabhilone/Desktop/Thesis/SoftwareSystems/tika/tika-core/src/main/java/org/apache/tika/pipes/PipesConfig.java,30
tika,org.apache.tika.pipes,FetchEmitTuple,8,1,14,14,72,16,0,0,0.0,29,5,/Users/surabhilone/Desktop/Thesis/SoftwareSystems/tika/tika-core/src/main/java/org/apache/tika/pipes/FetchEmitTuple.java,28
tika,org.apache.tika.pipes,FetchEmitTuple.ON_PARSE_EXCEPTION,0,0,0,0,1,0,0,0,-1.0,0,0,/Users/surabhilone/Desktop/Thesis/SoftwareSystems/tika/tika-core/src/main/java/org/apache/tika/pipes/FetchEmitTuple.java,32
tika,org.apache.tika.pipes,PipesException,0,0,1,1,8,1,0,0,-1.0,1,0,/Users/surabhilone/Desktop/Thesis/SoftwareSystems/tika/tika-core/src/main/java/org/apache/tika/pipes/PipesException.java,19
tika,org.apache.tika.pipes,LoggingPipesReporter,1,0,3,3,15,3,0,1,0.0,0,2,/Users/surabhilone/Desktop/Thesis/SoftwareSystems/tika/tika-core/src/main/java/org/apache/tika/pipes/LoggingPipesReporter.java,23
tika,org.apache.tika.pipes,FailedToStartClientException,0,0,1,1,8,1,0,0,-1.0,0,0,/Users/surabhilone/Desktop/Thesis/SoftwareSystems/tika/tika-core/src/main/java/org/apache/tika/pipes/FailedToStartClientException.java,19
tika,org.apache.tika.pipes,CompositePipesReporter,1,0,10,10,65,20,0,1,0.2,0,6,/Users/surabhilone/Desktop/Thesis/SoftwareSystems/tika/tika-core/src/main/java/org/apache/tika/pipes/CompositePipesReporter.java,31
tika,org.apache.tika.pipes,PipesConfigBase,20,8,25,25,117,25,1,0,0.48,1,0,/Users/surabhilone/Desktop/Thesis/SoftwareSystems/tika/tika-core/src/main/java/org/apache/tika/pipes/PipesConfigBase.java,27
tika,org.apache.tika.pipes.async,MockReporterTest,0,0,2,2,18,2,0,0,-1.0,0,2,/Users/surabhilone/Desktop/Thesis/SoftwareSystems/tika/tika-core/src/test/java/org/apache/tika/pipes/async/MockReporterTest.java,31
tika,org.apache.tika.pipes.async,MockFetcher,1,0,2,2,9,2,0,0,1.0,0,3,/Users/surabhilone/Desktop/Thesis/SoftwareSystems/tika/tika-core/src/test/java/org/apache/tika/pipes/async/MockFetcher.java,29
tika,org.apache.tika.pipes.async,MockReporter,2,0,6,6,20,6,0,0,0.6666666666666666,1,2,/Users/surabhilone/Desktop/Thesis/SoftwareSystems/tika/tika-core/src/test/java/org/apache/tika/pipes/async/MockReporter.java,26
tika,org.apache.tika.pipes.async,MockDigesterFactory,1,0,3,3,25,3,0,0,0.6666666666666666,0,0,/Users/surabhilone/Desktop/Thesis/SoftwareSystems/tika/tika-core/src/test/java/org/apache/tika/pipes/async/MockDigesterFactory.java,22
tika,org.apache.tika.pipes.async,MockDigesterFactory.MockEncoder,0,0,0,0,13,0,0,0,-1.0,0,0,/Users/surabhilone/Desktop/Thesis/SoftwareSystems/tika/tika-core/src/test/java/org/apache/tika/pipes/async/MockDigesterFactory.java,31
tika,org.apache.tika.pipes.async,AsyncChaosMonkeyTest,11,0,3,3,95,17,0,0,0.0,0,8,/Users/surabhilone/Desktop/Thesis/SoftwareSystems/tika/tika-core/src/test/java/org/apache/tika/pipes/async/AsyncChaosMonkeyTest.java,43
tika,org.apache.tika.pipes.async,MockEmitter,1,0,4,4,17,5,0,0,0.5,1,1,/Users/surabhilone/Desktop/Thesis/SoftwareSystems/tika/tika-core/src/test/java/org/apache/tika/pipes/async/MockEmitter.java,32
tika,org.apache.tika.pipes.async,AsyncConfig,6,0,13,13,70,14,0,0,0.5384615384615384,6,2,/Users/surabhilone/Desktop/Thesis/SoftwareSystems/tika/tika-core/src/main/java/org/apache/tika/pipes/async/AsyncConfig.java,28
tika,org.apache.tika.pipes.async,AsyncProcessor,17,0,10,9,251,34,0,0,0.3,3,10,/Users/surabhilone/Desktop/Thesis/SoftwareSystems/tika/tika-core/src/main/java/org/apache/tika/pipes/async/AsyncProcessor.java,48
tika,org.apache.tika.pipes.async,AsyncProcessor.FetchEmitWorker,3,0,0,0,62,0,0,0,-1.0,0,3,/Users/surabhilone/Desktop/Thesis/SoftwareSystems/tika/tika-core/src/main/java/org/apache/tika/pipes/async/AsyncProcessor.java,277
tika,org.apache.tika.pipes.async,OfferLargerThanQueueSize,2,0,4,4,17,4,0,0,0.0,0,0,/Users/surabhilone/Desktop/Thesis/SoftwareSystems/tika/tika-core/src/main/java/org/apache/tika/pipes/async/OfferLargerThanQueueSize.java,19
tika,org.apache.tika.pipes.async,AsyncEmitter,11,0,2,2,84,6,0,0,0.0,1,3,/Users/surabhilone/Desktop/Thesis/SoftwareSystems/tika/tika-core/src/main/java/org/apache/tika/pipes/async/AsyncEmitter.java,39
tika,org.apache.tika.pipes.async,AsyncEmitter.EmitDataCache,4,0,0,0,45,0,0,0,-1.0,0,0,/Users/surabhilone/Desktop/Thesis/SoftwareSystems/tika/tika-core/src/main/java/org/apache/tika/pipes/async/AsyncEmitter.java,90
tika,org.apache.tika.pipes.async,AsyncStatus,6,0,10,10,43,10,0,0,0.0,2,2,/Users/surabhilone/Desktop/Thesis/SoftwareSystems/tika/tika-core/src/main/java/org/apache/tika/pipes/async/AsyncStatus.java,27
tika,org.apache.tika.pipes.async,AsyncStatus.ASYNC_STATUS,0,0,0,0,1,0,0,0,-1.0,0,0,/Users/surabhilone/Desktop/Thesis/SoftwareSystems/tika/tika-core/src/main/java/org/apache/tika/pipes/async/AsyncStatus.java,29
tika,org.apache.tika.pipes.fetcher,MockFetcher,3,0,5,5,22,6,0,2,0.6,0,5,/Users/surabhilone/Desktop/Thesis/SoftwareSystems/tika/tika-core/src/test/java/org/apache/tika/pipes/fetcher/MockFetcher.java,34
tika,org.apache.tika.pipes.fetcher,FetcherStringException,0,0,1,1,8,1,0,1,-1.0,0,0,/Users/surabhilone/Desktop/Thesis/SoftwareSystems/tika/tika-core/src/main/java/org/apache/tika/pipes/fetcher/FetcherStringException.java,21
tika,org.apache.tika.pipes.fetcher,AbstractFetcher,1,0,4,4,14,4,1,1,0.5,2,0,/Users/surabhilone/Desktop/Thesis/SoftwareSystems/tika/tika-core/src/main/java/org/apache/tika/pipes/fetcher/AbstractFetcher.java,22
tika,org.apache.tika.pipes.fetcher,Fetcher,0,0,2,0,7,2,3,0,-1.0,11,3,/Users/surabhilone/Desktop/Thesis/SoftwareSystems/tika/tika-core/src/main/java/org/apache/tika/pipes/fetcher/Fetcher.java,26
tika,org.apache.tika.pipes.fetcher,FetcherManager,1,0,5,5,49,12,0,0,0.4,16,3,/Users/surabhilone/Desktop/Thesis/SoftwareSystems/tika/tika-core/src/main/java/org/apache/tika/pipes/fetcher/FetcherManager.java,32
tika,org.apache.tika.pipes.fetcher,EmptyFetcher,0,0,2,2,8,2,0,1,-1.0,0,3,/Users/surabhilone/Desktop/Thesis/SoftwareSystems/tika/tika-core/src/main/java/org/apache/tika/pipes/fetcher/EmptyFetcher.java,26
tika,org.apache.tika.pipes.fetcher,RangeFetcher,0,0,2,0,9,2,0,1,-1.0,0,3,/Users/surabhilone/Desktop/Thesis/SoftwareSystems/tika/tika-core/src/main/java/org/apache/tika/pipes/fetcher/RangeFetcher.java,26
tika,org.apache.tika.pipes.fetcher,FetchKey,5,0,11,11,55,13,0,0,0.18181818181818182,3,0,/Users/surabhilone/Desktop/Thesis/SoftwareSystems/tika/tika-core/src/main/java/org/apache/tika/pipes/fetcher/FetchKey.java,22
tika,org.apache.tika.pipes.fetcher.fs,FileSystemFetcherTest,0,0,5,5,46,5,0,0,-1.0,0,3,/Users/surabhilone/Desktop/Thesis/SoftwareSystems/tika/tika-core/src/test/java/org/apache/tika/pipes/fetcher/fs/FileSystemFetcherTest.java,34
tika,org.apache.tika.pipes.fetcher.fs,FileSystemFetcher,4,0,13,10,109,26,0,1,0.3076923076923077,1,8,/Users/surabhilone/Desktop/Thesis/SoftwareSystems/tika/tika-core/src/main/java/org/apache/tika/pipes/fetcher/fs/FileSystemFetcher.java,48
tika,org.apache.tika.metadata.listfilter,AttachmentCountingListFilter,0,0,1,1,9,2,0,1,-1.0,0,1,/Users/surabhilone/Desktop/Thesis/SoftwareSystems/tika/tika-core/src/test/java/org/apache/tika/metadata/listfilter/AttachmentCountingListFilter.java,24
tika,org.apache.tika.metadata.listfilter,MetadataListFilterTest,0,0,1,1,11,1,0,0,-1.0,0,2,/Users/surabhilone/Desktop/Thesis/SoftwareSystems/tika/tika-core/src/test/java/org/apache/tika/metadata/listfilter/MetadataListFilterTest.java,28
tika,org.apache.tika.metadata.listfilter,CompositeMetadataListFilter,1,0,6,6,25,7,0,1,0.0,2,1,/Users/surabhilone/Desktop/Thesis/SoftwareSystems/tika/tika-core/src/main/java/org/apache/tika/metadata/listfilter/CompositeMetadataListFilter.java,25
tika,org.apache.tika.metadata.listfilter,MetadataListFilter,0,0,2,2,21,3,3,0,-1.0,4,3,/Users/surabhilone/Desktop/Thesis/SoftwareSystems/tika/tika-core/src/main/java/org/apache/tika/metadata/listfilter/MetadataListFilter.java,30
tika,org.apache.tika.metadata.listfilter,NoOpListFilter,0,0,1,1,5,1,0,1,-1.0,0,0,/Users/surabhilone/Desktop/Thesis/SoftwareSystems/tika/tika-core/src/main/java/org/apache/tika/metadata/listfilter/NoOpListFilter.java,23
tika,org.apache.tika.metadata.writefilter,StandardWriteFilterTest,0,0,13,11,211,19,0,0,-1.0,0,13,/Users/surabhilone/Desktop/Thesis/SoftwareSystems/tika/tika-core/src/test/java/org/apache/tika/metadata/writefilter/StandardWriteFilterTest.java,46
tika,org.apache.tika.metadata.writefilter,StandardWriteFilter,18,2,17,3,299,53,0,1,0.0,1,4,/Users/surabhilone/Desktop/Thesis/SoftwareSystems/tika/tika-core/src/main/java/org/apache/tika/metadata/writefilter/StandardWriteFilter.java,35
tika,org.apache.tika.metadata.writefilter,StandardWriteFilter.StringSizePair,3,0,0,0,10,0,0,0,-1.0,0,0,/Users/surabhilone/Desktop/Thesis/SoftwareSystems/tika/tika-core/src/main/java/org/apache/tika/metadata/writefilter/StandardWriteFilter.java,462
tika,org.apache.tika.metadata.writefilter,MetadataWriteFilter,0,0,3,0,18,3,1,0,-1.0,4,0,/Users/surabhilone/Desktop/Thesis/SoftwareSystems/tika/tika-core/src/main/java/org/apache/tika/metadata/writefilter/MetadataWriteFilter.java,22
tika,org.apache.tika.metadata.writefilter,MetadataWriteFilterFactory,0,0,1,0,3,1,1,0,-1.0,2,1,/Users/surabhilone/Desktop/Thesis/SoftwareSystems/tika/tika-core/src/main/java/org/apache/tika/metadata/writefilter/MetadataWriteFilterFactory.java,19
tika,org.apache.tika.metadata.writefilter,StandardWriteFilterFactory,11,4,15,15,74,18,0,1,0.0,0,1,/Users/surabhilone/Desktop/Thesis/SoftwareSystems/tika/tika-core/src/main/java/org/apache/tika/metadata/writefilter/StandardWriteFilterFactory.java,24
tika,org.apache.tika.metadata,TestMetadata,2,0,18,18,355,21,0,0,0.9444444444444444,0,5,/Users/surabhilone/Desktop/Thesis/SoftwareSystems/tika/tika-core/src/test/java/org/apache/tika/metadata/TestMetadata.java,46
tika,org.apache.tika.metadata,TestMetadata.MetadataDateAdder,1,0,0,0,16,0,0,0,-1.0,0,1,/Users/surabhilone/Desktop/Thesis/SoftwareSystems/tika/tika-core/src/test/java/org/apache/tika/metadata/TestMetadata.java,495
tika,org.apache.tika.metadata,TikaPagedText,3,0,0,0,11,0,0,0,-1.0,7,1,/Users/surabhilone/Desktop/Thesis/SoftwareSystems/tika/tika-core/src/main/java/org/apache/tika/metadata/TikaPagedText.java,19
tika,org.apache.tika.metadata,XMPDC,19,0,0,0,75,0,0,0,-1.0,2,2,/Users/surabhilone/Desktop/Thesis/SoftwareSystems/tika/tika-core/src/main/java/org/apache/tika/metadata/XMPDC.java,19
tika,org.apache.tika.metadata,Message,20,0,0,0,49,0,1,0,-1.0,9,2,/Users/surabhilone/Desktop/Thesis/SoftwareSystems/tika/tika-core/src/main/java/org/apache/tika/metadata/Message.java,19
tika,org.apache.tika.metadata,XMPPDF,5,0,0,0,16,0,0,0,-1.0,2,2,/Users/surabhilone/Desktop/Thesis/SoftwareSystems/tika/tika-core/src/main/java/org/apache/tika/metadata/XMPPDF.java,19
tika,org.apache.tika.metadata,FileSystem,4,0,0,0,9,0,0,0,-1.0,1,1,/Users/surabhilone/Desktop/Thesis/SoftwareSystems/tika/tika-core/src/main/java/org/apache/tika/metadata/FileSystem.java,19
tika,org.apache.tika.metadata,Epub,3,0,0,0,12,0,0,0,-1.0,3,2,/Users/surabhilone/Desktop/Thesis/SoftwareSystems/tika/tika-core/src/main/java/org/apache/tika/metadata/Epub.java,19
tika,org.apache.tika.metadata,TIFF,18,0,0,0,77,0,1,0,-1.0,6,1,/Users/surabhilone/Desktop/Thesis/SoftwareSystems/tika/tika-core/src/main/java/org/apache/tika/metadata/TIFF.java,19
tika,org.apache.tika.metadata,WordPerfect,8,0,0,0,35,0,0,0,-1.0,1,2,/Users/surabhilone/Desktop/Thesis/SoftwareSystems/tika/tika-core/src/main/java/org/apache/tika/metadata/WordPerfect.java,20
tika,org.apache.tika.metadata,Property,8,0,43,38,251,56,0,0,0.0,97,0,/Users/surabhilone/Desktop/Thesis/SoftwareSystems/tika/tika-core/src/main/java/org/apache/tika/metadata/Property.java,28
tika,org.apache.tika.metadata,Property.PropertyType,0,0,0,0,16,0,0,0,-1.0,0,0,/Users/surabhilone/Desktop/Thesis/SoftwareSystems/tika/tika-core/src/main/java/org/apache/tika/metadata/Property.java,336
tika,org.apache.tika.metadata,Property.ValueType,0,0,0,0,1,0,0,0,-1.0,0,0,/Users/surabhilone/Desktop/Thesis/SoftwareSystems/tika/tika-core/src/main/java/org/apache/tika/metadata/Property.java,359
tika,org.apache.tika.metadata,MachineMetadata,40,2,0,0,65,0,1,0,-1.0,2,1,/Users/surabhilone/Desktop/Thesis/SoftwareSystems/tika/tika-core/src/main/java/org/apache/tika/metadata/MachineMetadata.java,19
tika,org.apache.tika.metadata,MachineMetadata.Endian,4,2,0,0,24,0,0,0,-1.0,0,0,/Users/surabhilone/Desktop/Thesis/SoftwareSystems/tika/tika-core/src/main/java/org/apache/tika/metadata/MachineMetadata.java,77
tika,org.apache.tika.metadata,HTML,2,0,0,0,7,0,0,0,-1.0,1,2,/Users/surabhilone/Desktop/Thesis/SoftwareSystems/tika/tika-core/src/main/java/org/apache/tika/metadata/HTML.java,19
tika,org.apache.tika.metadata,TikaMimeKeys,2,0,0,0,7,0,1,0,-1.0,0,0,/Users/surabhilone/Desktop/Thesis/SoftwareSystems/tika/tika-core/src/main/java/org/apache/tika/metadata/TikaMimeKeys.java,19
tika,org.apache.tika.metadata,WARC,5,0,0,0,7,0,0,0,-1.0,1,2,/Users/surabhilone/Desktop/Thesis/SoftwareSystems/tika/tika-core/src/main/java/org/apache/tika/metadata/WARC.java,19
tika,org.apache.tika.metadata,CreativeCommons,3,0,0,0,9,0,1,0,-1.0,0,0,/Users/surabhilone/Desktop/Thesis/SoftwareSystems/tika/tika-core/src/main/java/org/apache/tika/metadata/CreativeCommons.java,19
tika,org.apache.tika.metadata,Rendering,3,0,0,0,5,0,0,0,-1.0,1,1,/Users/surabhilone/Desktop/Thesis/SoftwareSystems/tika/tika-core/src/main/java/org/apache/tika/metadata/Rendering.java,19
tika,org.apache.tika.metadata,XMPMM,14,0,0,0,52,0,0,0,-1.0,8,1,/Users/surabhilone/Desktop/Thesis/SoftwareSystems/tika/tika-core/src/main/java/org/apache/tika/metadata/XMPMM.java,19
tika,org.apache.tika.metadata,TikaCoreProperties,76,0,0,0,237,0,0,0,-1.0,349,7,/Users/surabhilone/Desktop/Thesis/SoftwareSystems/tika/tika-core/src/main/java/org/apache/tika/metadata/TikaCoreProperties.java,19
tika,org.apache.tika.metadata,TikaCoreProperties.EmbeddedResourceType,0,0,0,0,4,0,0,0,-1.0,0,0,/Users/surabhilone/Desktop/Thesis/SoftwareSystems/tika/tika-core/src/main/java/org/apache/tika/metadata/TikaCoreProperties.java,393
tika,org.apache.tika.metadata,DublinCore,21,0,0,0,78,0,0,0,-1.0,21,2,/Users/surabhilone/Desktop/Thesis/SoftwareSystems/tika/tika-core/src/main/java/org/apache/tika/metadata/DublinCore.java,19
tika,org.apache.tika.metadata,PropertyTypeException,0,0,4,4,18,4,0,0,-1.0,2,0,/Users/surabhilone/Desktop/Thesis/SoftwareSystems/tika/tika-core/src/main/java/org/apache/tika/metadata/PropertyTypeException.java,23
tika,org.apache.tika.metadata,Photoshop,18,0,0,0,25,0,0,0,-1.0,3,2,/Users/surabhilone/Desktop/Thesis/SoftwareSystems/tika/tika-core/src/main/java/org/apache/tika/metadata/Photoshop.java,23
tika,org.apache.tika.metadata,XMPIdq,4,0,0,0,12,0,0,0,-1.0,0,1,/Users/surabhilone/Desktop/Thesis/SoftwareSystems/tika/tika-core/src/main/java/org/apache/tika/metadata/XMPIdq.java,19
tika,org.apache.tika.metadata,Database,5,0,0,0,7,0,0,0,-1.0,7,2,/Users/surabhilone/Desktop/Thesis/SoftwareSystems/tika/tika-core/src/main/java/org/apache/tika/metadata/Database.java,19
tika,org.apache.tika.metadata,ExternalProcess,9,0,0,0,35,0,0,0,-1.0,6,2,/Users/surabhilone/Desktop/Thesis/SoftwareSystems/tika/tika-core/src/main/java/org/apache/tika/metadata/ExternalProcess.java,19
tika,org.apache.tika.metadata,Font,2,0,0,0,7,0,0,0,-1.0,2,2,/Users/surabhilone/Desktop/Thesis/SoftwareSystems/tika/tika-core/src/main/java/org/apache/tika/metadata/Font.java,19
tika,org.apache.tika.metadata,AccessPermissions,9,0,0,0,38,0,0,0,-1.0,4,2,/Users/surabhilone/Desktop/Thesis/SoftwareSystems/tika/tika-core/src/main/java/org/apache/tika/metadata/AccessPermissions.java,19
tika,org.apache.tika.metadata,XMP,14,0,0,0,55,0,0,0,-1.0,8,2,/Users/surabhilone/Desktop/Thesis/SoftwareSystems/tika/tika-core/src/main/java/org/apache/tika/metadata/XMP.java,19
tika,org.apache.tika.metadata,HttpHeaders,8,0,0,0,15,0,1,0,-1.0,23,0,/Users/surabhilone/Desktop/Thesis/SoftwareSystems/tika/tika-core/src/main/java/org/apache/tika/metadata/HttpHeaders.java,19
tika,org.apache.tika.metadata,PDF,56,0,0,0,119,0,0,0,-1.0,10,2,/Users/surabhilone/Desktop/Thesis/SoftwareSystems/tika/tika-core/src/main/java/org/apache/tika/metadata/PDF.java,19
tika,org.apache.tika.metadata,IPTC,112,0,0,0,451,0,0,0,-1.0,2,5,/Users/surabhilone/Desktop/Thesis/SoftwareSystems/tika/tika-core/src/main/java/org/apache/tika/metadata/IPTC.java,23
tika,org.apache.tika.metadata,Geographic,4,0,0,0,24,0,1,0,-1.0,6,1,/Users/surabhilone/Desktop/Thesis/SoftwareSystems/tika/tika-core/src/main/java/org/apache/tika/metadata/Geographic.java,19
tika,org.apache.tika.metadata,RTFMetadata,8,0,0,0,16,0,0,0,-1.0,6,2,/Users/surabhilone/Desktop/Thesis/SoftwareSystems/tika/tika-core/src/main/java/org/apache/tika/metadata/RTFMetadata.java,19
tika,org.apache.tika.metadata,Metadata,5,0,42,35,551,106,1,1,0.40476190476190477,685,3,/Users/surabhilone/Desktop/Thesis/SoftwareSystems/tika/tika-core/src/main/java/org/apache/tika/metadata/Metadata.java,41
tika,org.apache.tika.metadata,PagedText,1,0,0,0,12,0,0,0,-1.0,10,1,/Users/surabhilone/Desktop/Thesis/SoftwareSystems/tika/tika-core/src/main/java/org/apache/tika/metadata/PagedText.java,19
tika,org.apache.tika.metadata,OfficeOpenXMLExtended,22,0,0,0,31,0,0,0,-1.0,28,2,/Users/surabhilone/Desktop/Thesis/SoftwareSystems/tika/tika-core/src/main/java/org/apache/tika/metadata/OfficeOpenXMLExtended.java,19
tika,org.apache.tika.metadata,XMPRights,8,0,0,0,33,0,0,0,-1.0,3,1,/Users/surabhilone/Desktop/Thesis/SoftwareSystems/tika/tika-core/src/main/java/org/apache/tika/metadata/XMPRights.java,23
tika,org.apache.tika.metadata,XMPDM,48,0,0,0,241,0,0,0,-1.0,7,1,/Users/surabhilone/Desktop/Thesis/SoftwareSystems/tika/tika-core/src/main/java/org/apache/tika/metadata/XMPDM.java,21
tika,org.apache.tika.metadata,XMPDM.ChannelTypePropertyConverter,1,0,0,0,45,0,0,0,-1.0,0,1,/Users/surabhilone/Desktop/Thesis/SoftwareSystems/tika/tika-core/src/main/java/org/apache/tika/metadata/XMPDM.java,339
tika,org.apache.tika.metadata,Office,62,0,0,0,128,0,0,0,-1.0,44,3,/Users/surabhilone/Desktop/Thesis/SoftwareSystems/tika/tika-core/src/main/java/org/apache/tika/metadata/Office.java,19
tika,org.apache.tika.metadata,MAPI,29,0,0,0,41,0,0,0,-1.0,4,2,/Users/surabhilone/Desktop/Thesis/SoftwareSystems/tika/tika-core/src/main/java/org/apache/tika/metadata/MAPI.java,19
tika,org.apache.tika.metadata,PST,4,0,0,0,6,0,0,0,-1.0,5,1,/Users/surabhilone/Desktop/Thesis/SoftwareSystems/tika/tika-core/src/main/java/org/apache/tika/metadata/PST.java,19
tika,org.apache.tika.metadata,OfficeOpenXMLCore,9,0,0,0,39,0,0,0,-1.0,16,3,/Users/surabhilone/Desktop/Thesis/SoftwareSystems/tika/tika-core/src/main/java/org/apache/tika/metadata/OfficeOpenXMLCore.java,19
tika,org.apache.tika.metadata,QuattroPro,5,0,0,0,23,0,0,0,-1.0,2,2,/Users/surabhilone/Desktop/Thesis/SoftwareSystems/tika/tika-core/src/main/java/org/apache/tika/metadata/QuattroPro.java,21
tika,org.apache.tika.metadata,ClimateForcast,15,0,0,0,20,0,1,0,-1.0,0,0,/Users/surabhilone/Desktop/Thesis/SoftwareSystems/tika/tika-core/src/main/java/org/apache/tika/metadata/ClimateForcast.java,19
tika,org.apache.tika.metadata.filter,MockUpperCaseFilter,0,0,1,1,14,3,0,1,-1.0,0,2,/Users/surabhilone/Desktop/Thesis/SoftwareSystems/tika/tika-core/src/test/java/org/apache/tika/metadata/filter/MockUpperCaseFilter.java,24
tika,org.apache.tika.metadata.filter,TestMetadataFilter,0,0,15,14,169,15,0,0,-1.0,0,10,/Users/surabhilone/Desktop/Thesis/SoftwareSystems/tika/tika-core/src/test/java/org/apache/tika/metadata/filter/TestMetadataFilter.java,35
tika,org.apache.tika.metadata.filter,IncludeFieldMetadataFilter,1,0,5,5,25,7,0,1,0.4,1,2,/Users/surabhilone/Desktop/Thesis/SoftwareSystems/tika/tika-core/src/main/java/org/apache/tika/metadata/filter/IncludeFieldMetadataFilter.java,28
tika,org.apache.tika.metadata.filter,MetadataFilter,0,0,2,2,25,3,14,0,-1.0,10,4,/Users/surabhilone/Desktop/Thesis/SoftwareSystems/tika/tika-core/src/main/java/org/apache/tika/metadata/filter/MetadataFilter.java,29
tika,org.apache.tika.metadata.filter,CompositeMetadataFilter,1,0,6,6,24,7,1,1,0.0,3,2,/Users/surabhilone/Desktop/Thesis/SoftwareSystems/tika/tika-core/src/main/java/org/apache/tika/metadata/filter/CompositeMetadataFilter.java,25
tika,org.apache.tika.metadata.filter,FieldNameMappingFilter,2,0,5,5,49,13,0,1,0.0,1,2,/Users/surabhilone/Desktop/Thesis/SoftwareSystems/tika/tika-core/src/main/java/org/apache/tika/metadata/filter/FieldNameMappingFilter.java,26
tika,org.apache.tika.metadata.filter,CaptureGroupMetadataFilter,4,0,9,9,53,13,0,1,0.0,0,5,/Users/surabhilone/Desktop/Thesis/SoftwareSystems/tika/tika-core/src/main/java/org/apache/tika/metadata/filter/CaptureGroupMetadataFilter.java,34
tika,org.apache.tika.metadata.filter,ExcludeFieldMetadataFilter,1,0,5,5,23,6,0,1,0.4,1,2,/Users/surabhilone/Desktop/Thesis/SoftwareSystems/tika/tika-core/src/main/java/org/apache/tika/metadata/filter/ExcludeFieldMetadataFilter.java,28
tika,org.apache.tika.metadata.filter,GeoPointMetadataFilter,1,0,3,3,27,5,0,1,0.0,0,4,/Users/surabhilone/Desktop/Thesis/SoftwareSystems/tika/tika-core/src/main/java/org/apache/tika/metadata/filter/GeoPointMetadataFilter.java,25
tika,org.apache.tika.metadata.filter,DefaultMetadataFilter,0,0,4,3,16,4,0,2,-1.0,1,1,/Users/surabhilone/Desktop/Thesis/SoftwareSystems/tika/tika-core/src/main/java/org/apache/tika/metadata/filter/DefaultMetadataFilter.java,24
tika,org.apache.tika.metadata.filter,DateNormalizingMetadataFilter,3,0,3,3,43,8,0,1,0.0,1,3,/Users/surabhilone/Desktop/Thesis/SoftwareSystems/tika/tika-core/src/main/java/org/apache/tika/metadata/filter/DateNormalizingMetadataFilter.java,34
tika,org.apache.tika.metadata.filter,ClearByAttachmentTypeMetadataFilter,1,0,5,5,51,11,0,1,0.4,0,4,/Users/surabhilone/Desktop/Thesis/SoftwareSystems/tika/tika-core/src/main/java/org/apache/tika/metadata/filter/ClearByAttachmentTypeMetadataFilter.java,30
tika,org.apache.tika.metadata.filter,NoOpFilter,1,1,1,1,8,1,0,1,0.0,3,2,/Users/surabhilone/Desktop/Thesis/SoftwareSystems/tika/tika-core/src/main/java/org/apache/tika/metadata/filter/NoOpFilter.java,22
tika,org.apache.tika.metadata.filter,ClearByMimeMetadataFilter,1,0,5,5,36,9,0,1,0.4,1,3,/Users/surabhilone/Desktop/Thesis/SoftwareSystems/tika/tika-core/src/main/java/org/apache/tika/metadata/filter/ClearByMimeMetadataFilter.java,29
tika,org.apache.custom.detect,MyCustomDetector,0,0,1,1,5,1,0,1,-1.0,0,2,/Users/surabhilone/Desktop/Thesis/SoftwareSystems/tika/tika-core/src/test/java/org/apache/custom/detect/MyCustomDetector.java,26
tika,org.apache.tika.renderer,RenderRequest,0,0,0,0,5,0,1,0,-1.0,5,0,/Users/surabhilone/Desktop/Thesis/SoftwareSystems/tika/tika-core/src/main/java/org/apache/tika/renderer/RenderRequest.java,19
tika,org.apache.tika.renderer,CompositeRenderer,1,0,8,7,46,13,0,1,0.5,1,11,/Users/surabhilone/Desktop/Thesis/SoftwareSystems/tika/tika-core/src/main/java/org/apache/tika/renderer/CompositeRenderer.java,40
tika,org.apache.tika.renderer,RenderingState,0,0,0,0,5,0,1,0,-1.0,0,0,/Users/surabhilone/Desktop/Thesis/SoftwareSystems/tika/tika-core/src/main/java/org/apache/tika/renderer/RenderingState.java,19
tika,org.apache.tika.renderer,Renderer,0,0,2,0,13,2,3,0,-1.0,9,5,/Users/surabhilone/Desktop/Thesis/SoftwareSystems/tika/tika-core/src/main/java/org/apache/tika/renderer/Renderer.java,29
tika,org.apache.tika.renderer,PageRangeRequest,3,1,5,5,31,7,0,1,0.0,5,0,/Users/surabhilone/Desktop/Thesis/SoftwareSystems/tika/tika-core/src/main/java/org/apache/tika/renderer/PageRangeRequest.java,21
tika,org.apache.tika.renderer,RenderResults,2,0,4,4,17,4,1,0,0.0,6,2,/Users/surabhilone/Desktop/Thesis/SoftwareSystems/tika/tika-core/src/main/java/org/apache/tika/renderer/RenderResults.java,26
tika,org.apache.tika.renderer,RenderingTracker,1,0,1,1,9,1,0,0,0.0,3,0,/Users/surabhilone/Desktop/Thesis/SoftwareSystems/tika/tika-core/src/main/java/org/apache/tika/renderer/RenderingTracker.java,19
tika,org.apache.tika.renderer,RenderResult,5,0,7,7,47,10,0,0,0.0,7,3,/Users/surabhilone/Desktop/Thesis/SoftwareSystems/tika/tika-core/src/main/java/org/apache/tika/renderer/RenderResult.java,29
tika,org.apache.tika.renderer,RenderResult.STATUS,0,0,0,0,1,0,0,0,-1.0,0,0,/Users/surabhilone/Desktop/Thesis/SoftwareSystems/tika/tika-core/src/main/java/org/apache/tika/renderer/RenderResult.java,31
tika,org.apache.tika.renderer,PageBasedRenderResults,1,0,3,3,21,5,0,1,0.6666666666666666,3,3,/Users/surabhilone/Desktop/Thesis/SoftwareSystems/tika/tika-core/src/main/java/org/apache/tika/renderer/PageBasedRenderResults.java,27
tika,org.apache.tika.embedder,Embedder,0,0,2,0,22,2,1,0,-1.0,0,3,/Users/surabhilone/Desktop/Thesis/SoftwareSystems/tika/tika-core/src/main/java/org/apache/tika/embedder/Embedder.java,31
tika,org.apache.tika.embedder,ExternalEmbedder,11,2,24,18,369,57,0,1,0.20833333333333334,0,7,/Users/surabhilone/Desktop/Thesis/SoftwareSystems/tika/tika-core/src/main/java/org/apache/tika/embedder/ExternalEmbedder.java,45
tika,org.apache.tika.language.translate,EmptyTranslator,0,0,3,3,14,3,0,1,-1.0,1,0,/Users/surabhilone/Desktop/Thesis/SoftwareSystems/tika/tika-core/src/main/java/org/apache/tika/language/translate/EmptyTranslator.java,19
tika,org.apache.tika.language.translate,Translator,0,0,3,0,32,3,5,0,-1.0,7,1,/Users/surabhilone/Desktop/Thesis/SoftwareSystems/tika/tika-core/src/main/java/org/apache/tika/language/translate/Translator.java,23
tika,org.apache.tika.language.translate,DefaultTranslator,1,0,9,7,69,13,0,1,0.2222222222222222,1,3,/Users/surabhilone/Desktop/Thesis/SoftwareSystems/tika/tika-core/src/main/java/org/apache/tika/language/translate/DefaultTranslator.java,26
tika,org.apache.tika.parser.digest,InputStreamDigester,4,0,10,3,141,23,0,0,0.0,0,8,/Users/surabhilone/Desktop/Thesis/SoftwareSystems/tika/tika-core/src/main/java/org/apache/tika/parser/digest/InputStreamDigester.java,37
tika,org.apache.tika.parser.digest,CompositeDigester,1,0,2,2,23,3,0,0,0.0,0,5,/Users/surabhilone/Desktop/Thesis/SoftwareSystems/tika/tika-core/src/main/java/org/apache/tika/parser/digest/CompositeDigester.java,30
tika,org.apache.tika.parser.external,ExternalParser,10,2,18,12,350,41,1,1,0.2222222222222222,5,7,/Users/surabhilone/Desktop/Thesis/SoftwareSystems/tika/tika-core/src/main/java/org/apache/tika/parser/external/ExternalParser.java,55
tika,org.apache.tika.parser.external,ExternalParser.LineConsumer,1,0,0,0,17,0,0,0,-1.0,0,0,/Users/surabhilone/Desktop/Thesis/SoftwareSystems/tika/tika-core/src/main/java/org/apache/tika/parser/external/ExternalParser.java,450
tika,org.apache.tika.parser.external,CompositeExternalParser,1,0,2,2,12,2,0,2,1.0,0,3,/Users/surabhilone/Desktop/Thesis/SoftwareSystems/tika/tika-core/src/main/java/org/apache/tika/parser/external/CompositeExternalParser.java,27
tika,org.apache.tika.parser.external,ExternalParsersConfigReaderMetKeys,10,0,0,0,15,0,1,0,-1.0,0,0,/Users/surabhilone/Desktop/Thesis/SoftwareSystems/tika/tika-core/src/main/java/org/apache/tika/parser/external/ExternalParsersConfigReaderMetKeys.java,19
tika,org.apache.tika.parser.external,ExternalParsersConfigReader,0,0,8,3,144,35,0,1,-1.0,1,4,/Users/surabhilone/Desktop/Thesis/SoftwareSystems/tika/tika-core/src/main/java/org/apache/tika/parser/external/ExternalParsersConfigReader.java,43
tika,org.apache.tika.parser.external,ExternalParsersFactory,0,0,6,6,38,8,0,0,-1.0,1,6,/Users/surabhilone/Desktop/Thesis/SoftwareSystems/tika/tika-core/src/main/java/org/apache/tika/parser/external/ExternalParsersFactory.java,35
tika,org.apache.tika.pipes.pipesiterator.fs,FileSystemPipesIterator,12,0,10,9,147,16,0,1,0.2,0,4,/Users/surabhilone/Desktop/Thesis/SoftwareSystems/tika/tika-core/src/main/java/org/apache/tika/pipes/pipesiterator/fs/FileSystemPipesIterator.java,51
tika,org.apache.tika.pipes.pipesiterator.fs,FileSystemPipesIterator.FSFileVisitor,2,0,0,0,32,0,0,0,-1.0,0,0,/Users/surabhilone/Desktop/Thesis/SoftwareSystems/tika/tika-core/src/main/java/org/apache/tika/pipes/pipesiterator/fs/FileSystemPipesIterator.java,136
tika,org.apache.tika.pipes.pipesiterator.fs,FileSystemPipesIterator.FileCountWorker,6,0,0,0,56,0,0,0,-1.0,0,1,/Users/surabhilone/Desktop/Thesis/SoftwareSystems/tika/tika-core/src/main/java/org/apache/tika/pipes/pipesiterator/fs/FileSystemPipesIterator.java,182
tika,org.apache.tika.pipes.pipesiterator.fs,FileSystemPipesIterator.FSFileCounter,1,0,0,0,19,0,0,0,-1.0,0,0,/Users/surabhilone/Desktop/Thesis/SoftwareSystems/tika/tika-core/src/main/java/org/apache/tika/pipes/pipesiterator/fs/FileSystemPipesIterator.java,226
tika,org.apache.tika.pipes.fetcher.config,FetcherConfigContainer,2,0,4,4,18,4,0,0,0.5,2,0,/Users/surabhilone/Desktop/Thesis/SoftwareSystems/tika/tika-core/src/main/java/org/apache/tika/pipes/fetcher/config/FetcherConfigContainer.java,19
tika,org.apache.tika.pipes.fetcher.config,AbstractConfig,0,0,0,0,2,0,0,0,-1.0,2,0,/Users/surabhilone/Desktop/Thesis/SoftwareSystems/tika/tika-core/src/main/java/org/apache/tika/pipes/fetcher/config/AbstractConfig.java,19
tika,org.apache.tika.pipes.fetcher.url,UrlFetcher,0,0,1,1,14,3,0,0,-1.0,0,3,/Users/surabhilone/Desktop/Thesis/SoftwareSystems/tika/tika-core/src/main/java/org/apache/tika/pipes/fetcher/url/UrlFetcher.java,30
tika,org.apache.tika.pipes.fetcher.fs.config,FileSystemFetcherConfig,3,0,6,6,29,6,0,0,0.5,0,0,/Users/surabhilone/Desktop/Thesis/SoftwareSystems/tika/tika-core/src/main/java/org/apache/tika/pipes/fetcher/fs/config/FileSystemFetcherConfig.java,21
tika,org.apache.tika.pipes.extractor,EmbeddedDocumentBytesConfig,9,1,21,21,107,23,0,0,0.09523809523809523,9,0,/Users/surabhilone/Desktop/Thesis/SoftwareSystems/tika/tika-core/src/main/java/org/apache/tika/pipes/extractor/EmbeddedDocumentBytesConfig.java,22
tika,org.apache.tika.pipes.extractor,EmbeddedDocumentBytesConfig.SUFFIX_STRATEGY,0,0,0,0,13,0,0,0,-1.0,0,0,/Users/surabhilone/Desktop/Thesis/SoftwareSystems/tika/tika-core/src/main/java/org/apache/tika/pipes/extractor/EmbeddedDocumentBytesConfig.java,32
tika,org.apache.tika.pipes.extractor,EmittingEmbeddedDocumentBytesHandler,5,0,3,3,33,6,0,0,0.0,0,9,/Users/surabhilone/Desktop/Thesis/SoftwareSystems/tika/tika-core/src/main/java/org/apache/tika/pipes/extractor/EmittingEmbeddedDocumentBytesHandler.java,34
tika,org.apache.tika.concurrent,SimpleThreadPoolExecutor,0,0,1,1,9,1,0,1,-1.0,0,0,/Users/surabhilone/Desktop/Thesis/SoftwareSystems/tika/tika-core/src/main/java/org/apache/tika/concurrent/SimpleThreadPoolExecutor.java,23
tika,org.apache.tika.concurrent,ConfigurableThreadPoolExecutor,0,0,2,2,8,2,2,0,-1.0,1,0,/Users/surabhilone/Desktop/Thesis/SoftwareSystems/tika/tika-core/src/main/java/org/apache/tika/concurrent/ConfigurableThreadPoolExecutor.java,21
tika,org.apache.tika.exception,TikaMemoryLimitException,0,0,3,2,11,3,0,1,-1.0,3,0,/Users/surabhilone/Desktop/Thesis/SoftwareSystems/tika/tika-core/src/main/java/org/apache/tika/exception/TikaMemoryLimitException.java,24
tika,org.apache.tika.exception,EncryptedDocumentException,0,0,4,4,14,4,0,1,-1.0,8,0,/Users/surabhilone/Desktop/Thesis/SoftwareSystems/tika/tika-core/src/main/java/org/apache/tika/exception/EncryptedDocumentException.java,19
tika,org.apache.tika.exception,CorruptedFileException,0,0,2,2,11,2,0,1,-1.0,0,0,/Users/surabhilone/Desktop/Thesis/SoftwareSystems/tika/tika-core/src/main/java/org/apache/tika/exception/CorruptedFileException.java,19
tika,org.apache.tika.exception,WriteLimitReachedException,2,0,6,4,50,12,0,0,0.3333333333333333,16,0,/Users/surabhilone/Desktop/Thesis/SoftwareSystems/tika/tika-core/src/main/java/org/apache/tika/exception/WriteLimitReachedException.java,21
tika,org.apache.tika.exception,UnsupportedFormatException,0,0,1,1,8,1,0,1,-1.0,1,0,/Users/surabhilone/Desktop/Thesis/SoftwareSystems/tika/tika-core/src/main/java/org/apache/tika/exception/UnsupportedFormatException.java,19
tika,org.apache.tika.exception,ZeroByteFileException,1,1,1,1,14,1,0,1,0.0,5,0,/Users/surabhilone/Desktop/Thesis/SoftwareSystems/tika/tika-core/src/main/java/org/apache/tika/exception/ZeroByteFileException.java,19
tika,org.apache.tika.exception,ZeroByteFileException.IgnoreZeroByteFileException,0,0,0,0,2,0,0,0,-1.0,0,0,/Users/surabhilone/Desktop/Thesis/SoftwareSystems/tika/tika-core/src/main/java/org/apache/tika/exception/ZeroByteFileException.java,41
tika,org.apache.tika.exception,TikaConfigException,0,0,2,2,16,2,0,1,-1.0,95,0,/Users/surabhilone/Desktop/Thesis/SoftwareSystems/tika/tika-core/src/main/java/org/apache/tika/exception/TikaConfigException.java,19
tika,org.apache.tika.exception,TikaException,0,0,2,2,11,2,19,0,-1.0,400,0,/Users/surabhilone/Desktop/Thesis/SoftwareSystems/tika/tika-core/src/main/java/org/apache/tika/exception/TikaException.java,19
tika,org.apache.tika.exception,RuntimeSAXException,0,0,1,1,8,1,0,0,-1.0,0,0,/Users/surabhilone/Desktop/Thesis/SoftwareSystems/tika/tika-core/src/main/java/org/apache/tika/exception/RuntimeSAXException.java,21
tika,org.apache.tika.exception,FileTooLongException,0,0,3,2,11,3,0,0,-1.0,0,0,/Users/surabhilone/Desktop/Thesis/SoftwareSystems/tika/tika-core/src/main/java/org/apache/tika/exception/FileTooLongException.java,25
tika,org.apache.tika.exception,AccessPermissionException,0,0,4,4,17,4,0,1,-1.0,2,0,/Users/surabhilone/Desktop/Thesis/SoftwareSystems/tika/tika-core/src/main/java/org/apache/tika/exception/AccessPermissionException.java,19
tika,org.apache.tika.exception,TikaTimeoutException,0,0,1,1,8,1,0,0,-1.0,0,0,/Users/surabhilone/Desktop/Thesis/SoftwareSystems/tika/tika-core/src/main/java/org/apache/tika/exception/TikaTimeoutException.java,19
tika,org.apache.tika.detect.magika,TestMagikaJsonParsing,0,0,3,2,33,3,0,0,-1.0,0,3,/Users/surabhilone/Desktop/Thesis/SoftwareSystems/tika/tika-detectors/tika-detector-magika/src/test/java/org/apache/tika/detect/magika/TestMagikaJsonParsing.java,32
tika,org.apache.tika.detect.magika,TestMagikaIntegration,0,0,2,1,19,2,0,0,-1.0,0,5,/Users/surabhilone/Desktop/Thesis/SoftwareSystems/tika/tika-detectors/tika-detector-magika/src/test/java/org/apache/tika/detect/magika/TestMagikaIntegration.java,35
tika,org.apache.tika.detect.magika,MagikaDetector,21,10,13,7,218,39,0,1,0.0,2,9,/Users/surabhilone/Desktop/Thesis/SoftwareSystems/tika/tika-detectors/tika-detector-magika/src/main/java/org/apache/tika/detect/magika/MagikaDetector.java,47
tika,org.apache.tika.detect.magika,MagikaDetector.STATUS,0,0,0,0,1,0,0,0,-1.0,0,0,/Users/surabhilone/Desktop/Thesis/SoftwareSystems/tika/tika-detectors/tika-detector-magika/src/main/java/org/apache/tika/detect/magika/MagikaDetector.java,55
tika,org.apache.tika.detect.siegfried,TestSiegfriedJsonParsing,0,0,4,3,47,4,0,0,-1.0,0,3,/Users/surabhilone/Desktop/Thesis/SoftwareSystems/tika/tika-detectors/tika-detector-siegfried/src/test/java/org/apache/tika/detect/siegfried/TestSiegfriedJsonParsing.java,33
tika,org.apache.tika.detect.siegfried,TestSiegfriedIntegration,0,0,2,1,10,2,0,0,-1.0,0,3,/Users/surabhilone/Desktop/Thesis/SoftwareSystems/tika/tika-detectors/tika-detector-siegfried/src/test/java/org/apache/tika/detect/siegfried/TestSiegfriedIntegration.java,31
tika,org.apache.tika.detect.siegfried,SiegfriedDetector,24,14,10,7,177,33,0,1,0.0,1,9,/Users/surabhilone/Desktop/Thesis/SoftwareSystems/tika/tika-detectors/tika-detector-siegfried/src/main/java/org/apache/tika/detect/siegfried/SiegfriedDetector.java,46
tika,org.apache.tika.detect.siegfried,SiegfriedDetector.STATUS,0,0,0,0,1,0,0,0,-1.0,0,0,/Users/surabhilone/Desktop/Thesis/SoftwareSystems/tika/tika-detectors/tika-detector-siegfried/src/main/java/org/apache/tika/detect/siegfried/SiegfriedDetector.java,53
tika,org.apache.tika.pipes.grpc,TikaGrpcServerTest,6,1,8,5,110,16,0,0,0.25,0,10,/Users/surabhilone/Desktop/Thesis/SoftwareSystems/tika/tika-grpc/src/test/java/org/apache/tika/pipes/grpc/TikaGrpcServerTest.java,71
tika,org.apache.tika.pipes.grpc,PipesBiDirectionalStreamingIntegrationTest,13,0,11,3,98,14,0,0,0.0,0,5,/Users/surabhilone/Desktop/Thesis/SoftwareSystems/tika/tika-grpc/src/test/java/org/apache/tika/pipes/grpc/PipesBiDirectionalStreamingIntegrationTest.java,60
tika,org.apache.tika.pipes.grpc,ExpiringFetcherStoreTest,0,0,2,1,20,2,0,0,-1.0,0,5,/Users/surabhilone/Desktop/Thesis/SoftwareSystems/tika/tika-grpc/src/test/java/org/apache/tika/pipes/grpc/ExpiringFetcherStoreTest.java,33
tika,org.apache.tika.pipes.grpc,ExpiringFetcherStore,6,1,7,7,55,11,0,0,0.0,2,0,/Users/surabhilone/Desktop/Thesis/SoftwareSystems/tika/tika-grpc/src/main/java/org/apache/tika/pipes/grpc/ExpiringFetcherStore.java,35
tika,org.apache.tika.pipes.grpc,TikaGrpcServerImpl,7,1,21,11,267,44,0,0,0.14285714285714285,2,27,/Users/surabhilone/Desktop/Thesis/SoftwareSystems/tika/tika-grpc/src/main/java/org/apache/tika/pipes/grpc/TikaGrpcServerImpl.java,85
tika,org.apache.tika.pipes.grpc,TikaGrpcServer,12,1,13,13,120,20,0,0,0.0,1,2,/Users/surabhilone/Desktop/Thesis/SoftwareSystems/tika/tika-grpc/src/main/java/org/apache/tika/pipes/grpc/TikaGrpcServer.java,42
tika,org.apache.tika.bundle,BundleIT,4,0,13,12,193,28,0,0,0.38461538461538464,0,13,/Users/surabhilone/Desktop/Thesis/SoftwareSystems/tika/tika-bundles/tika-bundle-standard/src/test/java/org/apache/tika/bundle/BundleIT.java,79
tika,org.apache.tika.xmp,XMPMetadataTest,3,0,24,22,151,25,0,0,0.0,0,8,/Users/surabhilone/Desktop/Thesis/SoftwareSystems/tika/tika-xmp/src/test/java/org/apache/tika/xmp/XMPMetadataTest.java,45
tika,org.apache.tika.xmp,TikaToXMPTest,3,0,17,15,148,22,0,0,0.23529411764705882,0,6,/Users/surabhilone/Desktop/Thesis/SoftwareSystems/tika/tika-xmp/src/test/java/org/apache/tika/xmp/TikaToXMPTest.java,51
tika,org.apache.tika.xmp,XMPMetadata,2,0,40,35,434,67,0,2,0.3,2,6,/Users/surabhilone/Desktop/Thesis/SoftwareSystems/tika/tika-xmp/src/main/java/org/apache/tika/xmp/XMPMetadata.java,50
tika,org.apache.tika.xmp.convert,AbstractConverter,2,0,14,4,115,20,5,1,0.35714285714285715,0,3,/Users/surabhilone/Desktop/Thesis/SoftwareSystems/tika/tika-xmp/src/main/java/org/apache/tika/xmp/convert/AbstractConverter.java,33
tika,org.apache.tika.xmp.convert,RTFConverter,1,0,3,2,26,3,0,2,1.0,0,6,/Users/surabhilone/Desktop/Thesis/SoftwareSystems/tika/tika-xmp/src/main/java/org/apache/tika/xmp/convert/RTFConverter.java,35
tika,org.apache.tika.xmp.convert,TikaToXMP,1,0,7,5,108,17,0,0,0.2857142857142857,2,7,/Users/surabhilone/Desktop/Thesis/SoftwareSystems/tika/tika-xmp/src/main/java/org/apache/tika/xmp/convert/TikaToXMP.java,37
tika,org.apache.tika.xmp.convert,Namespace,2,2,1,1,11,1,0,0,0.0,0,0,/Users/surabhilone/Desktop/Thesis/SoftwareSystems/tika/tika-xmp/src/main/java/org/apache/tika/xmp/convert/Namespace.java,19
tika,org.apache.tika.xmp.convert,MSOfficeBinaryConverter,1,0,3,2,39,3,0,2,1.0,0,7,/Users/surabhilone/Desktop/Thesis/SoftwareSystems/tika/tika-xmp/src/main/java/org/apache/tika/xmp/convert/MSOfficeBinaryConverter.java,37
tika,org.apache.tika.xmp.convert,ITikaToXMPConverter,0,0,1,0,12,1,1,0,-1.0,2,1,/Users/surabhilone/Desktop/Thesis/SoftwareSystems/tika/tika-xmp/src/main/java/org/apache/tika/xmp/convert/ITikaToXMPConverter.java,24
tika,org.apache.tika.xmp.convert,GenericConverter,0,0,3,3,46,13,0,2,-1.0,1,6,/Users/surabhilone/Desktop/Thesis/SoftwareSystems/tika/tika-xmp/src/main/java/org/apache/tika/xmp/convert/GenericConverter.java,37
tika,org.apache.tika.xmp.convert,OpenDocumentConverter,1,0,3,2,39,3,0,2,1.0,0,7,/Users/surabhilone/Desktop/Thesis/SoftwareSystems/tika/tika-xmp/src/main/java/org/apache/tika/xmp/convert/OpenDocumentConverter.java,36
tika,org.apache.tika.xmp.convert,MSOfficeXMLConverter,1,0,3,2,57,6,0,2,1.0,0,7,/Users/surabhilone/Desktop/Thesis/SoftwareSystems/tika/tika-xmp/src/main/java/org/apache/tika/xmp/convert/MSOfficeXMLConverter.java,37
tika,org.apache.tika.langdetect.lingo24,Lingo24LangDetectorTest,0,0,2,2,32,5,0,0,-1.0,0,4,/Users/surabhilone/Desktop/Thesis/SoftwareSystems/tika/tika-langdetect/tika-langdetect-lingo24/src/test/java/org/apache/tika/langdetect/lingo24/Lingo24LangDetectorTest.java,36
tika,org.apache.tika.langdetect.lingo24,Lingo24LangDetector,10,0,11,9,131,18,0,1,0.36363636363636365,1,2,/Users/surabhilone/Desktop/Thesis/SoftwareSystems/tika/tika-langdetect/tika-langdetect-lingo24/src/main/java/org/apache/tika/langdetect/lingo24/Lingo24LangDetector.java,42
tika,org.apache.tika.langdetect,LanguageDetectorTest,0,0,5,0,49,10,1,0,-1.0,0,0,/Users/surabhilone/Desktop/Thesis/SoftwareSystems/tika/tika-langdetect/tika-langdetect-test-commons/src/main/java/org/apache/tika/langdetect/LanguageDetectorTest.java,31
tika,org.apache.tika.langdetect.mitll,TextLangDetectorTest,0,0,1,1,24,3,0,0,-1.0,0,4,/Users/surabhilone/Desktop/Thesis/SoftwareSystems/tika/tika-langdetect/tika-langdetect-mitll-text/src/test/java/org/apache/tika/langdetect/mitll/TextLangDetectorTest.java,34
tika,org.apache.tika.langdetect.mitll,TextLangDetector,6,0,11,8,86,13,0,1,0.36363636363636365,1,2,/Users/surabhilone/Desktop/Thesis/SoftwareSystems/tika/tika-langdetect/tika-langdetect-mitll-text/src/main/java/org/apache/tika/langdetect/mitll/TextLangDetector.java,43
tika,org.apache.tika.langdetect.opennlp,OpenNLPDetectorTest,1,0,3,2,36,4,0,0,0.0,0,1,/Users/surabhilone/Desktop/Thesis/SoftwareSystems/tika/tika-langdetect/tika-langdetect-opennlp/src/test/java/org/apache/tika/langdetect/opennlp/OpenNLPDetectorTest.java,36
tika,org.apache.tika.langdetect.opennlp,OpenNLPDetector,8,0,13,10,130,20,0,1,0.5384615384615384,3,4,/Users/surabhilone/Desktop/Thesis/SoftwareSystems/tika/tika-langdetect/tika-langdetect-opennlp/src/main/java/org/apache/tika/langdetect/opennlp/OpenNLPDetector.java,39
tika,org.apache.tika.langdetect.opennlp,OpenNLPDetector.TikaUrlCharSequenceNormalizer,3,0,0,0,14,0,0,0,-1.0,0,0,/Users/surabhilone/Desktop/Thesis/SoftwareSystems/tika/tika-langdetect/tika-langdetect-opennlp/src/main/java/org/apache/tika/langdetect/opennlp/OpenNLPDetector.java,219
tika,org.apache.tika.langdetect.opennlp,OpenNLPDetector.AlphaIdeographSequenceNormalizer,2,0,0,0,12,0,0,0,-1.0,0,0,/Users/surabhilone/Desktop/Thesis/SoftwareSystems/tika/tika-langdetect/tika-langdetect-opennlp/src/main/java/org/apache/tika/langdetect/opennlp/OpenNLPDetector.java,243
tika,org.apache.tika.langdetect.opennlp,ProbingLanguageDetector,20,4,16,13,302,36,0,0,0.125,1,0,/Users/surabhilone/Desktop/Thesis/SoftwareSystems/tika/tika-langdetect/tika-langdetect-opennlp/src/main/java/org/apache/tika/langdetect/opennlp/ProbingLanguageDetector.java,30
tika,org.apache.tika.langdetect.opennlp,ProbingLanguageDetector.CSAndLength,2,0,0,0,8,0,0,0,-1.0,0,0,/Users/surabhilone/Desktop/Thesis/SoftwareSystems/tika/tika-langdetect/tika-langdetect-opennlp/src/main/java/org/apache/tika/langdetect/opennlp/ProbingLanguageDetector.java,352
tika,org.apache.tika.langdetect.opennlp,ProbingLanguageDetector.CharIntNGrammer,6,0,0,0,58,0,0,0,-1.0,0,0,/Users/surabhilone/Desktop/Thesis/SoftwareSystems/tika/tika-langdetect/tika-langdetect-opennlp/src/main/java/org/apache/tika/langdetect/opennlp/ProbingLanguageDetector.java,362
tika,org.apache.tika.langdetect.opennlp,ProbingLanguageDetector.MutableInt,1,0,0,0,12,0,0,0,-1.0,0,0,/Users/surabhilone/Desktop/Thesis/SoftwareSystems/tika/tika-langdetect/tika-langdetect-opennlp/src/main/java/org/apache/tika/langdetect/opennlp/ProbingLanguageDetector.java,432
tika,org.apache.tika.langdetect.opennlp.metadatafilter,OpenNLPMetadataFilter,1,0,2,2,18,3,0,1,0.0,0,5,/Users/surabhilone/Desktop/Thesis/SoftwareSystems/tika/tika-langdetect/tika-langdetect-opennlp/src/main/java/org/apache/tika/langdetect/opennlp/metadatafilter/OpenNLPMetadataFilter.java,27
tika,org.apache.tika.langdetect.tika,LanguageProfileTest,0,0,1,1,22,1,0,0,-1.0,0,1,/Users/surabhilone/Desktop/Thesis/SoftwareSystems/tika/tika-langdetect/tika-langdetect-tika/src/test/java/org/apache/tika/langdetect/tika/LanguageProfileTest.java,26
tika,org.apache.tika.langdetect.tika,LanguageProfilerBuilderTest,6,0,4,3,46,7,0,0,0.0,0,4,/Users/surabhilone/Desktop/Thesis/SoftwareSystems/tika/tika-langdetect/tika-langdetect-tika/src/test/java/org/apache/tika/langdetect/tika/LanguageProfilerBuilderTest.java,38
tika,org.apache.tika.langdetect.tika,ProfilingHandler,1,0,5,5,31,5,0,2,0.6,0,3,/Users/surabhilone/Desktop/Thesis/SoftwareSystems/tika/tika-langdetect/tika-langdetect-tika/src/test/java/org/apache/tika/langdetect/tika/ProfilingHandler.java,21
tika,org.apache.tika.langdetect.tika,ProfilingWriterTest,0,0,1,1,16,1,0,0,-1.0,0,2,/Users/surabhilone/Desktop/Thesis/SoftwareSystems/tika/tika-langdetect/tika-langdetect-tika/src/test/java/org/apache/tika/langdetect/tika/ProfilingWriterTest.java,25
tika,org.apache.tika.langdetect.tika,LanguageIdentifierTest,1,0,7,6,111,19,0,0,0.2857142857142857,0,3,/Users/surabhilone/Desktop/Thesis/SoftwareSystems/tika/tika-langdetect/tika-langdetect-tika/src/test/java/org/apache/tika/langdetect/tika/LanguageIdentifierTest.java,35
tika,org.apache.tika.langdetect.tika,ProfilingWriter,3,0,9,7,60,12,0,0,0.3333333333333333,4,2,/Users/surabhilone/Desktop/Thesis/SoftwareSystems/tika/tika-langdetect/tika-langdetect-tika/src/main/java/org/apache/tika/langdetect/tika/ProfilingWriter.java,22
tika,org.apache.tika.langdetect.tika,LanguageIdentifier,10,0,14,13,172,22,0,0,0.14285714285714285,5,1,/Users/surabhilone/Desktop/Thesis/SoftwareSystems/tika/tika-langdetect/tika-langdetect-tika/src/main/java/org/apache/tika/langdetect/tika/LanguageIdentifier.java,30
tika,org.apache.tika.langdetect.tika,LanguageProfilerBuilder,22,0,16,12,567,54,0,0,0.0,2,1,/Users/surabhilone/Desktop/Thesis/SoftwareSystems/tika/tika-langdetect/tika-langdetect-tika/src/main/java/org/apache/tika/langdetect/tika/LanguageProfilerBuilder.java,45
tika,org.apache.tika.langdetect.tika,LanguageProfilerBuilder.NGramEntry,4,0,0,0,107,0,0,0,-1.0,0,1,/Users/surabhilone/Desktop/Thesis/SoftwareSystems/tika/tika-langdetect/tika-langdetect-tika/src/main/java/org/apache/tika/langdetect/tika/LanguageProfilerBuilder.java,550
tika,org.apache.tika.langdetect.tika,LanguageProfilerBuilder.QuickStringBuffer,2,0,0,0,67,0,0,0,-1.0,0,0,/Users/surabhilone/Desktop/Thesis/SoftwareSystems/tika/tika-langdetect/tika-langdetect-tika/src/main/java/org/apache/tika/langdetect/tika/LanguageProfilerBuilder.java,685
tika,org.apache.tika.langdetect.tika,TikaLanguageDetector,1,0,7,7,38,8,0,1,0.7142857142857143,0,3,/Users/surabhilone/Desktop/Thesis/SoftwareSystems/tika/tika-langdetect/tika-langdetect-tika/src/main/java/org/apache/tika/langdetect/tika/TikaLanguageDetector.java,29
tika,org.apache.tika.langdetect.tika,LanguageProfile,14,2,14,10,232,25,0,0,0.14285714285714285,7,1,/Users/surabhilone/Desktop/Thesis/SoftwareSystems/tika/tika-langdetect/tika-langdetect-tika/src/main/java/org/apache/tika/langdetect/tika/LanguageProfile.java,32
tika,org.apache.tika.langdetect.tika,LanguageProfile.Counter,1,0,0,0,6,0,0,0,-1.0,0,0,/Users/surabhilone/Desktop/Thesis/SoftwareSystems/tika/tika-langdetect/tika-langdetect-tika/src/main/java/org/apache/tika/langdetect/tika/LanguageProfile.java,220
tika,org.apache.tika.langdetect.tika,LanguageProfile.Interleaved,6,0,0,0,75,0,0,0,-1.0,0,0,/Users/surabhilone/Desktop/Thesis/SoftwareSystems/tika/tika-langdetect/tika-langdetect-tika/src/main/java/org/apache/tika/langdetect/tika/LanguageProfile.java,228
tika,org.apache.tika.langdetect.tika,LanguageProfile.Entry,3,0,0,0,34,0,0,0,-1.0,0,0,/Users/surabhilone/Desktop/Thesis/SoftwareSystems/tika/tika-langdetect/tika-langdetect-tika/src/main/java/org/apache/tika/langdetect/tika/LanguageProfile.java,275
tika,org.apache.tika.langdetect.optimaize,OptimaizeLangDetectorTest,0,0,6,5,108,19,0,1,-1.0,0,5,/Users/surabhilone/Desktop/Thesis/SoftwareSystems/tika/tika-langdetect/tika-langdetect-optimaize/src/test/java/org/apache/tika/langdetect/optimaize/OptimaizeLangDetectorTest.java,41
tika,org.apache.tika.langdetect.optimaize,OptimaizeLangDetector,10,2,13,10,123,24,0,1,0.15384615384615385,8,4,/Users/surabhilone/Desktop/Thesis/SoftwareSystems/tika/tika-langdetect/tika-langdetect-optimaize/src/main/java/org/apache/tika/langdetect/optimaize/OptimaizeLangDetector.java,43
tika,org.apache.tika.langdetect.optimaize.metadatafilter,OptimaizeMetadataFilter,1,0,2,2,18,3,0,1,0.0,0,5,/Users/surabhilone/Desktop/Thesis/SoftwareSystems/tika/tika-langdetect/tika-langdetect-optimaize/src/main/java/org/apache/tika/langdetect/optimaize/metadatafilter/OptimaizeMetadataFilter.java,27
tika,org.apache.tika.server.eval,TikaEvalResourceTest,5,0,9,4,76,9,0,0,0.2222222222222222,0,4,/Users/surabhilone/Desktop/Thesis/SoftwareSystems/tika/tika-server/tika-server-eval/src/test/java/org/apache/tika/server/eval/TikaEvalResourceTest.java,54
tika,org.apache.tika.server.eval,TikaEvalResource,9,7,7,3,92,9,0,2,0.2857142857142857,1,9,/Users/surabhilone/Desktop/Thesis/SoftwareSystems/tika/tika-server/tika-server-eval/src/main/java/org/apache/tika/server/eval/TikaEvalResource.java,60
tika,org.apache.tika.server.standard,MetadataResourceTest,1,0,11,9,88,13,0,0,0.2727272727272727,0,6,/Users/surabhilone/Desktop/Thesis/SoftwareSystems/tika/tika-server/tika-server-standard/src/test/java/org/apache/tika/server/standard/MetadataResourceTest.java,53
tika,org.apache.tika.server.standard,UnpackerResourceTest,26,0,16,14,142,18,0,0,0.1875,0,4,/Users/surabhilone/Desktop/Thesis/SoftwareSystems/tika/tika-server/tika-server-standard/src/test/java/org/apache/tika/server/standard/UnpackerResourceTest.java,50
tika,org.apache.tika.server.standard,TikaResourceTest,8,2,37,33,282,41,0,0,0.16216216216216217,2,10,/Users/surabhilone/Desktop/Thesis/SoftwareSystems/tika/tika-server/tika-server-standard/src/test/java/org/apache/tika/server/standard/TikaResourceTest.java,63
tika,org.apache.tika.server.standard,UnpackerResourceWithConfigTest,2,0,5,2,72,9,0,0,0.8,0,4,/Users/surabhilone/Desktop/Thesis/SoftwareSystems/tika/tika-server/tika-server-standard/src/test/java/org/apache/tika/server/standard/UnpackerResourceWithConfigTest.java,46
tika,org.apache.tika.server.standard,TikaPipesTest,10,0,16,10,173,16,0,0,0.4375,0,13,/Users/surabhilone/Desktop/Thesis/SoftwareSystems/tika/tika-server/tika-server-standard/src/test/java/org/apache/tika/server/standard/TikaPipesTest.java,73
tika,org.apache.tika.server.standard,TikaDetectorsTest,1,0,5,3,68,10,0,0,0.6,0,1,/Users/surabhilone/Desktop/Thesis/SoftwareSystems/tika/tika-server/tika-server-standard/src/test/java/org/apache/tika/server/standard/TikaDetectorsTest.java,40
tika,org.apache.tika.server.standard,RecursiveMetadataResourceTest,9,0,16,13,245,17,0,0,0.25,0,9,/Users/surabhilone/Desktop/Thesis/SoftwareSystems/tika/tika-server/tika-server-standard/src/test/java/org/apache/tika/server/standard/RecursiveMetadataResourceTest.java,53
tika,org.apache.tika.server.standard,OpenNLPMetadataFilterTest,3,0,5,2,37,5,0,0,0.8,0,7,/Users/surabhilone/Desktop/Thesis/SoftwareSystems/tika/tika-server/tika-server-standard/src/test/java/org/apache/tika/server/standard/OpenNLPMetadataFilterTest.java,45
tika,org.apache.tika.server.standard,DetectorResourceTest,4,0,4,2,34,4,0,0,0.75,0,1,/Users/surabhilone/Desktop/Thesis/SoftwareSystems/tika/tika-server/tika-server-standard/src/test/java/org/apache/tika/server/standard/DetectorResourceTest.java,39
tika,org.apache.tika.server.standard,TikaMimeTypesTest,1,0,3,1,29,3,0,0,1.0,0,1,/Users/surabhilone/Desktop/Thesis/SoftwareSystems/tika/tika-server/tika-server-standard/src/test/java/org/apache/tika/server/standard/TikaMimeTypesTest.java,37
tika,org.apache.tika.server.standard,RecursiveMetadataFilterTest,2,0,4,1,40,9,0,0,1.0,0,3,/Users/surabhilone/Desktop/Thesis/SoftwareSystems/tika/tika-server/tika-server-standard/src/test/java/org/apache/tika/server/standard/RecursiveMetadataFilterTest.java,45
tika,org.apache.tika.server.standard,OptimaizeMetadataFilterTest,3,0,5,2,37,5,0,0,0.8,0,7,/Users/surabhilone/Desktop/Thesis/SoftwareSystems/tika/tika-server/tika-server-standard/src/test/java/org/apache/tika/server/standard/OptimaizeMetadataFilterTest.java,45
tika,org.apache.tika.server.standard,JsonMaxFieldLengthTest,1,0,4,1,28,5,0,0,1.0,0,4,/Users/surabhilone/Desktop/Thesis/SoftwareSystems/tika/tika-server/tika-server-standard/src/test/java/org/apache/tika/server/standard/JsonMaxFieldLengthTest.java,60
tika,org.apache.tika.server.standard,FetcherTest,3,0,5,1,35,5,0,0,1.0,0,7,/Users/surabhilone/Desktop/Thesis/SoftwareSystems/tika/tika-server/tika-server-standard/src/test/java/org/apache/tika/server/standard/FetcherTest.java,48
tika,org.apache.tika.server.standard,TikaParsersTest,2,0,7,3,114,20,0,0,0.5714285714285714,0,1,/Users/surabhilone/Desktop/Thesis/SoftwareSystems/tika/tika-server/tika-server-standard/src/test/java/org/apache/tika/server/standard/TikaParsersTest.java,39
tika,org.apache.tika.server.standard.config,PDFServerConfig,1,1,1,1,27,4,0,0,0.0,3,3,/Users/surabhilone/Desktop/Thesis/SoftwareSystems/tika/tika-server/tika-server-standard/src/main/java/org/apache/tika/server/standard/config/PDFServerConfig.java,32
tika,org.apache.tika.server.standard.config,TesseractServerConfig,1,1,1,1,27,4,0,0,0.0,1,3,/Users/surabhilone/Desktop/Thesis/SoftwareSystems/tika/tika-server/tika-server-standard/src/main/java/org/apache/tika/server/standard/config/TesseractServerConfig.java,32
tika,org.apache.tika.server.standard.writer,XMPMessageBodyWriter,1,0,3,3,21,3,0,1,1.0,0,2,/Users/surabhilone/Desktop/Thesis/SoftwareSystems/tika/tika-server/tika-server-standard/src/main/java/org/apache/tika/server/standard/writer/XMPMessageBodyWriter.java,39
tika,org.apache.tika.server.standard.resource,XMPMetadataResource,0,0,3,3,12,3,0,1,-1.0,1,3,/Users/surabhilone/Desktop/Thesis/SoftwareSystems/tika/tika-server/tika-server-standard/src/main/java/org/apache/tika/server/standard/resource/XMPMetadataResource.java,38
tika,org.apache.tika.server.client,TestBasic,0,0,2,2,18,2,0,0,-1.0,0,2,/Users/surabhilone/Desktop/Thesis/SoftwareSystems/tika/tika-server/tika-server-client/src/test/java/org/apache/tika/server/client/TestBasic.java,29
tika,org.apache.tika.server.client,TikaEmitterResult,3,0,5,5,23,5,0,0,0.0,2,0,/Users/surabhilone/Desktop/Thesis/SoftwareSystems/tika/tika-server/tika-server-client/src/main/java/org/apache/tika/server/client/TikaEmitterResult.java,19
tika,org.apache.tika.server.client,TikaEmitterResult.STATUS,0,0,0,0,1,0,0,0,-1.0,0,0,/Users/surabhilone/Desktop/Thesis/SoftwareSystems/tika/tika-server/tika-server-client/src/main/java/org/apache/tika/server/client/TikaEmitterResult.java,49
tika,org.apache.tika.server.client,TikaClient,2,0,4,2,27,6,0,0,0.5,2,7,/Users/surabhilone/Desktop/Thesis/SoftwareSystems/tika/tika-server/tika-server-client/src/main/java/org/apache/tika/server/client/TikaClient.java,31
tika,org.apache.tika.server.client,TikaServerClientConfig,5,0,13,13,58,15,0,1,0.5384615384615384,2,3,/Users/surabhilone/Desktop/Thesis/SoftwareSystems/tika/tika-server/tika-server-client/src/main/java/org/apache/tika/server/client/TikaServerClientConfig.java,34
tika,org.apache.tika.server.client,TikaServerClientConfig.MODE,0,0,0,0,1,0,0,0,-1.0,0,0,/Users/surabhilone/Desktop/Thesis/SoftwareSystems/tika/tika-server/tika-server-client/src/main/java/org/apache/tika/server/client/TikaServerClientConfig.java,112
tika,org.apache.tika.server.client,TikaPipesHttpClient,10,0,6,1,116,12,1,0,0.0,1,3,/Users/surabhilone/Desktop/Thesis/SoftwareSystems/tika/tika-server/tika-server-client/src/main/java/org/apache/tika/server/client/TikaPipesHttpClient.java,36
tika,org.apache.tika.server.client,TikaPipesHttpClient.TimeoutWaitingForTikaException,0,0,0,0,5,0,0,1,-1.0,0,0,/Users/surabhilone/Desktop/Thesis/SoftwareSystems/tika/tika-server/tika-server-client/src/main/java/org/apache/tika/server/client/TikaPipesHttpClient.java,163
tika,org.apache.tika.server.client,TikaClientCLI,5,0,3,1,83,8,0,0,0.0,1,4,/Users/surabhilone/Desktop/Thesis/SoftwareSystems/tika/tika-server/tika-server-client/src/main/java/org/apache/tika/server/client/TikaClientCLI.java,42
tika,org.apache.tika.server.client,TikaClientCLI.FetchWorker,3,0,0,0,29,0,0,0,-1.0,0,2,/Users/surabhilone/Desktop/Thesis/SoftwareSystems/tika/tika-server/tika-server-client/src/main/java/org/apache/tika/server/client/TikaClientCLI.java,112
tika,org.apache.tika.server.client,TikaClientConfigException,0,0,2,2,8,2,0,1,-1.0,0,0,/Users/surabhilone/Desktop/Thesis/SoftwareSystems/tika/tika-server/tika-server-client/src/main/java/org/apache/tika/server/client/TikaClientConfigException.java,21
tika,org.apache.tika.server.client,TikaAsyncHttpClient,1,0,2,0,12,2,0,1,1.0,0,2,/Users/surabhilone/Desktop/Thesis/SoftwareSystems/tika/tika-server/tika-server-client/src/main/java/org/apache/tika/server/client/TikaAsyncHttpClient.java,22
tika,org.apache.tika.server.core,TikaWelcomeTest,4,0,5,3,40,5,0,1,0.6,0,2,/Users/surabhilone/Desktop/Thesis/SoftwareSystems/tika/tika-server/tika-server-core/src/test/java/org/apache/tika/server/core/TikaWelcomeTest.java,36
tika,org.apache.tika.server.core,TikaVersionTest,1,0,3,1,13,3,0,1,1.0,1,2,/Users/surabhilone/Desktop/Thesis/SoftwareSystems/tika/tika-server/tika-server-core/src/test/java/org/apache/tika/server/core/TikaVersionTest.java,32
tika,org.apache.tika.server.core,TikaResourceTest,7,4,12,10,96,12,0,1,0.3333333333333333,0,4,/Users/surabhilone/Desktop/Thesis/SoftwareSystems/tika/tika-server/tika-server-core/src/test/java/org/apache/tika/server/core/TikaResourceTest.java,43
tika,org.apache.tika.server.core,TikaPipesTest,13,0,11,7,165,17,0,1,0.2727272727272727,0,11,/Users/surabhilone/Desktop/Thesis/SoftwareSystems/tika/tika-server/tika-server-core/src/test/java/org/apache/tika/server/core/TikaPipesTest.java,67
tika,org.apache.tika.server.core,LanguageResourceTest,5,0,6,4,46,6,0,1,0.6666666666666666,0,1,/Users/surabhilone/Desktop/Thesis/SoftwareSystems/tika/tika-server/tika-server-core/src/test/java/org/apache/tika/server/core/LanguageResourceTest.java,36
tika,org.apache.tika.server.core,TranslateResourceTest,6,0,4,2,33,4,0,1,0.75,0,1,/Users/surabhilone/Desktop/Thesis/SoftwareSystems/tika/tika-server/tika-server-core/src/test/java/org/apache/tika/server/core/TranslateResourceTest.java,36
tika,org.apache.tika.server.core,StackTraceOffTest,5,0,6,4,79,14,0,1,0.6666666666666666,0,0,/Users/surabhilone/Desktop/Thesis/SoftwareSystems/tika/tika-server/tika-server-core/src/test/java/org/apache/tika/server/core/StackTraceOffTest.java,45
tika,org.apache.tika.server.core,NullWebClientLogger,0,0,3,2,13,3,0,0,-1.0,1,0,/Users/surabhilone/Desktop/Thesis/SoftwareSystems/tika/tika-server/tika-server-core/src/test/java/org/apache/tika/server/core/NullWebClientLogger.java,24
tika,org.apache.tika.server.core,IntegrationTestBase,19,0,5,3,77,9,3,0,0.6,0,1,/Users/surabhilone/Desktop/Thesis/SoftwareSystems/tika/tika-server/tika-server-core/src/test/java/org/apache/tika/server/core/IntegrationTestBase.java,42
tika,org.apache.tika.server.core,IntegrationTestBase.MyExitException,1,0,0,0,9,0,0,0,-1.0,0,0,/Users/surabhilone/Desktop/Thesis/SoftwareSystems/tika/tika-server/tika-server-core/src/test/java/org/apache/tika/server/core/IntegrationTestBase.java,136
tika,org.apache.tika.server.core,RecursiveMetadataResourceTest,2,1,3,1,23,3,0,1,1.0,0,4,/Users/surabhilone/Desktop/Thesis/SoftwareSystems/tika/tika-server/tika-server-core/src/test/java/org/apache/tika/server/core/RecursiveMetadataResourceTest.java,40
tika,org.apache.tika.server.core,TikaServerStatusTest,2,0,3,1,27,3,0,1,0.6666666666666666,0,1,/Users/surabhilone/Desktop/Thesis/SoftwareSystems/tika/tika-server/tika-server-core/src/test/java/org/apache/tika/server/core/TikaServerStatusTest.java,38
tika,org.apache.tika.server.core,TikaResourceMetadataFilterTest,2,1,4,1,25,4,0,1,1.0,0,4,/Users/surabhilone/Desktop/Thesis/SoftwareSystems/tika/tika-server/tika-server-core/src/test/java/org/apache/tika/server/core/TikaResourceMetadataFilterTest.java,40
tika,org.apache.tika.server.core,TikaServerPipesIntegrationTest,7,0,12,9,102,17,0,1,0.16666666666666666,0,5,/Users/surabhilone/Desktop/Thesis/SoftwareSystems/tika/tika-server/tika-server-core/src/test/java/org/apache/tika/server/core/TikaServerPipesIntegrationTest.java,54
tika,org.apache.tika.server.core,ServerStatusTest,3,0,2,2,62,5,0,0,1.0,0,1,/Users/surabhilone/Desktop/Thesis/SoftwareSystems/tika/tika-server/tika-server-core/src/test/java/org/apache/tika/server/core/ServerStatusTest.java,34
tika,org.apache.tika.server.core,ServerStatusTest.MockTask,3,0,0,0,30,0,0,0,-1.0,0,1,/Users/surabhilone/Desktop/Thesis/SoftwareSystems/tika/tika-server/tika-server-core/src/test/java/org/apache/tika/server/core/ServerStatusTest.java,74
tika,org.apache.tika.server.core,TestPortAllocator,0,0,2,1,19,2,0,0,-1.0,0,0,/Users/surabhilone/Desktop/Thesis/SoftwareSystems/tika/tika-server/tika-server-core/src/test/java/org/apache/tika/server/core/TestPortAllocator.java,22
tika,org.apache.tika.server.core,TikaMimeTypesTest,1,0,5,3,41,5,0,1,0.6,0,1,/Users/surabhilone/Desktop/Thesis/SoftwareSystems/tika/tika-server/tika-server-core/src/test/java/org/apache/tika/server/core/TikaMimeTypesTest.java,29
tika,org.apache.tika.server.core,TikaServerIntegrationTest,5,0,27,20,369,37,0,1,0.14814814814814814,0,5,/Users/surabhilone/Desktop/Thesis/SoftwareSystems/tika/tika-server/tika-server-core/src/test/java/org/apache/tika/server/core/TikaServerIntegrationTest.java,63
tika,org.apache.tika.server.core,StackTraceTest,5,0,6,4,76,14,0,1,0.6666666666666666,0,0,/Users/surabhilone/Desktop/Thesis/SoftwareSystems/tika/tika-server/tika-server-core/src/test/java/org/apache/tika/server/core/StackTraceTest.java,45
tika,org.apache.tika.server.core,TikaResourceFetcherTest,1,0,8,4,58,8,0,1,0.625,0,4,/Users/surabhilone/Desktop/Thesis/SoftwareSystems/tika/tika-server/tika-server-core/src/test/java/org/apache/tika/server/core/TikaResourceFetcherTest.java,44
tika,org.apache.tika.server.core,TikaServerConfigTest,0,0,5,5,75,5,0,0,-1.0,0,3,/Users/surabhilone/Desktop/Thesis/SoftwareSystems/tika/tika-server/tika-server-core/src/test/java/org/apache/tika/server/core/TikaServerConfigTest.java,40
tika,org.apache.tika.server.core,CXFTestBase,8,0,19,5,208,29,14,0,0.47368421052631576,3,4,/Users/surabhilone/Desktop/Thesis/SoftwareSystems/tika/tika-server/tika-server-core/src/test/java/org/apache/tika/server/core/CXFTestBase.java,58
tika,org.apache.tika.server.core,CXFTestBase.AverageColor,3,0,0,0,22,0,0,0,-1.0,0,0,/Users/surabhilone/Desktop/Thesis/SoftwareSystems/tika/tika-server/tika-server-core/src/test/java/org/apache/tika/server/core/CXFTestBase.java,282
tika,org.apache.tika.server.core,TikaResourceNoStackTest,7,4,5,3,38,5,0,1,0.8,0,5,/Users/surabhilone/Desktop/Thesis/SoftwareSystems/tika/tika-server/tika-server-core/src/test/java/org/apache/tika/server/core/TikaResourceNoStackTest.java,40
tika,org.apache.tika.server.core,TikaServerAsyncIntegrationTest,11,0,6,3,85,15,0,1,0.0,0,6,/Users/surabhilone/Desktop/Thesis/SoftwareSystems/tika/tika-server/tika-server-core/src/test/java/org/apache/tika/server/core/TikaServerAsyncIntegrationTest.java,56
tika,org.apache.tika.server.core,TikaServerParseException,0,0,2,2,11,2,0,0,-1.0,1,0,/Users/surabhilone/Desktop/Thesis/SoftwareSystems/tika/tika-server/tika-server-core/src/main/java/org/apache/tika/server/core/TikaServerParseException.java,21
tika,org.apache.tika.server.core,InputStreamFactory,0,0,1,0,6,1,2,0,-1.0,7,2,/Users/surabhilone/Desktop/Thesis/SoftwareSystems/tika/tika-server/tika-server-core/src/main/java/org/apache/tika/server/core/InputStreamFactory.java,27
tika,org.apache.tika.server.core,TikaServerProcess,8,3,11,1,365,55,0,0,0.0,3,19,/Users/surabhilone/Desktop/Thesis/SoftwareSystems/tika/tika-server/tika-server-core/src/main/java/org/apache/tika/server/core/TikaServerProcess.java,93
tika,org.apache.tika.server.core,TikaServerProcess.ServerDetails,4,0,0,0,6,0,0,0,-1.0,0,1,/Users/surabhilone/Desktop/Thesis/SoftwareSystems/tika/tika-server/tika-server-core/src/main/java/org/apache/tika/server/core/TikaServerProcess.java,507
tika,org.apache.tika.server.core,CompositeParseContextConfig,1,0,2,2,11,3,0,1,0.0,0,3,/Users/surabhilone/Desktop/Thesis/SoftwareSystems/tika/tika-server/tika-server-core/src/main/java/org/apache/tika/server/core/CompositeParseContextConfig.java,27
tika,org.apache.tika.server.core,MetadataList,1,0,2,2,12,2,0,0,0.0,2,0,/Users/surabhilone/Desktop/Thesis/SoftwareSystems/tika/tika-server/tika-server-core/src/main/java/org/apache/tika/server/core/MetadataList.java,23
tika,org.apache.tika.server.core,TlsConfig,10,0,23,23,104,32,0,1,0.08695652173913043,3,3,/Users/surabhilone/Desktop/Thesis/SoftwareSystems/tika/tika-server/tika-server-core/src/main/java/org/apache/tika/server/core/TlsConfig.java,27
tika,org.apache.tika.server.core,TaskStatus,4,0,2,1,15,2,0,0,0.0,1,1,/Users/surabhilone/Desktop/Thesis/SoftwareSystems/tika/tika-server/tika-server-core/src/main/java/org/apache/tika/server/core/TaskStatus.java,22
tika,org.apache.tika.server.core,TikaLoggingFilter,2,0,2,2,16,3,0,0,0.0,1,0,/Users/surabhilone/Desktop/Thesis/SoftwareSystems/tika/tika-server/tika-server-core/src/main/java/org/apache/tika/server/core/TikaLoggingFilter.java,28
tika,org.apache.tika.server.core,TikaServerCli,9,1,10,3,163,24,0,0,0.2,2,4,/Users/surabhilone/Desktop/Thesis/SoftwareSystems/tika/tika-server/tika-server-core/src/main/java/org/apache/tika/server/core/TikaServerCli.java,38
tika,org.apache.tika.server.core,TikaServerCli.PortIdPair,2,0,0,0,8,0,0,0,-1.0,0,0,/Users/surabhilone/Desktop/Thesis/SoftwareSystems/tika/tika-server/tika-server-core/src/main/java/org/apache/tika/server/core/TikaServerCli.java,207
tika,org.apache.tika.server.core,TikaServerCli.NonForkedValues,3,0,0,0,8,0,0,0,-1.0,0,0,/Users/surabhilone/Desktop/Thesis/SoftwareSystems/tika/tika-server/tika-server-core/src/main/java/org/apache/tika/server/core/TikaServerCli.java,217
tika,org.apache.tika.server.core,TikaServerParseExceptionMapper,1,0,3,2,57,12,0,0,0.0,0,1,/Users/surabhilone/Desktop/Thesis/SoftwareSystems/tika/tika-server/tika-server-core/src/main/java/org/apache/tika/server/core/TikaServerParseExceptionMapper.java,34
tika,org.apache.tika.server.core,ServerStatus,10,0,12,12,93,14,0,0,0.16666666666666666,14,1,/Users/surabhilone/Desktop/Thesis/SoftwareSystems/tika/tika-server/tika-server-core/src/main/java/org/apache/tika/server/core/ServerStatus.java,27
tika,org.apache.tika.server.core,ServerStatus.DIRECTIVES,1,0,0,0,8,0,0,0,-1.0,0,0,/Users/surabhilone/Desktop/Thesis/SoftwareSystems/tika/tika-server/tika-server-core/src/main/java/org/apache/tika/server/core/ServerStatus.java,112
tika,org.apache.tika.server.core,ServerStatus.STATUS,1,0,0,0,18,0,0,0,-1.0,0,0,/Users/surabhilone/Desktop/Thesis/SoftwareSystems/tika/tika-server/tika-server-core/src/main/java/org/apache/tika/server/core/ServerStatus.java,126
tika,org.apache.tika.server.core,ServerStatus.TASK,0,0,0,0,1,0,0,0,-1.0,0,0,/Users/surabhilone/Desktop/Thesis/SoftwareSystems/tika/tika-server/tika-server-core/src/main/java/org/apache/tika/server/core/ServerStatus.java,153
tika,org.apache.tika.server.core,DefaultInputStreamFactory,0,0,1,1,8,1,0,1,-1.0,1,2,/Users/surabhilone/Desktop/Thesis/SoftwareSystems/tika/tika-server/tika-server-core/src/main/java/org/apache/tika/server/core/DefaultInputStreamFactory.java,27
tika,org.apache.tika.server.core,WatchDogResult,3,0,5,5,22,5,0,0,0.0,2,0,/Users/surabhilone/Desktop/Thesis/SoftwareSystems/tika/tika-server/tika-server-core/src/main/java/org/apache/tika/server/core/WatchDogResult.java,19
tika,org.apache.tika.server.core,ParseContextConfig,0,0,1,0,12,1,1,0,-1.0,1,2,/Users/surabhilone/Desktop/Thesis/SoftwareSystems/tika/tika-server/tika-server-core/src/main/java/org/apache/tika/server/core/ParseContextConfig.java,24
tika,org.apache.tika.server.core,HTMLHelper,5,0,3,3,33,4,0,0,0.0,4,0,/Users/surabhilone/Desktop/Thesis/SoftwareSystems/tika/tika-server/tika-server-core/src/main/java/org/apache/tika/server/core/HTMLHelper.java,26
tika,org.apache.tika.server.core,FetcherStreamFactory,2,0,5,2,75,14,0,1,0.0,1,6,/Users/surabhilone/Desktop/Thesis/SoftwareSystems/tika/tika-server/tika-server-core/src/main/java/org/apache/tika/server/core/FetcherStreamFactory.java,40
tika,org.apache.tika.server.core,TikaServerWatchDog,18,0,9,3,339,24,0,0,0.2222222222222222,1,3,/Users/surabhilone/Desktop/Thesis/SoftwareSystems/tika/tika-server/tika-server-core/src/main/java/org/apache/tika/server/core/TikaServerWatchDog.java,52
tika,org.apache.tika.server.core,TikaServerWatchDog.FORKED_STATUS,0,0,0,0,1,0,0,0,-1.0,0,0,/Users/surabhilone/Desktop/Thesis/SoftwareSystems/tika/tika-server/tika-server-core/src/main/java/org/apache/tika/server/core/TikaServerWatchDog.java,243
tika,org.apache.tika.server.core,TikaServerWatchDog.ForkedStatus,3,0,0,0,13,0,0,0,-1.0,0,0,/Users/surabhilone/Desktop/Thesis/SoftwareSystems/tika/tika-server/tika-server-core/src/main/java/org/apache/tika/server/core/TikaServerWatchDog.java,247
tika,org.apache.tika.server.core,TikaServerWatchDog.DoNotRestartException,0,0,0,0,8,0,0,1,-1.0,0,0,/Users/surabhilone/Desktop/Thesis/SoftwareSystems/tika/tika-server/tika-server-core/src/main/java/org/apache/tika/server/core/TikaServerWatchDog.java,264
tika,org.apache.tika.server.core,TikaServerWatchDog.ForkedProcess,3,0,0,0,140,0,0,0,-1.0,0,1,/Users/surabhilone/Desktop/Thesis/SoftwareSystems/tika/tika-server/tika-server-core/src/main/java/org/apache/tika/server/core/TikaServerWatchDog.java,275
tika,org.apache.tika.server.core,ServerStatusWatcher,7,0,6,2,154,17,0,0,0.0,0,3,/Users/surabhilone/Desktop/Thesis/SoftwareSystems/tika/tika-server/tika-server-core/src/main/java/org/apache/tika/server/core/ServerStatusWatcher.java,36
tika,org.apache.tika.server.core,ServerStatusWatcher.FatalException,0,0,0,0,8,0,0,0,-1.0,0,0,/Users/surabhilone/Desktop/Thesis/SoftwareSystems/tika/tika-server/tika-server-core/src/main/java/org/apache/tika/server/core/ServerStatusWatcher.java,176
tika,org.apache.tika.server.core,ServerStatusWatcher.StatusWatcher,0,0,0,0,33,0,0,0,-1.0,0,1,/Users/surabhilone/Desktop/Thesis/SoftwareSystems/tika/tika-server/tika-server-core/src/main/java/org/apache/tika/server/core/ServerStatusWatcher.java,188
tika,org.apache.tika.server.core,ServerStatusResource,0,0,1,0,3,1,1,1,-1.0,0,1,/Users/surabhilone/Desktop/Thesis/SoftwareSystems/tika/tika-server/tika-server-core/src/main/java/org/apache/tika/server/core/ServerStatusResource.java,21
tika,org.apache.tika.server.core,ProduceTypeResourceComparator,2,1,4,3,63,5,0,0,0.75,0,0,/Users/surabhilone/Desktop/Thesis/SoftwareSystems/tika/tika-server/tika-server-core/src/main/java/org/apache/tika/server/core/ProduceTypeResourceComparator.java,31
tika,org.apache.tika.server.core,TikaServerConfig,40,7,70,57,474,108,0,0,0.2571428571428571,9,5,/Users/surabhilone/Desktop/Thesis/SoftwareSystems/tika/tika-server/tika-server-core/src/main/java/org/apache/tika/server/core/TikaServerConfig.java,47
tika,org.apache.tika.server.core.config,PasswordProviderConfig,3,2,2,1,22,4,0,0,0.0,1,2,/Users/surabhilone/Desktop/Thesis/SoftwareSystems/tika/tika-server/tika-server-core/src/main/java/org/apache/tika/server/core/config/PasswordProviderConfig.java,29
tika,org.apache.tika.server.core.config,DocumentSelectorConfig,1,1,1,1,17,5,0,0,0.0,2,3,/Users/surabhilone/Desktop/Thesis/SoftwareSystems/tika/tika-server/tika-server-core/src/main/java/org/apache/tika/server/core/config/DocumentSelectorConfig.java,27
tika,org.apache.tika.server.core.config,TimeoutConfig,1,1,1,1,9,2,0,0,0.0,2,2,/Users/surabhilone/Desktop/Thesis/SoftwareSystems/tika/tika-server/tika-server-core/src/main/java/org/apache/tika/server/core/config/TimeoutConfig.java,26
tika,org.apache.tika.server.core.writer,MetadataListMessageBodyWriter,0,0,3,3,16,4,0,0,-1.0,0,2,/Users/surabhilone/Desktop/Thesis/SoftwareSystems/tika/tika-server/tika-server-core/src/main/java/org/apache/tika/server/core/writer/MetadataListMessageBodyWriter.java,38
tika,org.apache.tika.server.core.writer,TikaServerWriter,0,0,0,0,5,0,1,0,-1.0,0,0,/Users/surabhilone/Desktop/Thesis/SoftwareSystems/tika/tika-server/tika-server-core/src/main/java/org/apache/tika/server/core/writer/TikaServerWriter.java,21
tika,org.apache.tika.server.core.writer,TextMessageBodyWriter,0,0,3,3,21,5,0,0,-1.0,0,1,/Users/surabhilone/Desktop/Thesis/SoftwareSystems/tika/tika-server/tika-server-core/src/main/java/org/apache/tika/server/core/writer/TextMessageBodyWriter.java,37
tika,org.apache.tika.server.core.writer,CSVMessageBodyWriter,0,0,3,3,19,4,0,0,-1.0,0,1,/Users/surabhilone/Desktop/Thesis/SoftwareSystems/tika/tika-server/tika-server-core/src/main/java/org/apache/tika/server/core/writer/CSVMessageBodyWriter.java,40
tika,org.apache.tika.server.core.writer,JSONObjWriter,0,0,3,3,14,3,0,0,-1.0,0,1,/Users/surabhilone/Desktop/Thesis/SoftwareSystems/tika/tika-server/tika-server-core/src/main/java/org/apache/tika/server/core/writer/JSONObjWriter.java,39
tika,org.apache.tika.server.core.writer,JSONMessageBodyWriter,0,0,3,3,13,3,0,0,-1.0,0,2,/Users/surabhilone/Desktop/Thesis/SoftwareSystems/tika/tika-server/tika-server-core/src/main/java/org/apache/tika/server/core/writer/JSONMessageBodyWriter.java,38
tika,org.apache.tika.server.core.writer,ZipWriter,0,0,4,3,35,6,0,0,-1.0,0,0,/Users/surabhilone/Desktop/Thesis/SoftwareSystems/tika/tika-server/tika-server-core/src/main/java/org/apache/tika/server/core/writer/ZipWriter.java,39
tika,org.apache.tika.server.core.writer,TarWriter,0,0,4,3,22,5,0,0,-1.0,0,0,/Users/surabhilone/Desktop/Thesis/SoftwareSystems/tika/tika-server/tika-server-core/src/main/java/org/apache/tika/server/core/writer/TarWriter.java,34
tika,org.apache.tika.server.core.resource,TranslateResource,5,0,8,5,63,12,0,0,0.0,1,8,/Users/surabhilone/Desktop/Thesis/SoftwareSystems/tika/tika-server/tika-server-core/src/main/java/org/apache/tika/server/core/resource/TranslateResource.java,43
tika,org.apache.tika.server.core.resource,TikaWelcome,10,5,4,3,149,23,0,0,0.0,0,3,/Users/surabhilone/Desktop/Thesis/SoftwareSystems/tika/tika-server/tika-server-core/src/main/java/org/apache/tika/server/core/resource/TikaWelcome.java,45
tika,org.apache.tika.server.core.resource,TikaWelcome.Endpoint,5,5,0,0,14,0,0,0,-1.0,0,0,/Users/surabhilone/Desktop/Thesis/SoftwareSystems/tika/tika-server/tika-server-core/src/main/java/org/apache/tika/server/core/resource/TikaWelcome.java,219
tika,org.apache.tika.server.core.resource,TikaVersion,1,0,2,2,10,2,0,0,0.0,1,2,/Users/surabhilone/Desktop/Thesis/SoftwareSystems/tika/tika-server/tika-server-core/src/main/java/org/apache/tika/server/core/resource/TikaVersion.java,25
tika,org.apache.tika.server.core.resource,DetectorResource,2,0,2,2,36,2,0,0,0.0,1,8,/Users/surabhilone/Desktop/Thesis/SoftwareSystems/tika/tika-server/tika-server-core/src/main/java/org/apache/tika/server/core/resource/DetectorResource.java,39
tika,org.apache.tika.server.core.resource,TikaServerResource,0,0,0,0,5,0,3,0,-1.0,0,0,/Users/surabhilone/Desktop/Thesis/SoftwareSystems/tika/tika-server/tika-server-core/src/main/java/org/apache/tika/server/core/resource/TikaServerResource.java,19
tika,org.apache.tika.server.core.resource,TikaDetectors,1,0,7,4,77,14,0,0,0.42857142857142855,1,3,/Users/surabhilone/Desktop/Thesis/SoftwareSystems/tika/tika-server/tika-server-core/src/main/java/org/apache/tika/server/core/resource/TikaDetectors.java,34
tika,org.apache.tika.server.core.resource,TikaServerStatus,1,0,2,2,15,2,0,0,0.0,1,1,/Users/surabhilone/Desktop/Thesis/SoftwareSystems/tika/tika-server/tika-server-core/src/main/java/org/apache/tika/server/core/resource/TikaServerStatus.java,28
tika,org.apache.tika.server.core.resource,LanguageResource,1,0,6,4,25,6,0,0,0.0,1,2,/Users/surabhilone/Desktop/Thesis/SoftwareSystems/tika/tika-server/tika-server-core/src/main/java/org/apache/tika/server/core/resource/LanguageResource.java,36
tika,org.apache.tika.server.core.resource,AsyncRequest,1,0,2,2,9,2,0,0,0.0,1,0,/Users/surabhilone/Desktop/Thesis/SoftwareSystems/tika/tika-server/tika-server-core/src/main/java/org/apache/tika/server/core/resource/AsyncRequest.java,23
tika,org.apache.tika.server.core.resource,TikaParsers,9,0,13,7,164,29,0,0,0.0,1,3,/Users/surabhilone/Desktop/Thesis/SoftwareSystems/tika/tika-server/tika-server-core/src/main/java/org/apache/tika/server/core/resource/TikaParsers.java,41
tika,org.apache.tika.server.core.resource,TikaParsers.ParserDetails,7,0,0,0,28,0,0,0,-1.0,0,0,/Users/surabhilone/Desktop/Thesis/SoftwareSystems/tika/tika-server/tika-server-core/src/main/java/org/apache/tika/server/core/resource/TikaParsers.java,221
tika,org.apache.tika.server.core.resource,PipesResource,2,0,8,3,74,22,0,0,0.0,1,7,/Users/surabhilone/Desktop/Thesis/SoftwareSystems/tika/tika-server/tika-server-core/src/main/java/org/apache/tika/server/core/resource/PipesResource.java,46
tika,org.apache.tika.server.core.resource,RecursiveMetadataResource,3,0,5,3,65,7,0,0,0.0,6,11,/Users/surabhilone/Desktop/Thesis/SoftwareSystems/tika/tika-server/tika-server-core/src/main/java/org/apache/tika/server/core/resource/RecursiveMetadataResource.java,53
tika,org.apache.tika.server.core.resource,TikaMimeTypes,6,0,9,6,206,53,0,0,0.0,2,8,/Users/surabhilone/Desktop/Thesis/SoftwareSystems/tika/tika-server/tika-server-core/src/main/java/org/apache/tika/server/core/resource/TikaMimeTypes.java,45
tika,org.apache.tika.server.core.resource,TikaMimeTypes.MediaTypeDetails,5,0,0,0,7,0,0,0,-1.0,0,2,/Users/surabhilone/Desktop/Thesis/SoftwareSystems/tika/tika-server/tika-server-core/src/main/java/org/apache/tika/server/core/resource/TikaMimeTypes.java,411
tika,org.apache.tika.server.core.resource,TikaResource,10,1,34,28,472,88,0,0,0.058823529411764705,20,20,/Users/surabhilone/Desktop/Thesis/SoftwareSystems/tika/tika-server/tika-server-core/src/main/java/org/apache/tika/server/core/resource/TikaResource.java,92
tika,org.apache.tika.server.core.resource,AsyncResource,6,0,10,5,87,16,0,0,0.3,1,9,/Users/surabhilone/Desktop/Thesis/SoftwareSystems/tika/tika-server/tika-server-core/src/main/java/org/apache/tika/server/core/resource/AsyncResource.java,54
tika,org.apache.tika.server.core.resource,MetadataResource,1,0,5,4,56,8,1,0,0.4,1,5,/Users/surabhilone/Desktop/Thesis/SoftwareSystems/tika/tika-server/tika-server-core/src/main/java/org/apache/tika/server/core/resource/MetadataResource.java,47
tika,org.apache.tika.server.core.resource,UnpackerResource,9,3,4,3,139,12,0,0,0.0,3,8,/Users/surabhilone/Desktop/Thesis/SoftwareSystems/tika/tika-server/tika-server-core/src/main/java/org/apache/tika/server/core/resource/UnpackerResource.java,69
tika,org.apache.tika.server.core.resource,UnpackerResource.MyEmbeddedDocumentExtractor,4,0,0,0,70,0,0,1,-1.0,0,3,/Users/surabhilone/Desktop/Thesis/SoftwareSystems/tika/tika-server/tika-server-core/src/main/java/org/apache/tika/server/core/resource/UnpackerResource.java,169
tika,org.apache.tika.serialization.mocks,ClassA,11,0,25,25,106,27,1,0,0.0,0,0,/Users/surabhilone/Desktop/Thesis/SoftwareSystems/tika/tika-serialization/src/test/java/org/apache/tika/serialization/mocks/ClassA.java,21
tika,org.apache.tika.serialization.mocks,ClassB,4,0,11,11,57,14,0,1,0.0,1,0,/Users/surabhilone/Desktop/Thesis/SoftwareSystems/tika/tika-serialization/src/test/java/org/apache/tika/serialization/mocks/ClassB.java,26
tika,org.apache.tika.serialization.mocks,ClassC,1,0,4,4,22,6,0,0,0.0,1,1,/Users/surabhilone/Desktop/Thesis/SoftwareSystems/tika/tika-serialization/src/test/java/org/apache/tika/serialization/mocks/ClassC.java,21
tika,org.apache.tika.serialization,TikaJsonSerializationTest,0,0,1,1,13,1,0,0,-1.0,0,3,/Users/surabhilone/Desktop/Thesis/SoftwareSystems/tika/tika-serialization/src/test/java/org/apache/tika/serialization/TikaJsonSerializationTest.java,33
tika,org.apache.tika.serialization,JsonMetadataListTest,0,0,5,5,103,5,0,0,-1.0,0,4,/Users/surabhilone/Desktop/Thesis/SoftwareSystems/tika/tika-serialization/src/test/java/org/apache/tika/serialization/JsonMetadataListTest.java,35
tika,org.apache.tika.serialization,TestParseContextSerialization,0,0,1,1,27,1,0,0,-1.0,0,4,/Users/surabhilone/Desktop/Thesis/SoftwareSystems/tika/tika-serialization/src/test/java/org/apache/tika/serialization/TestParseContextSerialization.java,37
tika,org.apache.tika.serialization,JsonMetadataTest,0,0,5,5,73,7,0,0,-1.0,0,3,/Users/surabhilone/Desktop/Thesis/SoftwareSystems/tika/tika-serialization/src/test/java/org/apache/tika/serialization/JsonMetadataTest.java,33
tika,org.apache.tika.serialization,JsonStreamingSerializer,3,0,3,3,23,4,0,0,0.0,3,3,/Users/surabhilone/Desktop/Thesis/SoftwareSystems/tika/tika-serialization/src/main/java/org/apache/tika/serialization/JsonStreamingSerializer.java,32
tika,org.apache.tika.serialization,TikaJsonSerializer,7,1,9,3,219,49,0,0,0.0,4,1,/Users/surabhilone/Desktop/Thesis/SoftwareSystems/tika/tika-serialization/src/main/java/org/apache/tika/serialization/TikaJsonSerializer.java,35
tika,org.apache.tika.serialization,ParseContextSerializer,1,1,1,1,20,2,0,0,0.0,2,2,/Users/surabhilone/Desktop/Thesis/SoftwareSystems/tika/tika-serialization/src/main/java/org/apache/tika/serialization/ParseContextSerializer.java,27
tika,org.apache.tika.serialization,JsonMetadataList,1,0,4,4,74,13,0,0,0.5,25,4,/Users/surabhilone/Desktop/Thesis/SoftwareSystems/tika/tika-serialization/src/main/java/org/apache/tika/serialization/JsonMetadataList.java,37
tika,org.apache.tika.serialization,TikaJsonDeserializer,0,0,13,2,366,88,0,0,-1.0,2,1,/Users/surabhilone/Desktop/Thesis/SoftwareSystems/tika/tika-serialization/src/main/java/org/apache/tika/serialization/TikaJsonDeserializer.java,32
tika,org.apache.tika.serialization,PrettyMetadataKeyComparator,0,0,1,1,20,6,0,0,-1.0,0,1,/Users/surabhilone/Desktop/Thesis/SoftwareSystems/tika/tika-serialization/src/main/java/org/apache/tika/serialization/PrettyMetadataKeyComparator.java,21
tika,org.apache.tika.serialization,TikaSerializationException,0,0,2,2,8,2,0,1,-1.0,1,0,/Users/surabhilone/Desktop/Thesis/SoftwareSystems/tika/tika-serialization/src/main/java/org/apache/tika/serialization/TikaSerializationException.java,21
tika,org.apache.tika.serialization,JsonMetadata,1,0,5,5,104,21,0,0,0.4,14,2,/Users/surabhilone/Desktop/Thesis/SoftwareSystems/tika/tika-serialization/src/main/java/org/apache/tika/serialization/JsonMetadata.java,36
tika,org.apache.tika.serialization,ParseContextDeserializer,0,0,3,2,37,7,0,0,-1.0,1,3,/Users/surabhilone/Desktop/Thesis/SoftwareSystems/tika/tika-serialization/src/main/java/org/apache/tika/serialization/ParseContextDeserializer.java,32
tika,org.apache.tika.serialization.pipes,JsonFetchEmitTupleTest,0,0,3,3,41,3,0,0,-1.0,0,6,/Users/surabhilone/Desktop/Thesis/SoftwareSystems/tika/tika-serialization/src/test/java/org/apache/tika/serialization/pipes/JsonFetchEmitTupleTest.java,35
tika,org.apache.tika.serialization.pipes,JsonFetchEmitTupleListTest,0,0,2,1,22,3,0,0,-1.0,0,2,/Users/surabhilone/Desktop/Thesis/SoftwareSystems/tika/tika-serialization/src/test/java/org/apache/tika/serialization/pipes/JsonFetchEmitTupleListTest.java,34
tika,org.apache.tika.serialization.pipes,JsonFetchEmitTupleList,0,0,3,3,30,6,0,0,-1.0,3,3,/Users/surabhilone/Desktop/Thesis/SoftwareSystems/tika/tika-serialization/src/main/java/org/apache/tika/serialization/pipes/JsonFetchEmitTupleList.java,36
tika,org.apache.tika.serialization.pipes,JsonFetchEmitTuple,9,9,9,3,119,24,0,0,0.0,9,7,/Users/surabhilone/Desktop/Thesis/SoftwareSystems/tika/tika-serialization/src/main/java/org/apache/tika/serialization/pipes/JsonFetchEmitTuple.java,43
tika,org.apache.tika.serialization.pipes,JsonEmitData,0,0,1,1,20,3,0,0,-1.0,0,5,/Users/surabhilone/Desktop/Thesis/SoftwareSystems/tika/tika-serialization/src/main/java/org/apache/tika/serialization/pipes/JsonEmitData.java,32
tika,org.apache.tika.batch,CommandLineParserBuilderTest,0,0,1,1,8,1,0,0,-1.0,0,1,/Users/surabhilone/Desktop/Thesis/SoftwareSystems/tika/tika-batch/src/test/java/org/apache/tika/batch/CommandLineParserBuilderTest.java,29
tika,org.apache.tika.batch,RecursiveParserWrapperFSConsumerTest,1,0,8,8,77,9,0,0,1.0,0,9,/Users/surabhilone/Desktop/Thesis/SoftwareSystems/tika/tika-batch/src/test/java/org/apache/tika/batch/RecursiveParserWrapperFSConsumerTest.java,45
tika,org.apache.tika.batch,RecursiveParserWrapperFSConsumerTest.MockOSFactory,1,0,0,0,11,0,0,1,-1.0,0,0,/Users/surabhilone/Desktop/Thesis/SoftwareSystems/tika/tika-batch/src/test/java/org/apache/tika/batch/RecursiveParserWrapperFSConsumerTest.java,167
tika,org.apache.tika.batch,FileResource,1,1,3,3,21,3,1,0,-1.0,10,2,/Users/surabhilone/Desktop/Thesis/SoftwareSystems/tika/tika-batch/src/main/java/org/apache/tika/batch/FileResource.java,27
tika,org.apache.tika.batch,StatusReporterFutureResult,0,0,0,0,5,0,0,1,-1.0,0,0,/Users/surabhilone/Desktop/Thesis/SoftwareSystems/tika/tika-batch/src/main/java/org/apache/tika/batch/StatusReporterFutureResult.java,19
tika,org.apache.tika.batch,ParserFactory,1,0,3,3,10,3,2,0,0.6666666666666666,4,2,/Users/surabhilone/Desktop/Thesis/SoftwareSystems/tika/tika-batch/src/main/java/org/apache/tika/batch/ParserFactory.java,23
tika,org.apache.tika.batch,ParallelFileProcessingResult,7,0,9,9,61,9,0,0,0.0,4,0,/Users/surabhilone/Desktop/Thesis/SoftwareSystems/tika/tika-batch/src/main/java/org/apache/tika/batch/ParallelFileProcessingResult.java,20
tika,org.apache.tika.batch,FileResourceCrawler,17,0,16,13,185,30,0,0,0.0,7,4,/Users/surabhilone/Desktop/Thesis/SoftwareSystems/tika/tika-batch/src/main/java/org/apache/tika/batch/FileResourceCrawler.java,30
tika,org.apache.tika.batch,BatchNoRestartError,0,0,3,3,14,3,0,0,-1.0,0,0,/Users/surabhilone/Desktop/Thesis/SoftwareSystems/tika/tika-batch/src/main/java/org/apache/tika/batch/BatchNoRestartError.java,19
tika,org.apache.tika.batch,FileResourceCrawlerFutureResult,2,0,3,0,14,3,0,1,0.0,2,0,/Users/surabhilone/Desktop/Thesis/SoftwareSystems/tika/tika-batch/src/main/java/org/apache/tika/batch/FileResourceCrawlerFutureResult.java,19
tika,org.apache.tika.batch,IFileProcessorFutureResult,0,0,0,0,5,0,5,0,-1.0,5,0,/Users/surabhilone/Desktop/Thesis/SoftwareSystems/tika/tika-batch/src/main/java/org/apache/tika/batch/IFileProcessorFutureResult.java,20
tika,org.apache.tika.batch,OutputStreamFactory,0,0,1,1,3,1,1,0,-1.0,5,1,/Users/surabhilone/Desktop/Thesis/SoftwareSystems/tika/tika-batch/src/main/java/org/apache/tika/batch/OutputStreamFactory.java,24
tika,org.apache.tika.batch,FileStarted,2,0,8,8,74,14,0,0,0.0,4,0,/Users/surabhilone/Desktop/Thesis/SoftwareSystems/tika/tika-batch/src/main/java/org/apache/tika/batch/FileStarted.java,19
tika,org.apache.tika.batch,Interrupter,3,0,2,2,45,3,0,0,1.0,2,1,/Users/surabhilone/Desktop/Thesis/SoftwareSystems/tika/tika-batch/src/main/java/org/apache/tika/batch/Interrupter.java,27
tika,org.apache.tika.batch,Interrupter.Doomsday,0,0,0,0,20,0,0,0,-1.0,0,0,/Users/surabhilone/Desktop/Thesis/SoftwareSystems/tika/tika-batch/src/main/java/org/apache/tika/batch/Interrupter.java,61
tika,org.apache.tika.batch,ConsumersManager,2,0,6,6,41,6,0,0,0.6666666666666666,8,0,/Users/surabhilone/Desktop/Thesis/SoftwareSystems/tika/tika-batch/src/main/java/org/apache/tika/batch/ConsumersManager.java,22
tika,org.apache.tika.batch,BatchProcessDriverCLI,26,3,11,6,287,26,0,0,0.18181818181818182,6,1,/Users/surabhilone/Desktop/Thesis/SoftwareSystems/tika/tika-batch/src/main/java/org/apache/tika/batch/BatchProcessDriverCLI.java,38
tika,org.apache.tika.batch,BatchProcessDriverCLI.InterruptWatcher,1,0,0,0,17,0,0,0,-1.0,0,0,/Users/surabhilone/Desktop/Thesis/SoftwareSystems/tika/tika-batch/src/main/java/org/apache/tika/batch/BatchProcessDriverCLI.java,276
tika,org.apache.tika.batch,BatchProcessDriverCLI.InterruptWriter,1,0,0,0,24,0,0,0,-1.0,0,0,/Users/surabhilone/Desktop/Thesis/SoftwareSystems/tika/tika-batch/src/main/java/org/apache/tika/batch/BatchProcessDriverCLI.java,302
tika,org.apache.tika.batch,BatchProcessDriverCLI.StreamGobbler,2,0,0,0,27,0,0,0,-1.0,0,0,/Users/surabhilone/Desktop/Thesis/SoftwareSystems/tika/tika-batch/src/main/java/org/apache/tika/batch/BatchProcessDriverCLI.java,331
tika,org.apache.tika.batch,BatchProcessDriverCLI.StreamWatcher,0,0,0,0,21,0,0,0,-1.0,0,1,/Users/surabhilone/Desktop/Thesis/SoftwareSystems/tika/tika-batch/src/main/java/org/apache/tika/batch/BatchProcessDriverCLI.java,364
tika,org.apache.tika.batch,FileConsumerFutureResult,2,0,3,3,14,3,0,1,0.0,1,1,/Users/surabhilone/Desktop/Thesis/SoftwareSystems/tika/tika-batch/src/main/java/org/apache/tika/batch/FileConsumerFutureResult.java,19
tika,org.apache.tika.batch,BatchProcess,21,0,16,6,424,65,0,0,0.125,8,10,/Users/surabhilone/Desktop/Thesis/SoftwareSystems/tika/tika-batch/src/main/java/org/apache/tika/batch/BatchProcess.java,38
tika,org.apache.tika.batch,BatchProcess.BATCH_CONSTANTS,0,0,0,0,1,0,0,0,-1.0,0,0,/Users/surabhilone/Desktop/Thesis/SoftwareSystems/tika/tika-batch/src/main/java/org/apache/tika/batch/BatchProcess.java,500
tika,org.apache.tika.batch,BatchProcess.CAUSE_FOR_TERMINATION,0,0,0,0,1,0,0,0,-1.0,0,0,/Users/surabhilone/Desktop/Thesis/SoftwareSystems/tika/tika-batch/src/main/java/org/apache/tika/batch/BatchProcess.java,504
tika,org.apache.tika.batch,BatchProcess.State,7,0,0,0,9,0,0,0,-1.0,0,0,/Users/surabhilone/Desktop/Thesis/SoftwareSystems/tika/tika-batch/src/main/java/org/apache/tika/batch/BatchProcess.java,509
tika,org.apache.tika.batch,BatchProcess.TimeoutFutureResult,1,0,0,0,9,0,0,1,-1.0,0,0,/Users/surabhilone/Desktop/Thesis/SoftwareSystems/tika/tika-batch/src/main/java/org/apache/tika/batch/BatchProcess.java,519
tika,org.apache.tika.batch,BatchProcess.TimeoutChecker,0,0,0,0,28,0,0,0,-1.0,0,0,/Users/surabhilone/Desktop/Thesis/SoftwareSystems/tika/tika-batch/src/main/java/org/apache/tika/batch/BatchProcess.java,533
tika,org.apache.tika.batch,InterrupterFutureResult,0,0,0,0,2,0,0,1,-1.0,0,0,/Users/surabhilone/Desktop/Thesis/SoftwareSystems/tika/tika-batch/src/main/java/org/apache/tika/batch/InterrupterFutureResult.java,19
tika,org.apache.tika.batch,FileResourceConsumer,17,7,18,9,265,40,0,0,0.1111111111111111,1,8,/Users/surabhilone/Desktop/Thesis/SoftwareSystems/tika/tika-batch/src/main/java/org/apache/tika/batch/FileResourceConsumer.java,44
tika,org.apache.tika.batch,FileResourceConsumer.STATE,0,0,0,0,1,0,0,0,-1.0,0,0,/Users/surabhilone/Desktop/Thesis/SoftwareSystems/tika/tika-batch/src/main/java/org/apache/tika/batch/FileResourceConsumer.java,388
tika,org.apache.tika.batch,PoisonFileResource,0,0,3,3,23,3,0,1,-1.0,0,1,/Users/surabhilone/Desktop/Thesis/SoftwareSystems/tika/tika-batch/src/main/java/org/apache/tika/batch/PoisonFileResource.java,23
tika,org.apache.tika.batch,StatusReporter,7,0,10,6,153,24,0,0,0.0,3,5,/Users/surabhilone/Desktop/Thesis/SoftwareSystems/tika/tika-batch/src/main/java/org/apache/tika/batch/StatusReporter.java,28
tika,org.apache.tika.batch,AutoDetectParserFactory,0,0,1,1,8,1,0,1,-1.0,0,2,/Users/surabhilone/Desktop/Thesis/SoftwareSystems/tika/tika-batch/src/main/java/org/apache/tika/batch/AutoDetectParserFactory.java,23
tika,org.apache.tika.batch,DigestingAutoDetectParserFactory,1,0,2,2,17,4,0,1,0.0,0,4,/Users/surabhilone/Desktop/Thesis/SoftwareSystems/tika/tika-app/src/main/java/org/apache/tika/batch/DigestingAutoDetectParserFactory.java,24
tika,org.apache.tika.batch.mock,MockConsumersBuilder,0,0,1,1,8,1,0,0,-1.0,0,1,/Users/surabhilone/Desktop/Thesis/SoftwareSystems/tika/tika-batch/src/test/java/org/apache/tika/batch/mock/MockConsumersBuilder.java,28
tika,org.apache.tika.batch.mock,MockConsumersManager,4,0,5,5,42,7,0,0,0.0,0,1,/Users/surabhilone/Desktop/Thesis/SoftwareSystems/tika/tika-batch/src/test/java/org/apache/tika/batch/mock/MockConsumersManager.java,22
tika,org.apache.tika.batch.fs,FSBatchTestBase,1,0,14,8,159,24,4,0,0.6428571428571429,0,4,/Users/surabhilone/Desktop/Thesis/SoftwareSystems/tika/tika-batch/src/test/java/org/apache/tika/batch/fs/FSBatchTestBase.java,49
tika,org.apache.tika.batch.fs,BatchProcessTest,6,0,14,14,260,17,0,1,1.0,0,2,/Users/surabhilone/Desktop/Thesis/SoftwareSystems/tika/tika-batch/src/test/java/org/apache/tika/batch/fs/BatchProcessTest.java,39
tika,org.apache.tika.batch.fs,BatchProcessTest.StreamStrings,2,0,0,0,17,0,0,0,-1.0,0,0,/Users/surabhilone/Desktop/Thesis/SoftwareSystems/tika/tika-batch/src/test/java/org/apache/tika/batch/fs/BatchProcessTest.java,330
tika,org.apache.tika.batch.fs,BatchProcessTest.BatchProcessTestExecutor,4,0,0,0,53,0,0,0,-1.0,0,0,/Users/surabhilone/Desktop/Thesis/SoftwareSystems/tika/tika-batch/src/test/java/org/apache/tika/batch/fs/BatchProcessTest.java,353
tika,org.apache.tika.batch.fs,OutputStreamFactoryTest,0,0,2,2,30,3,0,1,-1.0,0,2,/Users/surabhilone/Desktop/Thesis/SoftwareSystems/tika/tika-batch/src/test/java/org/apache/tika/batch/fs/OutputStreamFactoryTest.java,31
tika,org.apache.tika.batch.fs,HandlerBuilderTest,0,0,5,5,60,5,0,1,-1.0,0,2,/Users/surabhilone/Desktop/Thesis/SoftwareSystems/tika/tika-batch/src/test/java/org/apache/tika/batch/fs/HandlerBuilderTest.java,31
tika,org.apache.tika.batch.fs,StringStreamGobbler,3,0,4,4,26,5,0,0,0.0,0,0,/Users/surabhilone/Desktop/Thesis/SoftwareSystems/tika/tika-batch/src/test/java/org/apache/tika/batch/fs/StringStreamGobbler.java,29
tika,org.apache.tika.batch.fs,FSUtilTest,0,0,1,1,12,1,0,0,-1.0,0,1,/Users/surabhilone/Desktop/Thesis/SoftwareSystems/tika/tika-batch/src/test/java/org/apache/tika/batch/fs/FSUtilTest.java,26
tika,org.apache.tika.batch.fs,FSFileResourceTest,0,0,1,1,18,1,0,0,-1.0,0,1,/Users/surabhilone/Desktop/Thesis/SoftwareSystems/tika/tika-batch/src/test/java/org/apache/tika/batch/fs/FSFileResourceTest.java,27
tika,org.apache.tika.batch.fs,BatchDriverTest,0,0,11,11,147,15,0,1,-1.0,0,1,/Users/surabhilone/Desktop/Thesis/SoftwareSystems/tika/tika-batch/src/test/java/org/apache/tika/batch/fs/BatchDriverTest.java,36
tika,org.apache.tika.batch.fs,BasicTikaFSConsumer,5,0,5,5,71,9,0,1,0.0,0,8,/Users/surabhilone/Desktop/Thesis/SoftwareSystems/tika/tika-batch/src/main/java/org/apache/tika/batch/fs/BasicTikaFSConsumer.java,36
tika,org.apache.tika.batch.fs,FSDocumentSelector,4,0,2,2,40,9,0,1,0.0,0,3,/Users/surabhilone/Desktop/Thesis/SoftwareSystems/tika/tika-batch/src/main/java/org/apache/tika/batch/fs/FSDocumentSelector.java,27
tika,org.apache.tika.batch.fs,FSProperties,2,1,0,0,7,0,0,0,-1.0,8,1,/Users/surabhilone/Desktop/Thesis/SoftwareSystems/tika/tika-batch/src/main/java/org/apache/tika/batch/fs/FSProperties.java,21
tika,org.apache.tika.batch.fs,FSOutputStreamFactory,4,0,2,2,42,8,0,0,0.0,1,3,/Users/surabhilone/Desktop/Thesis/SoftwareSystems/tika/tika-batch/src/main/java/org/apache/tika/batch/fs/FSOutputStreamFactory.java,33
tika,org.apache.tika.batch.fs,FSOutputStreamFactory.COMPRESSION,0,0,0,0,1,0,0,0,-1.0,0,0,/Users/surabhilone/Desktop/Thesis/SoftwareSystems/tika/tika-batch/src/main/java/org/apache/tika/batch/fs/FSOutputStreamFactory.java,94
tika,org.apache.tika.batch.fs,FSDirectoryCrawler,4,0,5,4,96,19,0,0,0.0,1,2,/Users/surabhilone/Desktop/Thesis/SoftwareSystems/tika/tika-batch/src/main/java/org/apache/tika/batch/fs/FSDirectoryCrawler.java,34
tika,org.apache.tika.batch.fs,FSDirectoryCrawler.CRAWL_ORDER,0,0,0,0,1,0,0,0,-1.0,0,0,/Users/surabhilone/Desktop/Thesis/SoftwareSystems/tika/tika-batch/src/main/java/org/apache/tika/batch/fs/FSDirectoryCrawler.java,143
tika,org.apache.tika.batch.fs,FSDirectoryCrawler.FileNameComparator,0,0,0,0,8,0,0,0,-1.0,0,0,/Users/surabhilone/Desktop/Thesis/SoftwareSystems/tika/tika-batch/src/main/java/org/apache/tika/batch/fs/FSDirectoryCrawler.java,152
tika,org.apache.tika.batch.fs,FSUtil,1,0,5,5,102,17,0,0,0.4,3,0,/Users/surabhilone/Desktop/Thesis/SoftwareSystems/tika/tika-batch/src/main/java/org/apache/tika/batch/fs/FSUtil.java,28
tika,org.apache.tika.batch.fs,FSUtil.HANDLE_EXISTING,0,0,0,0,1,0,0,0,-1.0,0,0,/Users/surabhilone/Desktop/Thesis/SoftwareSystems/tika/tika-batch/src/main/java/org/apache/tika/batch/fs/FSUtil.java,205
tika,org.apache.tika.batch.fs,FSConsumersManager,0,0,3,3,9,3,0,0,-1.0,0,0,/Users/surabhilone/Desktop/Thesis/SoftwareSystems/tika/tika-batch/src/main/java/org/apache/tika/batch/fs/FSConsumersManager.java,25
tika,org.apache.tika.batch.fs,StreamOutRPWFSConsumer,7,0,4,4,97,9,0,1,0.5,0,10,/Users/surabhilone/Desktop/Thesis/SoftwareSystems/tika/tika-batch/src/main/java/org/apache/tika/batch/fs/StreamOutRPWFSConsumer.java,43
tika,org.apache.tika.batch.fs,StreamOutRPWFSConsumer.WriteoutRPWHandler,2,0,0,0,27,0,0,1,-1.0,0,3,/Users/surabhilone/Desktop/Thesis/SoftwareSystems/tika/tika-batch/src/main/java/org/apache/tika/batch/fs/StreamOutRPWFSConsumer.java,134
tika,org.apache.tika.batch.fs,FSBatchProcessCLI,3,1,6,3,99,16,0,0,0.0,1,7,/Users/surabhilone/Desktop/Thesis/SoftwareSystems/tika/tika-batch/src/main/java/org/apache/tika/batch/fs/FSBatchProcessCLI.java,47
tika,org.apache.tika.batch.fs,RecursiveParserWrapperFSConsumer,5,0,4,4,80,9,0,1,0.0,1,10,/Users/surabhilone/Desktop/Thesis/SoftwareSystems/tika/tika-batch/src/main/java/org/apache/tika/batch/fs/RecursiveParserWrapperFSConsumer.java,39
tika,org.apache.tika.batch.fs,FSFileResource,3,0,5,4,55,6,0,0,0.0,2,4,/Users/surabhilone/Desktop/Thesis/SoftwareSystems/tika/tika-batch/src/main/java/org/apache/tika/batch/fs/FSFileResource.java,30
tika,org.apache.tika.batch.fs,FSListCrawler,2,0,3,2,52,7,0,0,0.0,0,0,/Users/surabhilone/Desktop/Thesis/SoftwareSystems/tika/tika-batch/src/main/java/org/apache/tika/batch/fs/FSListCrawler.java,31
tika,org.apache.tika.batch.fs,AbstractFSConsumer,0,0,3,1,37,3,3,0,-1.0,0,2,/Users/surabhilone/Desktop/Thesis/SoftwareSystems/tika/tika-batch/src/main/java/org/apache/tika/batch/fs/AbstractFSConsumer.java,29
tika,org.apache.tika.batch.fs.strawman,StrawmanTest,0,0,1,1,4,1,0,0,-1.0,0,0,/Users/surabhilone/Desktop/Thesis/SoftwareSystems/tika/tika-batch/src/test/java/org/apache/tika/batch/fs/strawman/StrawmanTest.java,22
tika,org.apache.tika.batch.fs.strawman,StrawManTikaAppDriver,9,0,4,4,187,13,0,0,0.0,0,0,/Users/surabhilone/Desktop/Thesis/SoftwareSystems/tika/tika-batch/src/main/java/org/apache/tika/batch/fs/strawman/StrawManTikaAppDriver.java,43
tika,org.apache.tika.batch.fs.strawman,StrawManTikaAppDriver.TikaVisitor,1,0,0,0,86,0,0,0,-1.0,0,0,/Users/surabhilone/Desktop/Thesis/SoftwareSystems/tika/tika-batch/src/main/java/org/apache/tika/batch/fs/strawman/StrawManTikaAppDriver.java,155
tika,org.apache.tika.util,XMLDOMUtil,0,0,4,3,68,11,0,0,-1.0,8,0,/Users/surabhilone/Desktop/Thesis/SoftwareSystems/tika/tika-batch/src/main/java/org/apache/tika/util/XMLDOMUtil.java,25
tika,org.apache.tika.util,PropsUtil,0,0,5,5,88,14,0,0,-1.0,9,0,/Users/surabhilone/Desktop/Thesis/SoftwareSystems/tika/tika-batch/src/main/java/org/apache/tika/util/PropsUtil.java,23
tika,org.apache.tika.util,ClassLoaderUtil,0,0,1,1,16,2,0,0,-1.0,5,0,/Users/surabhilone/Desktop/Thesis/SoftwareSystems/tika/tika-batch/src/main/java/org/apache/tika/util/ClassLoaderUtil.java,21
tika,org.apache.tika.util,DurationFormatUtils,0,0,3,1,40,7,0,0,-1.0,1,0,/Users/surabhilone/Desktop/Thesis/SoftwareSystems/tika/tika-batch/src/main/java/org/apache/tika/util/DurationFormatUtils.java,19
tika,org.apache.tika.batch.builders,InterrupterBuilder,0,0,1,1,8,1,0,0,-1.0,1,0,/Users/surabhilone/Desktop/Thesis/SoftwareSystems/tika/tika-batch/src/main/java/org/apache/tika/batch/builders/InterrupterBuilder.java,25
tika,org.apache.tika.batch.builders,BatchProcessBuilder,3,3,9,3,175,29,0,0,0.2222222222222222,5,12,/Users/surabhilone/Desktop/Thesis/SoftwareSystems/tika/tika-batch/src/main/java/org/apache/tika/batch/builders/BatchProcessBuilder.java,45
tika,org.apache.tika.batch.builders,ReporterBuilder,0,0,1,1,6,1,0,1,-1.0,0,0,/Users/surabhilone/Desktop/Thesis/SoftwareSystems/tika/tika-batch/src/main/java/org/apache/tika/batch/builders/ReporterBuilder.java,26
tika,org.apache.tika.batch.builders,ObjectFromDOMAndQueueBuilder,0,0,1,1,7,1,1,0,-1.0,0,0,/Users/surabhilone/Desktop/Thesis/SoftwareSystems/tika/tika-batch/src/main/java/org/apache/tika/batch/builders/ObjectFromDOMAndQueueBuilder.java,27
tika,org.apache.tika.batch.builders,DefaultContentHandlerFactoryBuilder,0,0,1,1,21,2,0,2,-1.0,0,3,/Users/surabhilone/Desktop/Thesis/SoftwareSystems/tika/tika-batch/src/main/java/org/apache/tika/batch/builders/DefaultContentHandlerFactoryBuilder.java,27
tika,org.apache.tika.batch.builders,IParserFactoryBuilder,0,0,1,1,3,1,2,0,-1.0,1,0,/Users/surabhilone/Desktop/Thesis/SoftwareSystems/tika/tika-batch/src/main/java/org/apache/tika/batch/builders/IParserFactoryBuilder.java,25
tika,org.apache.tika.batch.builders,ICrawlerBuilder,0,0,1,1,3,1,0,1,-1.0,1,0,/Users/surabhilone/Desktop/Thesis/SoftwareSystems/tika/tika-batch/src/main/java/org/apache/tika/batch/builders/ICrawlerBuilder.java,27
tika,org.apache.tika.batch.builders,ObjectFromDOMBuilder,0,0,1,1,7,1,2,0,-1.0,0,0,/Users/surabhilone/Desktop/Thesis/SoftwareSystems/tika/tika-batch/src/main/java/org/apache/tika/batch/builders/ObjectFromDOMBuilder.java,23
tika,org.apache.tika.batch.builders,SimpleLogReporterBuilder,0,0,1,1,11,1,0,1,-1.0,0,5,/Users/surabhilone/Desktop/Thesis/SoftwareSystems/tika/tika-batch/src/main/java/org/apache/tika/batch/builders/SimpleLogReporterBuilder.java,29
tika,org.apache.tika.batch.builders,AbstractConsumersBuilder,0,0,2,2,7,2,0,0,-1.0,1,0,/Users/surabhilone/Desktop/Thesis/SoftwareSystems/tika/tika-batch/src/main/java/org/apache/tika/batch/builders/AbstractConsumersBuilder.java,27
tika,org.apache.tika.batch.builders,StatusReporterBuilder,0,0,1,1,3,1,1,0,-1.0,1,2,/Users/surabhilone/Desktop/Thesis/SoftwareSystems/tika/tika-batch/src/main/java/org/apache/tika/batch/builders/StatusReporterBuilder.java,27
tika,org.apache.tika.batch.builders,ParserFactoryBuilder,0,0,1,1,20,4,0,1,-1.0,0,3,/Users/surabhilone/Desktop/Thesis/SoftwareSystems/tika/tika-batch/src/main/java/org/apache/tika/batch/builders/ParserFactoryBuilder.java,28
tika,org.apache.tika.batch.builders,CommandLineParserBuilder,0,0,4,1,94,21,0,0,-1.0,2,1,/Users/surabhilone/Desktop/Thesis/SoftwareSystems/tika/tika-batch/src/main/java/org/apache/tika/batch/builders/CommandLineParserBuilder.java,35
tika,org.apache.tika.batch.builders,IContentHandlerFactoryBuilder,0,0,1,1,3,1,1,1,-1.0,1,1,/Users/surabhilone/Desktop/Thesis/SoftwareSystems/tika/tika-batch/src/main/java/org/apache/tika/batch/builders/IContentHandlerFactoryBuilder.java,25
tika,org.apache.tika.batch.builders,AppParserFactoryBuilder,0,0,2,1,49,7,0,1,-1.0,0,4,/Users/surabhilone/Desktop/Thesis/SoftwareSystems/tika/tika-app/src/main/java/org/apache/tika/batch/builders/AppParserFactoryBuilder.java,32
tika,org.apache.tika.batch.fs.builders,FSCrawlerBuilder,10,0,3,1,83,10,0,0,0.0,0,6,/Users/surabhilone/Desktop/Thesis/SoftwareSystems/tika/tika-batch/src/main/java/org/apache/tika/batch/fs/builders/FSCrawlerBuilder.java,43
tika,org.apache.tika.batch.fs.builders,BasicTikaFSConsumersBuilder,0,0,6,1,173,40,0,0,-1.0,0,18,/Users/surabhilone/Desktop/Thesis/SoftwareSystems/tika/tika-batch/src/main/java/org/apache/tika/batch/fs/builders/BasicTikaFSConsumersBuilder.java,56
tika,org.apache.tika.pipes.emitter.jdbc,JDBCEmitterTest,0,0,7,5,185,17,0,0,-1.0,0,3,/Users/surabhilone/Desktop/Thesis/SoftwareSystems/tika/tika-pipes/tika-emitters/tika-emitter-jdbc/src/test/java/org/apache/tika/pipes/emitter/jdbc/JDBCEmitterTest.java,47
tika,org.apache.tika.pipes.emitter.jdbc,JDBCEmitter,24,0,37,19,475,82,0,1,0.08108108108108109,0,5,/Users/surabhilone/Desktop/Thesis/SoftwareSystems/tika/tika-pipes/tika-emitters/tika-emitter-jdbc/src/main/java/org/apache/tika/pipes/emitter/jdbc/JDBCEmitter.java,60
tika,org.apache.tika.pipes.emitter.jdbc,JDBCEmitter.AttachmentStrategy,0,0,0,0,1,0,0,0,-1.0,0,0,/Users/surabhilone/Desktop/Thesis/SoftwareSystems/tika/tika-pipes/tika-emitters/tika-emitter-jdbc/src/main/java/org/apache/tika/pipes/emitter/jdbc/JDBCEmitter.java,73
tika,org.apache.tika.pipes.emitter.jdbc,JDBCEmitter.MultivaluedFieldStrategy,0,0,0,0,1,0,0,0,-1.0,0,0,/Users/surabhilone/Desktop/Thesis/SoftwareSystems/tika/tika-pipes/tika-emitters/tika-emitter-jdbc/src/main/java/org/apache/tika/pipes/emitter/jdbc/JDBCEmitter.java,78
tika,org.apache.tika.pipes.emitter.jdbc,JDBCEmitter.StringNormalizer,0,0,0,0,9,0,0,0,-1.0,0,0,/Users/surabhilone/Desktop/Thesis/SoftwareSystems/tika/tika-pipes/tika-emitters/tika-emitter-jdbc/src/main/java/org/apache/tika/pipes/emitter/jdbc/JDBCEmitter.java,614
tika,org.apache.tika.pipes.emitter.jdbc,JDBCEmitter.PostgresNormalizer,0,0,0,0,6,0,0,0,-1.0,0,0,/Users/surabhilone/Desktop/Thesis/SoftwareSystems/tika/tika-pipes/tika-emitters/tika-emitter-jdbc/src/main/java/org/apache/tika/pipes/emitter/jdbc/JDBCEmitter.java,627
tika,org.apache.tika.pipes.emitter.jdbc,JDBCEmitter.ColumnDefinition,4,0,0,0,36,0,0,0,-1.0,0,0,/Users/surabhilone/Desktop/Thesis/SoftwareSystems/tika/tika-pipes/tika-emitters/tika-emitter-jdbc/src/main/java/org/apache/tika/pipes/emitter/jdbc/JDBCEmitter.java,636
tika,org.apache.tika.pipes.emitter.solr,SolrEmitterDevTest,0,0,1,1,24,1,0,0,-1.0,0,4,/Users/surabhilone/Desktop/Thesis/SoftwareSystems/tika/tika-pipes/tika-emitters/tika-emitter-solr/src/test/java/org/apache/tika/pipes/emitter/solr/SolrEmitterDevTest.java,32
tika,org.apache.tika.pipes.emitter.solr,SolrEmitter,15,1,25,22,221,47,0,1,0.0,2,5,/Users/surabhilone/Desktop/Thesis/SoftwareSystems/tika/tika-pipes/tika-emitters/tika-emitter-solr/src/main/java/org/apache/tika/pipes/emitter/solr/SolrEmitter.java,51
tika,org.apache.tika.pipes.emitter.solr,SolrEmitter.AttachmentStrategy,0,0,0,0,1,0,0,0,-1.0,0,0,/Users/surabhilone/Desktop/Thesis/SoftwareSystems/tika/tika-pipes/tika-emitters/tika-emitter-solr/src/main/java/org/apache/tika/pipes/emitter/solr/SolrEmitter.java,337
tika,org.apache.tika.pipes.emitter.solr,SolrEmitter.UpdateStrategy,0,0,0,0,1,0,0,0,-1.0,0,0,/Users/surabhilone/Desktop/Thesis/SoftwareSystems/tika/tika-pipes/tika-emitters/tika-emitter-solr/src/main/java/org/apache/tika/pipes/emitter/solr/SolrEmitter.java,342
tika,org.apache.tika.pipes.emitter.fs,FileSystemEmitter,4,0,6,6,83,19,0,0,0.0,0,3,/Users/surabhilone/Desktop/Thesis/SoftwareSystems/tika/tika-pipes/tika-emitters/tika-emitter-fs/src/main/java/org/apache/tika/pipes/emitter/fs/FileSystemEmitter.java,39
tika,org.apache.tika.pipes.emitter.fs,FileSystemEmitter.ON_EXISTS,0,0,0,0,1,0,0,0,-1.0,0,0,/Users/surabhilone/Desktop/Thesis/SoftwareSystems/tika/tika-pipes/tika-emitters/tika-emitter-fs/src/main/java/org/apache/tika/pipes/emitter/fs/FileSystemEmitter.java,170
tika,org.apache.tika.pipes.emitter.azblob,TestAZBlobEmitter,0,0,2,1,17,2,0,0,-1.0,0,3,/Users/surabhilone/Desktop/Thesis/SoftwareSystems/tika/tika-pipes/tika-emitters/tika-emitter-az-blob/src/test/java/org/apache/tika/pipes/emitter/azblob/TestAZBlobEmitter.java,33
tika,org.apache.tika.pipes.emitter.azblob,AZBlobEmitter,9,0,15,10,156,25,0,1,0.0,0,7,/Users/surabhilone/Desktop/Thesis/SoftwareSystems/tika/tika-pipes/tika-emitters/tika-emitter-az-blob/src/main/java/org/apache/tika/pipes/emitter/azblob/AZBlobEmitter.java,57
tika,org.apache.tika.pipes.emitter.s3,S3Emitter,14,0,16,16,203,30,0,1,0.0,2,7,/Users/surabhilone/Desktop/Thesis/SoftwareSystems/tika/tika-pipes/tika-emitters/tika-emitter-s3/src/main/java/org/apache/tika/pipes/emitter/s3/S3Emitter.java,73
tika,org.apache.tika.pipes.emitter.gcs,TestGCSEmitter,0,0,2,1,16,2,0,0,-1.0,0,3,/Users/surabhilone/Desktop/Thesis/SoftwareSystems/tika/tika-pipes/tika-emitters/tika-emitter-gcs/src/test/java/org/apache/tika/pipes/emitter/gcs/TestGCSEmitter.java,33
tika,org.apache.tika.pipes.emitter.gcs,GCSEmitter,6,0,9,8,97,16,0,1,0.0,0,7,/Users/surabhilone/Desktop/Thesis/SoftwareSystems/tika/tika-pipes/tika-emitters/tika-emitter-gcs/src/main/java/org/apache/tika/pipes/emitter/gcs/GCSEmitter.java,56
tika,org.apache.tika.pipes.emitter.kafka,KafkaEmitter,26,0,28,26,160,33,0,1,0.07142857142857142,0,3,/Users/surabhilone/Desktop/Thesis/SoftwareSystems/tika/tika-pipes/tika-emitters/tika-emitter-kafka/src/main/java/org/apache/tika/pipes/emitter/kafka/KafkaEmitter.java,46
tika,org.apache.tika.pipes.emitter.opensearch,OpenSearchClientTest,0,0,1,1,22,3,0,0,-1.0,0,2,/Users/surabhilone/Desktop/Thesis/SoftwareSystems/tika/tika-pipes/tika-emitters/tika-emitter-opensearch/src/test/java/org/apache/tika/pipes/emitter/opensearch/OpenSearchClientTest.java,24
tika,org.apache.tika.pipes.emitter.opensearch,JsonResponse,3,0,6,6,27,6,0,0,0.0,3,0,/Users/surabhilone/Desktop/Thesis/SoftwareSystems/tika/tika-pipes/tika-emitters/tika-emitter-opensearch/src/main/java/org/apache/tika/pipes/emitter/opensearch/JsonResponse.java,22
tika,org.apache.tika.pipes.emitter.opensearch,OpenSearchClient,6,0,9,3,216,21,1,0,0.2222222222222222,1,4,/Users/surabhilone/Desktop/Thesis/SoftwareSystems/tika/tika-pipes/tika-emitters/tika-emitter-opensearch/src/main/java/org/apache/tika/pipes/emitter/opensearch/OpenSearchClient.java,46
tika,org.apache.tika.pipes.emitter.opensearch,OpenSearchClient.MetadataToJsonWriter,0,0,0,0,5,0,0,0,-1.0,0,1,/Users/surabhilone/Desktop/Thesis/SoftwareSystems/tika/tika-pipes/tika-emitters/tika-emitter-opensearch/src/main/java/org/apache/tika/pipes/emitter/opensearch/OpenSearchClient.java,183
tika,org.apache.tika.pipes.emitter.opensearch,OpenSearchClient.InsertMetadataToJsonWriter,0,0,0,0,46,0,0,0,-1.0,0,1,/Users/surabhilone/Desktop/Thesis/SoftwareSystems/tika/tika-pipes/tika-emitters/tika-emitter-opensearch/src/main/java/org/apache/tika/pipes/emitter/opensearch/OpenSearchClient.java,193
tika,org.apache.tika.pipes.emitter.opensearch,OpenSearchClient.UpsertMetadataToJsonWriter,0,0,0,0,53,0,0,0,-1.0,0,1,/Users/surabhilone/Desktop/Thesis/SoftwareSystems/tika/tika-pipes/tika-emitters/tika-emitter-opensearch/src/main/java/org/apache/tika/pipes/emitter/opensearch/OpenSearchClient.java,253
tika,org.apache.tika.pipes.emitter.opensearch,OpenSearchEmitter,10,1,20,20,121,25,0,1,0.1,7,6,/Users/surabhilone/Desktop/Thesis/SoftwareSystems/tika/tika-pipes/tika-emitters/tika-emitter-opensearch/src/main/java/org/apache/tika/pipes/emitter/opensearch/OpenSearchEmitter.java,44
tika,org.apache.tika.pipes.emitter.opensearch,OpenSearchEmitter.AttachmentStrategy,0,0,0,0,1,0,0,0,-1.0,0,0,/Users/surabhilone/Desktop/Thesis/SoftwareSystems/tika/tika-pipes/tika-emitters/tika-emitter-opensearch/src/main/java/org/apache/tika/pipes/emitter/opensearch/OpenSearchEmitter.java,47
tika,org.apache.tika.pipes.emitter.opensearch,OpenSearchEmitter.UpdateStrategy,0,0,0,0,1,0,0,0,-1.0,0,0,/Users/surabhilone/Desktop/Thesis/SoftwareSystems/tika/tika-pipes/tika-emitters/tika-emitter-opensearch/src/main/java/org/apache/tika/pipes/emitter/opensearch/OpenSearchEmitter.java,52
tika,org.apache.tika.pipes.reporters.opensearch,OpenSearchPipesReporter,13,3,18,17,140,34,0,1,0.0,0,9,/Users/surabhilone/Desktop/Thesis/SoftwareSystems/tika/tika-pipes/tika-pipes-reporters/tika-pipes-reporter-opensearch/src/main/java/org/apache/tika/pipes/reporters/opensearch/OpenSearchPipesReporter.java,44
tika,org.apache.tika.pipes.reporters.opensearch,JsonResponse,3,0,6,6,27,6,0,0,0.0,1,0,/Users/surabhilone/Desktop/Thesis/SoftwareSystems/tika/tika-pipes/tika-pipes-reporters/tika-pipes-reporter-opensearch/src/main/java/org/apache/tika/pipes/reporters/opensearch/JsonResponse.java,22
tika,org.apache.tika.pipes.reporters.opensearch,OpenSearchClient,3,0,7,4,99,16,0,0,0.0,1,4,/Users/surabhilone/Desktop/Thesis/SoftwareSystems/tika/tika-pipes/tika-pipes-reporters/tika-pipes-reporter-opensearch/src/main/java/org/apache/tika/pipes/reporters/opensearch/OpenSearchClient.java,43
tika,org.apache.tika.pipes.reporters.jdbc,TestJDBCPipesReporter,4,0,7,4,197,20,0,0,0.0,0,5,/Users/surabhilone/Desktop/Thesis/SoftwareSystems/tika/tika-pipes/tika-pipes-reporters/tika-pipes-reporter-jdbc/src/test/java/org/apache/tika/pipes/reporters/jdbc/TestJDBCPipesReporter.java,59
tika,org.apache.tika.pipes.reporters.jdbc,TestJDBCPipesReporter.ReportWorker,4,0,0,0,37,0,0,0,-1.0,0,3,/Users/surabhilone/Desktop/Thesis/SoftwareSystems/tika/tika-pipes/tika-pipes-reporters/tika-pipes-reporter-jdbc/src/test/java/org/apache/tika/pipes/reporters/jdbc/TestJDBCPipesReporter.java,247
tika,org.apache.tika.pipes.reporters.jdbc,JDBCPipesReporter,28,1,18,18,337,22,0,1,0.16666666666666666,1,5,/Users/surabhilone/Desktop/Thesis/SoftwareSystems/tika/tika-pipes/tika-pipes-reporters/tika-pipes-reporter-jdbc/src/main/java/org/apache/tika/pipes/reporters/jdbc/JDBCPipesReporter.java,50
tika,org.apache.tika.pipes.reporters.jdbc,JDBCPipesReporter.IdStatusPair,3,0,0,0,12,0,0,0,-1.0,0,1,/Users/surabhilone/Desktop/Thesis/SoftwareSystems/tika/tika-pipes/tika-pipes-reporters/tika-pipes-reporter-jdbc/src/main/java/org/apache/tika/pipes/reporters/jdbc/JDBCPipesReporter.java,278
tika,org.apache.tika.pipes.reporters.jdbc,JDBCPipesReporter.ReportWorker,9,0,0,0,181,0,0,0,-1.0,0,0,/Users/surabhilone/Desktop/Thesis/SoftwareSystems/tika/tika-pipes/tika-pipes-reporters/tika-pipes-reporter-jdbc/src/main/java/org/apache/tika/pipes/reporters/jdbc/JDBCPipesReporter.java,295
tika,org.apache.tika.pipes.reporters.fs,TestFileSystemStatusReporter,3,0,3,2,112,12,0,0,0.6666666666666666,0,6,/Users/surabhilone/Desktop/Thesis/SoftwareSystems/tika/tika-pipes/tika-pipes-reporters/tika-pipes-reporter-fs-status/src/test/java/org/apache/tika/pipes/reporters/fs/TestFileSystemStatusReporter.java,49
tika,org.apache.tika.pipes.reporters.fs,TestFileSystemStatusReporter.ReportWorker,3,0,0,0,34,0,0,0,-1.0,0,4,/Users/surabhilone/Desktop/Thesis/SoftwareSystems/tika/tika-pipes/tika-pipes-reporters/tika-pipes-reporter-fs-status/src/test/java/org/apache/tika/pipes/reporters/fs/TestFileSystemStatusReporter.java,143
tika,org.apache.tika.pipes.reporters.fs,FileSystemStatusReporter,9,0,15,11,108,20,0,1,0.13333333333333333,1,7,/Users/surabhilone/Desktop/Thesis/SoftwareSystems/tika/tika-pipes/tika-pipes-reporters/tika-pipes-reporter-fs-status/src/main/java/org/apache/tika/pipes/reporters/fs/FileSystemStatusReporter.java,49
tika,org.apache.tika.pipes.fetchers.microsoftgraph,MicrosoftGraphFetcherTest,15,0,1,0,30,1,0,0,0.0,0,4,/Users/surabhilone/Desktop/Thesis/SoftwareSystems/tika/tika-pipes/tika-fetchers/tika-fetcher-microsoft-graph/src/test/java/org/apache/tika/pipes/fetchers/microsoftgraph/MicrosoftGraphFetcherTest.java,48
tika,org.apache.tika.pipes.fetchers.microsoftgraph,MicrosoftGraphFetcher,4,0,7,7,77,11,0,1,0.5714285714285714,1,8,/Users/surabhilone/Desktop/Thesis/SoftwareSystems/tika/tika-pipes/tika-fetchers/tika-fetcher-microsoft-graph/src/main/java/org/apache/tika/pipes/fetchers/microsoftgraph/MicrosoftGraphFetcher.java,43
tika,org.apache.tika.pipes.fetchers.microsoftgraph.config,ClientCertificateCredentialsConfig,4,0,8,8,34,8,0,1,0.5,2,0,/Users/surabhilone/Desktop/Thesis/SoftwareSystems/tika/tika-pipes/tika-fetchers/tika-fetcher-microsoft-graph/src/main/java/org/apache/tika/pipes/fetchers/microsoftgraph/config/ClientCertificateCredentialsConfig.java,19
tika,org.apache.tika.pipes.fetchers.microsoftgraph.config,AadCredentialConfigBase,0,0,4,0,6,4,2,0,-1.0,0,0,/Users/surabhilone/Desktop/Thesis/SoftwareSystems/tika/tika-pipes/tika-fetchers/tika-fetcher-microsoft-graph/src/main/java/org/apache/tika/pipes/fetchers/microsoftgraph/config/AadCredentialConfigBase.java,19
tika,org.apache.tika.pipes.fetchers.microsoftgraph.config,ClientSecretCredentialsConfig,3,0,6,6,26,6,0,1,0.5,2,0,/Users/surabhilone/Desktop/Thesis/SoftwareSystems/tika/tika-pipes/tika-fetchers/tika-fetcher-microsoft-graph/src/main/java/org/apache/tika/pipes/fetchers/microsoftgraph/config/ClientSecretCredentialsConfig.java,19
tika,org.apache.tika.pipes.fetchers.microsoftgraph.config,Client2CertificateCredentialsConfig,3,0,6,6,26,6,0,0,0.5,0,0,/Users/surabhilone/Desktop/Thesis/SoftwareSystems/tika/tika-pipes/tika-fetchers/tika-fetcher-microsoft-graph/src/main/java/org/apache/tika/pipes/fetchers/microsoftgraph/config/Client2CertificateCredentialsConfig.java,19
tika,org.apache.tika.pipes.fetchers.microsoftgraph.config,MicrosoftGraphFetcherConfig,5,0,10,10,42,10,0,0,0.5,2,2,/Users/surabhilone/Desktop/Thesis/SoftwareSystems/tika/tika-pipes/tika-fetchers/tika-fetcher-microsoft-graph/src/main/java/org/apache/tika/pipes/fetchers/microsoftgraph/config/MicrosoftGraphFetcherConfig.java,24
tika,org.apache.tika.pipes.fetcher.s3,TestGCSFetcher,3,0,2,2,17,2,0,0,0.0,0,4,/Users/surabhilone/Desktop/Thesis/SoftwareSystems/tika/tika-pipes/tika-fetchers/tika-fetcher-gcs/src/test/java/org/apache/tika/pipes/fetcher/s3/TestGCSFetcher.java,37
tika,org.apache.tika.pipes.fetcher.s3,TestS3Fetcher,4,0,2,2,24,2,0,0,0.0,0,5,/Users/surabhilone/Desktop/Thesis/SoftwareSystems/tika/tika-pipes/tika-fetchers/tika-fetcher-s3/src/test/java/org/apache/tika/pipes/fetcher/s3/TestS3Fetcher.java,34
tika,org.apache.tika.pipes.fetcher.s3,S3Fetcher,21,0,24,23,292,46,0,1,0.125,1,10,/Users/surabhilone/Desktop/Thesis/SoftwareSystems/tika/tika-pipes/tika-fetchers/tika-fetcher-s3/src/main/java/org/apache/tika/pipes/fetcher/s3/S3Fetcher.java,71
tika,org.apache.tika.pipes.fetcher.gcs,GCSFetcher,7,0,9,9,77,13,0,1,0.2222222222222222,0,8,/Users/surabhilone/Desktop/Thesis/SoftwareSystems/tika/tika-pipes/tika-fetchers/tika-fetcher-gcs/src/main/java/org/apache/tika/pipes/fetcher/gcs/GCSFetcher.java,46
tika,org.apache.tika.pipes.fetcher.gcs.config,GCSFetcherConfig,4,0,8,8,34,8,0,0,0.5,1,0,/Users/surabhilone/Desktop/Thesis/SoftwareSystems/tika/tika-pipes/tika-fetchers/tika-fetcher-gcs/src/main/java/org/apache/tika/pipes/fetcher/gcs/config/GCSFetcherConfig.java,21
tika,org.apache.tika.pipes.fetcher.http.jwt,JwtGeneratorTest,0,0,2,0,21,2,0,0,-1.0,0,1,/Users/surabhilone/Desktop/Thesis/SoftwareSystems/tika/tika-pipes/tika-fetchers/tika-fetcher-http/src/test/java/org/apache/tika/pipes/fetcher/http/jwt/JwtGeneratorTest.java,31
tika,org.apache.tika.pipes.fetcher.http.jwt,JwtPrivateKeyCreds,1,0,4,4,25,4,0,1,0.5,2,1,/Users/surabhilone/Desktop/Thesis/SoftwareSystems/tika/tika-pipes/tika-fetchers/tika-fetcher-http/src/main/java/org/apache/tika/pipes/fetcher/http/jwt/JwtPrivateKeyCreds.java,28
tika,org.apache.tika.pipes.fetcher.http.jwt,JwtSecretCreds,1,0,2,2,10,2,0,1,0.0,1,0,/Users/surabhilone/Desktop/Thesis/SoftwareSystems/tika/tika-pipes/tika-fetchers/tika-fetcher-http/src/main/java/org/apache/tika/pipes/fetcher/http/jwt/JwtSecretCreds.java,19
tika,org.apache.tika.pipes.fetcher.http.jwt,JwtCreds,3,0,4,4,19,4,2,0,0.0,1,0,/Users/surabhilone/Desktop/Thesis/SoftwareSystems/tika/tika-pipes/tika-fetchers/tika-fetcher-http/src/main/java/org/apache/tika/pipes/fetcher/http/jwt/JwtCreds.java,19
tika,org.apache.tika.pipes.fetcher.http.jwt,JwtGenerator,1,0,5,2,31,6,0,0,0.0,3,3,/Users/surabhilone/Desktop/Thesis/SoftwareSystems/tika/tika-pipes/tika-fetchers/tika-fetcher-http/src/main/java/org/apache/tika/pipes/fetcher/http/jwt/JwtGenerator.java,32
tika,org.apache.tika.pipes.fetcher.http,HttpFetcherTest,4,0,13,10,156,13,0,0,0.3076923076923077,0,13,/Users/surabhilone/Desktop/Thesis/SoftwareSystems/tika/tika-pipes/tika-fetchers/tika-fetcher-http/src/test/java/org/apache/tika/pipes/fetcher/http/HttpFetcherTest.java,78
tika,org.apache.tika.pipes.fetcher.http,HttpFetcher,24,9,45,36,448,97,0,1,0.08888888888888889,1,15,/Users/surabhilone/Desktop/Thesis/SoftwareSystems/tika/tika-pipes/tika-fetchers/tika-fetcher-http/src/main/java/org/apache/tika/pipes/fetcher/http/HttpFetcher.java,88
tika,org.apache.tika.pipes.fetcher.http.config,HttpHeadersTest,1,0,1,0,11,1,0,0,0.0,0,1,/Users/surabhilone/Desktop/Thesis/SoftwareSystems/tika/tika-pipes/tika-fetchers/tika-fetcher-http/src/test/java/org/apache/tika/pipes/fetcher/http/config/HttpHeadersTest.java,25
tika,org.apache.tika.pipes.fetcher.http.config,HttpFetcherConfig,23,0,46,46,186,46,0,0,0.5,2,1,/Users/surabhilone/Desktop/Thesis/SoftwareSystems/tika/tika-pipes/tika-fetchers/tika-fetcher-http/src/main/java/org/apache/tika/pipes/fetcher/http/config/HttpFetcherConfig.java,24
tika,org.apache.tika.pipes.fetcher.http.config,HttpHeaders,1,0,6,6,32,8,0,0,0.0,2,0,/Users/surabhilone/Desktop/Thesis/SoftwareSystems/tika/tika-pipes/tika-fetchers/tika-fetcher-http/src/main/java/org/apache/tika/pipes/fetcher/http/config/HttpHeaders.java,27
tika,org.apache.tika.pipes.fetcher.azblob,TestAZBlobFetcher,1,0,1,1,12,1,0,0,0.0,0,3,/Users/surabhilone/Desktop/Thesis/SoftwareSystems/tika/tika-pipes/tika-fetchers/tika-fetcher-az-blob/src/test/java/org/apache/tika/pipes/fetcher/azblob/TestAZBlobFetcher.java,37
tika,org.apache.tika.pipes.fetcher.azblob,AZBlobFetcher,11,0,10,10,113,16,0,1,0.2,0,9,/Users/surabhilone/Desktop/Thesis/SoftwareSystems/tika/tika-pipes/tika-fetchers/tika-fetcher-az-blob/src/main/java/org/apache/tika/pipes/fetcher/azblob/AZBlobFetcher.java,49
tika,org.apache.tika.pipes.fetcher.azblob,AZBlobFetcher.BlobClientFactory,0,0,0,0,3,0,0,0,-1.0,0,0,/Users/surabhilone/Desktop/Thesis/SoftwareSystems/tika/tika-pipes/tika-fetchers/tika-fetcher-az-blob/src/main/java/org/apache/tika/pipes/fetcher/azblob/AZBlobFetcher.java,175
tika,org.apache.tika.pipes.fetcher.azblob,AZBlobFetcher.SingleBlobContainerFactory,1,0,0,0,10,0,0,0,-1.0,0,0,/Users/surabhilone/Desktop/Thesis/SoftwareSystems/tika/tika-pipes/tika-fetchers/tika-fetcher-az-blob/src/main/java/org/apache/tika/pipes/fetcher/azblob/AZBlobFetcher.java,179
tika,org.apache.tika.pipes.fetcher.azblob,AZBlobFetcher.SASUrlFactory,0,0,0,0,5,0,0,0,-1.0,0,0,/Users/surabhilone/Desktop/Thesis/SoftwareSystems/tika/tika-pipes/tika-fetchers/tika-fetcher-az-blob/src/main/java/org/apache/tika/pipes/fetcher/azblob/AZBlobFetcher.java,197
tika,org.apache.tika.pipes.fetcher.azblob.config,AZBlobFetcherConfig,5,0,10,10,42,10,0,0,0.5,1,0,/Users/surabhilone/Desktop/Thesis/SoftwareSystems/tika/tika-pipes/tika-fetchers/tika-fetcher-az-blob/src/main/java/org/apache/tika/pipes/fetcher/azblob/config/AZBlobFetcherConfig.java,21
tika,org.apache.tika.pipes.fetcher.s3.config,S3FetcherConfig,15,0,30,30,122,30,0,0,0.5,1,0,/Users/surabhilone/Desktop/Thesis/SoftwareSystems/tika/tika-pipes/tika-fetchers/tika-fetcher-s3/src/main/java/org/apache/tika/pipes/fetcher/s3/config/S3FetcherConfig.java,21
tika,org.apache.tika.pipes.pipesiterator.csv,TestCSVPipesIterator,2,0,3,2,76,10,0,0,0.0,0,1,/Users/surabhilone/Desktop/Thesis/SoftwareSystems/tika/tika-pipes/tika-pipes-iterators/tika-pipes-iterator-csv/src/test/java/org/apache/tika/pipes/pipesiterator/csv/TestCSVPipesIterator.java,39
tika,org.apache.tika.pipes.pipesiterator.csv,TestCSVPipesIterator.MockFetcher,2,0,0,0,16,0,0,0,-1.0,0,0,/Users/surabhilone/Desktop/Thesis/SoftwareSystems/tika/tika-pipes/tika-pipes-iterators/tika-pipes-iterator-csv/src/test/java/org/apache/tika/pipes/pipesiterator/csv/TestCSVPipesIterator.java,112
tika,org.apache.tika.pipes.pipesiterator.csv,CSVPipesIterator,9,0,10,6,144,31,0,1,0.0,1,6,/Users/surabhilone/Desktop/Thesis/SoftwareSystems/tika/tika-pipes/tika-pipes-iterators/tika-pipes-iterator-csv/src/main/java/org/apache/tika/pipes/pipesiterator/csv/CSVPipesIterator.java,51
tika,org.apache.tika.pipes.pipesiterator.csv,CSVPipesIterator.FetchEmitKeyIndices,3,0,0,0,13,0,0,0,-1.0,0,0,/Users/surabhilone/Desktop/Thesis/SoftwareSystems/tika/tika-pipes/tika-pipes-iterators/tika-pipes-iterator-csv/src/main/java/org/apache/tika/pipes/pipesiterator/csv/CSVPipesIterator.java,239
tika,org.apache.tika.pipes.pipesiterator.azblob,TestAZBlobPipesIterator,2,0,1,1,54,5,0,0,0.0,0,2,/Users/surabhilone/Desktop/Thesis/SoftwareSystems/tika/tika-pipes/tika-pipes-iterators/tika-pipes-iterator-az-blob/src/test/java/org/apache/tika/pipes/pipesiterator/azblob/TestAZBlobPipesIterator.java,38
tika,org.apache.tika.pipes.pipesiterator.azblob,TestAZBlobPipesIterator.MockFetcher,2,0,0,0,16,0,0,0,-1.0,0,1,/Users/surabhilone/Desktop/Thesis/SoftwareSystems/tika/tika-pipes/tika-pipes-iterators/tika-pipes-iterator-az-blob/src/test/java/org/apache/tika/pipes/pipesiterator/azblob/TestAZBlobPipesIterator.java,80
tika,org.apache.tika.pipes.pipesiterator.azblob,AZBlobPipesIterator,8,0,7,6,67,12,0,1,0.0,1,5,/Users/surabhilone/Desktop/Thesis/SoftwareSystems/tika/tika-pipes/tika-pipes-iterators/tika-pipes-iterator-az-blob/src/main/java/org/apache/tika/pipes/pipesiterator/azblob/AZBlobPipesIterator.java,51
tika,org.apache.tika.pipes.pipesiterator.kafka,TestKafkaPipesIterator,2,0,1,1,54,5,0,0,0.0,0,2,/Users/surabhilone/Desktop/Thesis/SoftwareSystems/tika/tika-pipes/tika-pipes-iterators/tika-pipes-iterator-kafka/src/test/java/org/apache/tika/pipes/pipesiterator/kafka/TestKafkaPipesIterator.java,38
tika,org.apache.tika.pipes.pipesiterator.kafka,TestKafkaPipesIterator.MockFetcher,2,0,0,0,16,0,0,0,-1.0,0,1,/Users/surabhilone/Desktop/Thesis/SoftwareSystems/tika/tika-pipes/tika-pipes-iterators/tika-pipes-iterator-kafka/src/test/java/org/apache/tika/pipes/pipesiterator/kafka/TestKafkaPipesIterator.java,80
tika,org.apache.tika.pipes.pipesiterator.kafka,KafkaPipesIterator,12,0,14,11,98,18,0,1,0.0,1,5,/Users/surabhilone/Desktop/Thesis/SoftwareSystems/tika/tika-pipes/tika-pipes-iterators/tika-pipes-iterator-kafka/src/main/java/org/apache/tika/pipes/pipesiterator/kafka/KafkaPipesIterator.java,47
tika,org.apache.tika.pipes.pipesiterator.gcs,TestGCSPipesIterator,2,0,1,1,56,5,0,0,0.0,0,2,/Users/surabhilone/Desktop/Thesis/SoftwareSystems/tika/tika-pipes/tika-pipes-iterators/tika-pipes-iterator-gcs/src/test/java/org/apache/tika/pipes/pipesiterator/gcs/TestGCSPipesIterator.java,38
tika,org.apache.tika.pipes.pipesiterator.gcs,TestGCSPipesIterator.MockFetcher,2,0,0,0,16,0,0,0,-1.0,0,1,/Users/surabhilone/Desktop/Thesis/SoftwareSystems/tika/tika-pipes/tika-pipes-iterators/tika-pipes-iterator-gcs/src/test/java/org/apache/tika/pipes/pipesiterator/gcs/TestGCSPipesIterator.java,82
tika,org.apache.tika.pipes.pipesiterator.gcs,GCSPipesIterator,5,0,6,5,56,9,0,1,0.0,1,5,/Users/surabhilone/Desktop/Thesis/SoftwareSystems/tika/tika-pipes/tika-pipes-iterators/tika-pipes-iterator-gcs/src/main/java/org/apache/tika/pipes/pipesiterator/gcs/GCSPipesIterator.java,46
tika,org.apache.tika.pipes.pipesiterator.s3,TestS3PipesIterator,2,0,1,1,54,5,0,0,0.0,0,2,/Users/surabhilone/Desktop/Thesis/SoftwareSystems/tika/tika-pipes/tika-pipes-iterators/tika-pipes-iterator-s3/src/test/java/org/apache/tika/pipes/pipesiterator/s3/TestS3PipesIterator.java,38
tika,org.apache.tika.pipes.pipesiterator.s3,TestS3PipesIterator.MockFetcher,2,0,0,0,16,0,0,0,-1.0,0,1,/Users/surabhilone/Desktop/Thesis/SoftwareSystems/tika/tika-pipes/tika-pipes-iterators/tika-pipes-iterator-s3/src/test/java/org/apache/tika/pipes/pipesiterator/s3/TestS3PipesIterator.java,81
tika,org.apache.tika.pipes.pipesiterator.s3,S3PipesIterator,13,0,16,14,131,24,0,1,0.0,1,6,/Users/surabhilone/Desktop/Thesis/SoftwareSystems/tika/tika-pipes/tika-pipes-iterators/tika-pipes-iterator-s3/src/main/java/org/apache/tika/pipes/pipesiterator/s3/S3PipesIterator.java,64
tika,org.apache.tika.pipes.pipesiterator.json,TestJsonPipesIterator,0,0,2,2,16,4,0,0,-1.0,0,1,/Users/surabhilone/Desktop/Thesis/SoftwareSystems/tika/tika-pipes/tika-pipes-iterators/tika-pipes-iterator-json/src/test/java/org/apache/tika/pipes/pipesiterator/json/TestJsonPipesIterator.java,27
tika,org.apache.tika.pipes.pipesiterator.json,JsonPipesIterator,2,0,2,1,23,3,0,1,0.0,1,2,/Users/surabhilone/Desktop/Thesis/SoftwareSystems/tika/tika-pipes/tika-pipes-iterators/tika-pipes-iterator-json/src/main/java/org/apache/tika/pipes/pipesiterator/json/JsonPipesIterator.java,37
tika,org.apache.tika.pipes.pipesiterator.jdbc,TestJDBCPipesIterator,7,0,4,3,101,13,0,0,0.0,0,1,/Users/surabhilone/Desktop/Thesis/SoftwareSystems/tika/tika-pipes/tika-pipes-iterators/tika-pipes-iterator-jdbc/src/test/java/org/apache/tika/pipes/pipesiterator/jdbc/TestJDBCPipesIterator.java,49
tika,org.apache.tika.pipes.pipesiterator.jdbc,TestJDBCPipesIterator.MockFetcher,2,0,0,0,16,0,0,0,-1.0,0,1,/Users/surabhilone/Desktop/Thesis/SoftwareSystems/tika/tika-pipes/tika-pipes-iterators/tika-pipes-iterator-jdbc/src/test/java/org/apache/tika/pipes/pipesiterator/jdbc/TestJDBCPipesIterator.java,169
tika,org.apache.tika.pipes.pipesiterator.jdbc,JDBCPipesIterator,16,0,19,12,259,54,0,1,0.0,0,6,/Users/surabhilone/Desktop/Thesis/SoftwareSystems/tika/tika-pipes/tika-pipes-iterators/tika-pipes-iterator-jdbc/src/main/java/org/apache/tika/pipes/pipesiterator/jdbc/JDBCPipesIterator.java,50
tika,org.apache.tika.pipes.pipesiterator.jdbc,JDBCPipesIterator.FetchEmitKeyIndices,5,0,0,0,17,0,0,0,-1.0,0,0,/Users/surabhilone/Desktop/Thesis/SoftwareSystems/tika/tika-pipes/tika-pipes-iterators/tika-pipes-iterator-jdbc/src/main/java/org/apache/tika/pipes/pipesiterator/jdbc/JDBCPipesIterator.java,360
tika,org.apache.tika.pipes.pipesiterator.solr,SolrPipesIterator,15,0,22,20,151,29,0,1,0.0,0,6,/Users/surabhilone/Desktop/Thesis/SoftwareSystems/tika/tika-pipes/tika-pipes-iterators/tika-pipes-iterator-solr/src/main/java/org/apache/tika/pipes/pipesiterator/solr/SolrPipesIterator.java,53
tika,org.apache.tika.async.cli,TikaAsyncCLITest,0,0,2,1,9,2,0,0,-1.0,0,2,/Users/surabhilone/Desktop/Thesis/SoftwareSystems/tika/tika-pipes/tika-async-cli/src/test/java/org/apache/tika/async/cli/TikaAsyncCLITest.java,28
tika,org.apache.tika.async.cli,AsyncProcessorTest,5,0,2,2,61,4,0,0,0.0,0,8,/Users/surabhilone/Desktop/Thesis/SoftwareSystems/tika/tika-pipes/tika-async-cli/src/test/java/org/apache/tika/async/cli/AsyncProcessorTest.java,48
tika,org.apache.tika.async.cli,TikaAsyncCLI,2,0,1,1,28,5,0,0,0.0,2,1,/Users/surabhilone/Desktop/Thesis/SoftwareSystems/tika/tika-pipes/tika-async-cli/src/main/java/org/apache/tika/async/cli/TikaAsyncCLI.java,30
tika,org.apache.tika.client,HttpClientFactory,22,1,34,31,306,48,0,0,0.0,11,2,/Users/surabhilone/Desktop/Thesis/SoftwareSystems/tika/tika-pipes/tika-httpclient-commons/src/main/java/org/apache/tika/client/HttpClientFactory.java,82
tika,org.apache.tika.client,HttpClientFactory.CustomRedirectStrategy,2,0,0,0,45,0,0,0,-1.0,0,0,/Users/surabhilone/Desktop/Thesis/SoftwareSystems/tika/tika-pipes/tika-httpclient-commons/src/main/java/org/apache/tika/client/HttpClientFactory.java,377
tika,org.apache.tika.client,HttpClientFactory.AES,1,0,0,0,38,0,0,0,-1.0,0,0,/Users/surabhilone/Desktop/Thesis/SoftwareSystems/tika/tika-pipes/tika-httpclient-commons/src/main/java/org/apache/tika/client/HttpClientFactory.java,430
tika,org.apache.tika.client,TikaClientException,0,0,2,2,8,2,0,1,-1.0,3,0,/Users/surabhilone/Desktop/Thesis/SoftwareSystems/tika/tika-pipes/tika-httpclient-commons/src/main/java/org/apache/tika/client/TikaClientException.java,21
tika,org.apache.tika.client,HttpClientUtil,0,0,2,2,38,5,0,0,-1.0,0,1,/Users/surabhilone/Desktop/Thesis/SoftwareSystems/tika/tika-pipes/tika-httpclient-commons/src/main/java/org/apache/tika/client/HttpClientUtil.java,29
tika,org.apache.tika.cli,TikaCLIAsyncTest,2,0,3,2,33,7,0,1,0.0,0,0,/Users/surabhilone/Desktop/Thesis/SoftwareSystems/tika/tika-app/src/test/java/org/apache/tika/cli/TikaCLIAsyncTest.java,33
tika,org.apache.tika.cli,TikaCLITest,8,0,46,41,360,49,1,0,0.13043478260869565,0,2,/Users/surabhilone/Desktop/Thesis/SoftwareSystems/tika/tika-app/src/test/java/org/apache/tika/cli/TikaCLITest.java,41
tika,org.apache.tika.cli,TikaCLIBatchCommandLineTest,4,0,10,9,142,14,0,0,0.0,0,2,/Users/surabhilone/Desktop/Thesis/SoftwareSystems/tika/tika-app/src/test/java/org/apache/tika/cli/TikaCLIBatchCommandLineTest.java,40
tika,org.apache.tika.cli,TikaCLIBatchIntegrationTest,11,0,11,10,103,11,0,0,0.0,0,3,/Users/surabhilone/Desktop/Thesis/SoftwareSystems/tika/tika-app/src/test/java/org/apache/tika/cli/TikaCLIBatchIntegrationTest.java,44
tika,org.apache.tika.cli,TikaCLI,39,0,38,5,978,153,0,0,0.0,7,30,/Users/surabhilone/Desktop/Thesis/SoftwareSystems/tika/tika-app/src/main/java/org/apache/tika/cli/TikaCLI.java,112
tika,org.apache.tika.cli,TikaCLI.NoDocumentMetHandler,3,0,0,0,27,0,0,0,-1.0,0,1,/Users/surabhilone/Desktop/Thesis/SoftwareSystems/tika/tika-app/src/main/java/org/apache/tika/cli/TikaCLI.java,964
tika,org.apache.tika.cli,TikaCLI.NoDocumentXMPMetaHandler,2,0,0,0,23,0,0,0,-1.0,0,1,/Users/surabhilone/Desktop/Thesis/SoftwareSystems/tika/tika-app/src/main/java/org/apache/tika/cli/TikaCLI.java,1001
tika,org.apache.tika.cli,TikaCLI.SimplePasswordProvider,1,0,0,0,9,0,0,1,-1.0,0,0,/Users/surabhilone/Desktop/Thesis/SoftwareSystems/tika/tika-app/src/main/java/org/apache/tika/cli/TikaCLI.java,1028
tika,org.apache.tika.cli,TikaCLI.OutputType,0,0,0,0,26,0,0,0,-1.0,0,0,/Users/surabhilone/Desktop/Thesis/SoftwareSystems/tika/tika-app/src/main/java/org/apache/tika/cli/TikaCLI.java,1041
tika,org.apache.tika.cli,TikaCLI.FileEmbeddedDocumentExtractor,2,0,0,0,84,0,0,1,-1.0,0,2,/Users/surabhilone/Desktop/Thesis/SoftwareSystems/tika/tika-app/src/main/java/org/apache/tika/cli/TikaCLI.java,1072
tika,org.apache.tika.cli,TikaCLI.NoDocumentJSONMetHandler,2,0,0,0,18,0,0,0,-1.0,0,1,/Users/surabhilone/Desktop/Thesis/SoftwareSystems/tika/tika-app/src/main/java/org/apache/tika/cli/TikaCLI.java,1177
tika,org.apache.tika.cli,BatchCommandLineBuilder,1,0,4,0,157,36,0,0,0.0,2,0,/Users/surabhilone/Desktop/Thesis/SoftwareSystems/tika/tika-app/src/main/java/org/apache/tika/cli/BatchCommandLineBuilder.java,33
tika,org.apache.tika.gui,TikaGUI,18,0,22,10,478,63,0,0,0.22727272727272727,2,16,/Users/surabhilone/Desktop/Thesis/SoftwareSystems/tika/tika-app/src/main/java/org/apache/tika/gui/TikaGUI.java,96
tika,org.apache.tika.gui,TikaGUI.ImageDocumentSelector,0,0,0,0,9,0,0,1,-1.0,0,1,/Users/surabhilone/Desktop/Thesis/SoftwareSystems/tika/tika-app/src/main/java/org/apache/tika/gui/TikaGUI.java,591
tika,org.apache.tika.gui,TikaGUI.ImageSavingParser,3,0,0,0,43,0,0,1,-1.0,0,2,/Users/surabhilone/Desktop/Thesis/SoftwareSystems/tika/tika-app/src/main/java/org/apache/tika/gui/TikaGUI.java,601
tika,org.apache.tika.gui,ParsingTransferHandler,5,0,9,7,84,17,0,0,0.0,0,1,/Users/surabhilone/Desktop/Thesis/SoftwareSystems/tika/tika-app/src/main/java/org/apache/tika/gui/ParsingTransferHandler.java,33
